,repository_url,count
0,https://api.github.com/repos/FederatedAI/FATE,2080
1,https://api.github.com/repos/FederatedAI/KubeFATE,393
2,https://api.github.com/repos/NVIDIA/NVFlare,334
3,https://api.github.com/repos/FedML-AI/FedML,329
4,https://api.github.com/repos/securefederatedai/openfl,304
5,https://api.github.com/repos/WardCunningham/Smallest-Federated-Wiki,245
6,https://api.github.com/repos/alibaba/FederatedScope,216
7,https://api.github.com/repos/TsingZ0/PFLlib,215
8,https://api.github.com/repos/PaddlePaddle/PaddleFL,117
9,https://api.github.com/repos/owkin/FLamby,116
10,https://api.github.com/repos/APPFL/APPFL,115
11,https://api.github.com/repos/KarhouTam/FL-bench,108
12,https://api.github.com/repos/scaleoutsystems/fedn,107
13,https://api.github.com/repos/SymbioticLab/FedScale,92
14,https://api.github.com/repos/FederatedAI/eggroll,92
15,https://api.github.com/repos/TL-System/plato,78
16,https://api.github.com/repos/FederatedAI/FATE-Serving,75
17,https://api.github.com/repos/SMILELab-FL/FedLab,60
18,https://api.github.com/repos/IBM/federated-learning-lib,59
19,https://api.github.com/repos/OpenMined/PyVertical,56
20,https://api.github.com/repos/google-research/federated,47
21,https://api.github.com/repos/WwZzz/easyFL,43
22,https://api.github.com/repos/AshwinRJ/Federated-Learning-PyTorch,37
23,https://api.github.com/repos/wenzhu23333/Differential-Privacy-Based-Federated-Learning,32
24,https://api.github.com/repos/FederatedAI/FATE-LLM,32
25,https://api.github.com/repos/Xtra-Computing/FedTree,31
26,https://api.github.com/repos/shaoxiongji/federated-learning,28
27,https://api.github.com/repos/p2pfl/p2pfl,26
28,https://api.github.com/repos/ebagdasa/backdoors101,25
29,https://api.github.com/repos/Xtra-Computing/MOON,25
30,https://api.github.com/repos/FederatedAI/Practicing-Federated-Learning,25
31,https://api.github.com/repos/ebagdasa/backdoor_federated_learning,24
32,https://api.github.com/repos/microsoft/PersonalizedFL,23
33,https://api.github.com/repos/TsingZ0/FedALA,22
34,https://api.github.com/repos/lishenghui/blades,21
35,https://api.github.com/repos/Xtra-Computing/NIID-Bench,20
36,https://api.github.com/repos/vaseline555/Federated-Learning-in-PyTorch,19
37,https://api.github.com/repos/CharlieDinh/pFedMe,19
38,https://api.github.com/repos/weimingwill/EasyFL,18
39,https://api.github.com/repos/facebookresearch/FLSim,17
40,https://api.github.com/repos/liuquande/FedDG-ELCFS,17
41,https://api.github.com/repos/google/fedjax,17
42,https://api.github.com/repos/MLOPTPSU/FedTorch,16
43,https://api.github.com/repos/FLAIR-THU/CreamFL,15
44,https://api.github.com/repos/apple/pfl-research,14
45,https://api.github.com/repos/PAIR-code/federated-learning,13
46,https://api.github.com/repos/microsoft/msrflute,13
47,https://api.github.com/repos/JonasGeiping/breaching,12
48,https://api.github.com/repos/SMILELab-FL/FedLab-benchmarks,11
49,https://api.github.com/repos/iQua/flsim,11
50,https://api.github.com/repos/AvivSham/pFedHN,10
51,https://api.github.com/repos/kaapana/kaapana,10
52,https://api.github.com/repos/litian96/fair_flearn,10
53,https://api.github.com/repos/med-air/FedBN,9
54,https://api.github.com/repos/SAP-samples/machine-learning-diff-private-federated-learning,8
55,https://api.github.com/repos/visitworld123/FedFed,8
56,https://api.github.com/repos/omarfoq/FedEM,8
57,https://api.github.com/repos/IBM/adaptive-federated-learning,8
58,https://api.github.com/repos/pliang279/LG-FedAvg,8
59,https://api.github.com/repos/Yangfan-Jiang/Federated-Learning-with-Differential-Privacy,8
60,https://api.github.com/repos/diogenes0319/FedMD_clean,7
61,https://api.github.com/repos/git-disl/DataPoisoning_FL,7
62,https://api.github.com/repos/DensoITLab/Fed3DGS,7
63,https://api.github.com/repos/mccorby/PhotoLabeller,7
64,https://api.github.com/repos/SIAT-INVS/CarlaFLCAV,7
65,https://api.github.com/repos/WenkeHuang/FCCL,6
66,https://api.github.com/repos/gingsmith/fmtl,6
67,https://api.github.com/repos/youngfish42/Awesome-FL,6
68,https://api.github.com/repos/rruisong/pytorch_federated_learning,6
69,https://api.github.com/repos/poga/awesome-federated-learning,5
70,https://api.github.com/repos/alexjungaalto/FederatedLearning,5
71,https://api.github.com/repos/roxanneluo/Federated-Learning,4
72,https://api.github.com/repos/chaoyanghe/Awesome-Federated-Learning,4
73,https://api.github.com/repos/vrt1shjwlkr/NDSS21-Model-Poisoning,4
74,https://api.github.com/repos/weimingwill/awesome-federated-learning,3
75,https://api.github.com/repos/felisat/clustered-federated-learning,3
76,https://api.github.com/repos/krishnap25/RFA,3
77,https://api.github.com/repos/PrivPkt/PrivPkt,3
78,https://api.github.com/repos/SonyResearch/COALA,3
79,https://api.github.com/repos/Accenture/Labs-Federated-Learning,3
80,https://api.github.com/repos/marswhu/HFL_Survey,1
81,https://api.github.com/repos/huweibo/Awesome-Federated-Learning-on-Graph-and-GNN-papers,1
