[
    {
        "url": "https://api.github.com/repos/Accenture/Labs-Federated-Learning/issues/4",
        "repository_url": "https://api.github.com/repos/Accenture/Labs-Federated-Learning",
        "labels_url": "https://api.github.com/repos/Accenture/Labs-Federated-Learning/issues/4/labels{/name}",
        "comments_url": "https://api.github.com/repos/Accenture/Labs-Federated-Learning/issues/4/comments",
        "events_url": "https://api.github.com/repos/Accenture/Labs-Federated-Learning/issues/4/events",
        "html_url": "https://github.com/Accenture/Labs-Federated-Learning/issues/4",
        "id": 1800112185,
        "node_id": "I_kwDOD2KcG85rS4g5",
        "number": 4,
        "title": "Clustered Sampling`s Algorithm2",
        "user": {
            "login": "huang-jianfeng",
            "id": 49098667,
            "node_id": "MDQ6VXNlcjQ5MDk4NjY3",
            "avatar_url": "https://avatars.githubusercontent.com/u/49098667?v=4",
            "gravatar_id": "",
            "url": "https://api.github.com/users/huang-jianfeng",
            "html_url": "https://github.com/huang-jianfeng",
            "followers_url": "https://api.github.com/users/huang-jianfeng/followers",
            "following_url": "https://api.github.com/users/huang-jianfeng/following{/other_user}",
            "gists_url": "https://api.github.com/users/huang-jianfeng/gists{/gist_id}",
            "starred_url": "https://api.github.com/users/huang-jianfeng/starred{/owner}{/repo}",
            "subscriptions_url": "https://api.github.com/users/huang-jianfeng/subscriptions",
            "organizations_url": "https://api.github.com/users/huang-jianfeng/orgs",
            "repos_url": "https://api.github.com/users/huang-jianfeng/repos",
            "events_url": "https://api.github.com/users/huang-jianfeng/events{/privacy}",
            "received_events_url": "https://api.github.com/users/huang-jianfeng/received_events",
            "type": "User",
            "user_view_type": "public",
            "site_admin": false
        },
        "labels": [],
        "state": "open",
        "locked": false,
        "assignee": null,
        "assignees": [],
        "milestone": null,
        "comments": 0,
        "created_at": "2023-07-12T03:47:18Z",
        "updated_at": "2023-07-12T03:47:18Z",
        "closed_at": null,
        "author_association": "NONE",
        "type": null,
        "active_lock_reason": null,
        "sub_issues_summary": {
            "total": 0,
            "completed": 0,
            "percent_completed": 0
        },
        "body": "Hi, I am a graduate student and I am very interested in your thesis. I have a little question about Clustered Sampling: Low-Variance and Improved Representativity for Clients Selection in Federated Learning`s Algorithm2.\r\nWhy is b_i rather than u_i  assigned to r_{k,i} in line 12?\r\n(b_i equals qk+ui when a_i = 0, is the sum of q_k bigger than mM finally? )",
        "closed_by": null,
        "reactions": {
            "url": "https://api.github.com/repos/Accenture/Labs-Federated-Learning/issues/4/reactions",
            "total_count": 0,
            "+1": 0,
            "-1": 0,
            "laugh": 0,
            "hooray": 0,
            "confused": 0,
            "heart": 0,
            "rocket": 0,
            "eyes": 0
        },
        "timeline_url": "https://api.github.com/repos/Accenture/Labs-Federated-Learning/issues/4/timeline",
        "performed_via_github_app": null,
        "state_reason": null
    },
    {
        "url": "https://api.github.com/repos/Accenture/Labs-Federated-Learning/issues/3",
        "repository_url": "https://api.github.com/repos/Accenture/Labs-Federated-Learning",
        "labels_url": "https://api.github.com/repos/Accenture/Labs-Federated-Learning/issues/3/labels{/name}",
        "comments_url": "https://api.github.com/repos/Accenture/Labs-Federated-Learning/issues/3/comments",
        "events_url": "https://api.github.com/repos/Accenture/Labs-Federated-Learning/issues/3/events",
        "html_url": "https://github.com/Accenture/Labs-Federated-Learning/issues/3",
        "id": 1079225150,
        "node_id": "I_kwDOD2KcG85AU6s-",
        "number": 3,
        "title": "why accuracy and loss in CIFAR-10 have problem?",
        "user": {
            "login": "wangclin",
            "id": 39116589,
            "node_id": "MDQ6VXNlcjM5MTE2NTg5",
            "avatar_url": "https://avatars.githubusercontent.com/u/39116589?v=4",
            "gravatar_id": "",
            "url": "https://api.github.com/users/wangclin",
            "html_url": "https://github.com/wangclin",
            "followers_url": "https://api.github.com/users/wangclin/followers",
            "following_url": "https://api.github.com/users/wangclin/following{/other_user}",
            "gists_url": "https://api.github.com/users/wangclin/gists{/gist_id}",
            "starred_url": "https://api.github.com/users/wangclin/starred{/owner}{/repo}",
            "subscriptions_url": "https://api.github.com/users/wangclin/subscriptions",
            "organizations_url": "https://api.github.com/users/wangclin/orgs",
            "repos_url": "https://api.github.com/users/wangclin/repos",
            "events_url": "https://api.github.com/users/wangclin/events{/privacy}",
            "received_events_url": "https://api.github.com/users/wangclin/received_events",
            "type": "User",
            "user_view_type": "public",
            "site_admin": false
        },
        "labels": [],
        "state": "open",
        "locked": false,
        "assignee": null,
        "assignees": [],
        "milestone": null,
        "comments": 0,
        "created_at": "2021-12-14T02:07:31Z",
        "updated_at": "2021-12-14T02:07:31Z",
        "closed_at": null,
        "author_association": "NONE",
        "type": null,
        "active_lock_reason": null,
        "sub_issues_summary": {
            "total": 0,
            "completed": 0,
            "percent_completed": 0
        },
        "body": "I deployed the project.\r\nBut when I use CIFAR-10, my server loss always 'nan', and server accuracy always lower than '10%' in each case (type=FL, plain, disguised).\r\nOn the contrary, when I use MNIST-iid and MNIST-shard, everything is ok.\r\n",
        "closed_by": null,
        "reactions": {
            "url": "https://api.github.com/repos/Accenture/Labs-Federated-Learning/issues/3/reactions",
            "total_count": 0,
            "+1": 0,
            "-1": 0,
            "laugh": 0,
            "hooray": 0,
            "confused": 0,
            "heart": 0,
            "rocket": 0,
            "eyes": 0
        },
        "timeline_url": "https://api.github.com/repos/Accenture/Labs-Federated-Learning/issues/3/timeline",
        "performed_via_github_app": null,
        "state_reason": null
    },
    {
        "url": "https://api.github.com/repos/Accenture/Labs-Federated-Learning/issues/2",
        "repository_url": "https://api.github.com/repos/Accenture/Labs-Federated-Learning",
        "labels_url": "https://api.github.com/repos/Accenture/Labs-Federated-Learning/issues/2/labels{/name}",
        "comments_url": "https://api.github.com/repos/Accenture/Labs-Federated-Learning/issues/2/comments",
        "events_url": "https://api.github.com/repos/Accenture/Labs-Federated-Learning/issues/2/events",
        "html_url": "https://github.com/Accenture/Labs-Federated-Learning/issues/2",
        "id": 1048203032,
        "node_id": "I_kwDOD2KcG84-ek8Y",
        "number": 2,
        "title": "What does epsilon do in code\uff1fIt seems to have caused an overflow",
        "user": {
            "login": "yao9261",
            "id": 29684550,
            "node_id": "MDQ6VXNlcjI5Njg0NTUw",
            "avatar_url": "https://avatars.githubusercontent.com/u/29684550?v=4",
            "gravatar_id": "",
            "url": "https://api.github.com/users/yao9261",
            "html_url": "https://github.com/yao9261",
            "followers_url": "https://api.github.com/users/yao9261/followers",
            "following_url": "https://api.github.com/users/yao9261/following{/other_user}",
            "gists_url": "https://api.github.com/users/yao9261/gists{/gist_id}",
            "starred_url": "https://api.github.com/users/yao9261/starred{/owner}{/repo}",
            "subscriptions_url": "https://api.github.com/users/yao9261/subscriptions",
            "organizations_url": "https://api.github.com/users/yao9261/orgs",
            "repos_url": "https://api.github.com/users/yao9261/repos",
            "events_url": "https://api.github.com/users/yao9261/events{/privacy}",
            "received_events_url": "https://api.github.com/users/yao9261/received_events",
            "type": "User",
            "user_view_type": "public",
            "site_admin": false
        },
        "labels": [],
        "state": "open",
        "locked": false,
        "assignee": null,
        "assignees": [],
        "milestone": null,
        "comments": 5,
        "created_at": "2021-11-09T05:20:19Z",
        "updated_at": "2021-11-25T08:04:20Z",
        "closed_at": null,
        "author_association": "NONE",
        "type": null,
        "active_lock_reason": null,
        "sub_issues_summary": {
            "total": 0,
            "completed": 0,
            "percent_completed": 0
        },
        "body": "Hi, I am a graduate student and I am very interested in your thesis. I have some difficulties when trying to run the code.\r\n\r\nclustering.py  line 162-165:\r\n \r\n   for i in range(n_clusters):\r\n          pop_clusters[i, 0] = i + 1\r\n          for client in np.where(clusters == i + 1)[0]:\r\n                pop_clusters[i, 1] += int(weights[client] * epsilon * n_sampled)\r\n\r\nIn the process of debugging, I found that some pop_clusters[i, 1] became a negative number after calculate, and I suspected that it might be overflow. \r\nAnd I don\u2019t understand what is the role of \u201cepsilon\u201d here. Could you help me understand it?",
        "closed_by": null,
        "reactions": {
            "url": "https://api.github.com/repos/Accenture/Labs-Federated-Learning/issues/2/reactions",
            "total_count": 0,
            "+1": 0,
            "-1": 0,
            "laugh": 0,
            "hooray": 0,
            "confused": 0,
            "heart": 0,
            "rocket": 0,
            "eyes": 0
        },
        "timeline_url": "https://api.github.com/repos/Accenture/Labs-Federated-Learning/issues/2/timeline",
        "performed_via_github_app": null,
        "state_reason": null
    }
]