[
    {
        "url": "https://api.github.com/repos/alexjungaalto/FederatedLearning/issues/5",
        "repository_url": "https://api.github.com/repos/alexjungaalto/FederatedLearning",
        "labels_url": "https://api.github.com/repos/alexjungaalto/FederatedLearning/issues/5/labels{/name}",
        "comments_url": "https://api.github.com/repos/alexjungaalto/FederatedLearning/issues/5/comments",
        "events_url": "https://api.github.com/repos/alexjungaalto/FederatedLearning/issues/5/events",
        "html_url": "https://github.com/alexjungaalto/FederatedLearning/issues/5",
        "id": 1623539790,
        "node_id": "I_kwDOIgKNb85gxUBO",
        "number": 5,
        "title": "typos p.85, 87, 89",
        "user": {
            "login": "shamPJ",
            "id": 43875436,
            "node_id": "MDQ6VXNlcjQzODc1NDM2",
            "avatar_url": "https://avatars.githubusercontent.com/u/43875436?v=4",
            "gravatar_id": "",
            "url": "https://api.github.com/users/shamPJ",
            "html_url": "https://github.com/shamPJ",
            "followers_url": "https://api.github.com/users/shamPJ/followers",
            "following_url": "https://api.github.com/users/shamPJ/following{/other_user}",
            "gists_url": "https://api.github.com/users/shamPJ/gists{/gist_id}",
            "starred_url": "https://api.github.com/users/shamPJ/starred{/owner}{/repo}",
            "subscriptions_url": "https://api.github.com/users/shamPJ/subscriptions",
            "organizations_url": "https://api.github.com/users/shamPJ/orgs",
            "repos_url": "https://api.github.com/users/shamPJ/repos",
            "events_url": "https://api.github.com/users/shamPJ/events{/privacy}",
            "received_events_url": "https://api.github.com/users/shamPJ/received_events",
            "type": "User",
            "user_view_type": "public",
            "site_admin": false
        },
        "labels": [],
        "state": "closed",
        "locked": false,
        "assignee": null,
        "assignees": [],
        "milestone": null,
        "comments": 1,
        "created_at": "2023-03-14T13:57:50Z",
        "updated_at": "2023-04-10T13:08:41Z",
        "closed_at": "2023-04-10T13:08:41Z",
        "author_association": "NONE",
        "active_lock_reason": null,
        "sub_issues_summary": {
            "total": 0,
            "completed": 0,
            "percent_completed": 0
        },
        "body": "p.85 - \"In practice, we might not be able to compute **the all the** quantities in (33)\"\r\np. 87 eq.58 - sign should be plus and maybe {\\alpha}_{r}?\r\np.89 - \"For example, data points could be the snapshots of the **on-bard** camera in a self-driving car.\"",
        "closed_by": {
            "login": "alexjungaalto",
            "id": 33456069,
            "node_id": "MDQ6VXNlcjMzNDU2MDY5",
            "avatar_url": "https://avatars.githubusercontent.com/u/33456069?v=4",
            "gravatar_id": "",
            "url": "https://api.github.com/users/alexjungaalto",
            "html_url": "https://github.com/alexjungaalto",
            "followers_url": "https://api.github.com/users/alexjungaalto/followers",
            "following_url": "https://api.github.com/users/alexjungaalto/following{/other_user}",
            "gists_url": "https://api.github.com/users/alexjungaalto/gists{/gist_id}",
            "starred_url": "https://api.github.com/users/alexjungaalto/starred{/owner}{/repo}",
            "subscriptions_url": "https://api.github.com/users/alexjungaalto/subscriptions",
            "organizations_url": "https://api.github.com/users/alexjungaalto/orgs",
            "repos_url": "https://api.github.com/users/alexjungaalto/repos",
            "events_url": "https://api.github.com/users/alexjungaalto/events{/privacy}",
            "received_events_url": "https://api.github.com/users/alexjungaalto/received_events",
            "type": "User",
            "user_view_type": "public",
            "site_admin": false
        },
        "reactions": {
            "url": "https://api.github.com/repos/alexjungaalto/FederatedLearning/issues/5/reactions",
            "total_count": 0,
            "+1": 0,
            "-1": 0,
            "laugh": 0,
            "hooray": 0,
            "confused": 0,
            "heart": 0,
            "rocket": 0,
            "eyes": 0
        },
        "timeline_url": "https://api.github.com/repos/alexjungaalto/FederatedLearning/issues/5/timeline",
        "performed_via_github_app": null,
        "state_reason": "completed"
    },
    {
        "url": "https://api.github.com/repos/alexjungaalto/FederatedLearning/issues/4",
        "repository_url": "https://api.github.com/repos/alexjungaalto/FederatedLearning",
        "labels_url": "https://api.github.com/repos/alexjungaalto/FederatedLearning/issues/4/labels{/name}",
        "comments_url": "https://api.github.com/repos/alexjungaalto/FederatedLearning/issues/4/comments",
        "events_url": "https://api.github.com/repos/alexjungaalto/FederatedLearning/issues/4/events",
        "html_url": "https://github.com/alexjungaalto/FederatedLearning/issues/4",
        "id": 1616781606,
        "node_id": "I_kwDOIgKNb85gXiEm",
        "number": 4,
        "title": "p.73 unopened abbreviation",
        "user": {
            "login": "ghost",
            "id": 10137,
            "node_id": "MDQ6VXNlcjEwMTM3",
            "avatar_url": "https://avatars.githubusercontent.com/u/10137?v=4",
            "gravatar_id": "",
            "url": "https://api.github.com/users/ghost",
            "html_url": "https://github.com/ghost",
            "followers_url": "https://api.github.com/users/ghost/followers",
            "following_url": "https://api.github.com/users/ghost/following{/other_user}",
            "gists_url": "https://api.github.com/users/ghost/gists{/gist_id}",
            "starred_url": "https://api.github.com/users/ghost/starred{/owner}{/repo}",
            "subscriptions_url": "https://api.github.com/users/ghost/subscriptions",
            "organizations_url": "https://api.github.com/users/ghost/orgs",
            "repos_url": "https://api.github.com/users/ghost/repos",
            "events_url": "https://api.github.com/users/ghost/events{/privacy}",
            "received_events_url": "https://api.github.com/users/ghost/received_events",
            "type": "User",
            "user_view_type": "public",
            "site_admin": false
        },
        "labels": [],
        "state": "closed",
        "locked": false,
        "assignee": null,
        "assignees": [],
        "milestone": null,
        "comments": 1,
        "created_at": "2023-03-09T09:24:56Z",
        "updated_at": "2023-04-10T13:23:18Z",
        "closed_at": "2023-04-10T13:23:17Z",
        "author_association": "NONE",
        "active_lock_reason": null,
        "sub_issues_summary": {
            "total": 0,
            "completed": 0,
            "percent_completed": 0
        },
        "body": "psd is used without opening it like so: \"positive semi-definite (psd)\"",
        "closed_by": {
            "login": "alexjungaalto",
            "id": 33456069,
            "node_id": "MDQ6VXNlcjMzNDU2MDY5",
            "avatar_url": "https://avatars.githubusercontent.com/u/33456069?v=4",
            "gravatar_id": "",
            "url": "https://api.github.com/users/alexjungaalto",
            "html_url": "https://github.com/alexjungaalto",
            "followers_url": "https://api.github.com/users/alexjungaalto/followers",
            "following_url": "https://api.github.com/users/alexjungaalto/following{/other_user}",
            "gists_url": "https://api.github.com/users/alexjungaalto/gists{/gist_id}",
            "starred_url": "https://api.github.com/users/alexjungaalto/starred{/owner}{/repo}",
            "subscriptions_url": "https://api.github.com/users/alexjungaalto/subscriptions",
            "organizations_url": "https://api.github.com/users/alexjungaalto/orgs",
            "repos_url": "https://api.github.com/users/alexjungaalto/repos",
            "events_url": "https://api.github.com/users/alexjungaalto/events{/privacy}",
            "received_events_url": "https://api.github.com/users/alexjungaalto/received_events",
            "type": "User",
            "user_view_type": "public",
            "site_admin": false
        },
        "reactions": {
            "url": "https://api.github.com/repos/alexjungaalto/FederatedLearning/issues/4/reactions",
            "total_count": 0,
            "+1": 0,
            "-1": 0,
            "laugh": 0,
            "hooray": 0,
            "confused": 0,
            "heart": 0,
            "rocket": 0,
            "eyes": 0
        },
        "timeline_url": "https://api.github.com/repos/alexjungaalto/FederatedLearning/issues/4/timeline",
        "performed_via_github_app": null,
        "state_reason": "completed"
    },
    {
        "url": "https://api.github.com/repos/alexjungaalto/FederatedLearning/issues/3",
        "repository_url": "https://api.github.com/repos/alexjungaalto/FederatedLearning",
        "labels_url": "https://api.github.com/repos/alexjungaalto/FederatedLearning/issues/3/labels{/name}",
        "comments_url": "https://api.github.com/repos/alexjungaalto/FederatedLearning/issues/3/comments",
        "events_url": "https://api.github.com/repos/alexjungaalto/FederatedLearning/issues/3/events",
        "html_url": "https://github.com/alexjungaalto/FederatedLearning/issues/3",
        "id": 1611646340,
        "node_id": "I_kwDOIgKNb85gD8WE",
        "number": 3,
        "title": "typo p.54",
        "user": {
            "login": "ghost",
            "id": 10137,
            "node_id": "MDQ6VXNlcjEwMTM3",
            "avatar_url": "https://avatars.githubusercontent.com/u/10137?v=4",
            "gravatar_id": "",
            "url": "https://api.github.com/users/ghost",
            "html_url": "https://github.com/ghost",
            "followers_url": "https://api.github.com/users/ghost/followers",
            "following_url": "https://api.github.com/users/ghost/following{/other_user}",
            "gists_url": "https://api.github.com/users/ghost/gists{/gist_id}",
            "starred_url": "https://api.github.com/users/ghost/starred{/owner}{/repo}",
            "subscriptions_url": "https://api.github.com/users/ghost/subscriptions",
            "organizations_url": "https://api.github.com/users/ghost/orgs",
            "repos_url": "https://api.github.com/users/ghost/repos",
            "events_url": "https://api.github.com/users/ghost/events{/privacy}",
            "received_events_url": "https://api.github.com/users/ghost/received_events",
            "type": "User",
            "user_view_type": "public",
            "site_admin": false
        },
        "labels": [],
        "state": "closed",
        "locked": false,
        "assignee": null,
        "assignees": [],
        "milestone": null,
        "comments": 1,
        "created_at": "2023-03-06T15:17:31Z",
        "updated_at": "2023-04-10T14:00:27Z",
        "closed_at": "2023-04-10T14:00:27Z",
        "author_association": "NONE",
        "active_lock_reason": null,
        "sub_issues_summary": {
            "total": 0,
            "completed": 0,
            "percent_completed": 0
        },
        "body": "In equation 21. the V in \"variance v\" is sized as a non-capitalized letter and further down the page it is referred to as \"the variance term V\"",
        "closed_by": {
            "login": "alexjungaalto",
            "id": 33456069,
            "node_id": "MDQ6VXNlcjMzNDU2MDY5",
            "avatar_url": "https://avatars.githubusercontent.com/u/33456069?v=4",
            "gravatar_id": "",
            "url": "https://api.github.com/users/alexjungaalto",
            "html_url": "https://github.com/alexjungaalto",
            "followers_url": "https://api.github.com/users/alexjungaalto/followers",
            "following_url": "https://api.github.com/users/alexjungaalto/following{/other_user}",
            "gists_url": "https://api.github.com/users/alexjungaalto/gists{/gist_id}",
            "starred_url": "https://api.github.com/users/alexjungaalto/starred{/owner}{/repo}",
            "subscriptions_url": "https://api.github.com/users/alexjungaalto/subscriptions",
            "organizations_url": "https://api.github.com/users/alexjungaalto/orgs",
            "repos_url": "https://api.github.com/users/alexjungaalto/repos",
            "events_url": "https://api.github.com/users/alexjungaalto/events{/privacy}",
            "received_events_url": "https://api.github.com/users/alexjungaalto/received_events",
            "type": "User",
            "user_view_type": "public",
            "site_admin": false
        },
        "reactions": {
            "url": "https://api.github.com/repos/alexjungaalto/FederatedLearning/issues/3/reactions",
            "total_count": 0,
            "+1": 0,
            "-1": 0,
            "laugh": 0,
            "hooray": 0,
            "confused": 0,
            "heart": 0,
            "rocket": 0,
            "eyes": 0
        },
        "timeline_url": "https://api.github.com/repos/alexjungaalto/FederatedLearning/issues/3/timeline",
        "performed_via_github_app": null,
        "state_reason": "completed"
    },
    {
        "url": "https://api.github.com/repos/alexjungaalto/FederatedLearning/issues/2",
        "repository_url": "https://api.github.com/repos/alexjungaalto/FederatedLearning",
        "labels_url": "https://api.github.com/repos/alexjungaalto/FederatedLearning/issues/2/labels{/name}",
        "comments_url": "https://api.github.com/repos/alexjungaalto/FederatedLearning/issues/2/comments",
        "events_url": "https://api.github.com/repos/alexjungaalto/FederatedLearning/issues/2/events",
        "html_url": "https://github.com/alexjungaalto/FederatedLearning/issues/2",
        "id": 1611413224,
        "node_id": "I_kwDOIgKNb85gDDbo",
        "number": 2,
        "title": "typo p.32",
        "user": {
            "login": "ghost",
            "id": 10137,
            "node_id": "MDQ6VXNlcjEwMTM3",
            "avatar_url": "https://avatars.githubusercontent.com/u/10137?v=4",
            "gravatar_id": "",
            "url": "https://api.github.com/users/ghost",
            "html_url": "https://github.com/ghost",
            "followers_url": "https://api.github.com/users/ghost/followers",
            "following_url": "https://api.github.com/users/ghost/following{/other_user}",
            "gists_url": "https://api.github.com/users/ghost/gists{/gist_id}",
            "starred_url": "https://api.github.com/users/ghost/starred{/owner}{/repo}",
            "subscriptions_url": "https://api.github.com/users/ghost/subscriptions",
            "organizations_url": "https://api.github.com/users/ghost/orgs",
            "repos_url": "https://api.github.com/users/ghost/repos",
            "events_url": "https://api.github.com/users/ghost/events{/privacy}",
            "received_events_url": "https://api.github.com/users/ghost/received_events",
            "type": "User",
            "user_view_type": "public",
            "site_admin": false
        },
        "labels": [],
        "state": "closed",
        "locked": false,
        "assignee": null,
        "assignees": [],
        "milestone": null,
        "comments": 1,
        "created_at": "2023-03-06T13:19:40Z",
        "updated_at": "2023-04-10T14:03:59Z",
        "closed_at": "2023-04-10T14:03:59Z",
        "author_association": "NONE",
        "active_lock_reason": null,
        "sub_issues_summary": {
            "total": 0,
            "completed": 0,
            "percent_completed": 0
        },
        "body": "In figure, \"non-liner feature map\"",
        "closed_by": {
            "login": "alexjungaalto",
            "id": 33456069,
            "node_id": "MDQ6VXNlcjMzNDU2MDY5",
            "avatar_url": "https://avatars.githubusercontent.com/u/33456069?v=4",
            "gravatar_id": "",
            "url": "https://api.github.com/users/alexjungaalto",
            "html_url": "https://github.com/alexjungaalto",
            "followers_url": "https://api.github.com/users/alexjungaalto/followers",
            "following_url": "https://api.github.com/users/alexjungaalto/following{/other_user}",
            "gists_url": "https://api.github.com/users/alexjungaalto/gists{/gist_id}",
            "starred_url": "https://api.github.com/users/alexjungaalto/starred{/owner}{/repo}",
            "subscriptions_url": "https://api.github.com/users/alexjungaalto/subscriptions",
            "organizations_url": "https://api.github.com/users/alexjungaalto/orgs",
            "repos_url": "https://api.github.com/users/alexjungaalto/repos",
            "events_url": "https://api.github.com/users/alexjungaalto/events{/privacy}",
            "received_events_url": "https://api.github.com/users/alexjungaalto/received_events",
            "type": "User",
            "user_view_type": "public",
            "site_admin": false
        },
        "reactions": {
            "url": "https://api.github.com/repos/alexjungaalto/FederatedLearning/issues/2/reactions",
            "total_count": 0,
            "+1": 0,
            "-1": 0,
            "laugh": 0,
            "hooray": 0,
            "confused": 0,
            "heart": 0,
            "rocket": 0,
            "eyes": 0
        },
        "timeline_url": "https://api.github.com/repos/alexjungaalto/FederatedLearning/issues/2/timeline",
        "performed_via_github_app": null,
        "state_reason": "completed"
    },
    {
        "url": "https://api.github.com/repos/alexjungaalto/FederatedLearning/issues/1",
        "repository_url": "https://api.github.com/repos/alexjungaalto/FederatedLearning",
        "labels_url": "https://api.github.com/repos/alexjungaalto/FederatedLearning/issues/1/labels{/name}",
        "comments_url": "https://api.github.com/repos/alexjungaalto/FederatedLearning/issues/1/comments",
        "events_url": "https://api.github.com/repos/alexjungaalto/FederatedLearning/issues/1/events",
        "html_url": "https://github.com/alexjungaalto/FederatedLearning/issues/1",
        "id": 1570782746,
        "node_id": "I_kwDOIgKNb85doD4a",
        "number": 1,
        "title": "repeated word",
        "user": {
            "login": "smsnobin77",
            "id": 12386703,
            "node_id": "MDQ6VXNlcjEyMzg2NzAz",
            "avatar_url": "https://avatars.githubusercontent.com/u/12386703?v=4",
            "gravatar_id": "",
            "url": "https://api.github.com/users/smsnobin77",
            "html_url": "https://github.com/smsnobin77",
            "followers_url": "https://api.github.com/users/smsnobin77/followers",
            "following_url": "https://api.github.com/users/smsnobin77/following{/other_user}",
            "gists_url": "https://api.github.com/users/smsnobin77/gists{/gist_id}",
            "starred_url": "https://api.github.com/users/smsnobin77/starred{/owner}{/repo}",
            "subscriptions_url": "https://api.github.com/users/smsnobin77/subscriptions",
            "organizations_url": "https://api.github.com/users/smsnobin77/orgs",
            "repos_url": "https://api.github.com/users/smsnobin77/repos",
            "events_url": "https://api.github.com/users/smsnobin77/events{/privacy}",
            "received_events_url": "https://api.github.com/users/smsnobin77/received_events",
            "type": "User",
            "user_view_type": "public",
            "site_admin": false
        },
        "labels": [],
        "state": "closed",
        "locked": false,
        "assignee": null,
        "assignees": [],
        "milestone": null,
        "comments": 1,
        "created_at": "2023-02-04T05:56:54Z",
        "updated_at": "2023-04-10T14:29:37Z",
        "closed_at": "2023-04-10T14:29:37Z",
        "author_association": "NONE",
        "active_lock_reason": null,
        "sub_issues_summary": {
            "total": 0,
            "completed": 0,
            "percent_completed": 0
        },
        "body": "FL_LectureNotes.pdf - Page 20 \"feature space space\" -> \"feature space\"",
        "closed_by": {
            "login": "alexjungaalto",
            "id": 33456069,
            "node_id": "MDQ6VXNlcjMzNDU2MDY5",
            "avatar_url": "https://avatars.githubusercontent.com/u/33456069?v=4",
            "gravatar_id": "",
            "url": "https://api.github.com/users/alexjungaalto",
            "html_url": "https://github.com/alexjungaalto",
            "followers_url": "https://api.github.com/users/alexjungaalto/followers",
            "following_url": "https://api.github.com/users/alexjungaalto/following{/other_user}",
            "gists_url": "https://api.github.com/users/alexjungaalto/gists{/gist_id}",
            "starred_url": "https://api.github.com/users/alexjungaalto/starred{/owner}{/repo}",
            "subscriptions_url": "https://api.github.com/users/alexjungaalto/subscriptions",
            "organizations_url": "https://api.github.com/users/alexjungaalto/orgs",
            "repos_url": "https://api.github.com/users/alexjungaalto/repos",
            "events_url": "https://api.github.com/users/alexjungaalto/events{/privacy}",
            "received_events_url": "https://api.github.com/users/alexjungaalto/received_events",
            "type": "User",
            "user_view_type": "public",
            "site_admin": false
        },
        "reactions": {
            "url": "https://api.github.com/repos/alexjungaalto/FederatedLearning/issues/1/reactions",
            "total_count": 0,
            "+1": 0,
            "-1": 0,
            "laugh": 0,
            "hooray": 0,
            "confused": 0,
            "heart": 0,
            "rocket": 0,
            "eyes": 0
        },
        "timeline_url": "https://api.github.com/repos/alexjungaalto/FederatedLearning/issues/1/timeline",
        "performed_via_github_app": null,
        "state_reason": "completed"
    }
]