[
    {
        "url": "https://api.github.com/repos/apple/pfl-research/issues/104",
        "repository_url": "https://api.github.com/repos/apple/pfl-research",
        "labels_url": "https://api.github.com/repos/apple/pfl-research/issues/104/labels{/name}",
        "comments_url": "https://api.github.com/repos/apple/pfl-research/issues/104/comments",
        "events_url": "https://api.github.com/repos/apple/pfl-research/issues/104/events",
        "html_url": "https://github.com/apple/pfl-research/issues/104",
        "id": 2612474750,
        "node_id": "I_kwDOK6R32c6btzN-",
        "number": 104,
        "title": "Bug Report: PyTorchModel Defaults to CUDA instead of CPU",
        "user": {
            "login": "warisgill",
            "id": 44170206,
            "node_id": "MDQ6VXNlcjQ0MTcwMjA2",
            "avatar_url": "https://avatars.githubusercontent.com/u/44170206?v=4",
            "gravatar_id": "",
            "url": "https://api.github.com/users/warisgill",
            "html_url": "https://github.com/warisgill",
            "followers_url": "https://api.github.com/users/warisgill/followers",
            "following_url": "https://api.github.com/users/warisgill/following{/other_user}",
            "gists_url": "https://api.github.com/users/warisgill/gists{/gist_id}",
            "starred_url": "https://api.github.com/users/warisgill/starred{/owner}{/repo}",
            "subscriptions_url": "https://api.github.com/users/warisgill/subscriptions",
            "organizations_url": "https://api.github.com/users/warisgill/orgs",
            "repos_url": "https://api.github.com/users/warisgill/repos",
            "events_url": "https://api.github.com/users/warisgill/events{/privacy}",
            "received_events_url": "https://api.github.com/users/warisgill/received_events",
            "type": "User",
            "user_view_type": "public",
            "site_admin": false
        },
        "labels": [],
        "state": "closed",
        "locked": false,
        "assignee": null,
        "assignees": [],
        "milestone": null,
        "comments": 2,
        "created_at": "2024-10-24T20:12:05Z",
        "updated_at": "2025-05-15T10:54:20Z",
        "closed_at": "2025-05-15T10:54:19Z",
        "author_association": "NONE",
        "type": null,
        "active_lock_reason": null,
        "sub_issues_summary": {
            "total": 0,
            "completed": 0,
            "percent_completed": 0
        },
        "body": " **Description:**\r\nThe `PyTorchModel` class in `pfl.model.pytorch` automatically uploads the model to CUDA if CUDA is available on the system, regardless of whether the user intends to use CPU for FL training. This behavior is unexpected and deviates from standard PyTorch practices, where models remain on CPU unless explicitly moved to CUDA.\r\n\r\n**Steps to Reproduce:**\r\n1. Ensure CUDA is available on your system.\r\n2. Initialize a `PyTorchModel` instance:\r\n    ```python\r\n    from torchvision.models import resnet18\r\n    from pfl.model.pytorch import PyTorchModel\r\n    pytorch_model = resnet18(pretrained=False)\r\n    pytorch_model.loss = None\r\n    pytorch_model.metrics = None    \r\n    print(f\"Original model device: {next(pytorch_model.parameters()).device}\")\r\n    # Initialize the PFL PyTorch model \r\n    pfl_pt_model = PyTorchModel(pytorch_model, local_optimizer_create=None, central_optimizer=None)\r\n    print(f\"PFL model device: {next(pfl_pt_model.pytorch_model.parameters()).device}\")\r\n    ```\r\n    Output of the above code:\r\n    ```output\r\n    Original model device: cpu\r\n    PFL model device: cuda:0    \r\n    ```\r\n\r\n3. Observe that `pytorch_model` is moved to CUDA despite intending to use CPU.\r\n\r\n**Expected Behavior:**\r\nSimilar to centralized training in PyTorch, the model should remain on CPU by default and only move to CUDA when the developer explicitly specifies.\r\n\r\n**Proposed Solution:**\r\nIntroduce a `device` parameter to the `PyTorchModel` class, allowing users to specify the desired device (`'cpu'` or `'cuda'`). Additionally, provide a `.to(device)` method to facilitate moving the model as needed.\r\n\r\n**Affected Code:**\r\nIn `pfl/model/pytorch.py`:\r\n```python\r\nself._model = model.to(pytorch_ops.get_default_device())\r\n```\r\n\r\nIn `pfl/internal/ops/pytorch_ops.py`:\r\n\r\n```python    \r\ndef get_default_device():\r\n    manual_device = os.environ.get('PFL_PYTORCH_DEVICE', None)\r\n    if manual_device:\r\n        default_device = torch.device(manual_device)\r\n    elif is_pytest_running():\r\n        default_device = torch.device('cpu')\r\n    elif torch.cuda.is_available():\r\n        default_device = torch.device('cuda')\r\n    elif (hasattr(torch.backends, 'mps') and torch.backends.mps.is_available()):\r\n        default_device = torch.device('mps')\r\n    else:\r\n        default_device = torch.device('cpu')\r\n    return default_device\r\n```\r\n\r\n**Suggested Fix:** Modify PyTorchModel to accept a device parameter and adjust the get_default_device function to respect user preferences more accurately.\r\n\r\n**Additional Information:**\r\n- pfl version: 0.2.0 \r\n- PyTorch version: 2.0.1\r\n\r\n\r\n**I am willing to work on a *Pull Request* to implement this fix if the maintainers agree.**",
        "closed_by": {
            "login": "grananqvist",
            "id": 16865473,
            "node_id": "MDQ6VXNlcjE2ODY1NDcz",
            "avatar_url": "https://avatars.githubusercontent.com/u/16865473?v=4",
            "gravatar_id": "",
            "url": "https://api.github.com/users/grananqvist",
            "html_url": "https://github.com/grananqvist",
            "followers_url": "https://api.github.com/users/grananqvist/followers",
            "following_url": "https://api.github.com/users/grananqvist/following{/other_user}",
            "gists_url": "https://api.github.com/users/grananqvist/gists{/gist_id}",
            "starred_url": "https://api.github.com/users/grananqvist/starred{/owner}{/repo}",
            "subscriptions_url": "https://api.github.com/users/grananqvist/subscriptions",
            "organizations_url": "https://api.github.com/users/grananqvist/orgs",
            "repos_url": "https://api.github.com/users/grananqvist/repos",
            "events_url": "https://api.github.com/users/grananqvist/events{/privacy}",
            "received_events_url": "https://api.github.com/users/grananqvist/received_events",
            "type": "User",
            "user_view_type": "public",
            "site_admin": false
        },
        "reactions": {
            "url": "https://api.github.com/repos/apple/pfl-research/issues/104/reactions",
            "total_count": 0,
            "+1": 0,
            "-1": 0,
            "laugh": 0,
            "hooray": 0,
            "confused": 0,
            "heart": 0,
            "rocket": 0,
            "eyes": 0
        },
        "timeline_url": "https://api.github.com/repos/apple/pfl-research/issues/104/timeline",
        "performed_via_github_app": null,
        "state_reason": "completed"
    },
    {
        "url": "https://api.github.com/repos/apple/pfl-research/issues/93",
        "repository_url": "https://api.github.com/repos/apple/pfl-research",
        "labels_url": "https://api.github.com/repos/apple/pfl-research/issues/93/labels{/name}",
        "comments_url": "https://api.github.com/repos/apple/pfl-research/issues/93/comments",
        "events_url": "https://api.github.com/repos/apple/pfl-research/issues/93/events",
        "html_url": "https://github.com/apple/pfl-research/issues/93",
        "id": 2391149108,
        "node_id": "I_kwDOK6R32c6Ohgo0",
        "number": 93,
        "title": "enable val_indices feature in user Dataset",
        "user": {
            "login": "grananqvist",
            "id": 16865473,
            "node_id": "MDQ6VXNlcjE2ODY1NDcz",
            "avatar_url": "https://avatars.githubusercontent.com/u/16865473?v=4",
            "gravatar_id": "",
            "url": "https://api.github.com/users/grananqvist",
            "html_url": "https://github.com/grananqvist",
            "followers_url": "https://api.github.com/users/grananqvist/followers",
            "following_url": "https://api.github.com/users/grananqvist/following{/other_user}",
            "gists_url": "https://api.github.com/users/grananqvist/gists{/gist_id}",
            "starred_url": "https://api.github.com/users/grananqvist/starred{/owner}{/repo}",
            "subscriptions_url": "https://api.github.com/users/grananqvist/subscriptions",
            "organizations_url": "https://api.github.com/users/grananqvist/orgs",
            "repos_url": "https://api.github.com/users/grananqvist/repos",
            "events_url": "https://api.github.com/users/grananqvist/events{/privacy}",
            "received_events_url": "https://api.github.com/users/grananqvist/received_events",
            "type": "User",
            "user_view_type": "public",
            "site_admin": false
        },
        "labels": [
            {
                "id": 7160794538,
                "node_id": "LA_kwDOK6R32c8AAAABqtENqg",
                "url": "https://api.github.com/repos/apple/pfl-research/labels/Beginner%20issue",
                "name": "Beginner issue",
                "color": "F5AB63",
                "default": false,
                "description": "Has a straight-forward solution, good for new contributors"
            }
        ],
        "state": "open",
        "locked": false,
        "assignee": null,
        "assignees": [],
        "milestone": null,
        "comments": 2,
        "created_at": "2024-07-04T15:59:34Z",
        "updated_at": "2024-07-14T00:37:55Z",
        "closed_at": null,
        "author_association": "MEMBER",
        "type": null,
        "active_lock_reason": null,
        "sub_issues_summary": {
            "total": 0,
            "completed": 0,
            "percent_completed": 0
        },
        "body": "The `val_indices` argument here https://github.com/apple/pfl-research/blob/develop/pfl/data/dataset.py#L164 is currently not implemented. fix it.\r\nThe correct behavior should be if val_indices are provided, then `split` method should split the user dataset into a train and val partition dataset objects according to those indices and not according to the input arguments of `split`.\r\nThis is useful if you have static partitions within each individual user.\r\n\r\n(115345691)",
        "closed_by": null,
        "reactions": {
            "url": "https://api.github.com/repos/apple/pfl-research/issues/93/reactions",
            "total_count": 0,
            "+1": 0,
            "-1": 0,
            "laugh": 0,
            "hooray": 0,
            "confused": 0,
            "heart": 0,
            "rocket": 0,
            "eyes": 0
        },
        "timeline_url": "https://api.github.com/repos/apple/pfl-research/issues/93/timeline",
        "performed_via_github_app": null,
        "state_reason": null
    },
    {
        "url": "https://api.github.com/repos/apple/pfl-research/issues/92",
        "repository_url": "https://api.github.com/repos/apple/pfl-research",
        "labels_url": "https://api.github.com/repos/apple/pfl-research/issues/92/labels{/name}",
        "comments_url": "https://api.github.com/repos/apple/pfl-research/issues/92/comments",
        "events_url": "https://api.github.com/repos/apple/pfl-research/issues/92/events",
        "html_url": "https://github.com/apple/pfl-research/issues/92",
        "id": 2391031322,
        "node_id": "I_kwDOK6R32c6OhD4a",
        "number": 92,
        "title": "Visualize Histogram metrics in Wandb",
        "user": {
            "login": "grananqvist",
            "id": 16865473,
            "node_id": "MDQ6VXNlcjE2ODY1NDcz",
            "avatar_url": "https://avatars.githubusercontent.com/u/16865473?v=4",
            "gravatar_id": "",
            "url": "https://api.github.com/users/grananqvist",
            "html_url": "https://github.com/grananqvist",
            "followers_url": "https://api.github.com/users/grananqvist/followers",
            "following_url": "https://api.github.com/users/grananqvist/following{/other_user}",
            "gists_url": "https://api.github.com/users/grananqvist/gists{/gist_id}",
            "starred_url": "https://api.github.com/users/grananqvist/starred{/owner}{/repo}",
            "subscriptions_url": "https://api.github.com/users/grananqvist/subscriptions",
            "organizations_url": "https://api.github.com/users/grananqvist/orgs",
            "repos_url": "https://api.github.com/users/grananqvist/repos",
            "events_url": "https://api.github.com/users/grananqvist/events{/privacy}",
            "received_events_url": "https://api.github.com/users/grananqvist/received_events",
            "type": "User",
            "user_view_type": "public",
            "site_admin": false
        },
        "labels": [],
        "state": "open",
        "locked": false,
        "assignee": null,
        "assignees": [],
        "milestone": null,
        "comments": 0,
        "created_at": "2024-07-04T14:44:38Z",
        "updated_at": "2024-07-04T14:44:38Z",
        "closed_at": null,
        "author_association": "MEMBER",
        "type": null,
        "active_lock_reason": null,
        "sub_issues_summary": {
            "total": 0,
            "completed": 0,
            "percent_completed": 0
        },
        "body": "pfl supports reporting metrics to Weights & biases with https://apple.github.io/pfl-research/reference/callback.html#pfl.callback.WandbCallback. \r\nCurrently we only report the line metrics printed out in console.\r\nWandb has support for visualizing histograms.\r\nIt can be very useful if we can make use of this feature to visualize histogram of a metric over the cohort of users.\r\nThis depends on having https://github.com/apple/pfl-research/issues/91 implemented such that we can use that data for wandb visualization.",
        "closed_by": null,
        "reactions": {
            "url": "https://api.github.com/repos/apple/pfl-research/issues/92/reactions",
            "total_count": 0,
            "+1": 0,
            "-1": 0,
            "laugh": 0,
            "hooray": 0,
            "confused": 0,
            "heart": 0,
            "rocket": 0,
            "eyes": 0
        },
        "timeline_url": "https://api.github.com/repos/apple/pfl-research/issues/92/timeline",
        "performed_via_github_app": null,
        "state_reason": null
    },
    {
        "url": "https://api.github.com/repos/apple/pfl-research/issues/91",
        "repository_url": "https://api.github.com/repos/apple/pfl-research",
        "labels_url": "https://api.github.com/repos/apple/pfl-research/issues/91/labels{/name}",
        "comments_url": "https://api.github.com/repos/apple/pfl-research/issues/91/comments",
        "events_url": "https://api.github.com/repos/apple/pfl-research/issues/91/events",
        "html_url": "https://github.com/apple/pfl-research/issues/91",
        "id": 2390986846,
        "node_id": "I_kwDOK6R32c6Og5Be",
        "number": 91,
        "title": "Track per-client metrics over time",
        "user": {
            "login": "grananqvist",
            "id": 16865473,
            "node_id": "MDQ6VXNlcjE2ODY1NDcz",
            "avatar_url": "https://avatars.githubusercontent.com/u/16865473?v=4",
            "gravatar_id": "",
            "url": "https://api.github.com/users/grananqvist",
            "html_url": "https://github.com/grananqvist",
            "followers_url": "https://api.github.com/users/grananqvist/followers",
            "following_url": "https://api.github.com/users/grananqvist/following{/other_user}",
            "gists_url": "https://api.github.com/users/grananqvist/gists{/gist_id}",
            "starred_url": "https://api.github.com/users/grananqvist/starred{/owner}{/repo}",
            "subscriptions_url": "https://api.github.com/users/grananqvist/subscriptions",
            "organizations_url": "https://api.github.com/users/grananqvist/orgs",
            "repos_url": "https://api.github.com/users/grananqvist/repos",
            "events_url": "https://api.github.com/users/grananqvist/events{/privacy}",
            "received_events_url": "https://api.github.com/users/grananqvist/received_events",
            "type": "User",
            "user_view_type": "public",
            "site_admin": false
        },
        "labels": [],
        "state": "open",
        "locked": false,
        "assignee": null,
        "assignees": [],
        "milestone": null,
        "comments": 0,
        "created_at": "2024-07-04T14:20:16Z",
        "updated_at": "2024-07-04T14:22:57Z",
        "closed_at": null,
        "author_association": "MEMBER",
        "type": null,
        "active_lock_reason": null,
        "sub_issues_summary": {
            "total": 0,
            "completed": 0,
            "percent_completed": 0
        },
        "body": "tracking the metrics of each user over time over the course of training the global model can be very useful for distribution of metrics, monitoring outlier users and debugging.\r\nThe user metric should be measured at a central iteration only if it actually was sampled of course.\r\nWe can have a post processor (https://apple.github.io/pfl-research/reference/postprocessor.html#pfl.postprocessor.base.Postprocessor) that dumps the metrics to disk for offline analysis (a postprocessor have access to an individual user's metrics).\r\nThe offline part to analyze and visualize the per-client metrics over time is outside the scope for this GH issue.\r\nThis solution must be compatible with distributed simulations. this may require an all-gather if multi-node simulations, but being restricted to single node multi-gpu simulations for this feature is OK.\r\nThe result should be (csv?) file(s) with per-client metrics.",
        "closed_by": null,
        "reactions": {
            "url": "https://api.github.com/repos/apple/pfl-research/issues/91/reactions",
            "total_count": 0,
            "+1": 0,
            "-1": 0,
            "laugh": 0,
            "hooray": 0,
            "confused": 0,
            "heart": 0,
            "rocket": 0,
            "eyes": 0
        },
        "timeline_url": "https://api.github.com/repos/apple/pfl-research/issues/91/timeline",
        "performed_via_github_app": null,
        "state_reason": null
    },
    {
        "url": "https://api.github.com/repos/apple/pfl-research/issues/90",
        "repository_url": "https://api.github.com/repos/apple/pfl-research",
        "labels_url": "https://api.github.com/repos/apple/pfl-research/issues/90/labels{/name}",
        "comments_url": "https://api.github.com/repos/apple/pfl-research/issues/90/comments",
        "events_url": "https://api.github.com/repos/apple/pfl-research/issues/90/events",
        "html_url": "https://github.com/apple/pfl-research/issues/90",
        "id": 2390944018,
        "node_id": "I_kwDOK6R32c6OgukS",
        "number": 90,
        "title": "Implement TF setup for FLAIR",
        "user": {
            "login": "grananqvist",
            "id": 16865473,
            "node_id": "MDQ6VXNlcjE2ODY1NDcz",
            "avatar_url": "https://avatars.githubusercontent.com/u/16865473?v=4",
            "gravatar_id": "",
            "url": "https://api.github.com/users/grananqvist",
            "html_url": "https://github.com/grananqvist",
            "followers_url": "https://api.github.com/users/grananqvist/followers",
            "following_url": "https://api.github.com/users/grananqvist/following{/other_user}",
            "gists_url": "https://api.github.com/users/grananqvist/gists{/gist_id}",
            "starred_url": "https://api.github.com/users/grananqvist/starred{/owner}{/repo}",
            "subscriptions_url": "https://api.github.com/users/grananqvist/subscriptions",
            "organizations_url": "https://api.github.com/users/grananqvist/orgs",
            "repos_url": "https://api.github.com/users/grananqvist/repos",
            "events_url": "https://api.github.com/users/grananqvist/events{/privacy}",
            "received_events_url": "https://api.github.com/users/grananqvist/received_events",
            "type": "User",
            "user_view_type": "public",
            "site_admin": false
        },
        "labels": [],
        "state": "open",
        "locked": false,
        "assignee": null,
        "assignees": [],
        "milestone": null,
        "comments": 0,
        "created_at": "2024-07-04T13:57:52Z",
        "updated_at": "2024-07-04T13:59:00Z",
        "closed_at": null,
        "author_association": "MEMBER",
        "type": null,
        "active_lock_reason": null,
        "sub_issues_summary": {
            "total": 0,
            "completed": 0,
            "percent_completed": 0
        },
        "body": "FLAIR is only available in [TFF](https://github.com/apple/ml-flair) or [pfl+PyTorch](https://github.com/apple/pfl-research/tree/develop/benchmarks/flair). \r\nWe need to provide a setup for pfl+TF.\r\nShould have parity in performance with [pfl+PyTorch](https://github.com/apple/pfl-research/tree/develop/benchmarks/flair) (see table 2 in paper https://arxiv.org/pdf/2404.06430).\r\n\r\nsee e.g. [image_classification](https://github.com/apple/pfl-research/tree/develop/benchmarks/image_classification) how both pytorch and tf has identical setups.\r\n\r\n(120904681)",
        "closed_by": null,
        "reactions": {
            "url": "https://api.github.com/repos/apple/pfl-research/issues/90/reactions",
            "total_count": 1,
            "+1": 1,
            "-1": 0,
            "laugh": 0,
            "hooray": 0,
            "confused": 0,
            "heart": 0,
            "rocket": 0,
            "eyes": 0
        },
        "timeline_url": "https://api.github.com/repos/apple/pfl-research/issues/90/timeline",
        "performed_via_github_app": null,
        "state_reason": null
    },
    {
        "url": "https://api.github.com/repos/apple/pfl-research/issues/89",
        "repository_url": "https://api.github.com/repos/apple/pfl-research",
        "labels_url": "https://api.github.com/repos/apple/pfl-research/issues/89/labels{/name}",
        "comments_url": "https://api.github.com/repos/apple/pfl-research/issues/89/comments",
        "events_url": "https://api.github.com/repos/apple/pfl-research/issues/89/events",
        "html_url": "https://github.com/apple/pfl-research/issues/89",
        "id": 2390820160,
        "node_id": "I_kwDOK6R32c6OgQVA",
        "number": 89,
        "title": "PEP 563 \u2013 Postponed Evaluation of Annotations",
        "user": {
            "login": "grananqvist",
            "id": 16865473,
            "node_id": "MDQ6VXNlcjE2ODY1NDcz",
            "avatar_url": "https://avatars.githubusercontent.com/u/16865473?v=4",
            "gravatar_id": "",
            "url": "https://api.github.com/users/grananqvist",
            "html_url": "https://github.com/grananqvist",
            "followers_url": "https://api.github.com/users/grananqvist/followers",
            "following_url": "https://api.github.com/users/grananqvist/following{/other_user}",
            "gists_url": "https://api.github.com/users/grananqvist/gists{/gist_id}",
            "starred_url": "https://api.github.com/users/grananqvist/starred{/owner}{/repo}",
            "subscriptions_url": "https://api.github.com/users/grananqvist/subscriptions",
            "organizations_url": "https://api.github.com/users/grananqvist/orgs",
            "repos_url": "https://api.github.com/users/grananqvist/repos",
            "events_url": "https://api.github.com/users/grananqvist/events{/privacy}",
            "received_events_url": "https://api.github.com/users/grananqvist/received_events",
            "type": "User",
            "user_view_type": "public",
            "site_admin": false
        },
        "labels": [
            {
                "id": 7160794538,
                "node_id": "LA_kwDOK6R32c8AAAABqtENqg",
                "url": "https://api.github.com/repos/apple/pfl-research/labels/Beginner%20issue",
                "name": "Beginner issue",
                "color": "F5AB63",
                "default": false,
                "description": "Has a straight-forward solution, good for new contributors"
            }
        ],
        "state": "open",
        "locked": false,
        "assignee": null,
        "assignees": [],
        "milestone": null,
        "comments": 0,
        "created_at": "2024-07-04T12:59:57Z",
        "updated_at": "2024-07-04T13:00:12Z",
        "closed_at": null,
        "author_association": "MEMBER",
        "type": null,
        "active_lock_reason": null,
        "sub_issues_summary": {
            "total": 0,
            "completed": 0,
            "percent_completed": 0
        },
        "body": "Use this https://peps.python.org/pep-0563/\r\n\r\nBy importing\r\n`from __future__ import annotations`\r\n\r\nTo allow self-references instead of having to write in quotes, e.g. -> \u2018AbstractDataset\u2019. \r\nDo this for all classes that have self-references.\r\n\r\n(113866548)",
        "closed_by": null,
        "reactions": {
            "url": "https://api.github.com/repos/apple/pfl-research/issues/89/reactions",
            "total_count": 0,
            "+1": 0,
            "-1": 0,
            "laugh": 0,
            "hooray": 0,
            "confused": 0,
            "heart": 0,
            "rocket": 0,
            "eyes": 0
        },
        "timeline_url": "https://api.github.com/repos/apple/pfl-research/issues/89/timeline",
        "performed_via_github_app": null,
        "state_reason": null
    },
    {
        "url": "https://api.github.com/repos/apple/pfl-research/issues/88",
        "repository_url": "https://api.github.com/repos/apple/pfl-research",
        "labels_url": "https://api.github.com/repos/apple/pfl-research/issues/88/labels{/name}",
        "comments_url": "https://api.github.com/repos/apple/pfl-research/issues/88/comments",
        "events_url": "https://api.github.com/repos/apple/pfl-research/issues/88/events",
        "html_url": "https://github.com/apple/pfl-research/issues/88",
        "id": 2390812735,
        "node_id": "I_kwDOK6R32c6OgOg_",
        "number": 88,
        "title": "Support TensorBoard with PyTorch",
        "user": {
            "login": "grananqvist",
            "id": 16865473,
            "node_id": "MDQ6VXNlcjE2ODY1NDcz",
            "avatar_url": "https://avatars.githubusercontent.com/u/16865473?v=4",
            "gravatar_id": "",
            "url": "https://api.github.com/users/grananqvist",
            "html_url": "https://github.com/grananqvist",
            "followers_url": "https://api.github.com/users/grananqvist/followers",
            "following_url": "https://api.github.com/users/grananqvist/following{/other_user}",
            "gists_url": "https://api.github.com/users/grananqvist/gists{/gist_id}",
            "starred_url": "https://api.github.com/users/grananqvist/starred{/owner}{/repo}",
            "subscriptions_url": "https://api.github.com/users/grananqvist/subscriptions",
            "organizations_url": "https://api.github.com/users/grananqvist/orgs",
            "repos_url": "https://api.github.com/users/grananqvist/repos",
            "events_url": "https://api.github.com/users/grananqvist/events{/privacy}",
            "received_events_url": "https://api.github.com/users/grananqvist/received_events",
            "type": "User",
            "user_view_type": "public",
            "site_admin": false
        },
        "labels": [
            {
                "id": 7160794538,
                "node_id": "LA_kwDOK6R32c8AAAABqtENqg",
                "url": "https://api.github.com/repos/apple/pfl-research/labels/Beginner%20issue",
                "name": "Beginner issue",
                "color": "F5AB63",
                "default": false,
                "description": "Has a straight-forward solution, good for new contributors"
            }
        ],
        "state": "open",
        "locked": false,
        "assignee": null,
        "assignees": [],
        "milestone": null,
        "comments": 0,
        "created_at": "2024-07-04T12:56:07Z",
        "updated_at": "2024-07-04T12:56:35Z",
        "closed_at": null,
        "author_association": "MEMBER",
        "type": null,
        "active_lock_reason": null,
        "sub_issues_summary": {
            "total": 0,
            "completed": 0,
            "percent_completed": 0
        },
        "body": "We currently have `TensorBoardCallback` for tensorflow https://apple.github.io/pfl-research/reference/callback.html#pfl.callback.TensorBoardCallback.\r\nWe should also have a callback for TensorBoard to use with pytorch models. \r\n\r\nOption 1 - factor out all tf code currently in `TensorBoardCallback` to `pfl.internal.ops` or `pfl.internal.bridge`, but there is a lot of tf code so Option 2 may be better and simpler.\r\nOption 2 - Make a new callback (named  e.g. `TensorBoardWithPyTorch`) specifically for PyTorch.\r\n\r\n(102061658)",
        "closed_by": null,
        "reactions": {
            "url": "https://api.github.com/repos/apple/pfl-research/issues/88/reactions",
            "total_count": 0,
            "+1": 0,
            "-1": 0,
            "laugh": 0,
            "hooray": 0,
            "confused": 0,
            "heart": 0,
            "rocket": 0,
            "eyes": 0
        },
        "timeline_url": "https://api.github.com/repos/apple/pfl-research/issues/88/timeline",
        "performed_via_github_app": null,
        "state_reason": null
    },
    {
        "url": "https://api.github.com/repos/apple/pfl-research/issues/87",
        "repository_url": "https://api.github.com/repos/apple/pfl-research",
        "labels_url": "https://api.github.com/repos/apple/pfl-research/issues/87/labels{/name}",
        "comments_url": "https://api.github.com/repos/apple/pfl-research/issues/87/comments",
        "events_url": "https://api.github.com/repos/apple/pfl-research/issues/87/events",
        "html_url": "https://github.com/apple/pfl-research/issues/87",
        "id": 2389672236,
        "node_id": "I_kwDOK6R32c6Ob4Es",
        "number": 87,
        "title": "MLXModel.evaluate does not use dataset.iter",
        "user": {
            "login": "grananqvist",
            "id": 16865473,
            "node_id": "MDQ6VXNlcjE2ODY1NDcz",
            "avatar_url": "https://avatars.githubusercontent.com/u/16865473?v=4",
            "gravatar_id": "",
            "url": "https://api.github.com/users/grananqvist",
            "html_url": "https://github.com/grananqvist",
            "followers_url": "https://api.github.com/users/grananqvist/followers",
            "following_url": "https://api.github.com/users/grananqvist/following{/other_user}",
            "gists_url": "https://api.github.com/users/grananqvist/gists{/gist_id}",
            "starred_url": "https://api.github.com/users/grananqvist/starred{/owner}{/repo}",
            "subscriptions_url": "https://api.github.com/users/grananqvist/subscriptions",
            "organizations_url": "https://api.github.com/users/grananqvist/orgs",
            "repos_url": "https://api.github.com/users/grananqvist/repos",
            "events_url": "https://api.github.com/users/grananqvist/events{/privacy}",
            "received_events_url": "https://api.github.com/users/grananqvist/received_events",
            "type": "User",
            "user_view_type": "public",
            "site_admin": false
        },
        "labels": [
            {
                "id": 7160794538,
                "node_id": "LA_kwDOK6R32c8AAAABqtENqg",
                "url": "https://api.github.com/repos/apple/pfl-research/labels/Beginner%20issue",
                "name": "Beginner issue",
                "color": "F5AB63",
                "default": false,
                "description": "Has a straight-forward solution, good for new contributors"
            }
        ],
        "state": "closed",
        "locked": false,
        "assignee": null,
        "assignees": [],
        "milestone": null,
        "comments": 1,
        "created_at": "2024-07-03T23:54:01Z",
        "updated_at": "2025-05-15T11:01:24Z",
        "closed_at": "2025-05-15T11:01:23Z",
        "author_association": "MEMBER",
        "type": null,
        "active_lock_reason": null,
        "sub_issues_summary": {
            "total": 0,
            "completed": 0,
            "percent_completed": 0
        },
        "body": "This was a miss in the initial MLX implementation. \r\nJust like how dataset.iter method is used in other models, e.g. https://github.com/apple/pfl-research/blob/develop/pfl/model/pytorch.py#L389, it should also be used for MLXModel: https://github.com/apple/pfl-research/blob/develop/pfl/model/mlx.py#L261\r\n\r\n(131046345)",
        "closed_by": {
            "login": "grananqvist",
            "id": 16865473,
            "node_id": "MDQ6VXNlcjE2ODY1NDcz",
            "avatar_url": "https://avatars.githubusercontent.com/u/16865473?v=4",
            "gravatar_id": "",
            "url": "https://api.github.com/users/grananqvist",
            "html_url": "https://github.com/grananqvist",
            "followers_url": "https://api.github.com/users/grananqvist/followers",
            "following_url": "https://api.github.com/users/grananqvist/following{/other_user}",
            "gists_url": "https://api.github.com/users/grananqvist/gists{/gist_id}",
            "starred_url": "https://api.github.com/users/grananqvist/starred{/owner}{/repo}",
            "subscriptions_url": "https://api.github.com/users/grananqvist/subscriptions",
            "organizations_url": "https://api.github.com/users/grananqvist/orgs",
            "repos_url": "https://api.github.com/users/grananqvist/repos",
            "events_url": "https://api.github.com/users/grananqvist/events{/privacy}",
            "received_events_url": "https://api.github.com/users/grananqvist/received_events",
            "type": "User",
            "user_view_type": "public",
            "site_admin": false
        },
        "reactions": {
            "url": "https://api.github.com/repos/apple/pfl-research/issues/87/reactions",
            "total_count": 0,
            "+1": 0,
            "-1": 0,
            "laugh": 0,
            "hooray": 0,
            "confused": 0,
            "heart": 0,
            "rocket": 0,
            "eyes": 0
        },
        "timeline_url": "https://api.github.com/repos/apple/pfl-research/issues/87/timeline",
        "performed_via_github_app": null,
        "state_reason": "completed"
    },
    {
        "url": "https://api.github.com/repos/apple/pfl-research/issues/86",
        "repository_url": "https://api.github.com/repos/apple/pfl-research",
        "labels_url": "https://api.github.com/repos/apple/pfl-research/issues/86/labels{/name}",
        "comments_url": "https://api.github.com/repos/apple/pfl-research/issues/86/comments",
        "events_url": "https://api.github.com/repos/apple/pfl-research/issues/86/events",
        "html_url": "https://github.com/apple/pfl-research/issues/86",
        "id": 2389670454,
        "node_id": "I_kwDOK6R32c6Ob3o2",
        "number": 86,
        "title": "Need faster bisection when calculating privacy parameters",
        "user": {
            "login": "grananqvist",
            "id": 16865473,
            "node_id": "MDQ6VXNlcjE2ODY1NDcz",
            "avatar_url": "https://avatars.githubusercontent.com/u/16865473?v=4",
            "gravatar_id": "",
            "url": "https://api.github.com/users/grananqvist",
            "html_url": "https://github.com/grananqvist",
            "followers_url": "https://api.github.com/users/grananqvist/followers",
            "following_url": "https://api.github.com/users/grananqvist/following{/other_user}",
            "gists_url": "https://api.github.com/users/grananqvist/gists{/gist_id}",
            "starred_url": "https://api.github.com/users/grananqvist/starred{/owner}{/repo}",
            "subscriptions_url": "https://api.github.com/users/grananqvist/subscriptions",
            "organizations_url": "https://api.github.com/users/grananqvist/orgs",
            "repos_url": "https://api.github.com/users/grananqvist/repos",
            "events_url": "https://api.github.com/users/grananqvist/events{/privacy}",
            "received_events_url": "https://api.github.com/users/grananqvist/received_events",
            "type": "User",
            "user_view_type": "public",
            "site_admin": false
        },
        "labels": [],
        "state": "open",
        "locked": false,
        "assignee": null,
        "assignees": [],
        "milestone": null,
        "comments": 0,
        "created_at": "2024-07-03T23:51:45Z",
        "updated_at": "2024-07-03T23:51:53Z",
        "closed_at": null,
        "author_association": "MEMBER",
        "type": null,
        "active_lock_reason": null,
        "sub_issues_summary": {
            "total": 0,
            "completed": 0,
            "percent_completed": 0
        },
        "body": "bisection in https://github.com/apple/pfl-research/blob/develop/pfl/privacy/privacy_accountant.py#L431 is currently slow.\r\nThe UX running the CIFAR10 notebook interactively is bad. Looks like it gets stuck initializing `PLDPrivacyAccountant` \r\n, but it just takes ~30sec.\r\n\r\nSomething like Brent\u2019s method or golden section can be used to speed up initialization of moments accountants that must use bisection to find the right epsilon.\r\n\r\n(120412225)",
        "closed_by": null,
        "reactions": {
            "url": "https://api.github.com/repos/apple/pfl-research/issues/86/reactions",
            "total_count": 0,
            "+1": 0,
            "-1": 0,
            "laugh": 0,
            "hooray": 0,
            "confused": 0,
            "heart": 0,
            "rocket": 0,
            "eyes": 0
        },
        "timeline_url": "https://api.github.com/repos/apple/pfl-research/issues/86/timeline",
        "performed_via_github_app": null,
        "state_reason": null
    },
    {
        "url": "https://api.github.com/repos/apple/pfl-research/issues/85",
        "repository_url": "https://api.github.com/repos/apple/pfl-research",
        "labels_url": "https://api.github.com/repos/apple/pfl-research/issues/85/labels{/name}",
        "comments_url": "https://api.github.com/repos/apple/pfl-research/issues/85/comments",
        "events_url": "https://api.github.com/repos/apple/pfl-research/issues/85/events",
        "html_url": "https://github.com/apple/pfl-research/issues/85",
        "id": 2389664084,
        "node_id": "I_kwDOK6R32c6Ob2FU",
        "number": 85,
        "title": "ArtificialFederatedDataset.from_slices can only handle 1 level of nested tuples",
        "user": {
            "login": "grananqvist",
            "id": 16865473,
            "node_id": "MDQ6VXNlcjE2ODY1NDcz",
            "avatar_url": "https://avatars.githubusercontent.com/u/16865473?v=4",
            "gravatar_id": "",
            "url": "https://api.github.com/users/grananqvist",
            "html_url": "https://github.com/grananqvist",
            "followers_url": "https://api.github.com/users/grananqvist/followers",
            "following_url": "https://api.github.com/users/grananqvist/following{/other_user}",
            "gists_url": "https://api.github.com/users/grananqvist/gists{/gist_id}",
            "starred_url": "https://api.github.com/users/grananqvist/starred{/owner}{/repo}",
            "subscriptions_url": "https://api.github.com/users/grananqvist/subscriptions",
            "organizations_url": "https://api.github.com/users/grananqvist/orgs",
            "repos_url": "https://api.github.com/users/grananqvist/repos",
            "events_url": "https://api.github.com/users/grananqvist/events{/privacy}",
            "received_events_url": "https://api.github.com/users/grananqvist/received_events",
            "type": "User",
            "user_view_type": "public",
            "site_admin": false
        },
        "labels": [
            {
                "id": 7160794538,
                "node_id": "LA_kwDOK6R32c8AAAABqtENqg",
                "url": "https://api.github.com/repos/apple/pfl-research/labels/Beginner%20issue",
                "name": "Beginner issue",
                "color": "F5AB63",
                "default": false,
                "description": "Has a straight-forward solution, good for new contributors"
            }
        ],
        "state": "open",
        "locked": false,
        "assignee": null,
        "assignees": [],
        "milestone": null,
        "comments": 0,
        "created_at": "2024-07-03T23:42:19Z",
        "updated_at": "2024-07-03T23:42:33Z",
        "closed_at": null,
        "author_association": "MEMBER",
        "type": null,
        "active_lock_reason": null,
        "sub_issues_summary": {
            "total": 0,
            "completed": 0,
            "percent_completed": 0
        },
        "body": "e.g. you might require your raw data to be of format `[(Input1, input2, \u2026), (output1, output2, \u2026)]` (2 levels of lists/tuples/dict), but ArtificialFederatedDataset.from_slices can only handle 1 level of nested tuples.\r\n\r\nThis does not work:\r\n```\r\nimport numpy as np\r\nfrom pfl.data.federated_dataset import ArtificialFederatedDataset\r\nx = np.zeros(6,1)\r\nfd = ArtificialFederatedDataset.from_slices(\r\ndata=[(x.copy(), x.copy()), x.copy()],\r\ndata_sampler=lambda length: np.random.choice(len(x), length),\r\nsample_dataset_len=lambda: 2)\r\nd = next(fd)\r\n```\r\nexpected return dataset d with `d.raw_data` shape\r\n```\r\n[((2,1),(2,1)), (2,1)]\r\n```",
        "closed_by": null,
        "reactions": {
            "url": "https://api.github.com/repos/apple/pfl-research/issues/85/reactions",
            "total_count": 0,
            "+1": 0,
            "-1": 0,
            "laugh": 0,
            "hooray": 0,
            "confused": 0,
            "heart": 0,
            "rocket": 0,
            "eyes": 0
        },
        "timeline_url": "https://api.github.com/repos/apple/pfl-research/issues/85/timeline",
        "performed_via_github_app": null,
        "state_reason": null
    },
    {
        "url": "https://api.github.com/repos/apple/pfl-research/issues/84",
        "repository_url": "https://api.github.com/repos/apple/pfl-research",
        "labels_url": "https://api.github.com/repos/apple/pfl-research/issues/84/labels{/name}",
        "comments_url": "https://api.github.com/repos/apple/pfl-research/issues/84/comments",
        "events_url": "https://api.github.com/repos/apple/pfl-research/issues/84/events",
        "html_url": "https://github.com/apple/pfl-research/issues/84",
        "id": 2389649004,
        "node_id": "I_kwDOK6R32c6ObyZs",
        "number": 84,
        "title": "Document the default metrics reported",
        "user": {
            "login": "grananqvist",
            "id": 16865473,
            "node_id": "MDQ6VXNlcjE2ODY1NDcz",
            "avatar_url": "https://avatars.githubusercontent.com/u/16865473?v=4",
            "gravatar_id": "",
            "url": "https://api.github.com/users/grananqvist",
            "html_url": "https://github.com/grananqvist",
            "followers_url": "https://api.github.com/users/grananqvist/followers",
            "following_url": "https://api.github.com/users/grananqvist/following{/other_user}",
            "gists_url": "https://api.github.com/users/grananqvist/gists{/gist_id}",
            "starred_url": "https://api.github.com/users/grananqvist/starred{/owner}{/repo}",
            "subscriptions_url": "https://api.github.com/users/grananqvist/subscriptions",
            "organizations_url": "https://api.github.com/users/grananqvist/orgs",
            "repos_url": "https://api.github.com/users/grananqvist/repos",
            "events_url": "https://api.github.com/users/grananqvist/events{/privacy}",
            "received_events_url": "https://api.github.com/users/grananqvist/received_events",
            "type": "User",
            "user_view_type": "public",
            "site_admin": false
        },
        "labels": [],
        "state": "open",
        "locked": false,
        "assignee": null,
        "assignees": [],
        "milestone": null,
        "comments": 0,
        "created_at": "2024-07-03T23:19:51Z",
        "updated_at": "2024-07-03T23:20:48Z",
        "closed_at": null,
        "author_association": "MEMBER",
        "type": null,
        "active_lock_reason": null,
        "sub_issues_summary": {
            "total": 0,
            "completed": 0,
            "percent_completed": 0
        },
        "body": "Training prints metrics each central iteration. There is a structure to this and some default metrics are always provided.\r\n\r\nE.g.\r\n<img width=\"690\" alt=\"image\" src=\"https://github.com/apple/pfl-research/assets/16865473/153ccdd2-7f0c-4f6d-90d0-34520404819f\">\r\n\r\nDescribe what are the different populations (Train / Val / Central Val),\r\nwhen is it useful to look at metrics before and after local training,\r\nand what does the default metrics (total weight, number of data points, number of devices, number of parameters, learning rate) mean\r\n\r\n(57424771)",
        "closed_by": null,
        "reactions": {
            "url": "https://api.github.com/repos/apple/pfl-research/issues/84/reactions",
            "total_count": 0,
            "+1": 0,
            "-1": 0,
            "laugh": 0,
            "hooray": 0,
            "confused": 0,
            "heart": 0,
            "rocket": 0,
            "eyes": 0
        },
        "timeline_url": "https://api.github.com/repos/apple/pfl-research/issues/84/timeline",
        "performed_via_github_app": null,
        "state_reason": null
    },
    {
        "url": "https://api.github.com/repos/apple/pfl-research/issues/83",
        "repository_url": "https://api.github.com/repos/apple/pfl-research",
        "labels_url": "https://api.github.com/repos/apple/pfl-research/issues/83/labels{/name}",
        "comments_url": "https://api.github.com/repos/apple/pfl-research/issues/83/comments",
        "events_url": "https://api.github.com/repos/apple/pfl-research/issues/83/events",
        "html_url": "https://github.com/apple/pfl-research/issues/83",
        "id": 2389643684,
        "node_id": "I_kwDOK6R32c6ObxGk",
        "number": 83,
        "title": "Add \"source\" button in documentation to view code",
        "user": {
            "login": "grananqvist",
            "id": 16865473,
            "node_id": "MDQ6VXNlcjE2ODY1NDcz",
            "avatar_url": "https://avatars.githubusercontent.com/u/16865473?v=4",
            "gravatar_id": "",
            "url": "https://api.github.com/users/grananqvist",
            "html_url": "https://github.com/grananqvist",
            "followers_url": "https://api.github.com/users/grananqvist/followers",
            "following_url": "https://api.github.com/users/grananqvist/following{/other_user}",
            "gists_url": "https://api.github.com/users/grananqvist/gists{/gist_id}",
            "starred_url": "https://api.github.com/users/grananqvist/starred{/owner}{/repo}",
            "subscriptions_url": "https://api.github.com/users/grananqvist/subscriptions",
            "organizations_url": "https://api.github.com/users/grananqvist/orgs",
            "repos_url": "https://api.github.com/users/grananqvist/repos",
            "events_url": "https://api.github.com/users/grananqvist/events{/privacy}",
            "received_events_url": "https://api.github.com/users/grananqvist/received_events",
            "type": "User",
            "user_view_type": "public",
            "site_admin": false
        },
        "labels": [
            {
                "id": 7160794538,
                "node_id": "LA_kwDOK6R32c8AAAABqtENqg",
                "url": "https://api.github.com/repos/apple/pfl-research/labels/Beginner%20issue",
                "name": "Beginner issue",
                "color": "F5AB63",
                "default": false,
                "description": "Has a straight-forward solution, good for new contributors"
            }
        ],
        "state": "open",
        "locked": false,
        "assignee": null,
        "assignees": [],
        "milestone": null,
        "comments": 0,
        "created_at": "2024-07-03T23:12:01Z",
        "updated_at": "2024-07-03T23:20:23Z",
        "closed_at": null,
        "author_association": "MEMBER",
        "type": null,
        "active_lock_reason": null,
        "sub_issues_summary": {
            "total": 0,
            "completed": 0,
            "percent_completed": 0
        },
        "body": "The reference documentation https://apple.github.io/pfl-research/ should have links to source code for each component. Useful for navigation and to more effectively copy implemented algorithms and customize them for research.\r\nWe use Furo frontend sphinx theme https://github.com/pradyunsg/furo.\r\n\r\n(65729691)",
        "closed_by": null,
        "reactions": {
            "url": "https://api.github.com/repos/apple/pfl-research/issues/83/reactions",
            "total_count": 0,
            "+1": 0,
            "-1": 0,
            "laugh": 0,
            "hooray": 0,
            "confused": 0,
            "heart": 0,
            "rocket": 0,
            "eyes": 0
        },
        "timeline_url": "https://api.github.com/repos/apple/pfl-research/issues/83/timeline",
        "performed_via_github_app": null,
        "state_reason": null
    },
    {
        "url": "https://api.github.com/repos/apple/pfl-research/issues/65",
        "repository_url": "https://api.github.com/repos/apple/pfl-research",
        "labels_url": "https://api.github.com/repos/apple/pfl-research/issues/65/labels{/name}",
        "comments_url": "https://api.github.com/repos/apple/pfl-research/issues/65/comments",
        "events_url": "https://api.github.com/repos/apple/pfl-research/issues/65/events",
        "html_url": "https://github.com/apple/pfl-research/issues/65",
        "id": 2266069903,
        "node_id": "I_kwDOK6R32c6HEXuP",
        "number": 65,
        "title": "Issue in top-K sparsification implementation",
        "user": {
            "login": "sohaib-idalin",
            "id": 96539081,
            "node_id": "U_kgDOBcERyQ",
            "avatar_url": "https://avatars.githubusercontent.com/u/96539081?v=4",
            "gravatar_id": "",
            "url": "https://api.github.com/users/sohaib-idalin",
            "html_url": "https://github.com/sohaib-idalin",
            "followers_url": "https://api.github.com/users/sohaib-idalin/followers",
            "following_url": "https://api.github.com/users/sohaib-idalin/following{/other_user}",
            "gists_url": "https://api.github.com/users/sohaib-idalin/gists{/gist_id}",
            "starred_url": "https://api.github.com/users/sohaib-idalin/starred{/owner}{/repo}",
            "subscriptions_url": "https://api.github.com/users/sohaib-idalin/subscriptions",
            "organizations_url": "https://api.github.com/users/sohaib-idalin/orgs",
            "repos_url": "https://api.github.com/users/sohaib-idalin/repos",
            "events_url": "https://api.github.com/users/sohaib-idalin/events{/privacy}",
            "received_events_url": "https://api.github.com/users/sohaib-idalin/received_events",
            "type": "User",
            "user_view_type": "public",
            "site_admin": false
        },
        "labels": [],
        "state": "closed",
        "locked": false,
        "assignee": null,
        "assignees": [],
        "milestone": null,
        "comments": 2,
        "created_at": "2024-04-26T15:53:47Z",
        "updated_at": "2024-07-20T15:56:31Z",
        "closed_at": "2024-07-20T15:56:31Z",
        "author_association": "NONE",
        "type": null,
        "active_lock_reason": null,
        "sub_issues_summary": {
            "total": 0,
            "completed": 0,
            "percent_completed": 0
        },
        "body": "I see that you mention that top-K sparsification must zero out 1-top_k_percent percent of the model update elements with the lowest absolute values. But in the code, I see that you forgot to use the absolute values of the vector.",
        "closed_by": {
            "login": "grananqvist",
            "id": 16865473,
            "node_id": "MDQ6VXNlcjE2ODY1NDcz",
            "avatar_url": "https://avatars.githubusercontent.com/u/16865473?v=4",
            "gravatar_id": "",
            "url": "https://api.github.com/users/grananqvist",
            "html_url": "https://github.com/grananqvist",
            "followers_url": "https://api.github.com/users/grananqvist/followers",
            "following_url": "https://api.github.com/users/grananqvist/following{/other_user}",
            "gists_url": "https://api.github.com/users/grananqvist/gists{/gist_id}",
            "starred_url": "https://api.github.com/users/grananqvist/starred{/owner}{/repo}",
            "subscriptions_url": "https://api.github.com/users/grananqvist/subscriptions",
            "organizations_url": "https://api.github.com/users/grananqvist/orgs",
            "repos_url": "https://api.github.com/users/grananqvist/repos",
            "events_url": "https://api.github.com/users/grananqvist/events{/privacy}",
            "received_events_url": "https://api.github.com/users/grananqvist/received_events",
            "type": "User",
            "user_view_type": "public",
            "site_admin": false
        },
        "reactions": {
            "url": "https://api.github.com/repos/apple/pfl-research/issues/65/reactions",
            "total_count": 0,
            "+1": 0,
            "-1": 0,
            "laugh": 0,
            "hooray": 0,
            "confused": 0,
            "heart": 0,
            "rocket": 0,
            "eyes": 0
        },
        "timeline_url": "https://api.github.com/repos/apple/pfl-research/issues/65/timeline",
        "performed_via_github_app": null,
        "state_reason": "completed"
    },
    {
        "url": "https://api.github.com/repos/apple/pfl-research/issues/56",
        "repository_url": "https://api.github.com/repos/apple/pfl-research",
        "labels_url": "https://api.github.com/repos/apple/pfl-research/issues/56/labels{/name}",
        "comments_url": "https://api.github.com/repos/apple/pfl-research/issues/56/comments",
        "events_url": "https://api.github.com/repos/apple/pfl-research/issues/56/events",
        "html_url": "https://github.com/apple/pfl-research/issues/56",
        "id": 2167806871,
        "node_id": "I_kwDOK6R32c6BNhuX",
        "number": 56,
        "title": "Support for Secure Aggregation",
        "user": {
            "login": "sonnguyenasu",
            "id": 46335308,
            "node_id": "MDQ6VXNlcjQ2MzM1MzA4",
            "avatar_url": "https://avatars.githubusercontent.com/u/46335308?v=4",
            "gravatar_id": "",
            "url": "https://api.github.com/users/sonnguyenasu",
            "html_url": "https://github.com/sonnguyenasu",
            "followers_url": "https://api.github.com/users/sonnguyenasu/followers",
            "following_url": "https://api.github.com/users/sonnguyenasu/following{/other_user}",
            "gists_url": "https://api.github.com/users/sonnguyenasu/gists{/gist_id}",
            "starred_url": "https://api.github.com/users/sonnguyenasu/starred{/owner}{/repo}",
            "subscriptions_url": "https://api.github.com/users/sonnguyenasu/subscriptions",
            "organizations_url": "https://api.github.com/users/sonnguyenasu/orgs",
            "repos_url": "https://api.github.com/users/sonnguyenasu/repos",
            "events_url": "https://api.github.com/users/sonnguyenasu/events{/privacy}",
            "received_events_url": "https://api.github.com/users/sonnguyenasu/received_events",
            "type": "User",
            "user_view_type": "public",
            "site_admin": false
        },
        "labels": [],
        "state": "closed",
        "locked": false,
        "assignee": null,
        "assignees": [],
        "milestone": null,
        "comments": 2,
        "created_at": "2024-03-04T21:33:10Z",
        "updated_at": "2024-03-08T17:12:32Z",
        "closed_at": "2024-03-08T17:12:32Z",
        "author_association": "NONE",
        "type": null,
        "active_lock_reason": null,
        "sub_issues_summary": {
            "total": 0,
            "completed": 0,
            "percent_completed": 0
        },
        "body": "Hi,\r\nIs there any support for secure aggregation scheme on FL such as SecAgg or SecAgg+?\r\n",
        "closed_by": {
            "login": "sonnguyenasu",
            "id": 46335308,
            "node_id": "MDQ6VXNlcjQ2MzM1MzA4",
            "avatar_url": "https://avatars.githubusercontent.com/u/46335308?v=4",
            "gravatar_id": "",
            "url": "https://api.github.com/users/sonnguyenasu",
            "html_url": "https://github.com/sonnguyenasu",
            "followers_url": "https://api.github.com/users/sonnguyenasu/followers",
            "following_url": "https://api.github.com/users/sonnguyenasu/following{/other_user}",
            "gists_url": "https://api.github.com/users/sonnguyenasu/gists{/gist_id}",
            "starred_url": "https://api.github.com/users/sonnguyenasu/starred{/owner}{/repo}",
            "subscriptions_url": "https://api.github.com/users/sonnguyenasu/subscriptions",
            "organizations_url": "https://api.github.com/users/sonnguyenasu/orgs",
            "repos_url": "https://api.github.com/users/sonnguyenasu/repos",
            "events_url": "https://api.github.com/users/sonnguyenasu/events{/privacy}",
            "received_events_url": "https://api.github.com/users/sonnguyenasu/received_events",
            "type": "User",
            "user_view_type": "public",
            "site_admin": false
        },
        "reactions": {
            "url": "https://api.github.com/repos/apple/pfl-research/issues/56/reactions",
            "total_count": 0,
            "+1": 0,
            "-1": 0,
            "laugh": 0,
            "hooray": 0,
            "confused": 0,
            "heart": 0,
            "rocket": 0,
            "eyes": 0
        },
        "timeline_url": "https://api.github.com/repos/apple/pfl-research/issues/56/timeline",
        "performed_via_github_app": null,
        "state_reason": "completed"
    }
]