[
    {
        "url": "https://api.github.com/repos/AvivSham/pFedHN/issues/10",
        "repository_url": "https://api.github.com/repos/AvivSham/pFedHN",
        "labels_url": "https://api.github.com/repos/AvivSham/pFedHN/issues/10/labels{/name}",
        "comments_url": "https://api.github.com/repos/AvivSham/pFedHN/issues/10/comments",
        "events_url": "https://api.github.com/repos/AvivSham/pFedHN/issues/10/events",
        "html_url": "https://github.com/AvivSham/pFedHN/issues/10",
        "id": 2800766616,
        "node_id": "I_kwDOFBJh5c6m8E6Y",
        "number": 10,
        "title": "Hypernetwork Does Not Generate Different Model Structures",
        "user": {
            "login": "hwan-sig",
            "id": 63348748,
            "node_id": "MDQ6VXNlcjYzMzQ4NzQ4",
            "avatar_url": "https://avatars.githubusercontent.com/u/63348748?v=4",
            "gravatar_id": "",
            "url": "https://api.github.com/users/hwan-sig",
            "html_url": "https://github.com/hwan-sig",
            "followers_url": "https://api.github.com/users/hwan-sig/followers",
            "following_url": "https://api.github.com/users/hwan-sig/following{/other_user}",
            "gists_url": "https://api.github.com/users/hwan-sig/gists{/gist_id}",
            "starred_url": "https://api.github.com/users/hwan-sig/starred{/owner}{/repo}",
            "subscriptions_url": "https://api.github.com/users/hwan-sig/subscriptions",
            "organizations_url": "https://api.github.com/users/hwan-sig/orgs",
            "repos_url": "https://api.github.com/users/hwan-sig/repos",
            "events_url": "https://api.github.com/users/hwan-sig/events{/privacy}",
            "received_events_url": "https://api.github.com/users/hwan-sig/received_events",
            "type": "User",
            "user_view_type": "public",
            "site_admin": false
        },
        "labels": [],
        "state": "closed",
        "locked": false,
        "assignee": null,
        "assignees": [],
        "milestone": null,
        "comments": 4,
        "created_at": "2025-01-21T05:51:24Z",
        "updated_at": "2025-02-05T04:33:44Z",
        "closed_at": "2025-02-05T04:33:43Z",
        "author_association": "NONE",
        "active_lock_reason": null,
        "sub_issues_summary": {
            "total": 0,
            "completed": 0,
            "percent_completed": 0
        },
        "body": "Hi,\n\nI read your paper on Personalized Federated Learning using Hypernetworks, where you argue that the hypernetwork constructs models with different structures for personalization. However, in the provided codebase, the hypernetwork seems to generate models with the same structure rather than different ones.\n\nCould you clarify how different model structures are generated in the implementation? Or is this aspect not reflected in the current code?\n\nThanks!\n\n<img width=\"780\" alt=\"Image\" src=\"https://github.com/user-attachments/assets/751ed0a7-3e1a-459b-aa96-dcd60480d52d\" />",
        "closed_by": {
            "login": "hwan-sig",
            "id": 63348748,
            "node_id": "MDQ6VXNlcjYzMzQ4NzQ4",
            "avatar_url": "https://avatars.githubusercontent.com/u/63348748?v=4",
            "gravatar_id": "",
            "url": "https://api.github.com/users/hwan-sig",
            "html_url": "https://github.com/hwan-sig",
            "followers_url": "https://api.github.com/users/hwan-sig/followers",
            "following_url": "https://api.github.com/users/hwan-sig/following{/other_user}",
            "gists_url": "https://api.github.com/users/hwan-sig/gists{/gist_id}",
            "starred_url": "https://api.github.com/users/hwan-sig/starred{/owner}{/repo}",
            "subscriptions_url": "https://api.github.com/users/hwan-sig/subscriptions",
            "organizations_url": "https://api.github.com/users/hwan-sig/orgs",
            "repos_url": "https://api.github.com/users/hwan-sig/repos",
            "events_url": "https://api.github.com/users/hwan-sig/events{/privacy}",
            "received_events_url": "https://api.github.com/users/hwan-sig/received_events",
            "type": "User",
            "user_view_type": "public",
            "site_admin": false
        },
        "reactions": {
            "url": "https://api.github.com/repos/AvivSham/pFedHN/issues/10/reactions",
            "total_count": 0,
            "+1": 0,
            "-1": 0,
            "laugh": 0,
            "hooray": 0,
            "confused": 0,
            "heart": 0,
            "rocket": 0,
            "eyes": 0
        },
        "timeline_url": "https://api.github.com/repos/AvivSham/pFedHN/issues/10/timeline",
        "performed_via_github_app": null,
        "state_reason": "completed"
    },
    {
        "url": "https://api.github.com/repos/AvivSham/pFedHN/issues/9",
        "repository_url": "https://api.github.com/repos/AvivSham/pFedHN",
        "labels_url": "https://api.github.com/repos/AvivSham/pFedHN/issues/9/labels{/name}",
        "comments_url": "https://api.github.com/repos/AvivSham/pFedHN/issues/9/comments",
        "events_url": "https://api.github.com/repos/AvivSham/pFedHN/issues/9/events",
        "html_url": "https://github.com/AvivSham/pFedHN/issues/9",
        "id": 1444833388,
        "node_id": "I_kwDOFBJh5c5WHmhs",
        "number": 9,
        "title": "The experiments about model size",
        "user": {
            "login": "Zi-YuanYang",
            "id": 98314461,
            "node_id": "U_kgDOBdwo3Q",
            "avatar_url": "https://avatars.githubusercontent.com/u/98314461?v=4",
            "gravatar_id": "",
            "url": "https://api.github.com/users/Zi-YuanYang",
            "html_url": "https://github.com/Zi-YuanYang",
            "followers_url": "https://api.github.com/users/Zi-YuanYang/followers",
            "following_url": "https://api.github.com/users/Zi-YuanYang/following{/other_user}",
            "gists_url": "https://api.github.com/users/Zi-YuanYang/gists{/gist_id}",
            "starred_url": "https://api.github.com/users/Zi-YuanYang/starred{/owner}{/repo}",
            "subscriptions_url": "https://api.github.com/users/Zi-YuanYang/subscriptions",
            "organizations_url": "https://api.github.com/users/Zi-YuanYang/orgs",
            "repos_url": "https://api.github.com/users/Zi-YuanYang/repos",
            "events_url": "https://api.github.com/users/Zi-YuanYang/events{/privacy}",
            "received_events_url": "https://api.github.com/users/Zi-YuanYang/received_events",
            "type": "User",
            "user_view_type": "public",
            "site_admin": false
        },
        "labels": [],
        "state": "closed",
        "locked": false,
        "assignee": null,
        "assignees": [],
        "milestone": null,
        "comments": 1,
        "created_at": "2022-11-11T02:31:14Z",
        "updated_at": "2022-11-12T14:23:34Z",
        "closed_at": "2022-11-12T14:23:34Z",
        "author_association": "NONE",
        "active_lock_reason": null,
        "sub_issues_summary": {
            "total": 0,
            "completed": 0,
            "percent_completed": 0
        },
        "body": "Hi,\r\n    I wanna test the results of model size under 75  nodes setting in CIFAR-100, but it \r\n```\r\n  assert (classes_per_user * num_users) % num_classes == 0, \"equal classes appearance is needed\"\r\nAssertionError: equal classes appearance is needed\r\n\r\n```\r\nIf I ignore this assert, it would appear another error:\r\n```\r\n    class_partitions['prob'].append([class_dict[i]['prob'].pop() for i in c])\r\nIndexError: pop from empty list\r\n```\r\n\r\nAnything is okay in other node number or in CIFAR-10. Could u plz tell me how to fix it, thx a lot.\r\n",
        "closed_by": {
            "login": "Zi-YuanYang",
            "id": 98314461,
            "node_id": "U_kgDOBdwo3Q",
            "avatar_url": "https://avatars.githubusercontent.com/u/98314461?v=4",
            "gravatar_id": "",
            "url": "https://api.github.com/users/Zi-YuanYang",
            "html_url": "https://github.com/Zi-YuanYang",
            "followers_url": "https://api.github.com/users/Zi-YuanYang/followers",
            "following_url": "https://api.github.com/users/Zi-YuanYang/following{/other_user}",
            "gists_url": "https://api.github.com/users/Zi-YuanYang/gists{/gist_id}",
            "starred_url": "https://api.github.com/users/Zi-YuanYang/starred{/owner}{/repo}",
            "subscriptions_url": "https://api.github.com/users/Zi-YuanYang/subscriptions",
            "organizations_url": "https://api.github.com/users/Zi-YuanYang/orgs",
            "repos_url": "https://api.github.com/users/Zi-YuanYang/repos",
            "events_url": "https://api.github.com/users/Zi-YuanYang/events{/privacy}",
            "received_events_url": "https://api.github.com/users/Zi-YuanYang/received_events",
            "type": "User",
            "user_view_type": "public",
            "site_admin": false
        },
        "reactions": {
            "url": "https://api.github.com/repos/AvivSham/pFedHN/issues/9/reactions",
            "total_count": 0,
            "+1": 0,
            "-1": 0,
            "laugh": 0,
            "hooray": 0,
            "confused": 0,
            "heart": 0,
            "rocket": 0,
            "eyes": 0
        },
        "timeline_url": "https://api.github.com/repos/AvivSham/pFedHN/issues/9/timeline",
        "performed_via_github_app": null,
        "state_reason": "completed"
    },
    {
        "url": "https://api.github.com/repos/AvivSham/pFedHN/issues/8",
        "repository_url": "https://api.github.com/repos/AvivSham/pFedHN",
        "labels_url": "https://api.github.com/repos/AvivSham/pFedHN/issues/8/labels{/name}",
        "comments_url": "https://api.github.com/repos/AvivSham/pFedHN/issues/8/comments",
        "events_url": "https://api.github.com/repos/AvivSham/pFedHN/issues/8/events",
        "html_url": "https://github.com/AvivSham/pFedHN/issues/8",
        "id": 1299544926,
        "node_id": "I_kwDOFBJh5c5NdXte",
        "number": 8,
        "title": "Generalization to Novel Clients",
        "user": {
            "login": "haolanut",
            "id": 44820096,
            "node_id": "MDQ6VXNlcjQ0ODIwMDk2",
            "avatar_url": "https://avatars.githubusercontent.com/u/44820096?v=4",
            "gravatar_id": "",
            "url": "https://api.github.com/users/haolanut",
            "html_url": "https://github.com/haolanut",
            "followers_url": "https://api.github.com/users/haolanut/followers",
            "following_url": "https://api.github.com/users/haolanut/following{/other_user}",
            "gists_url": "https://api.github.com/users/haolanut/gists{/gist_id}",
            "starred_url": "https://api.github.com/users/haolanut/starred{/owner}{/repo}",
            "subscriptions_url": "https://api.github.com/users/haolanut/subscriptions",
            "organizations_url": "https://api.github.com/users/haolanut/orgs",
            "repos_url": "https://api.github.com/users/haolanut/repos",
            "events_url": "https://api.github.com/users/haolanut/events{/privacy}",
            "received_events_url": "https://api.github.com/users/haolanut/received_events",
            "type": "User",
            "user_view_type": "public",
            "site_admin": false
        },
        "labels": [],
        "state": "closed",
        "locked": false,
        "assignee": null,
        "assignees": [],
        "milestone": null,
        "comments": 1,
        "created_at": "2022-07-09T01:59:12Z",
        "updated_at": "2022-11-12T17:56:27Z",
        "closed_at": "2022-11-12T17:56:27Z",
        "author_association": "NONE",
        "active_lock_reason": null,
        "sub_issues_summary": {
            "total": 0,
            "completed": 0,
            "percent_completed": 0
        },
        "body": "Hi,\r\n\r\nIn Section 5.3, you mentioned the generalization to novel clients. However, I didn't find the implementation of generalization in this git repo. Could you please provide the code or details for reproducing the result in Figure 2?\r\n\r\nThanks!",
        "closed_by": {
            "login": "AvivSham",
            "id": 43371254,
            "node_id": "MDQ6VXNlcjQzMzcxMjU0",
            "avatar_url": "https://avatars.githubusercontent.com/u/43371254?v=4",
            "gravatar_id": "",
            "url": "https://api.github.com/users/AvivSham",
            "html_url": "https://github.com/AvivSham",
            "followers_url": "https://api.github.com/users/AvivSham/followers",
            "following_url": "https://api.github.com/users/AvivSham/following{/other_user}",
            "gists_url": "https://api.github.com/users/AvivSham/gists{/gist_id}",
            "starred_url": "https://api.github.com/users/AvivSham/starred{/owner}{/repo}",
            "subscriptions_url": "https://api.github.com/users/AvivSham/subscriptions",
            "organizations_url": "https://api.github.com/users/AvivSham/orgs",
            "repos_url": "https://api.github.com/users/AvivSham/repos",
            "events_url": "https://api.github.com/users/AvivSham/events{/privacy}",
            "received_events_url": "https://api.github.com/users/AvivSham/received_events",
            "type": "User",
            "user_view_type": "public",
            "site_admin": false
        },
        "reactions": {
            "url": "https://api.github.com/repos/AvivSham/pFedHN/issues/8/reactions",
            "total_count": 0,
            "+1": 0,
            "-1": 0,
            "laugh": 0,
            "hooray": 0,
            "confused": 0,
            "heart": 0,
            "rocket": 0,
            "eyes": 0
        },
        "timeline_url": "https://api.github.com/repos/AvivSham/pFedHN/issues/8/timeline",
        "performed_via_github_app": null,
        "state_reason": "completed"
    },
    {
        "url": "https://api.github.com/repos/AvivSham/pFedHN/issues/7",
        "repository_url": "https://api.github.com/repos/AvivSham/pFedHN",
        "labels_url": "https://api.github.com/repos/AvivSham/pFedHN/issues/7/labels{/name}",
        "comments_url": "https://api.github.com/repos/AvivSham/pFedHN/issues/7/comments",
        "events_url": "https://api.github.com/repos/AvivSham/pFedHN/issues/7/events",
        "html_url": "https://github.com/AvivSham/pFedHN/issues/7",
        "id": 1166328287,
        "node_id": "I_kwDOFBJh5c5FhMHf",
        "number": 7,
        "title": "About some parameters?",
        "user": {
            "login": "aaa1999",
            "id": 49224989,
            "node_id": "MDQ6VXNlcjQ5MjI0OTg5",
            "avatar_url": "https://avatars.githubusercontent.com/u/49224989?v=4",
            "gravatar_id": "",
            "url": "https://api.github.com/users/aaa1999",
            "html_url": "https://github.com/aaa1999",
            "followers_url": "https://api.github.com/users/aaa1999/followers",
            "following_url": "https://api.github.com/users/aaa1999/following{/other_user}",
            "gists_url": "https://api.github.com/users/aaa1999/gists{/gist_id}",
            "starred_url": "https://api.github.com/users/aaa1999/starred{/owner}{/repo}",
            "subscriptions_url": "https://api.github.com/users/aaa1999/subscriptions",
            "organizations_url": "https://api.github.com/users/aaa1999/orgs",
            "repos_url": "https://api.github.com/users/aaa1999/repos",
            "events_url": "https://api.github.com/users/aaa1999/events{/privacy}",
            "received_events_url": "https://api.github.com/users/aaa1999/received_events",
            "type": "User",
            "user_view_type": "public",
            "site_admin": false
        },
        "labels": [],
        "state": "closed",
        "locked": false,
        "assignee": null,
        "assignees": [],
        "milestone": null,
        "comments": 4,
        "created_at": "2022-03-11T11:51:09Z",
        "updated_at": "2022-03-17T11:48:05Z",
        "closed_at": "2022-03-17T11:48:05Z",
        "author_association": "NONE",
        "active_lock_reason": null,
        "sub_issues_summary": {
            "total": 0,
            "completed": 0,
            "percent_completed": 0
        },
        "body": "Please,I read the sources some times.But,How is an epoch counted? The eval_every parameter is the epoch?I am the new to pFedHN.Please,thank you.",
        "closed_by": {
            "login": "aaa1999",
            "id": 49224989,
            "node_id": "MDQ6VXNlcjQ5MjI0OTg5",
            "avatar_url": "https://avatars.githubusercontent.com/u/49224989?v=4",
            "gravatar_id": "",
            "url": "https://api.github.com/users/aaa1999",
            "html_url": "https://github.com/aaa1999",
            "followers_url": "https://api.github.com/users/aaa1999/followers",
            "following_url": "https://api.github.com/users/aaa1999/following{/other_user}",
            "gists_url": "https://api.github.com/users/aaa1999/gists{/gist_id}",
            "starred_url": "https://api.github.com/users/aaa1999/starred{/owner}{/repo}",
            "subscriptions_url": "https://api.github.com/users/aaa1999/subscriptions",
            "organizations_url": "https://api.github.com/users/aaa1999/orgs",
            "repos_url": "https://api.github.com/users/aaa1999/repos",
            "events_url": "https://api.github.com/users/aaa1999/events{/privacy}",
            "received_events_url": "https://api.github.com/users/aaa1999/received_events",
            "type": "User",
            "user_view_type": "public",
            "site_admin": false
        },
        "reactions": {
            "url": "https://api.github.com/repos/AvivSham/pFedHN/issues/7/reactions",
            "total_count": 0,
            "+1": 0,
            "-1": 0,
            "laugh": 0,
            "hooray": 0,
            "confused": 0,
            "heart": 0,
            "rocket": 0,
            "eyes": 0
        },
        "timeline_url": "https://api.github.com/repos/AvivSham/pFedHN/issues/7/timeline",
        "performed_via_github_app": null,
        "state_reason": "completed"
    },
    {
        "url": "https://api.github.com/repos/AvivSham/pFedHN/issues/6",
        "repository_url": "https://api.github.com/repos/AvivSham/pFedHN",
        "labels_url": "https://api.github.com/repos/AvivSham/pFedHN/issues/6/labels{/name}",
        "comments_url": "https://api.github.com/repos/AvivSham/pFedHN/issues/6/comments",
        "events_url": "https://api.github.com/repos/AvivSham/pFedHN/issues/6/events",
        "html_url": "https://github.com/AvivSham/pFedHN/issues/6",
        "id": 1070643782,
        "node_id": "I_kwDOFBJh5c4_0LpG",
        "number": 6,
        "title": "v-i update",
        "user": {
            "login": "PhungLai728",
            "id": 43160052,
            "node_id": "MDQ6VXNlcjQzMTYwMDUy",
            "avatar_url": "https://avatars.githubusercontent.com/u/43160052?v=4",
            "gravatar_id": "",
            "url": "https://api.github.com/users/PhungLai728",
            "html_url": "https://github.com/PhungLai728",
            "followers_url": "https://api.github.com/users/PhungLai728/followers",
            "following_url": "https://api.github.com/users/PhungLai728/following{/other_user}",
            "gists_url": "https://api.github.com/users/PhungLai728/gists{/gist_id}",
            "starred_url": "https://api.github.com/users/PhungLai728/starred{/owner}{/repo}",
            "subscriptions_url": "https://api.github.com/users/PhungLai728/subscriptions",
            "organizations_url": "https://api.github.com/users/PhungLai728/orgs",
            "repos_url": "https://api.github.com/users/PhungLai728/repos",
            "events_url": "https://api.github.com/users/PhungLai728/events{/privacy}",
            "received_events_url": "https://api.github.com/users/PhungLai728/received_events",
            "type": "User",
            "user_view_type": "public",
            "site_admin": false
        },
        "labels": [],
        "state": "closed",
        "locked": false,
        "assignee": null,
        "assignees": [],
        "milestone": null,
        "comments": 2,
        "created_at": "2021-12-03T14:24:48Z",
        "updated_at": "2021-12-06T14:23:14Z",
        "closed_at": "2021-12-06T14:23:14Z",
        "author_association": "NONE",
        "active_lock_reason": null,
        "sub_issues_summary": {
            "total": 0,
            "completed": 0,
            "percent_completed": 0
        },
        "body": "Dear authors, \r\n\r\nWhen I look closer to Alg 1 and the code, I concern about updating v_i.\r\n\r\nAs I tested, if I use num_nodes =50, then the emb size is [50,13] and if I use  num_nodes =75, then the emb size is [75,19]. It means that if at each iteration, you use one client to update the model, so only one row of the emb will be updated. I also checked the gradient, it is correct with what I understand (only 1 row of the grad has values not 0, and all other rows are 0). \r\n\r\nHowever, in the optimizer, you use SGD with momentum=0.9. In that case, it does update other rows of the emb, not only at the selected client. This is different from the update rule that you have in Alg 1. If I use SGD without momentum, it only updates 1 row as expected (as the same as Alg 1). \r\n\r\nDo you have any reason or insights in this case? Why you use 1 client, but update all embedding of all clients in your experiments, which is different from Alg.1?",
        "closed_by": {
            "login": "PhungLai728",
            "id": 43160052,
            "node_id": "MDQ6VXNlcjQzMTYwMDUy",
            "avatar_url": "https://avatars.githubusercontent.com/u/43160052?v=4",
            "gravatar_id": "",
            "url": "https://api.github.com/users/PhungLai728",
            "html_url": "https://github.com/PhungLai728",
            "followers_url": "https://api.github.com/users/PhungLai728/followers",
            "following_url": "https://api.github.com/users/PhungLai728/following{/other_user}",
            "gists_url": "https://api.github.com/users/PhungLai728/gists{/gist_id}",
            "starred_url": "https://api.github.com/users/PhungLai728/starred{/owner}{/repo}",
            "subscriptions_url": "https://api.github.com/users/PhungLai728/subscriptions",
            "organizations_url": "https://api.github.com/users/PhungLai728/orgs",
            "repos_url": "https://api.github.com/users/PhungLai728/repos",
            "events_url": "https://api.github.com/users/PhungLai728/events{/privacy}",
            "received_events_url": "https://api.github.com/users/PhungLai728/received_events",
            "type": "User",
            "user_view_type": "public",
            "site_admin": false
        },
        "reactions": {
            "url": "https://api.github.com/repos/AvivSham/pFedHN/issues/6/reactions",
            "total_count": 0,
            "+1": 0,
            "-1": 0,
            "laugh": 0,
            "hooray": 0,
            "confused": 0,
            "heart": 0,
            "rocket": 0,
            "eyes": 0
        },
        "timeline_url": "https://api.github.com/repos/AvivSham/pFedHN/issues/6/timeline",
        "performed_via_github_app": null,
        "state_reason": "completed"
    },
    {
        "url": "https://api.github.com/repos/AvivSham/pFedHN/issues/5",
        "repository_url": "https://api.github.com/repos/AvivSham/pFedHN",
        "labels_url": "https://api.github.com/repos/AvivSham/pFedHN/issues/5/labels{/name}",
        "comments_url": "https://api.github.com/repos/AvivSham/pFedHN/issues/5/comments",
        "events_url": "https://api.github.com/repos/AvivSham/pFedHN/issues/5/events",
        "html_url": "https://github.com/AvivSham/pFedHN/issues/5",
        "id": 1069857821,
        "node_id": "I_kwDOFBJh5c4_xLwd",
        "number": 5,
        "title": "how to update v_i",
        "user": {
            "login": "PhungLai728",
            "id": 43160052,
            "node_id": "MDQ6VXNlcjQzMTYwMDUy",
            "avatar_url": "https://avatars.githubusercontent.com/u/43160052?v=4",
            "gravatar_id": "",
            "url": "https://api.github.com/users/PhungLai728",
            "html_url": "https://github.com/PhungLai728",
            "followers_url": "https://api.github.com/users/PhungLai728/followers",
            "following_url": "https://api.github.com/users/PhungLai728/following{/other_user}",
            "gists_url": "https://api.github.com/users/PhungLai728/gists{/gist_id}",
            "starred_url": "https://api.github.com/users/PhungLai728/starred{/owner}{/repo}",
            "subscriptions_url": "https://api.github.com/users/PhungLai728/subscriptions",
            "organizations_url": "https://api.github.com/users/PhungLai728/orgs",
            "repos_url": "https://api.github.com/users/PhungLai728/repos",
            "events_url": "https://api.github.com/users/PhungLai728/events{/privacy}",
            "received_events_url": "https://api.github.com/users/PhungLai728/received_events",
            "type": "User",
            "user_view_type": "public",
            "site_admin": false
        },
        "labels": [],
        "state": "closed",
        "locked": false,
        "assignee": null,
        "assignees": [],
        "milestone": null,
        "comments": 6,
        "created_at": "2021-12-02T18:27:06Z",
        "updated_at": "2024-05-08T15:04:44Z",
        "closed_at": "2021-12-02T20:35:17Z",
        "author_association": "NONE",
        "active_lock_reason": null,
        "sub_issues_summary": {
            "total": 0,
            "completed": 0,
            "percent_completed": 0
        },
        "body": "Dear authors,\r\n\r\nIt is unclear to me where in your code, you update v_i as in line 11 of Algorithm 1 in your paper (Personalized Federated Learning using Hypernetworks). \r\n\r\nIn your code (main/experiments/pfedhn/trainer.py), you compute hnet_grads (line 172 in trainer.py), which is \\delta_phi \\theta^T \\delta \\theta, used to update \\phi in line 10 of Alg 1. Then you assign values of hnet_grads to update hnet weights (line 177 in trainer.py), which include v_i update. In this case, it seems to me that, you update v_i as follows:\r\n\r\nv_i = v_i - alpha \\delta_phi \\theta^T \\delta \\theta.\r\n\r\nI do not see how you have the components of \\delta_vi \\phi^T as in line 11 of Alg 1 in the paper.\r\n\r\nCould you please explain the v_i update?\r\n\r\nThanks a lot!",
        "closed_by": {
            "login": "PhungLai728",
            "id": 43160052,
            "node_id": "MDQ6VXNlcjQzMTYwMDUy",
            "avatar_url": "https://avatars.githubusercontent.com/u/43160052?v=4",
            "gravatar_id": "",
            "url": "https://api.github.com/users/PhungLai728",
            "html_url": "https://github.com/PhungLai728",
            "followers_url": "https://api.github.com/users/PhungLai728/followers",
            "following_url": "https://api.github.com/users/PhungLai728/following{/other_user}",
            "gists_url": "https://api.github.com/users/PhungLai728/gists{/gist_id}",
            "starred_url": "https://api.github.com/users/PhungLai728/starred{/owner}{/repo}",
            "subscriptions_url": "https://api.github.com/users/PhungLai728/subscriptions",
            "organizations_url": "https://api.github.com/users/PhungLai728/orgs",
            "repos_url": "https://api.github.com/users/PhungLai728/repos",
            "events_url": "https://api.github.com/users/PhungLai728/events{/privacy}",
            "received_events_url": "https://api.github.com/users/PhungLai728/received_events",
            "type": "User",
            "user_view_type": "public",
            "site_admin": false
        },
        "reactions": {
            "url": "https://api.github.com/repos/AvivSham/pFedHN/issues/5/reactions",
            "total_count": 0,
            "+1": 0,
            "-1": 0,
            "laugh": 0,
            "hooray": 0,
            "confused": 0,
            "heart": 0,
            "rocket": 0,
            "eyes": 0
        },
        "timeline_url": "https://api.github.com/repos/AvivSham/pFedHN/issues/5/timeline",
        "performed_via_github_app": null,
        "state_reason": "completed"
    },
    {
        "url": "https://api.github.com/repos/AvivSham/pFedHN/issues/4",
        "repository_url": "https://api.github.com/repos/AvivSham/pFedHN",
        "labels_url": "https://api.github.com/repos/AvivSham/pFedHN/issues/4/labels{/name}",
        "comments_url": "https://api.github.com/repos/AvivSham/pFedHN/issues/4/comments",
        "events_url": "https://api.github.com/repos/AvivSham/pFedHN/issues/4/events",
        "html_url": "https://github.com/AvivSham/pFedHN/issues/4",
        "id": 1040712632,
        "node_id": "I_kwDOFBJh5c4-CAO4",
        "number": 4,
        "title": "Question about gradient calculation",
        "user": {
            "login": "ThinhOn",
            "id": 49856971,
            "node_id": "MDQ6VXNlcjQ5ODU2OTcx",
            "avatar_url": "https://avatars.githubusercontent.com/u/49856971?v=4",
            "gravatar_id": "",
            "url": "https://api.github.com/users/ThinhOn",
            "html_url": "https://github.com/ThinhOn",
            "followers_url": "https://api.github.com/users/ThinhOn/followers",
            "following_url": "https://api.github.com/users/ThinhOn/following{/other_user}",
            "gists_url": "https://api.github.com/users/ThinhOn/gists{/gist_id}",
            "starred_url": "https://api.github.com/users/ThinhOn/starred{/owner}{/repo}",
            "subscriptions_url": "https://api.github.com/users/ThinhOn/subscriptions",
            "organizations_url": "https://api.github.com/users/ThinhOn/orgs",
            "repos_url": "https://api.github.com/users/ThinhOn/repos",
            "events_url": "https://api.github.com/users/ThinhOn/events{/privacy}",
            "received_events_url": "https://api.github.com/users/ThinhOn/received_events",
            "type": "User",
            "user_view_type": "public",
            "site_admin": false
        },
        "labels": [],
        "state": "closed",
        "locked": false,
        "assignee": null,
        "assignees": [],
        "milestone": null,
        "comments": 0,
        "created_at": "2021-11-01T03:14:03Z",
        "updated_at": "2021-11-01T12:55:26Z",
        "closed_at": "2021-11-01T12:55:26Z",
        "author_association": "NONE",
        "active_lock_reason": null,
        "sub_issues_summary": {
            "total": 0,
            "completed": 0,
            "percent_completed": 0
        },
        "body": "the",
        "closed_by": {
            "login": "ThinhOn",
            "id": 49856971,
            "node_id": "MDQ6VXNlcjQ5ODU2OTcx",
            "avatar_url": "https://avatars.githubusercontent.com/u/49856971?v=4",
            "gravatar_id": "",
            "url": "https://api.github.com/users/ThinhOn",
            "html_url": "https://github.com/ThinhOn",
            "followers_url": "https://api.github.com/users/ThinhOn/followers",
            "following_url": "https://api.github.com/users/ThinhOn/following{/other_user}",
            "gists_url": "https://api.github.com/users/ThinhOn/gists{/gist_id}",
            "starred_url": "https://api.github.com/users/ThinhOn/starred{/owner}{/repo}",
            "subscriptions_url": "https://api.github.com/users/ThinhOn/subscriptions",
            "organizations_url": "https://api.github.com/users/ThinhOn/orgs",
            "repos_url": "https://api.github.com/users/ThinhOn/repos",
            "events_url": "https://api.github.com/users/ThinhOn/events{/privacy}",
            "received_events_url": "https://api.github.com/users/ThinhOn/received_events",
            "type": "User",
            "user_view_type": "public",
            "site_admin": false
        },
        "reactions": {
            "url": "https://api.github.com/repos/AvivSham/pFedHN/issues/4/reactions",
            "total_count": 0,
            "+1": 0,
            "-1": 0,
            "laugh": 0,
            "hooray": 0,
            "confused": 0,
            "heart": 0,
            "rocket": 0,
            "eyes": 0
        },
        "timeline_url": "https://api.github.com/repos/AvivSham/pFedHN/issues/4/timeline",
        "performed_via_github_app": null,
        "state_reason": "completed"
    },
    {
        "url": "https://api.github.com/repos/AvivSham/pFedHN/issues/3",
        "repository_url": "https://api.github.com/repos/AvivSham/pFedHN",
        "labels_url": "https://api.github.com/repos/AvivSham/pFedHN/issues/3/labels{/name}",
        "comments_url": "https://api.github.com/repos/AvivSham/pFedHN/issues/3/comments",
        "events_url": "https://api.github.com/repos/AvivSham/pFedHN/issues/3/events",
        "html_url": "https://github.com/AvivSham/pFedHN/issues/3",
        "id": 1040702563,
        "node_id": "I_kwDOFBJh5c4-B9xj",
        "number": 3,
        "title": "Algorithm question",
        "user": {
            "login": "ThinhOn",
            "id": 49856971,
            "node_id": "MDQ6VXNlcjQ5ODU2OTcx",
            "avatar_url": "https://avatars.githubusercontent.com/u/49856971?v=4",
            "gravatar_id": "",
            "url": "https://api.github.com/users/ThinhOn",
            "html_url": "https://github.com/ThinhOn",
            "followers_url": "https://api.github.com/users/ThinhOn/followers",
            "following_url": "https://api.github.com/users/ThinhOn/following{/other_user}",
            "gists_url": "https://api.github.com/users/ThinhOn/gists{/gist_id}",
            "starred_url": "https://api.github.com/users/ThinhOn/starred{/owner}{/repo}",
            "subscriptions_url": "https://api.github.com/users/ThinhOn/subscriptions",
            "organizations_url": "https://api.github.com/users/ThinhOn/orgs",
            "repos_url": "https://api.github.com/users/ThinhOn/repos",
            "events_url": "https://api.github.com/users/ThinhOn/events{/privacy}",
            "received_events_url": "https://api.github.com/users/ThinhOn/received_events",
            "type": "User",
            "user_view_type": "public",
            "site_admin": false
        },
        "labels": [],
        "state": "closed",
        "locked": false,
        "assignee": null,
        "assignees": [],
        "milestone": null,
        "comments": 2,
        "created_at": "2021-11-01T03:02:01Z",
        "updated_at": "2021-11-01T12:56:14Z",
        "closed_at": "2021-11-01T12:56:14Z",
        "author_association": "NONE",
        "active_lock_reason": null,
        "sub_issues_summary": {
            "total": 0,
            "completed": 0,
            "percent_completed": 0
        },
        "body": "Thank you for sharing the source code, it is extremely useful and straightforward. This paper will be one of the main references for my future work. \r\n\r\nI have one question regarding the algorithm: is there any specific reason for choosing only one user per iteration? I guess one reason is to reduce the computational cost, I would appreciate if you could share your thoughts on my question.\r\n\r\nThank you very much for your time. Please stay safe during this time!",
        "closed_by": {
            "login": "ThinhOn",
            "id": 49856971,
            "node_id": "MDQ6VXNlcjQ5ODU2OTcx",
            "avatar_url": "https://avatars.githubusercontent.com/u/49856971?v=4",
            "gravatar_id": "",
            "url": "https://api.github.com/users/ThinhOn",
            "html_url": "https://github.com/ThinhOn",
            "followers_url": "https://api.github.com/users/ThinhOn/followers",
            "following_url": "https://api.github.com/users/ThinhOn/following{/other_user}",
            "gists_url": "https://api.github.com/users/ThinhOn/gists{/gist_id}",
            "starred_url": "https://api.github.com/users/ThinhOn/starred{/owner}{/repo}",
            "subscriptions_url": "https://api.github.com/users/ThinhOn/subscriptions",
            "organizations_url": "https://api.github.com/users/ThinhOn/orgs",
            "repos_url": "https://api.github.com/users/ThinhOn/repos",
            "events_url": "https://api.github.com/users/ThinhOn/events{/privacy}",
            "received_events_url": "https://api.github.com/users/ThinhOn/received_events",
            "type": "User",
            "user_view_type": "public",
            "site_admin": false
        },
        "reactions": {
            "url": "https://api.github.com/repos/AvivSham/pFedHN/issues/3/reactions",
            "total_count": 0,
            "+1": 0,
            "-1": 0,
            "laugh": 0,
            "hooray": 0,
            "confused": 0,
            "heart": 0,
            "rocket": 0,
            "eyes": 0
        },
        "timeline_url": "https://api.github.com/repos/AvivSham/pFedHN/issues/3/timeline",
        "performed_via_github_app": null,
        "state_reason": "completed"
    },
    {
        "url": "https://api.github.com/repos/AvivSham/pFedHN/issues/2",
        "repository_url": "https://api.github.com/repos/AvivSham/pFedHN",
        "labels_url": "https://api.github.com/repos/AvivSham/pFedHN/issues/2/labels{/name}",
        "comments_url": "https://api.github.com/repos/AvivSham/pFedHN/issues/2/comments",
        "events_url": "https://api.github.com/repos/AvivSham/pFedHN/issues/2/events",
        "html_url": "https://github.com/AvivSham/pFedHN/issues/2",
        "id": 930591325,
        "node_id": "MDU6SXNzdWU5MzA1OTEzMjU=",
        "number": 2,
        "title": "where is the code for part of Computational Budget ? ",
        "user": {
            "login": "chenslcool",
            "id": 40563358,
            "node_id": "MDQ6VXNlcjQwNTYzMzU4",
            "avatar_url": "https://avatars.githubusercontent.com/u/40563358?v=4",
            "gravatar_id": "",
            "url": "https://api.github.com/users/chenslcool",
            "html_url": "https://github.com/chenslcool",
            "followers_url": "https://api.github.com/users/chenslcool/followers",
            "following_url": "https://api.github.com/users/chenslcool/following{/other_user}",
            "gists_url": "https://api.github.com/users/chenslcool/gists{/gist_id}",
            "starred_url": "https://api.github.com/users/chenslcool/starred{/owner}{/repo}",
            "subscriptions_url": "https://api.github.com/users/chenslcool/subscriptions",
            "organizations_url": "https://api.github.com/users/chenslcool/orgs",
            "repos_url": "https://api.github.com/users/chenslcool/repos",
            "events_url": "https://api.github.com/users/chenslcool/events{/privacy}",
            "received_events_url": "https://api.github.com/users/chenslcool/received_events",
            "type": "User",
            "user_view_type": "public",
            "site_admin": false
        },
        "labels": [],
        "state": "closed",
        "locked": false,
        "assignee": null,
        "assignees": [],
        "milestone": null,
        "comments": 2,
        "created_at": "2021-06-26T01:53:04Z",
        "updated_at": "2021-07-01T13:43:21Z",
        "closed_at": "2021-07-01T13:43:21Z",
        "author_association": "NONE",
        "active_lock_reason": null,
        "sub_issues_summary": {
            "total": 0,
            "completed": 0,
            "percent_completed": 0
        },
        "body": "In  your paper 5.2 and table 2, clients with different hardware capacity can use different model architectures.\r\nI wonder how you implement it using pFedHN.\r\nNice job, thanks!",
        "closed_by": {
            "login": "chenslcool",
            "id": 40563358,
            "node_id": "MDQ6VXNlcjQwNTYzMzU4",
            "avatar_url": "https://avatars.githubusercontent.com/u/40563358?v=4",
            "gravatar_id": "",
            "url": "https://api.github.com/users/chenslcool",
            "html_url": "https://github.com/chenslcool",
            "followers_url": "https://api.github.com/users/chenslcool/followers",
            "following_url": "https://api.github.com/users/chenslcool/following{/other_user}",
            "gists_url": "https://api.github.com/users/chenslcool/gists{/gist_id}",
            "starred_url": "https://api.github.com/users/chenslcool/starred{/owner}{/repo}",
            "subscriptions_url": "https://api.github.com/users/chenslcool/subscriptions",
            "organizations_url": "https://api.github.com/users/chenslcool/orgs",
            "repos_url": "https://api.github.com/users/chenslcool/repos",
            "events_url": "https://api.github.com/users/chenslcool/events{/privacy}",
            "received_events_url": "https://api.github.com/users/chenslcool/received_events",
            "type": "User",
            "user_view_type": "public",
            "site_admin": false
        },
        "reactions": {
            "url": "https://api.github.com/repos/AvivSham/pFedHN/issues/2/reactions",
            "total_count": 0,
            "+1": 0,
            "-1": 0,
            "laugh": 0,
            "hooray": 0,
            "confused": 0,
            "heart": 0,
            "rocket": 0,
            "eyes": 0
        },
        "timeline_url": "https://api.github.com/repos/AvivSham/pFedHN/issues/2/timeline",
        "performed_via_github_app": null,
        "state_reason": "completed"
    },
    {
        "url": "https://api.github.com/repos/AvivSham/pFedHN/issues/1",
        "repository_url": "https://api.github.com/repos/AvivSham/pFedHN",
        "labels_url": "https://api.github.com/repos/AvivSham/pFedHN/issues/1/labels{/name}",
        "comments_url": "https://api.github.com/repos/AvivSham/pFedHN/issues/1/comments",
        "events_url": "https://api.github.com/repos/AvivSham/pFedHN/issues/1/events",
        "html_url": "https://github.com/AvivSham/pFedHN/issues/1",
        "id": 877460086,
        "node_id": "MDU6SXNzdWU4Nzc0NjAwODY=",
        "number": 1,
        "title": "Omniglot is missing",
        "user": {
            "login": "sotirisnik",
            "id": 2714488,
            "node_id": "MDQ6VXNlcjI3MTQ0ODg=",
            "avatar_url": "https://avatars.githubusercontent.com/u/2714488?v=4",
            "gravatar_id": "",
            "url": "https://api.github.com/users/sotirisnik",
            "html_url": "https://github.com/sotirisnik",
            "followers_url": "https://api.github.com/users/sotirisnik/followers",
            "following_url": "https://api.github.com/users/sotirisnik/following{/other_user}",
            "gists_url": "https://api.github.com/users/sotirisnik/gists{/gist_id}",
            "starred_url": "https://api.github.com/users/sotirisnik/starred{/owner}{/repo}",
            "subscriptions_url": "https://api.github.com/users/sotirisnik/subscriptions",
            "organizations_url": "https://api.github.com/users/sotirisnik/orgs",
            "repos_url": "https://api.github.com/users/sotirisnik/repos",
            "events_url": "https://api.github.com/users/sotirisnik/events{/privacy}",
            "received_events_url": "https://api.github.com/users/sotirisnik/received_events",
            "type": "User",
            "user_view_type": "public",
            "site_admin": false
        },
        "labels": [],
        "state": "closed",
        "locked": false,
        "assignee": null,
        "assignees": [],
        "milestone": null,
        "comments": 1,
        "created_at": "2021-05-06T12:47:12Z",
        "updated_at": "2021-05-11T10:41:24Z",
        "closed_at": "2021-05-11T10:41:24Z",
        "author_association": "NONE",
        "active_lock_reason": null,
        "sub_issues_summary": {
            "total": 0,
            "completed": 0,
            "percent_completed": 0
        },
        "body": "Could you provide omniglot's neural network architecture?\r\nThank you",
        "closed_by": {
            "login": "AvivSham",
            "id": 43371254,
            "node_id": "MDQ6VXNlcjQzMzcxMjU0",
            "avatar_url": "https://avatars.githubusercontent.com/u/43371254?v=4",
            "gravatar_id": "",
            "url": "https://api.github.com/users/AvivSham",
            "html_url": "https://github.com/AvivSham",
            "followers_url": "https://api.github.com/users/AvivSham/followers",
            "following_url": "https://api.github.com/users/AvivSham/following{/other_user}",
            "gists_url": "https://api.github.com/users/AvivSham/gists{/gist_id}",
            "starred_url": "https://api.github.com/users/AvivSham/starred{/owner}{/repo}",
            "subscriptions_url": "https://api.github.com/users/AvivSham/subscriptions",
            "organizations_url": "https://api.github.com/users/AvivSham/orgs",
            "repos_url": "https://api.github.com/users/AvivSham/repos",
            "events_url": "https://api.github.com/users/AvivSham/events{/privacy}",
            "received_events_url": "https://api.github.com/users/AvivSham/received_events",
            "type": "User",
            "user_view_type": "public",
            "site_admin": false
        },
        "reactions": {
            "url": "https://api.github.com/repos/AvivSham/pFedHN/issues/1/reactions",
            "total_count": 0,
            "+1": 0,
            "-1": 0,
            "laugh": 0,
            "hooray": 0,
            "confused": 0,
            "heart": 0,
            "rocket": 0,
            "eyes": 0
        },
        "timeline_url": "https://api.github.com/repos/AvivSham/pFedHN/issues/1/timeline",
        "performed_via_github_app": null,
        "state_reason": "completed"
    }
]