[
    {
        "url": "https://api.github.com/repos/chaoyanghe/Awesome-Federated-Learning/issues/6",
        "repository_url": "https://api.github.com/repos/chaoyanghe/Awesome-Federated-Learning",
        "labels_url": "https://api.github.com/repos/chaoyanghe/Awesome-Federated-Learning/issues/6/labels{/name}",
        "comments_url": "https://api.github.com/repos/chaoyanghe/Awesome-Federated-Learning/issues/6/comments",
        "events_url": "https://api.github.com/repos/chaoyanghe/Awesome-Federated-Learning/issues/6/events",
        "html_url": "https://github.com/chaoyanghe/Awesome-Federated-Learning/issues/6",
        "id": 825461216,
        "node_id": "MDU6SXNzdWU4MjU0NjEyMTY=",
        "number": 6,
        "title": "\u697c\u4e3b\u600e\u4e48\u4e0d\u66f4\u4e86",
        "user": {
            "login": "Strive-for-excellence",
            "id": 26090323,
            "node_id": "MDQ6VXNlcjI2MDkwMzIz",
            "avatar_url": "https://avatars.githubusercontent.com/u/26090323?v=4",
            "gravatar_id": "",
            "url": "https://api.github.com/users/Strive-for-excellence",
            "html_url": "https://github.com/Strive-for-excellence",
            "followers_url": "https://api.github.com/users/Strive-for-excellence/followers",
            "following_url": "https://api.github.com/users/Strive-for-excellence/following{/other_user}",
            "gists_url": "https://api.github.com/users/Strive-for-excellence/gists{/gist_id}",
            "starred_url": "https://api.github.com/users/Strive-for-excellence/starred{/owner}{/repo}",
            "subscriptions_url": "https://api.github.com/users/Strive-for-excellence/subscriptions",
            "organizations_url": "https://api.github.com/users/Strive-for-excellence/orgs",
            "repos_url": "https://api.github.com/users/Strive-for-excellence/repos",
            "events_url": "https://api.github.com/users/Strive-for-excellence/events{/privacy}",
            "received_events_url": "https://api.github.com/users/Strive-for-excellence/received_events",
            "type": "User",
            "user_view_type": "public",
            "site_admin": false
        },
        "labels": [],
        "state": "closed",
        "locked": false,
        "assignee": null,
        "assignees": [],
        "milestone": null,
        "comments": 0,
        "created_at": "2021-03-09T07:41:39Z",
        "updated_at": "2021-10-21T11:25:22Z",
        "closed_at": "2021-10-21T11:25:22Z",
        "author_association": "NONE",
        "active_lock_reason": null,
        "sub_issues_summary": {
            "total": 0,
            "completed": 0,
            "percent_completed": 0
        },
        "body": "\u697c\u4e3b\u90fd\u505c\u66f4\u597d\u51e0\u4e2a\u6708\u4e86\uff0c\u4ec0\u4e48\u65f6\u5019\u6062\u590d\u66f4\u65b0\u554a\uff0c\u611f\u8c22\u697c\u4e3b\u7684\u8d21\u732e\uff01",
        "closed_by": {
            "login": "emirceyani",
            "id": 9771428,
            "node_id": "MDQ6VXNlcjk3NzE0Mjg=",
            "avatar_url": "https://avatars.githubusercontent.com/u/9771428?v=4",
            "gravatar_id": "",
            "url": "https://api.github.com/users/emirceyani",
            "html_url": "https://github.com/emirceyani",
            "followers_url": "https://api.github.com/users/emirceyani/followers",
            "following_url": "https://api.github.com/users/emirceyani/following{/other_user}",
            "gists_url": "https://api.github.com/users/emirceyani/gists{/gist_id}",
            "starred_url": "https://api.github.com/users/emirceyani/starred{/owner}{/repo}",
            "subscriptions_url": "https://api.github.com/users/emirceyani/subscriptions",
            "organizations_url": "https://api.github.com/users/emirceyani/orgs",
            "repos_url": "https://api.github.com/users/emirceyani/repos",
            "events_url": "https://api.github.com/users/emirceyani/events{/privacy}",
            "received_events_url": "https://api.github.com/users/emirceyani/received_events",
            "type": "User",
            "user_view_type": "public",
            "site_admin": false
        },
        "reactions": {
            "url": "https://api.github.com/repos/chaoyanghe/Awesome-Federated-Learning/issues/6/reactions",
            "total_count": 0,
            "+1": 0,
            "-1": 0,
            "laugh": 0,
            "hooray": 0,
            "confused": 0,
            "heart": 0,
            "rocket": 0,
            "eyes": 0
        },
        "timeline_url": "https://api.github.com/repos/chaoyanghe/Awesome-Federated-Learning/issues/6/timeline",
        "performed_via_github_app": null,
        "state_reason": "completed"
    },
    {
        "url": "https://api.github.com/repos/chaoyanghe/Awesome-Federated-Learning/issues/4",
        "repository_url": "https://api.github.com/repos/chaoyanghe/Awesome-Federated-Learning",
        "labels_url": "https://api.github.com/repos/chaoyanghe/Awesome-Federated-Learning/issues/4/labels{/name}",
        "comments_url": "https://api.github.com/repos/chaoyanghe/Awesome-Federated-Learning/issues/4/comments",
        "events_url": "https://api.github.com/repos/chaoyanghe/Awesome-Federated-Learning/issues/4/events",
        "html_url": "https://github.com/chaoyanghe/Awesome-Federated-Learning/issues/4",
        "id": 690027860,
        "node_id": "MDU6SXNzdWU2OTAwMjc4NjA=",
        "number": 4,
        "title": "Fl",
        "user": {
            "login": "RumAce",
            "id": 50483375,
            "node_id": "MDQ6VXNlcjUwNDgzMzc1",
            "avatar_url": "https://avatars.githubusercontent.com/u/50483375?v=4",
            "gravatar_id": "",
            "url": "https://api.github.com/users/RumAce",
            "html_url": "https://github.com/RumAce",
            "followers_url": "https://api.github.com/users/RumAce/followers",
            "following_url": "https://api.github.com/users/RumAce/following{/other_user}",
            "gists_url": "https://api.github.com/users/RumAce/gists{/gist_id}",
            "starred_url": "https://api.github.com/users/RumAce/starred{/owner}{/repo}",
            "subscriptions_url": "https://api.github.com/users/RumAce/subscriptions",
            "organizations_url": "https://api.github.com/users/RumAce/orgs",
            "repos_url": "https://api.github.com/users/RumAce/repos",
            "events_url": "https://api.github.com/users/RumAce/events{/privacy}",
            "received_events_url": "https://api.github.com/users/RumAce/received_events",
            "type": "User",
            "user_view_type": "public",
            "site_admin": false
        },
        "labels": [],
        "state": "closed",
        "locked": false,
        "assignee": null,
        "assignees": [],
        "milestone": null,
        "comments": 0,
        "created_at": "2020-09-01T10:31:39Z",
        "updated_at": "2021-10-21T11:25:01Z",
        "closed_at": "2021-10-21T11:25:01Z",
        "author_association": "NONE",
        "active_lock_reason": null,
        "sub_issues_summary": {
            "total": 0,
            "completed": 0,
            "percent_completed": 0
        },
        "body": "",
        "closed_by": {
            "login": "emirceyani",
            "id": 9771428,
            "node_id": "MDQ6VXNlcjk3NzE0Mjg=",
            "avatar_url": "https://avatars.githubusercontent.com/u/9771428?v=4",
            "gravatar_id": "",
            "url": "https://api.github.com/users/emirceyani",
            "html_url": "https://github.com/emirceyani",
            "followers_url": "https://api.github.com/users/emirceyani/followers",
            "following_url": "https://api.github.com/users/emirceyani/following{/other_user}",
            "gists_url": "https://api.github.com/users/emirceyani/gists{/gist_id}",
            "starred_url": "https://api.github.com/users/emirceyani/starred{/owner}{/repo}",
            "subscriptions_url": "https://api.github.com/users/emirceyani/subscriptions",
            "organizations_url": "https://api.github.com/users/emirceyani/orgs",
            "repos_url": "https://api.github.com/users/emirceyani/repos",
            "events_url": "https://api.github.com/users/emirceyani/events{/privacy}",
            "received_events_url": "https://api.github.com/users/emirceyani/received_events",
            "type": "User",
            "user_view_type": "public",
            "site_admin": false
        },
        "reactions": {
            "url": "https://api.github.com/repos/chaoyanghe/Awesome-Federated-Learning/issues/4/reactions",
            "total_count": 0,
            "+1": 0,
            "-1": 0,
            "laugh": 0,
            "hooray": 0,
            "confused": 0,
            "heart": 0,
            "rocket": 0,
            "eyes": 0
        },
        "timeline_url": "https://api.github.com/repos/chaoyanghe/Awesome-Federated-Learning/issues/4/timeline",
        "performed_via_github_app": null,
        "state_reason": "completed"
    },
    {
        "url": "https://api.github.com/repos/chaoyanghe/Awesome-Federated-Learning/issues/3",
        "repository_url": "https://api.github.com/repos/chaoyanghe/Awesome-Federated-Learning",
        "labels_url": "https://api.github.com/repos/chaoyanghe/Awesome-Federated-Learning/issues/3/labels{/name}",
        "comments_url": "https://api.github.com/repos/chaoyanghe/Awesome-Federated-Learning/issues/3/comments",
        "events_url": "https://api.github.com/repos/chaoyanghe/Awesome-Federated-Learning/issues/3/events",
        "html_url": "https://github.com/chaoyanghe/Awesome-Federated-Learning/issues/3",
        "id": 684333555,
        "node_id": "MDU6SXNzdWU2ODQzMzM1NTU=",
        "number": 3,
        "title": "New paper",
        "user": {
            "login": "Alan-Qin",
            "id": 43122728,
            "node_id": "MDQ6VXNlcjQzMTIyNzI4",
            "avatar_url": "https://avatars.githubusercontent.com/u/43122728?v=4",
            "gravatar_id": "",
            "url": "https://api.github.com/users/Alan-Qin",
            "html_url": "https://github.com/Alan-Qin",
            "followers_url": "https://api.github.com/users/Alan-Qin/followers",
            "following_url": "https://api.github.com/users/Alan-Qin/following{/other_user}",
            "gists_url": "https://api.github.com/users/Alan-Qin/gists{/gist_id}",
            "starred_url": "https://api.github.com/users/Alan-Qin/starred{/owner}{/repo}",
            "subscriptions_url": "https://api.github.com/users/Alan-Qin/subscriptions",
            "organizations_url": "https://api.github.com/users/Alan-Qin/orgs",
            "repos_url": "https://api.github.com/users/Alan-Qin/repos",
            "events_url": "https://api.github.com/users/Alan-Qin/events{/privacy}",
            "received_events_url": "https://api.github.com/users/Alan-Qin/received_events",
            "type": "User",
            "user_view_type": "public",
            "site_admin": false
        },
        "labels": [],
        "state": "open",
        "locked": false,
        "assignee": null,
        "assignees": [],
        "milestone": null,
        "comments": 2,
        "created_at": "2020-08-24T03:32:40Z",
        "updated_at": "2020-12-05T03:39:48Z",
        "closed_at": null,
        "author_association": "NONE",
        "active_lock_reason": null,
        "sub_issues_summary": {
            "total": 0,
            "completed": 0,
            "percent_completed": 0
        },
        "body": "A new ICML 2020 paper \r\n\r\nFedBoost: Communication-Efficient Algorithms for Federated Learning",
        "closed_by": null,
        "reactions": {
            "url": "https://api.github.com/repos/chaoyanghe/Awesome-Federated-Learning/issues/3/reactions",
            "total_count": 0,
            "+1": 0,
            "-1": 0,
            "laugh": 0,
            "hooray": 0,
            "confused": 0,
            "heart": 0,
            "rocket": 0,
            "eyes": 0
        },
        "timeline_url": "https://api.github.com/repos/chaoyanghe/Awesome-Federated-Learning/issues/3/timeline",
        "performed_via_github_app": null,
        "state_reason": null
    },
    {
        "url": "https://api.github.com/repos/chaoyanghe/Awesome-Federated-Learning/issues/2",
        "repository_url": "https://api.github.com/repos/chaoyanghe/Awesome-Federated-Learning",
        "labels_url": "https://api.github.com/repos/chaoyanghe/Awesome-Federated-Learning/issues/2/labels{/name}",
        "comments_url": "https://api.github.com/repos/chaoyanghe/Awesome-Federated-Learning/issues/2/comments",
        "events_url": "https://api.github.com/repos/chaoyanghe/Awesome-Federated-Learning/issues/2/events",
        "html_url": "https://github.com/chaoyanghe/Awesome-Federated-Learning/issues/2",
        "id": 675627463,
        "node_id": "MDU6SXNzdWU2NzU2Mjc0NjM=",
        "number": 2,
        "title": "Paper information error",
        "user": {
            "login": "MetaT1an",
            "id": 33452141,
            "node_id": "MDQ6VXNlcjMzNDUyMTQx",
            "avatar_url": "https://avatars.githubusercontent.com/u/33452141?v=4",
            "gravatar_id": "",
            "url": "https://api.github.com/users/MetaT1an",
            "html_url": "https://github.com/MetaT1an",
            "followers_url": "https://api.github.com/users/MetaT1an/followers",
            "following_url": "https://api.github.com/users/MetaT1an/following{/other_user}",
            "gists_url": "https://api.github.com/users/MetaT1an/gists{/gist_id}",
            "starred_url": "https://api.github.com/users/MetaT1an/starred{/owner}{/repo}",
            "subscriptions_url": "https://api.github.com/users/MetaT1an/subscriptions",
            "organizations_url": "https://api.github.com/users/MetaT1an/orgs",
            "repos_url": "https://api.github.com/users/MetaT1an/repos",
            "events_url": "https://api.github.com/users/MetaT1an/events{/privacy}",
            "received_events_url": "https://api.github.com/users/MetaT1an/received_events",
            "type": "User",
            "user_view_type": "public",
            "site_admin": false
        },
        "labels": [],
        "state": "closed",
        "locked": false,
        "assignee": null,
        "assignees": [],
        "milestone": null,
        "comments": 3,
        "created_at": "2020-08-09T03:18:22Z",
        "updated_at": "2020-08-10T10:54:20Z",
        "closed_at": "2020-08-10T10:54:20Z",
        "author_association": "NONE",
        "active_lock_reason": null,
        "sub_issues_summary": {
            "total": 0,
            "completed": 0,
            "percent_completed": 0
        },
        "body": "Please check if the information of the paper is correct:\r\n\r\n> [Can You Really Backdoor Federated Learning?](https://arxiv.org/pdf/1911.07963.pdf)(**NerulPS 2019??**)\r\n\r\nI don't see any evidence that the paper was accepted by NerulPS 2019.",
        "closed_by": {
            "login": "MetaT1an",
            "id": 33452141,
            "node_id": "MDQ6VXNlcjMzNDUyMTQx",
            "avatar_url": "https://avatars.githubusercontent.com/u/33452141?v=4",
            "gravatar_id": "",
            "url": "https://api.github.com/users/MetaT1an",
            "html_url": "https://github.com/MetaT1an",
            "followers_url": "https://api.github.com/users/MetaT1an/followers",
            "following_url": "https://api.github.com/users/MetaT1an/following{/other_user}",
            "gists_url": "https://api.github.com/users/MetaT1an/gists{/gist_id}",
            "starred_url": "https://api.github.com/users/MetaT1an/starred{/owner}{/repo}",
            "subscriptions_url": "https://api.github.com/users/MetaT1an/subscriptions",
            "organizations_url": "https://api.github.com/users/MetaT1an/orgs",
            "repos_url": "https://api.github.com/users/MetaT1an/repos",
            "events_url": "https://api.github.com/users/MetaT1an/events{/privacy}",
            "received_events_url": "https://api.github.com/users/MetaT1an/received_events",
            "type": "User",
            "user_view_type": "public",
            "site_admin": false
        },
        "reactions": {
            "url": "https://api.github.com/repos/chaoyanghe/Awesome-Federated-Learning/issues/2/reactions",
            "total_count": 0,
            "+1": 0,
            "-1": 0,
            "laugh": 0,
            "hooray": 0,
            "confused": 0,
            "heart": 0,
            "rocket": 0,
            "eyes": 0
        },
        "timeline_url": "https://api.github.com/repos/chaoyanghe/Awesome-Federated-Learning/issues/2/timeline",
        "performed_via_github_app": null,
        "state_reason": "completed"
    }
]