[
    {
        "url": "https://api.github.com/repos/CharlieDinh/pFedMe/issues/23",
        "repository_url": "https://api.github.com/repos/CharlieDinh/pFedMe",
        "labels_url": "https://api.github.com/repos/CharlieDinh/pFedMe/issues/23/labels{/name}",
        "comments_url": "https://api.github.com/repos/CharlieDinh/pFedMe/issues/23/comments",
        "events_url": "https://api.github.com/repos/CharlieDinh/pFedMe/issues/23/events",
        "html_url": "https://github.com/CharlieDinh/pFedMe/issues/23",
        "id": 2191616169,
        "node_id": "I_kwDODuAGo86CoWip",
        "number": 23,
        "title": "some questions about the results",
        "user": {
            "login": "Fruit0218",
            "id": 163825609,
            "node_id": "U_kgDOCcPHyQ",
            "avatar_url": "https://avatars.githubusercontent.com/u/163825609?v=4",
            "gravatar_id": "",
            "url": "https://api.github.com/users/Fruit0218",
            "html_url": "https://github.com/Fruit0218",
            "followers_url": "https://api.github.com/users/Fruit0218/followers",
            "following_url": "https://api.github.com/users/Fruit0218/following{/other_user}",
            "gists_url": "https://api.github.com/users/Fruit0218/gists{/gist_id}",
            "starred_url": "https://api.github.com/users/Fruit0218/starred{/owner}{/repo}",
            "subscriptions_url": "https://api.github.com/users/Fruit0218/subscriptions",
            "organizations_url": "https://api.github.com/users/Fruit0218/orgs",
            "repos_url": "https://api.github.com/users/Fruit0218/repos",
            "events_url": "https://api.github.com/users/Fruit0218/events{/privacy}",
            "received_events_url": "https://api.github.com/users/Fruit0218/received_events",
            "type": "User",
            "user_view_type": "public",
            "site_admin": false
        },
        "labels": [],
        "state": "open",
        "locked": false,
        "assignee": null,
        "assignees": [],
        "milestone": null,
        "comments": 7,
        "created_at": "2024-03-18T09:07:37Z",
        "updated_at": "2024-09-08T03:52:48Z",
        "closed_at": null,
        "author_association": "NONE",
        "active_lock_reason": null,
        "sub_issues_summary": {
            "total": 0,
            "completed": 0,
            "percent_completed": 0
        },
        "body": "thanks for ur code!These days i tryed to run ur code with Non-iid MNIST dataset. However,my ultimate results didn't match that presented in ur paper.I'm wondering why this happened.It seems that FedAvg did better than pFedAvg.I did try different model to train that one,apparently,it didn't work.Maybe i need some suggestions for that.Sorry for bothering!\r\n![FedAvg_pFedMe_Com_accuracy_3_18](https://github.com/CharlieDinh/pFedMe/assets/163825609/0cedf9b6-bfd5-4da1-a613-a270403b0bbd)\r\n![FedAvg_pFedMe_Com_loss_3_18](https://github.com/CharlieDinh/pFedMe/assets/163825609/3d109549-ba5e-43b3-8933-c80e73a1e6ae)\r\n\r\n\r\n\r\n",
        "closed_by": null,
        "reactions": {
            "url": "https://api.github.com/repos/CharlieDinh/pFedMe/issues/23/reactions",
            "total_count": 0,
            "+1": 0,
            "-1": 0,
            "laugh": 0,
            "hooray": 0,
            "confused": 0,
            "heart": 0,
            "rocket": 0,
            "eyes": 0
        },
        "timeline_url": "https://api.github.com/repos/CharlieDinh/pFedMe/issues/23/timeline",
        "performed_via_github_app": null,
        "state_reason": null
    },
    {
        "url": "https://api.github.com/repos/CharlieDinh/pFedMe/issues/22",
        "repository_url": "https://api.github.com/repos/CharlieDinh/pFedMe",
        "labels_url": "https://api.github.com/repos/CharlieDinh/pFedMe/issues/22/labels{/name}",
        "comments_url": "https://api.github.com/repos/CharlieDinh/pFedMe/issues/22/comments",
        "events_url": "https://api.github.com/repos/CharlieDinh/pFedMe/issues/22/events",
        "html_url": "https://github.com/CharlieDinh/pFedMe/issues/22",
        "id": 2063547881,
        "node_id": "I_kwDODuAGo856_z3p",
        "number": 22,
        "title": "Hello author, why did Loss become Nan after more than a dozen rounds of training\uff1f",
        "user": {
            "login": "GeLichang",
            "id": 148525229,
            "node_id": "U_kgDOCNpQrQ",
            "avatar_url": "https://avatars.githubusercontent.com/u/148525229?v=4",
            "gravatar_id": "",
            "url": "https://api.github.com/users/GeLichang",
            "html_url": "https://github.com/GeLichang",
            "followers_url": "https://api.github.com/users/GeLichang/followers",
            "following_url": "https://api.github.com/users/GeLichang/following{/other_user}",
            "gists_url": "https://api.github.com/users/GeLichang/gists{/gist_id}",
            "starred_url": "https://api.github.com/users/GeLichang/starred{/owner}{/repo}",
            "subscriptions_url": "https://api.github.com/users/GeLichang/subscriptions",
            "organizations_url": "https://api.github.com/users/GeLichang/orgs",
            "repos_url": "https://api.github.com/users/GeLichang/repos",
            "events_url": "https://api.github.com/users/GeLichang/events{/privacy}",
            "received_events_url": "https://api.github.com/users/GeLichang/received_events",
            "type": "User",
            "user_view_type": "public",
            "site_admin": false
        },
        "labels": [],
        "state": "open",
        "locked": false,
        "assignee": null,
        "assignees": [],
        "milestone": null,
        "comments": 0,
        "created_at": "2024-01-03T09:01:50Z",
        "updated_at": "2024-01-03T09:01:50Z",
        "closed_at": null,
        "author_association": "NONE",
        "active_lock_reason": null,
        "sub_issues_summary": {
            "total": 0,
            "completed": 0,
            "percent_completed": 0
        },
        "body": null,
        "closed_by": null,
        "reactions": {
            "url": "https://api.github.com/repos/CharlieDinh/pFedMe/issues/22/reactions",
            "total_count": 0,
            "+1": 0,
            "-1": 0,
            "laugh": 0,
            "hooray": 0,
            "confused": 0,
            "heart": 0,
            "rocket": 0,
            "eyes": 0
        },
        "timeline_url": "https://api.github.com/repos/CharlieDinh/pFedMe/issues/22/timeline",
        "performed_via_github_app": null,
        "state_reason": null
    },
    {
        "url": "https://api.github.com/repos/CharlieDinh/pFedMe/issues/21",
        "repository_url": "https://api.github.com/repos/CharlieDinh/pFedMe",
        "labels_url": "https://api.github.com/repos/CharlieDinh/pFedMe/issues/21/labels{/name}",
        "comments_url": "https://api.github.com/repos/CharlieDinh/pFedMe/issues/21/comments",
        "events_url": "https://api.github.com/repos/CharlieDinh/pFedMe/issues/21/events",
        "html_url": "https://github.com/CharlieDinh/pFedMe/issues/21",
        "id": 1520121468,
        "node_id": "I_kwDODuAGo85amzZ8",
        "number": 21,
        "title": "About the Hessian Approximation",
        "user": {
            "login": "skydvn",
            "id": 62003737,
            "node_id": "MDQ6VXNlcjYyMDAzNzM3",
            "avatar_url": "https://avatars.githubusercontent.com/u/62003737?v=4",
            "gravatar_id": "",
            "url": "https://api.github.com/users/skydvn",
            "html_url": "https://github.com/skydvn",
            "followers_url": "https://api.github.com/users/skydvn/followers",
            "following_url": "https://api.github.com/users/skydvn/following{/other_user}",
            "gists_url": "https://api.github.com/users/skydvn/gists{/gist_id}",
            "starred_url": "https://api.github.com/users/skydvn/starred{/owner}{/repo}",
            "subscriptions_url": "https://api.github.com/users/skydvn/subscriptions",
            "organizations_url": "https://api.github.com/users/skydvn/orgs",
            "repos_url": "https://api.github.com/users/skydvn/repos",
            "events_url": "https://api.github.com/users/skydvn/events{/privacy}",
            "received_events_url": "https://api.github.com/users/skydvn/received_events",
            "type": "User",
            "user_view_type": "public",
            "site_admin": false
        },
        "labels": [],
        "state": "open",
        "locked": false,
        "assignee": null,
        "assignees": [],
        "milestone": null,
        "comments": 0,
        "created_at": "2023-01-05T05:46:40Z",
        "updated_at": "2023-01-05T05:46:40Z",
        "closed_at": null,
        "author_association": "NONE",
        "active_lock_reason": null,
        "sub_issues_summary": {
            "total": 0,
            "completed": 0,
            "percent_completed": 0
        },
        "body": "Dear authors, \r\nI have read the two implementations on pFedme and pFedAvg. \r\nOne problem to me is that the both implementation missing the Hessian Approximation according to per-FedAvg research in the meta-update phase.\r\nIs this critical in the per-FedAvg and pFedme settings? ",
        "closed_by": null,
        "reactions": {
            "url": "https://api.github.com/repos/CharlieDinh/pFedMe/issues/21/reactions",
            "total_count": 0,
            "+1": 0,
            "-1": 0,
            "laugh": 0,
            "hooray": 0,
            "confused": 0,
            "heart": 0,
            "rocket": 0,
            "eyes": 0
        },
        "timeline_url": "https://api.github.com/repos/CharlieDinh/pFedMe/issues/21/timeline",
        "performed_via_github_app": null,
        "state_reason": null
    },
    {
        "url": "https://api.github.com/repos/CharlieDinh/pFedMe/issues/19",
        "repository_url": "https://api.github.com/repos/CharlieDinh/pFedMe",
        "labels_url": "https://api.github.com/repos/CharlieDinh/pFedMe/issues/19/labels{/name}",
        "comments_url": "https://api.github.com/repos/CharlieDinh/pFedMe/issues/19/comments",
        "events_url": "https://api.github.com/repos/CharlieDinh/pFedMe/issues/19/events",
        "html_url": "https://github.com/CharlieDinh/pFedMe/issues/19",
        "id": 1176412387,
        "node_id": "I_kwDODuAGo85GHqDj",
        "number": 19,
        "title": "A question in PerAvg algorithm",
        "user": {
            "login": "BrightHaozi",
            "id": 35807894,
            "node_id": "MDQ6VXNlcjM1ODA3ODk0",
            "avatar_url": "https://avatars.githubusercontent.com/u/35807894?v=4",
            "gravatar_id": "",
            "url": "https://api.github.com/users/BrightHaozi",
            "html_url": "https://github.com/BrightHaozi",
            "followers_url": "https://api.github.com/users/BrightHaozi/followers",
            "following_url": "https://api.github.com/users/BrightHaozi/following{/other_user}",
            "gists_url": "https://api.github.com/users/BrightHaozi/gists{/gist_id}",
            "starred_url": "https://api.github.com/users/BrightHaozi/starred{/owner}{/repo}",
            "subscriptions_url": "https://api.github.com/users/BrightHaozi/subscriptions",
            "organizations_url": "https://api.github.com/users/BrightHaozi/orgs",
            "repos_url": "https://api.github.com/users/BrightHaozi/repos",
            "events_url": "https://api.github.com/users/BrightHaozi/events{/privacy}",
            "received_events_url": "https://api.github.com/users/BrightHaozi/received_events",
            "type": "User",
            "user_view_type": "public",
            "site_admin": false
        },
        "labels": [],
        "state": "open",
        "locked": false,
        "assignee": null,
        "assignees": [],
        "milestone": null,
        "comments": 1,
        "created_at": "2022-03-22T08:05:51Z",
        "updated_at": "2022-11-22T05:31:16Z",
        "closed_at": null,
        "author_association": "NONE",
        "active_lock_reason": null,
        "sub_issues_summary": {
            "total": 0,
            "completed": 0,
            "percent_completed": 0
        },
        "body": "Thank you for your code. I have a question about the code of PerAvg algorithm.\r\nWhen utilizing `evaluate_one_step` (in serverperavg.py) function to evaluate the performance of PerAvg,  the function first executes\r\n`for c in self.users:\r\n     c.train_one_step()`\r\nto train personalized models for one step.  However, in the function `train_one_step`, it seems that it utilizes **testing** data to update the personalized model. Is it right?\r\nSource code:\r\n    ```\r\ndef train_one_step(self):\r\n        self.model.train()\r\n        #step 1\r\n        X, y = self.get_next_**test**_batch()\r\n        self.optimizer.zero_grad()\r\n        output = self.model(X)\r\n        loss = self.loss(output, y)\r\n        loss.backward()\r\n        self.optimizer.step()\r\n            #step 2\r\n        X, y = self.get_next_**test**_batch()\r\n        self.optimizer.zero_grad()\r\n        output = self.model(X)\r\n        loss = self.loss(output, y)\r\n        loss.backward()\r\n        self.optimizer.step(beta=self.beta)\r\n```\r\nLooking forward to your reply! Thank you!",
        "closed_by": null,
        "reactions": {
            "url": "https://api.github.com/repos/CharlieDinh/pFedMe/issues/19/reactions",
            "total_count": 6,
            "+1": 6,
            "-1": 0,
            "laugh": 0,
            "hooray": 0,
            "confused": 0,
            "heart": 0,
            "rocket": 0,
            "eyes": 0
        },
        "timeline_url": "https://api.github.com/repos/CharlieDinh/pFedMe/issues/19/timeline",
        "performed_via_github_app": null,
        "state_reason": null
    },
    {
        "url": "https://api.github.com/repos/CharlieDinh/pFedMe/issues/18",
        "repository_url": "https://api.github.com/repos/CharlieDinh/pFedMe",
        "labels_url": "https://api.github.com/repos/CharlieDinh/pFedMe/issues/18/labels{/name}",
        "comments_url": "https://api.github.com/repos/CharlieDinh/pFedMe/issues/18/comments",
        "events_url": "https://api.github.com/repos/CharlieDinh/pFedMe/issues/18/events",
        "html_url": "https://github.com/CharlieDinh/pFedMe/issues/18",
        "id": 994218822,
        "node_id": "MDU6SXNzdWU5OTQyMTg4MjI=",
        "number": 18,
        "title": "Client's train method",
        "user": {
            "login": "jarumil",
            "id": 23283387,
            "node_id": "MDQ6VXNlcjIzMjgzMzg3",
            "avatar_url": "https://avatars.githubusercontent.com/u/23283387?v=4",
            "gravatar_id": "",
            "url": "https://api.github.com/users/jarumil",
            "html_url": "https://github.com/jarumil",
            "followers_url": "https://api.github.com/users/jarumil/followers",
            "following_url": "https://api.github.com/users/jarumil/following{/other_user}",
            "gists_url": "https://api.github.com/users/jarumil/gists{/gist_id}",
            "starred_url": "https://api.github.com/users/jarumil/starred{/owner}{/repo}",
            "subscriptions_url": "https://api.github.com/users/jarumil/subscriptions",
            "organizations_url": "https://api.github.com/users/jarumil/orgs",
            "repos_url": "https://api.github.com/users/jarumil/repos",
            "events_url": "https://api.github.com/users/jarumil/events{/privacy}",
            "received_events_url": "https://api.github.com/users/jarumil/received_events",
            "type": "User",
            "user_view_type": "public",
            "site_admin": false
        },
        "labels": [],
        "state": "closed",
        "locked": false,
        "assignee": null,
        "assignees": [],
        "milestone": null,
        "comments": 2,
        "created_at": "2021-09-12T17:52:05Z",
        "updated_at": "2021-09-20T09:27:08Z",
        "closed_at": "2021-09-20T09:27:08Z",
        "author_association": "NONE",
        "active_lock_reason": null,
        "sub_issues_summary": {
            "total": 0,
            "completed": 0,
            "percent_completed": 0
        },
        "body": "Hi, I have a question about the train method in the clients. Normally, in each epoch the complete dataset is trained using batches, but I have seen in your code that in each epoch, only a single batch is trained. Is this correct? Best regards.\r\n\r\n![error](https://user-images.githubusercontent.com/23283387/132997512-8477f144-adb6-4c28-afa4-d2ff1269d4cd.png)\r\n",
        "closed_by": {
            "login": "jarumil",
            "id": 23283387,
            "node_id": "MDQ6VXNlcjIzMjgzMzg3",
            "avatar_url": "https://avatars.githubusercontent.com/u/23283387?v=4",
            "gravatar_id": "",
            "url": "https://api.github.com/users/jarumil",
            "html_url": "https://github.com/jarumil",
            "followers_url": "https://api.github.com/users/jarumil/followers",
            "following_url": "https://api.github.com/users/jarumil/following{/other_user}",
            "gists_url": "https://api.github.com/users/jarumil/gists{/gist_id}",
            "starred_url": "https://api.github.com/users/jarumil/starred{/owner}{/repo}",
            "subscriptions_url": "https://api.github.com/users/jarumil/subscriptions",
            "organizations_url": "https://api.github.com/users/jarumil/orgs",
            "repos_url": "https://api.github.com/users/jarumil/repos",
            "events_url": "https://api.github.com/users/jarumil/events{/privacy}",
            "received_events_url": "https://api.github.com/users/jarumil/received_events",
            "type": "User",
            "user_view_type": "public",
            "site_admin": false
        },
        "reactions": {
            "url": "https://api.github.com/repos/CharlieDinh/pFedMe/issues/18/reactions",
            "total_count": 0,
            "+1": 0,
            "-1": 0,
            "laugh": 0,
            "hooray": 0,
            "confused": 0,
            "heart": 0,
            "rocket": 0,
            "eyes": 0
        },
        "timeline_url": "https://api.github.com/repos/CharlieDinh/pFedMe/issues/18/timeline",
        "performed_via_github_app": null,
        "state_reason": "completed"
    },
    {
        "url": "https://api.github.com/repos/CharlieDinh/pFedMe/issues/16",
        "repository_url": "https://api.github.com/repos/CharlieDinh/pFedMe",
        "labels_url": "https://api.github.com/repos/CharlieDinh/pFedMe/issues/16/labels{/name}",
        "comments_url": "https://api.github.com/repos/CharlieDinh/pFedMe/issues/16/comments",
        "events_url": "https://api.github.com/repos/CharlieDinh/pFedMe/issues/16/events",
        "html_url": "https://github.com/CharlieDinh/pFedMe/issues/16",
        "id": 965845518,
        "node_id": "MDU6SXNzdWU5NjU4NDU1MTg=",
        "number": 16,
        "title": "Some mistakes in generating niid mnist data",
        "user": {
            "login": "tjuxiaofeng",
            "id": 30520092,
            "node_id": "MDQ6VXNlcjMwNTIwMDky",
            "avatar_url": "https://avatars.githubusercontent.com/u/30520092?v=4",
            "gravatar_id": "",
            "url": "https://api.github.com/users/tjuxiaofeng",
            "html_url": "https://github.com/tjuxiaofeng",
            "followers_url": "https://api.github.com/users/tjuxiaofeng/followers",
            "following_url": "https://api.github.com/users/tjuxiaofeng/following{/other_user}",
            "gists_url": "https://api.github.com/users/tjuxiaofeng/gists{/gist_id}",
            "starred_url": "https://api.github.com/users/tjuxiaofeng/starred{/owner}{/repo}",
            "subscriptions_url": "https://api.github.com/users/tjuxiaofeng/subscriptions",
            "organizations_url": "https://api.github.com/users/tjuxiaofeng/orgs",
            "repos_url": "https://api.github.com/users/tjuxiaofeng/repos",
            "events_url": "https://api.github.com/users/tjuxiaofeng/events{/privacy}",
            "received_events_url": "https://api.github.com/users/tjuxiaofeng/received_events",
            "type": "User",
            "user_view_type": "public",
            "site_admin": false
        },
        "labels": [],
        "state": "open",
        "locked": false,
        "assignee": null,
        "assignees": [],
        "milestone": null,
        "comments": 11,
        "created_at": "2021-08-11T03:57:44Z",
        "updated_at": "2024-04-03T01:09:13Z",
        "closed_at": null,
        "author_association": "NONE",
        "active_lock_reason": null,
        "sub_issues_summary": {
            "total": 0,
            "completed": 0,
            "percent_completed": 0
        },
        "body": "# Thanks to the author for modifying some old errors in the file two months ago, but there are still some errors that need attention.\r\n\r\n![\u5c4f\u5e55\u622a\u56fe(3)_LI](https://user-images.githubusercontent.com/30520092/128966047-294cee36-956d-4669-97fa-990be367d3bc.jpg)\r\n\r\n1.  Line 39: \"l = (user * NUM_USERS + j) % 10\" should be changed to \"l = (user * NUM_LABELS + j) % 10\".  The former will cause data allocation errors, and all users are assigned data with the same label.\r\n2.  Line 81: The code to calculate \"l\" should be same in Line 39 and Line 81.\r\n3.  Line 86: \"if idx[l] + num_samples < len(mnist_data[l]):\" the \"<\" should be modified to \"<=\". The former will cause the last part of the data set of each label to not be correctly assigned to the user. \uff08This problem occurs because the author modified an old error on line 87\uff0c which  has changed \"mnist_data[l][idx[l]:num_samples]\" to \"mnist_data[l][idx[l]:idx[l]+num_samples]\". \uff09",
        "closed_by": null,
        "reactions": {
            "url": "https://api.github.com/repos/CharlieDinh/pFedMe/issues/16/reactions",
            "total_count": 0,
            "+1": 0,
            "-1": 0,
            "laugh": 0,
            "hooray": 0,
            "confused": 0,
            "heart": 0,
            "rocket": 0,
            "eyes": 0
        },
        "timeline_url": "https://api.github.com/repos/CharlieDinh/pFedMe/issues/16/timeline",
        "performed_via_github_app": null,
        "state_reason": null
    },
    {
        "url": "https://api.github.com/repos/CharlieDinh/pFedMe/issues/15",
        "repository_url": "https://api.github.com/repos/CharlieDinh/pFedMe",
        "labels_url": "https://api.github.com/repos/CharlieDinh/pFedMe/issues/15/labels{/name}",
        "comments_url": "https://api.github.com/repos/CharlieDinh/pFedMe/issues/15/comments",
        "events_url": "https://api.github.com/repos/CharlieDinh/pFedMe/issues/15/events",
        "html_url": "https://github.com/CharlieDinh/pFedMe/issues/15",
        "id": 965773378,
        "node_id": "MDU6SXNzdWU5NjU3NzMzNzg=",
        "number": 15,
        "title": "Something maybe wrong in  data/mnist/generate_niid_20users.py",
        "user": {
            "login": "tjuxiaofeng",
            "id": 30520092,
            "node_id": "MDQ6VXNlcjMwNTIwMDky",
            "avatar_url": "https://avatars.githubusercontent.com/u/30520092?v=4",
            "gravatar_id": "",
            "url": "https://api.github.com/users/tjuxiaofeng",
            "html_url": "https://github.com/tjuxiaofeng",
            "followers_url": "https://api.github.com/users/tjuxiaofeng/followers",
            "following_url": "https://api.github.com/users/tjuxiaofeng/following{/other_user}",
            "gists_url": "https://api.github.com/users/tjuxiaofeng/gists{/gist_id}",
            "starred_url": "https://api.github.com/users/tjuxiaofeng/starred{/owner}{/repo}",
            "subscriptions_url": "https://api.github.com/users/tjuxiaofeng/subscriptions",
            "organizations_url": "https://api.github.com/users/tjuxiaofeng/orgs",
            "repos_url": "https://api.github.com/users/tjuxiaofeng/repos",
            "events_url": "https://api.github.com/users/tjuxiaofeng/events{/privacy}",
            "received_events_url": "https://api.github.com/users/tjuxiaofeng/received_events",
            "type": "User",
            "user_view_type": "public",
            "site_admin": false
        },
        "labels": [],
        "state": "closed",
        "locked": false,
        "assignee": null,
        "assignees": [],
        "milestone": null,
        "comments": 1,
        "created_at": "2021-08-11T02:57:06Z",
        "updated_at": "2024-03-19T12:46:41Z",
        "closed_at": "2021-09-08T08:07:25Z",
        "author_association": "NONE",
        "active_lock_reason": null,
        "sub_issues_summary": {
            "total": 0,
            "completed": 0,
            "percent_completed": 0
        },
        "body": "I think the code  \"l = (user * NUM_USERS + j) % 10\"  in line 39 should be modified to \"l = (user * NUM_LABELS + j) % 10\".\r\nUsing \"user * NUM_USERS\" will cause all users to share a data set with the same label, because **user * NUM_USERS% 10 = 0.**",
        "closed_by": {
            "login": "CharlieDinh",
            "id": 44039773,
            "node_id": "MDQ6VXNlcjQ0MDM5Nzcz",
            "avatar_url": "https://avatars.githubusercontent.com/u/44039773?v=4",
            "gravatar_id": "",
            "url": "https://api.github.com/users/CharlieDinh",
            "html_url": "https://github.com/CharlieDinh",
            "followers_url": "https://api.github.com/users/CharlieDinh/followers",
            "following_url": "https://api.github.com/users/CharlieDinh/following{/other_user}",
            "gists_url": "https://api.github.com/users/CharlieDinh/gists{/gist_id}",
            "starred_url": "https://api.github.com/users/CharlieDinh/starred{/owner}{/repo}",
            "subscriptions_url": "https://api.github.com/users/CharlieDinh/subscriptions",
            "organizations_url": "https://api.github.com/users/CharlieDinh/orgs",
            "repos_url": "https://api.github.com/users/CharlieDinh/repos",
            "events_url": "https://api.github.com/users/CharlieDinh/events{/privacy}",
            "received_events_url": "https://api.github.com/users/CharlieDinh/received_events",
            "type": "User",
            "user_view_type": "public",
            "site_admin": false
        },
        "reactions": {
            "url": "https://api.github.com/repos/CharlieDinh/pFedMe/issues/15/reactions",
            "total_count": 0,
            "+1": 0,
            "-1": 0,
            "laugh": 0,
            "hooray": 0,
            "confused": 0,
            "heart": 0,
            "rocket": 0,
            "eyes": 0
        },
        "timeline_url": "https://api.github.com/repos/CharlieDinh/pFedMe/issues/15/timeline",
        "performed_via_github_app": null,
        "state_reason": "completed"
    },
    {
        "url": "https://api.github.com/repos/CharlieDinh/pFedMe/issues/14",
        "repository_url": "https://api.github.com/repos/CharlieDinh/pFedMe",
        "labels_url": "https://api.github.com/repos/CharlieDinh/pFedMe/issues/14/labels{/name}",
        "comments_url": "https://api.github.com/repos/CharlieDinh/pFedMe/issues/14/comments",
        "events_url": "https://api.github.com/repos/CharlieDinh/pFedMe/issues/14/events",
        "html_url": "https://github.com/CharlieDinh/pFedMe/issues/14",
        "id": 941770630,
        "node_id": "MDU6SXNzdWU5NDE3NzA2MzA=",
        "number": 14,
        "title": "In the Per-FedAvg experiments, there is always an unignorable gap between the accuracy of the actual experimental results and the expected accuracy provided under the same conditions. ",
        "user": {
            "login": "Drizzlingg",
            "id": 49505601,
            "node_id": "MDQ6VXNlcjQ5NTA1NjAx",
            "avatar_url": "https://avatars.githubusercontent.com/u/49505601?v=4",
            "gravatar_id": "",
            "url": "https://api.github.com/users/Drizzlingg",
            "html_url": "https://github.com/Drizzlingg",
            "followers_url": "https://api.github.com/users/Drizzlingg/followers",
            "following_url": "https://api.github.com/users/Drizzlingg/following{/other_user}",
            "gists_url": "https://api.github.com/users/Drizzlingg/gists{/gist_id}",
            "starred_url": "https://api.github.com/users/Drizzlingg/starred{/owner}{/repo}",
            "subscriptions_url": "https://api.github.com/users/Drizzlingg/subscriptions",
            "organizations_url": "https://api.github.com/users/Drizzlingg/orgs",
            "repos_url": "https://api.github.com/users/Drizzlingg/repos",
            "events_url": "https://api.github.com/users/Drizzlingg/events{/privacy}",
            "received_events_url": "https://api.github.com/users/Drizzlingg/received_events",
            "type": "User",
            "user_view_type": "public",
            "site_admin": false
        },
        "labels": [],
        "state": "closed",
        "locked": false,
        "assignee": null,
        "assignees": [],
        "milestone": null,
        "comments": 5,
        "created_at": "2021-07-12T07:45:32Z",
        "updated_at": "2021-07-15T02:19:03Z",
        "closed_at": "2021-07-13T00:29:12Z",
        "author_association": "NONE",
        "active_lock_reason": null,
        "sub_issues_summary": {
            "total": 0,
            "completed": 0,
            "percent_completed": 0
        },
        "body": "For example:\r\n\\begin{table}[]\r\n\\begin{tabular}{ccc}\r\nACC(Per-FedAvg) & MNIST   & Synthetic \\\\\r\nMLR             & 92.96\\% & 81.04\\%   \\\\\r\nDNN             & 93.01\\% & 76.79\\%  \r\n\\end{tabular}\r\n\\end{table}\r\n\r\nDoes this algorithm require special settings in actual experiments?\r\nFinally, sincerely thank you for your work.",
        "closed_by": {
            "login": "CharlieDinh",
            "id": 44039773,
            "node_id": "MDQ6VXNlcjQ0MDM5Nzcz",
            "avatar_url": "https://avatars.githubusercontent.com/u/44039773?v=4",
            "gravatar_id": "",
            "url": "https://api.github.com/users/CharlieDinh",
            "html_url": "https://github.com/CharlieDinh",
            "followers_url": "https://api.github.com/users/CharlieDinh/followers",
            "following_url": "https://api.github.com/users/CharlieDinh/following{/other_user}",
            "gists_url": "https://api.github.com/users/CharlieDinh/gists{/gist_id}",
            "starred_url": "https://api.github.com/users/CharlieDinh/starred{/owner}{/repo}",
            "subscriptions_url": "https://api.github.com/users/CharlieDinh/subscriptions",
            "organizations_url": "https://api.github.com/users/CharlieDinh/orgs",
            "repos_url": "https://api.github.com/users/CharlieDinh/repos",
            "events_url": "https://api.github.com/users/CharlieDinh/events{/privacy}",
            "received_events_url": "https://api.github.com/users/CharlieDinh/received_events",
            "type": "User",
            "user_view_type": "public",
            "site_admin": false
        },
        "reactions": {
            "url": "https://api.github.com/repos/CharlieDinh/pFedMe/issues/14/reactions",
            "total_count": 0,
            "+1": 0,
            "-1": 0,
            "laugh": 0,
            "hooray": 0,
            "confused": 0,
            "heart": 0,
            "rocket": 0,
            "eyes": 0
        },
        "timeline_url": "https://api.github.com/repos/CharlieDinh/pFedMe/issues/14/timeline",
        "performed_via_github_app": null,
        "state_reason": "completed"
    },
    {
        "url": "https://api.github.com/repos/CharlieDinh/pFedMe/issues/12",
        "repository_url": "https://api.github.com/repos/CharlieDinh/pFedMe",
        "labels_url": "https://api.github.com/repos/CharlieDinh/pFedMe/issues/12/labels{/name}",
        "comments_url": "https://api.github.com/repos/CharlieDinh/pFedMe/issues/12/comments",
        "events_url": "https://api.github.com/repos/CharlieDinh/pFedMe/issues/12/events",
        "html_url": "https://github.com/CharlieDinh/pFedMe/issues/12",
        "id": 864729223,
        "node_id": "MDU6SXNzdWU4NjQ3MjkyMjM=",
        "number": 12,
        "title": "pfedme Optimizer Probelem",
        "user": {
            "login": "adam4096",
            "id": 46699574,
            "node_id": "MDQ6VXNlcjQ2Njk5NTc0",
            "avatar_url": "https://avatars.githubusercontent.com/u/46699574?v=4",
            "gravatar_id": "",
            "url": "https://api.github.com/users/adam4096",
            "html_url": "https://github.com/adam4096",
            "followers_url": "https://api.github.com/users/adam4096/followers",
            "following_url": "https://api.github.com/users/adam4096/following{/other_user}",
            "gists_url": "https://api.github.com/users/adam4096/gists{/gist_id}",
            "starred_url": "https://api.github.com/users/adam4096/starred{/owner}{/repo}",
            "subscriptions_url": "https://api.github.com/users/adam4096/subscriptions",
            "organizations_url": "https://api.github.com/users/adam4096/orgs",
            "repos_url": "https://api.github.com/users/adam4096/repos",
            "events_url": "https://api.github.com/users/adam4096/events{/privacy}",
            "received_events_url": "https://api.github.com/users/adam4096/received_events",
            "type": "User",
            "user_view_type": "public",
            "site_admin": false
        },
        "labels": [],
        "state": "closed",
        "locked": false,
        "assignee": null,
        "assignees": [],
        "milestone": null,
        "comments": 6,
        "created_at": "2021-04-22T09:17:03Z",
        "updated_at": "2021-04-25T04:27:18Z",
        "closed_at": "2021-04-25T04:27:18Z",
        "author_association": "NONE",
        "active_lock_reason": null,
        "sub_issues_summary": {
            "total": 0,
            "completed": 0,
            "percent_completed": 0
        },
        "body": "Hello,\r\nI want to ask:    \r\nWhy is different, code and _algorithm?\r\nThat is in fedoptimizer.py line 64:\r\n            p.data = p.data - group['lr'] * (p.grad.data + group['lamda'] * (p.data - localweight.data) + group['mu']*p.data)\r\nand Algorithm 1 line 8\r\n![\u6355\u83b7](https://user-images.githubusercontent.com/46699574/115689145-63347d80-a38e-11eb-9f6d-9a010e131e9e.PNG)\r\n\r\n\r\n\r\n\r\n\r\n\r\n",
        "closed_by": {
            "login": "adam4096",
            "id": 46699574,
            "node_id": "MDQ6VXNlcjQ2Njk5NTc0",
            "avatar_url": "https://avatars.githubusercontent.com/u/46699574?v=4",
            "gravatar_id": "",
            "url": "https://api.github.com/users/adam4096",
            "html_url": "https://github.com/adam4096",
            "followers_url": "https://api.github.com/users/adam4096/followers",
            "following_url": "https://api.github.com/users/adam4096/following{/other_user}",
            "gists_url": "https://api.github.com/users/adam4096/gists{/gist_id}",
            "starred_url": "https://api.github.com/users/adam4096/starred{/owner}{/repo}",
            "subscriptions_url": "https://api.github.com/users/adam4096/subscriptions",
            "organizations_url": "https://api.github.com/users/adam4096/orgs",
            "repos_url": "https://api.github.com/users/adam4096/repos",
            "events_url": "https://api.github.com/users/adam4096/events{/privacy}",
            "received_events_url": "https://api.github.com/users/adam4096/received_events",
            "type": "User",
            "user_view_type": "public",
            "site_admin": false
        },
        "reactions": {
            "url": "https://api.github.com/repos/CharlieDinh/pFedMe/issues/12/reactions",
            "total_count": 0,
            "+1": 0,
            "-1": 0,
            "laugh": 0,
            "hooray": 0,
            "confused": 0,
            "heart": 0,
            "rocket": 0,
            "eyes": 0
        },
        "timeline_url": "https://api.github.com/repos/CharlieDinh/pFedMe/issues/12/timeline",
        "performed_via_github_app": null,
        "state_reason": "completed"
    },
    {
        "url": "https://api.github.com/repos/CharlieDinh/pFedMe/issues/11",
        "repository_url": "https://api.github.com/repos/CharlieDinh/pFedMe",
        "labels_url": "https://api.github.com/repos/CharlieDinh/pFedMe/issues/11/labels{/name}",
        "comments_url": "https://api.github.com/repos/CharlieDinh/pFedMe/issues/11/comments",
        "events_url": "https://api.github.com/repos/CharlieDinh/pFedMe/issues/11/events",
        "html_url": "https://github.com/CharlieDinh/pFedMe/issues/11",
        "id": 848201885,
        "node_id": "MDU6SXNzdWU4NDgyMDE4ODU=",
        "number": 11,
        "title": "why train loss will be nan?",
        "user": {
            "login": "GaoTiaoKang",
            "id": 75081790,
            "node_id": "MDQ6VXNlcjc1MDgxNzkw",
            "avatar_url": "https://avatars.githubusercontent.com/u/75081790?v=4",
            "gravatar_id": "",
            "url": "https://api.github.com/users/GaoTiaoKang",
            "html_url": "https://github.com/GaoTiaoKang",
            "followers_url": "https://api.github.com/users/GaoTiaoKang/followers",
            "following_url": "https://api.github.com/users/GaoTiaoKang/following{/other_user}",
            "gists_url": "https://api.github.com/users/GaoTiaoKang/gists{/gist_id}",
            "starred_url": "https://api.github.com/users/GaoTiaoKang/starred{/owner}{/repo}",
            "subscriptions_url": "https://api.github.com/users/GaoTiaoKang/subscriptions",
            "organizations_url": "https://api.github.com/users/GaoTiaoKang/orgs",
            "repos_url": "https://api.github.com/users/GaoTiaoKang/repos",
            "events_url": "https://api.github.com/users/GaoTiaoKang/events{/privacy}",
            "received_events_url": "https://api.github.com/users/GaoTiaoKang/received_events",
            "type": "User",
            "user_view_type": "public",
            "site_admin": false
        },
        "labels": [],
        "state": "closed",
        "locked": false,
        "assignee": null,
        "assignees": [],
        "milestone": null,
        "comments": 1,
        "created_at": "2021-04-01T08:20:26Z",
        "updated_at": "2021-04-05T13:02:09Z",
        "closed_at": "2021-04-05T13:02:09Z",
        "author_association": "NONE",
        "active_lock_reason": null,
        "sub_issues_summary": {
            "total": 0,
            "completed": 0,
            "percent_completed": 0
        },
        "body": "why train loss will be nan?",
        "closed_by": {
            "login": "CharlieDinh",
            "id": 44039773,
            "node_id": "MDQ6VXNlcjQ0MDM5Nzcz",
            "avatar_url": "https://avatars.githubusercontent.com/u/44039773?v=4",
            "gravatar_id": "",
            "url": "https://api.github.com/users/CharlieDinh",
            "html_url": "https://github.com/CharlieDinh",
            "followers_url": "https://api.github.com/users/CharlieDinh/followers",
            "following_url": "https://api.github.com/users/CharlieDinh/following{/other_user}",
            "gists_url": "https://api.github.com/users/CharlieDinh/gists{/gist_id}",
            "starred_url": "https://api.github.com/users/CharlieDinh/starred{/owner}{/repo}",
            "subscriptions_url": "https://api.github.com/users/CharlieDinh/subscriptions",
            "organizations_url": "https://api.github.com/users/CharlieDinh/orgs",
            "repos_url": "https://api.github.com/users/CharlieDinh/repos",
            "events_url": "https://api.github.com/users/CharlieDinh/events{/privacy}",
            "received_events_url": "https://api.github.com/users/CharlieDinh/received_events",
            "type": "User",
            "user_view_type": "public",
            "site_admin": false
        },
        "reactions": {
            "url": "https://api.github.com/repos/CharlieDinh/pFedMe/issues/11/reactions",
            "total_count": 0,
            "+1": 0,
            "-1": 0,
            "laugh": 0,
            "hooray": 0,
            "confused": 0,
            "heart": 0,
            "rocket": 0,
            "eyes": 0
        },
        "timeline_url": "https://api.github.com/repos/CharlieDinh/pFedMe/issues/11/timeline",
        "performed_via_github_app": null,
        "state_reason": "completed"
    },
    {
        "url": "https://api.github.com/repos/CharlieDinh/pFedMe/issues/10",
        "repository_url": "https://api.github.com/repos/CharlieDinh/pFedMe",
        "labels_url": "https://api.github.com/repos/CharlieDinh/pFedMe/issues/10/labels{/name}",
        "comments_url": "https://api.github.com/repos/CharlieDinh/pFedMe/issues/10/comments",
        "events_url": "https://api.github.com/repos/CharlieDinh/pFedMe/issues/10/events",
        "html_url": "https://github.com/CharlieDinh/pFedMe/issues/10",
        "id": 843147590,
        "node_id": "MDU6SXNzdWU4NDMxNDc1OTA=",
        "number": 10,
        "title": "Unable to generate non-iid MNIST Data",
        "user": {
            "login": "Sharad24",
            "id": 33530535,
            "node_id": "MDQ6VXNlcjMzNTMwNTM1",
            "avatar_url": "https://avatars.githubusercontent.com/u/33530535?v=4",
            "gravatar_id": "",
            "url": "https://api.github.com/users/Sharad24",
            "html_url": "https://github.com/Sharad24",
            "followers_url": "https://api.github.com/users/Sharad24/followers",
            "following_url": "https://api.github.com/users/Sharad24/following{/other_user}",
            "gists_url": "https://api.github.com/users/Sharad24/gists{/gist_id}",
            "starred_url": "https://api.github.com/users/Sharad24/starred{/owner}{/repo}",
            "subscriptions_url": "https://api.github.com/users/Sharad24/subscriptions",
            "organizations_url": "https://api.github.com/users/Sharad24/orgs",
            "repos_url": "https://api.github.com/users/Sharad24/repos",
            "events_url": "https://api.github.com/users/Sharad24/events{/privacy}",
            "received_events_url": "https://api.github.com/users/Sharad24/received_events",
            "type": "User",
            "user_view_type": "public",
            "site_admin": false
        },
        "labels": [],
        "state": "closed",
        "locked": false,
        "assignee": null,
        "assignees": [],
        "milestone": null,
        "comments": 4,
        "created_at": "2021-03-29T09:01:11Z",
        "updated_at": "2021-04-22T23:38:03Z",
        "closed_at": "2021-04-22T23:38:03Z",
        "author_association": "NONE",
        "active_lock_reason": null,
        "sub_issues_summary": {
            "total": 0,
            "completed": 0,
            "percent_completed": 0
        },
        "body": "**Describe the bug**\r\nWhile generation of the non-iid MNIST data, `generate_niid_20users.py` runs into an error\r\n\r\n**To Reproduce**\r\nSteps to reproduce the behavior:\r\n1. Go to 'data/Mnist'\r\n2. Run ```python generate_niid_20users.py```\r\n\r\n\r\nTrace\r\n```\r\n100%|\u2588\u2588\u2588\u2588\u2588\u2588\u2588\u2588\u2588\u2588\u2588\u2588\u2588\u2588\u2588\u2588\u2588\u2588\u2588\u2588\u2588\u2588\u2588\u2588\u2588\u2588\u2588\u2588\u2588\u2588\u2588\u2588\u2588\u2588\u2588\u2588\u2588\u2588\u2588\u2588\u2588\u2588\u2588\u2588\u2588\u2588\u2588\u2588\u2588\u2588\u2588\u2588\u2588\u2588\u2588\u2588\u2588\u2588\u2588\u2588\u2588\u2588\u2588\u2588\u2588\u2588\u2588\u2588\u2588\u2588\u2588\u2588\u2588\u2588\u2588\u2588\u2588\u2588\u2588\u2588\u2588\u2588\u2588\u2588\u2588\u2588\u2588\u2588\u2588\u2588\u2588\u2588\u2588\u2588\u2588\u2588\u2588\u2588\u2588\u2588\u2588\u2588\u2588\u2588\u2588\u2588\u2588\u2588\u2588\u2588\u2588\u2588\u2588\u2588\u2588\u2588\u2588\u2588\u2588\u2588\u2588\u2588\u2588\u2588\u2588\u2588\u2588\u2588\u2588\u2588| 10/10 [00:00<00:00, 38.74it/s]\r\n\r\nNumb samples of each label:\r\n [6903, 7877, 6990, 7141, 6824, 6313, 6876, 7293, 6825, 6958]\r\nidx 0        False\r\n1        False\r\n2        False\r\n3        False\r\n4         True\r\n         ...  \r\n69995    False\r\n69996    False\r\n69997    False\r\n69998    False\r\n69999    False\r\nName: class, Length: 70000, dtype: bool\r\n100%|\u2588\u2588\u2588\u2588\u2588\u2588\u2588\u2588\u2588\u2588\u2588\u2588\u2588\u2588\u2588\u2588\u2588\u2588\u2588\u2588\u2588\u2588\u2588\u2588\u2588\u2588\u2588\u2588\u2588\u2588\u2588\u2588\u2588\u2588\u2588\u2588\u2588\u2588\u2588\u2588\u2588\u2588\u2588\u2588\u2588\u2588\u2588\u2588\u2588\u2588\u2588\u2588\u2588\u2588\u2588\u2588\u2588\u2588\u2588\u2588\u2588\u2588\u2588\u2588\u2588\u2588\u2588\u2588\u2588\u2588\u2588\u2588\u2588\u2588\u2588\u2588\u2588\u2588\u2588\u2588\u2588\u2588\u2588\u2588\u2588\u2588\u2588\u2588\u2588\u2588\u2588\u2588\u2588\u2588\u2588\u2588\u2588\u2588\u2588\u2588\u2588\u2588\u2588\u2588\u2588\u2588\u2588\u2588\u2588\u2588\u2588\u2588\u2588\u2588\u2588\u2588\u2588\u2588\u2588\u2588\u2588\u2588\u2588\u2588\u2588\u2588| 20/20 [00:00<00:00, 135300.13it/s]\r\n--------------\r\n[0 1 2 3 4 5 6 7 8 9] [4 4 4 4 4 4 4 4 4 4]\r\n6903\r\n[2441, 1127, 1575, 1760]\r\n7877\r\n[2671, 1946, 1367, 1893]\r\n6990\r\n[2358, 1070, 841, 2721]\r\n7141\r\n[2630, 2202, 715, 1594]\r\n6824\r\n[1721, 1934, 1101, 2068]\r\n6313\r\n[2169, 1080, 1102, 1962]\r\n6876\r\n[2043, 1364, 1255, 2214]\r\n7293\r\n[2211, 2518, 598, 1966]\r\n6825\r\n[1506, 2480, 574, 2265]\r\n6958\r\n[1710, 1878, 1208, 2162]\r\n--------------\r\n[[2441, 1127, 1575, 1760], [2671, 1946, 1367, 1893], [2358, 1070, 841, 2721], [2630, 2202, 715, 1594], [1721, 1934, 1101, 2068], [2169, 1080, 1102, 1962], [2043, 1364, 1255, 2214], [2211, 2518, 598, 1966], [1506, 2480, 574, 2265], [1710, 1878, 1208, 2162]]\r\n[2441, 1127, 1575, 1760]\r\n[2671, 1946, 1367, 1893]\r\n[2358, 1070, 841, 2721]\r\n[2630, 2202, 715, 1594]\r\n[1721, 1934, 1101, 2068]\r\n[2169, 1080, 1102, 1962]\r\n[2043, 1364, 1255, 2214]\r\n[2211, 2518, 598, 1966]\r\n[1506, 2480, 574, 2265]\r\n[1710, 1878, 1208, 2162]\r\n[2441, 1127, 1575, 1760]\r\n[2671, 1946, 1367, 1893]\r\n[2358, 1070, 841, 2721]\r\n[2630, 2202, 715, 1594]\r\n[1721, 1934, 1101, 2068]\r\n[2169, 1080, 1102, 1962]\r\n[2043, 1364, 1255, 2214]\r\n[2211, 2518, 598, 1966]\r\n[1506, 2480, 574, 2265]\r\n[1710, 1878, 1208, 2162]\r\n[2441, 1127, 1575, 1760]\r\n[2671, 1946, 1367, 1893]\r\n[2358, 1070, 841, 2721]\r\n[2630, 2202, 715, 1594]\r\n[1721, 1934, 1101, 2068]\r\n[2169, 1080, 1102, 1962]\r\n[2043, 1364, 1255, 2214]\r\n[2211, 2518, 598, 1966]\r\n[1506, 2480, 574, 2265]\r\n[1710, 1878, 1208, 2162]\r\n[2441, 1127, 1575, 1760]\r\n[2671, 1946, 1367, 1893]\r\n[2358, 1070, 841, 2721]\r\n[2630, 2202, 715, 1594]\r\n[1721, 1934, 1101, 2068]\r\n[2169, 1080, 1102, 1962]\r\n[2043, 1364, 1255, 2214]\r\n[2211, 2518, 598, 1966]\r\n[1506, 2480, 574, 2265]\r\n[1710, 1878, 1208, 2162]\r\n--------------\r\n[2441, 2671, 2358, 2630, 1721, 2169, 2043, 2211, 1506, 1710, 1127, 1946, 1070, 2202, 1934, 1080, 1364, 2518, 2480, 1878, 1575, 1367, 841, 715, 1101, 1102, 1255, 598, 574, 1208, 1760, 1893, 2721, 1594, 2068, 1962, 2214, 1966, 2265, 2162]\r\n  0%|                                                                                                                                           | 0/20 [00:00<?, ?it/s]value of L 0\r\nvalue of count 0\r\n  0%|                                                                                                                                           | 0/20 [00:00<?, ?it/s]\r\nTraceback (most recent call last):\r\n  File \"generate_niid_20users.py\", line 86, in <module>\r\n    X[user] += mnist_data[l][idx[l]:num_samples].tolist()\r\n  File \"/Users/sharadchitlangia/miniconda3/envs/FL/lib/python3.6/site-packages/pandas/core/frame.py\", line 2881, in __getitem__\r\n    indexer = convert_to_index_sliceable(self, key)\r\n  File \"/Users/sharadchitlangia/miniconda3/envs/FL/lib/python3.6/site-packages/pandas/core/indexing.py\", line 2132, in convert_to_index_sliceable\r\n    return idx._convert_slice_indexer(key, kind=\"getitem\")\r\n  File \"/Users/sharadchitlangia/miniconda3/envs/FL/lib/python3.6/site-packages/pandas/core/indexes/base.py\", line 3159, in _convert_slice_indexer\r\n    self._validate_indexer(\"slice\", key.start, \"getitem\")\r\n  File \"/Users/sharadchitlangia/miniconda3/envs/FL/lib/python3.6/site-packages/pandas/core/indexes/base.py\", line 5000, in _validate_indexer\r\n    self._invalid_indexer(form, key)\r\n  File \"/Users/sharadchitlangia/miniconda3/envs/FL/lib/python3.6/site-packages/pandas/core/indexes/base.py\", line 3271, in _invalid_indexer\r\n    f\"cannot do {form} indexing on {type(self).__name__} with these \"\r\nTypeError: cannot do slice indexing on Int64Index with these indexers [False] of type bool_\r\n```",
        "closed_by": {
            "login": "CharlieDinh",
            "id": 44039773,
            "node_id": "MDQ6VXNlcjQ0MDM5Nzcz",
            "avatar_url": "https://avatars.githubusercontent.com/u/44039773?v=4",
            "gravatar_id": "",
            "url": "https://api.github.com/users/CharlieDinh",
            "html_url": "https://github.com/CharlieDinh",
            "followers_url": "https://api.github.com/users/CharlieDinh/followers",
            "following_url": "https://api.github.com/users/CharlieDinh/following{/other_user}",
            "gists_url": "https://api.github.com/users/CharlieDinh/gists{/gist_id}",
            "starred_url": "https://api.github.com/users/CharlieDinh/starred{/owner}{/repo}",
            "subscriptions_url": "https://api.github.com/users/CharlieDinh/subscriptions",
            "organizations_url": "https://api.github.com/users/CharlieDinh/orgs",
            "repos_url": "https://api.github.com/users/CharlieDinh/repos",
            "events_url": "https://api.github.com/users/CharlieDinh/events{/privacy}",
            "received_events_url": "https://api.github.com/users/CharlieDinh/received_events",
            "type": "User",
            "user_view_type": "public",
            "site_admin": false
        },
        "reactions": {
            "url": "https://api.github.com/repos/CharlieDinh/pFedMe/issues/10/reactions",
            "total_count": 0,
            "+1": 0,
            "-1": 0,
            "laugh": 0,
            "hooray": 0,
            "confused": 0,
            "heart": 0,
            "rocket": 0,
            "eyes": 0
        },
        "timeline_url": "https://api.github.com/repos/CharlieDinh/pFedMe/issues/10/timeline",
        "performed_via_github_app": null,
        "state_reason": "completed"
    },
    {
        "url": "https://api.github.com/repos/CharlieDinh/pFedMe/issues/8",
        "repository_url": "https://api.github.com/repos/CharlieDinh/pFedMe",
        "labels_url": "https://api.github.com/repos/CharlieDinh/pFedMe/issues/8/labels{/name}",
        "comments_url": "https://api.github.com/repos/CharlieDinh/pFedMe/issues/8/comments",
        "events_url": "https://api.github.com/repos/CharlieDinh/pFedMe/issues/8/events",
        "html_url": "https://github.com/CharlieDinh/pFedMe/issues/8",
        "id": 816598204,
        "node_id": "MDU6SXNzdWU4MTY1OTgyMDQ=",
        "number": 8,
        "title": "Is Per-FedAvg implemented properly?",
        "user": {
            "login": "chuanting",
            "id": 46556853,
            "node_id": "MDQ6VXNlcjQ2NTU2ODUz",
            "avatar_url": "https://avatars.githubusercontent.com/u/46556853?v=4",
            "gravatar_id": "",
            "url": "https://api.github.com/users/chuanting",
            "html_url": "https://github.com/chuanting",
            "followers_url": "https://api.github.com/users/chuanting/followers",
            "following_url": "https://api.github.com/users/chuanting/following{/other_user}",
            "gists_url": "https://api.github.com/users/chuanting/gists{/gist_id}",
            "starred_url": "https://api.github.com/users/chuanting/starred{/owner}{/repo}",
            "subscriptions_url": "https://api.github.com/users/chuanting/subscriptions",
            "organizations_url": "https://api.github.com/users/chuanting/orgs",
            "repos_url": "https://api.github.com/users/chuanting/repos",
            "events_url": "https://api.github.com/users/chuanting/events{/privacy}",
            "received_events_url": "https://api.github.com/users/chuanting/received_events",
            "type": "User",
            "user_view_type": "public",
            "site_admin": false
        },
        "labels": [],
        "state": "closed",
        "locked": false,
        "assignee": null,
        "assignees": [],
        "milestone": null,
        "comments": 11,
        "created_at": "2021-02-25T16:32:55Z",
        "updated_at": "2021-04-22T23:38:20Z",
        "closed_at": "2021-04-22T23:38:20Z",
        "author_association": "NONE",
        "active_lock_reason": null,
        "sub_issues_summary": {
            "total": 0,
            "completed": 0,
            "percent_completed": 0
        },
        "body": "In the code, when training Per-FedAvg, there are two steps, and each step sample a batch of data and perform parameter update. But in the MAML framework, I think the first step is to obtain a fast weight, and the second step is to update the parameters based on the fast weight of the first step. So why do you update the parameters two times?  Are the fundamental differences between Per-FedAvg and FedAvg lie in that the former performs two steps update and the latter performs a one-step update? Is this fair for FedAvg?",
        "closed_by": {
            "login": "CharlieDinh",
            "id": 44039773,
            "node_id": "MDQ6VXNlcjQ0MDM5Nzcz",
            "avatar_url": "https://avatars.githubusercontent.com/u/44039773?v=4",
            "gravatar_id": "",
            "url": "https://api.github.com/users/CharlieDinh",
            "html_url": "https://github.com/CharlieDinh",
            "followers_url": "https://api.github.com/users/CharlieDinh/followers",
            "following_url": "https://api.github.com/users/CharlieDinh/following{/other_user}",
            "gists_url": "https://api.github.com/users/CharlieDinh/gists{/gist_id}",
            "starred_url": "https://api.github.com/users/CharlieDinh/starred{/owner}{/repo}",
            "subscriptions_url": "https://api.github.com/users/CharlieDinh/subscriptions",
            "organizations_url": "https://api.github.com/users/CharlieDinh/orgs",
            "repos_url": "https://api.github.com/users/CharlieDinh/repos",
            "events_url": "https://api.github.com/users/CharlieDinh/events{/privacy}",
            "received_events_url": "https://api.github.com/users/CharlieDinh/received_events",
            "type": "User",
            "user_view_type": "public",
            "site_admin": false
        },
        "reactions": {
            "url": "https://api.github.com/repos/CharlieDinh/pFedMe/issues/8/reactions",
            "total_count": 0,
            "+1": 0,
            "-1": 0,
            "laugh": 0,
            "hooray": 0,
            "confused": 0,
            "heart": 0,
            "rocket": 0,
            "eyes": 0
        },
        "timeline_url": "https://api.github.com/repos/CharlieDinh/pFedMe/issues/8/timeline",
        "performed_via_github_app": null,
        "state_reason": "completed"
    },
    {
        "url": "https://api.github.com/repos/CharlieDinh/pFedMe/issues/7",
        "repository_url": "https://api.github.com/repos/CharlieDinh/pFedMe",
        "labels_url": "https://api.github.com/repos/CharlieDinh/pFedMe/issues/7/labels{/name}",
        "comments_url": "https://api.github.com/repos/CharlieDinh/pFedMe/issues/7/comments",
        "events_url": "https://api.github.com/repos/CharlieDinh/pFedMe/issues/7/events",
        "html_url": "https://github.com/CharlieDinh/pFedMe/issues/7",
        "id": 793104492,
        "node_id": "MDU6SXNzdWU3OTMxMDQ0OTI=",
        "number": 7,
        "title": "Cifar-10 running error",
        "user": {
            "login": "Abdullatif2",
            "id": 11934077,
            "node_id": "MDQ6VXNlcjExOTM0MDc3",
            "avatar_url": "https://avatars.githubusercontent.com/u/11934077?v=4",
            "gravatar_id": "",
            "url": "https://api.github.com/users/Abdullatif2",
            "html_url": "https://github.com/Abdullatif2",
            "followers_url": "https://api.github.com/users/Abdullatif2/followers",
            "following_url": "https://api.github.com/users/Abdullatif2/following{/other_user}",
            "gists_url": "https://api.github.com/users/Abdullatif2/gists{/gist_id}",
            "starred_url": "https://api.github.com/users/Abdullatif2/starred{/owner}{/repo}",
            "subscriptions_url": "https://api.github.com/users/Abdullatif2/subscriptions",
            "organizations_url": "https://api.github.com/users/Abdullatif2/orgs",
            "repos_url": "https://api.github.com/users/Abdullatif2/repos",
            "events_url": "https://api.github.com/users/Abdullatif2/events{/privacy}",
            "received_events_url": "https://api.github.com/users/Abdullatif2/received_events",
            "type": "User",
            "user_view_type": "public",
            "site_admin": false
        },
        "labels": [],
        "state": "closed",
        "locked": false,
        "assignee": null,
        "assignees": [],
        "milestone": null,
        "comments": 1,
        "created_at": "2021-01-25T07:11:24Z",
        "updated_at": "2021-02-02T03:39:42Z",
        "closed_at": "2021-02-02T03:39:42Z",
        "author_association": "NONE",
        "active_lock_reason": null,
        "sub_issues_summary": {
            "total": 0,
            "completed": 0,
            "percent_completed": 0
        },
        "body": "When I use Cifar-10 and Netcifar model, it shows me the following error:\r\n\r\nRuntimeError: Expected 4-dimensional input for 4-dimensional weight [16, 1, 2, 2], but got 3-dimensional input of size [1, 28, 28] instead.",
        "closed_by": {
            "login": "CharlieDinh",
            "id": 44039773,
            "node_id": "MDQ6VXNlcjQ0MDM5Nzcz",
            "avatar_url": "https://avatars.githubusercontent.com/u/44039773?v=4",
            "gravatar_id": "",
            "url": "https://api.github.com/users/CharlieDinh",
            "html_url": "https://github.com/CharlieDinh",
            "followers_url": "https://api.github.com/users/CharlieDinh/followers",
            "following_url": "https://api.github.com/users/CharlieDinh/following{/other_user}",
            "gists_url": "https://api.github.com/users/CharlieDinh/gists{/gist_id}",
            "starred_url": "https://api.github.com/users/CharlieDinh/starred{/owner}{/repo}",
            "subscriptions_url": "https://api.github.com/users/CharlieDinh/subscriptions",
            "organizations_url": "https://api.github.com/users/CharlieDinh/orgs",
            "repos_url": "https://api.github.com/users/CharlieDinh/repos",
            "events_url": "https://api.github.com/users/CharlieDinh/events{/privacy}",
            "received_events_url": "https://api.github.com/users/CharlieDinh/received_events",
            "type": "User",
            "user_view_type": "public",
            "site_admin": false
        },
        "reactions": {
            "url": "https://api.github.com/repos/CharlieDinh/pFedMe/issues/7/reactions",
            "total_count": 0,
            "+1": 0,
            "-1": 0,
            "laugh": 0,
            "hooray": 0,
            "confused": 0,
            "heart": 0,
            "rocket": 0,
            "eyes": 0
        },
        "timeline_url": "https://api.github.com/repos/CharlieDinh/pFedMe/issues/7/timeline",
        "performed_via_github_app": null,
        "state_reason": "completed"
    },
    {
        "url": "https://api.github.com/repos/CharlieDinh/pFedMe/issues/6",
        "repository_url": "https://api.github.com/repos/CharlieDinh/pFedMe",
        "labels_url": "https://api.github.com/repos/CharlieDinh/pFedMe/issues/6/labels{/name}",
        "comments_url": "https://api.github.com/repos/CharlieDinh/pFedMe/issues/6/comments",
        "events_url": "https://api.github.com/repos/CharlieDinh/pFedMe/issues/6/events",
        "html_url": "https://github.com/CharlieDinh/pFedMe/issues/6",
        "id": 782457268,
        "node_id": "MDU6SXNzdWU3ODI0NTcyNjg=",
        "number": 6,
        "title": "Why does FedAvg only train on 1 batch in each local epoch?",
        "user": {
            "login": "mengcz13",
            "id": 12379241,
            "node_id": "MDQ6VXNlcjEyMzc5MjQx",
            "avatar_url": "https://avatars.githubusercontent.com/u/12379241?v=4",
            "gravatar_id": "",
            "url": "https://api.github.com/users/mengcz13",
            "html_url": "https://github.com/mengcz13",
            "followers_url": "https://api.github.com/users/mengcz13/followers",
            "following_url": "https://api.github.com/users/mengcz13/following{/other_user}",
            "gists_url": "https://api.github.com/users/mengcz13/gists{/gist_id}",
            "starred_url": "https://api.github.com/users/mengcz13/starred{/owner}{/repo}",
            "subscriptions_url": "https://api.github.com/users/mengcz13/subscriptions",
            "organizations_url": "https://api.github.com/users/mengcz13/orgs",
            "repos_url": "https://api.github.com/users/mengcz13/repos",
            "events_url": "https://api.github.com/users/mengcz13/events{/privacy}",
            "received_events_url": "https://api.github.com/users/mengcz13/received_events",
            "type": "User",
            "user_view_type": "public",
            "site_admin": false
        },
        "labels": [],
        "state": "closed",
        "locked": false,
        "assignee": null,
        "assignees": [],
        "milestone": null,
        "comments": 2,
        "created_at": "2021-01-08T23:36:34Z",
        "updated_at": "2021-01-09T23:06:51Z",
        "closed_at": "2021-01-09T23:06:51Z",
        "author_association": "NONE",
        "active_lock_reason": null,
        "sub_issues_summary": {
            "total": 0,
            "completed": 0,
            "percent_completed": 0
        },
        "body": "https://github.com/CharlieDinh/pFedMe/blob/5060b3415b57a0d1f556cb119ffacfa37f3fc4ba/FLAlgorithms/users/useravg.py#L32\r\n\r\nThis disagrees with the original FederatedAveraging algorithm in ([https://arxiv.org/pdf/1602.05629.pdf](https://arxiv.org/pdf/1602.05629.pdf)), where the local model should be trained on all batches in each local epoch.\r\n\r\npFedMe and peravg also have the same behavior. Is there any reason for training with only 1 batch of data in each local epoch? Thanks!",
        "closed_by": {
            "login": "mengcz13",
            "id": 12379241,
            "node_id": "MDQ6VXNlcjEyMzc5MjQx",
            "avatar_url": "https://avatars.githubusercontent.com/u/12379241?v=4",
            "gravatar_id": "",
            "url": "https://api.github.com/users/mengcz13",
            "html_url": "https://github.com/mengcz13",
            "followers_url": "https://api.github.com/users/mengcz13/followers",
            "following_url": "https://api.github.com/users/mengcz13/following{/other_user}",
            "gists_url": "https://api.github.com/users/mengcz13/gists{/gist_id}",
            "starred_url": "https://api.github.com/users/mengcz13/starred{/owner}{/repo}",
            "subscriptions_url": "https://api.github.com/users/mengcz13/subscriptions",
            "organizations_url": "https://api.github.com/users/mengcz13/orgs",
            "repos_url": "https://api.github.com/users/mengcz13/repos",
            "events_url": "https://api.github.com/users/mengcz13/events{/privacy}",
            "received_events_url": "https://api.github.com/users/mengcz13/received_events",
            "type": "User",
            "user_view_type": "public",
            "site_admin": false
        },
        "reactions": {
            "url": "https://api.github.com/repos/CharlieDinh/pFedMe/issues/6/reactions",
            "total_count": 0,
            "+1": 0,
            "-1": 0,
            "laugh": 0,
            "hooray": 0,
            "confused": 0,
            "heart": 0,
            "rocket": 0,
            "eyes": 0
        },
        "timeline_url": "https://api.github.com/repos/CharlieDinh/pFedMe/issues/6/timeline",
        "performed_via_github_app": null,
        "state_reason": "completed"
    },
    {
        "url": "https://api.github.com/repos/CharlieDinh/pFedMe/issues/5",
        "repository_url": "https://api.github.com/repos/CharlieDinh/pFedMe",
        "labels_url": "https://api.github.com/repos/CharlieDinh/pFedMe/issues/5/labels{/name}",
        "comments_url": "https://api.github.com/repos/CharlieDinh/pFedMe/issues/5/comments",
        "events_url": "https://api.github.com/repos/CharlieDinh/pFedMe/issues/5/events",
        "html_url": "https://github.com/CharlieDinh/pFedMe/issues/5",
        "id": 780676849,
        "node_id": "MDU6SXNzdWU3ODA2NzY4NDk=",
        "number": 5,
        "title": "Some questions about your peper and your code",
        "user": {
            "login": "ty4b112",
            "id": 12560113,
            "node_id": "MDQ6VXNlcjEyNTYwMTEz",
            "avatar_url": "https://avatars.githubusercontent.com/u/12560113?v=4",
            "gravatar_id": "",
            "url": "https://api.github.com/users/ty4b112",
            "html_url": "https://github.com/ty4b112",
            "followers_url": "https://api.github.com/users/ty4b112/followers",
            "following_url": "https://api.github.com/users/ty4b112/following{/other_user}",
            "gists_url": "https://api.github.com/users/ty4b112/gists{/gist_id}",
            "starred_url": "https://api.github.com/users/ty4b112/starred{/owner}{/repo}",
            "subscriptions_url": "https://api.github.com/users/ty4b112/subscriptions",
            "organizations_url": "https://api.github.com/users/ty4b112/orgs",
            "repos_url": "https://api.github.com/users/ty4b112/repos",
            "events_url": "https://api.github.com/users/ty4b112/events{/privacy}",
            "received_events_url": "https://api.github.com/users/ty4b112/received_events",
            "type": "User",
            "user_view_type": "public",
            "site_admin": false
        },
        "labels": [],
        "state": "closed",
        "locked": false,
        "assignee": null,
        "assignees": [],
        "milestone": null,
        "comments": 2,
        "created_at": "2021-01-06T16:22:06Z",
        "updated_at": "2021-01-13T03:23:49Z",
        "closed_at": "2021-01-13T03:23:48Z",
        "author_association": "NONE",
        "active_lock_reason": null,
        "sub_issues_summary": {
            "total": 0,
            "completed": 0,
            "percent_completed": 0
        },
        "body": "Hi , I am very interested in your work. I have few questions.\r\n1. Does the model expressive power have great influence to pFedMe. \r\nYou propose a  personalized FL method so that clients with differen data statistics can train personalized models. pFedMe send the same parameter to each selected clients at the beginning of each glob_iteration, and each client begins to train their local model from this w. If the model has strong expressive power to fit most training data across many clients, will these clients still train their personalized models? Will pFedMe still outperform FedAvg?\r\n2. The code\r\nYou create variables local_model, persionalized_model, persionalized_model_bar for personalized FL, but it seems that you have never used persionalized_model and persionalized_model_bar is just a copy of local_model. Is there anything I missed?\r\n",
        "closed_by": {
            "login": "ty4b112",
            "id": 12560113,
            "node_id": "MDQ6VXNlcjEyNTYwMTEz",
            "avatar_url": "https://avatars.githubusercontent.com/u/12560113?v=4",
            "gravatar_id": "",
            "url": "https://api.github.com/users/ty4b112",
            "html_url": "https://github.com/ty4b112",
            "followers_url": "https://api.github.com/users/ty4b112/followers",
            "following_url": "https://api.github.com/users/ty4b112/following{/other_user}",
            "gists_url": "https://api.github.com/users/ty4b112/gists{/gist_id}",
            "starred_url": "https://api.github.com/users/ty4b112/starred{/owner}{/repo}",
            "subscriptions_url": "https://api.github.com/users/ty4b112/subscriptions",
            "organizations_url": "https://api.github.com/users/ty4b112/orgs",
            "repos_url": "https://api.github.com/users/ty4b112/repos",
            "events_url": "https://api.github.com/users/ty4b112/events{/privacy}",
            "received_events_url": "https://api.github.com/users/ty4b112/received_events",
            "type": "User",
            "user_view_type": "public",
            "site_admin": false
        },
        "reactions": {
            "url": "https://api.github.com/repos/CharlieDinh/pFedMe/issues/5/reactions",
            "total_count": 0,
            "+1": 0,
            "-1": 0,
            "laugh": 0,
            "hooray": 0,
            "confused": 0,
            "heart": 0,
            "rocket": 0,
            "eyes": 0
        },
        "timeline_url": "https://api.github.com/repos/CharlieDinh/pFedMe/issues/5/timeline",
        "performed_via_github_app": null,
        "state_reason": "completed"
    },
    {
        "url": "https://api.github.com/repos/CharlieDinh/pFedMe/issues/4",
        "repository_url": "https://api.github.com/repos/CharlieDinh/pFedMe",
        "labels_url": "https://api.github.com/repos/CharlieDinh/pFedMe/issues/4/labels{/name}",
        "comments_url": "https://api.github.com/repos/CharlieDinh/pFedMe/issues/4/comments",
        "events_url": "https://api.github.com/repos/CharlieDinh/pFedMe/issues/4/events",
        "html_url": "https://github.com/CharlieDinh/pFedMe/issues/4",
        "id": 744748947,
        "node_id": "MDU6SXNzdWU3NDQ3NDg5NDc=",
        "number": 4,
        "title": "A question about train_one_step() method.",
        "user": {
            "login": "sshpark",
            "id": 20206158,
            "node_id": "MDQ6VXNlcjIwMjA2MTU4",
            "avatar_url": "https://avatars.githubusercontent.com/u/20206158?v=4",
            "gravatar_id": "",
            "url": "https://api.github.com/users/sshpark",
            "html_url": "https://github.com/sshpark",
            "followers_url": "https://api.github.com/users/sshpark/followers",
            "following_url": "https://api.github.com/users/sshpark/following{/other_user}",
            "gists_url": "https://api.github.com/users/sshpark/gists{/gist_id}",
            "starred_url": "https://api.github.com/users/sshpark/starred{/owner}{/repo}",
            "subscriptions_url": "https://api.github.com/users/sshpark/subscriptions",
            "organizations_url": "https://api.github.com/users/sshpark/orgs",
            "repos_url": "https://api.github.com/users/sshpark/repos",
            "events_url": "https://api.github.com/users/sshpark/events{/privacy}",
            "received_events_url": "https://api.github.com/users/sshpark/received_events",
            "type": "User",
            "user_view_type": "public",
            "site_admin": false
        },
        "labels": [],
        "state": "closed",
        "locked": false,
        "assignee": null,
        "assignees": [],
        "milestone": null,
        "comments": 3,
        "created_at": "2020-11-17T13:43:26Z",
        "updated_at": "2020-11-27T07:23:14Z",
        "closed_at": "2020-11-27T07:23:14Z",
        "author_association": "CONTRIBUTOR",
        "active_lock_reason": null,
        "sub_issues_summary": {
            "total": 0,
            "completed": 0,
            "percent_completed": 0
        },
        "body": "https://github.com/CharlieDinh/pFedMe/blob/96863e05e799fb6ad23248c63824b0381d2bec11/FLAlgorithms/users/userperavg.py#L66\r\nHi CharlieDinh, I' m Sorry to take up your time. Can you tell me why `self.get_next_test_batch()` is used to do the update in the first step and then `self.get_next_train_batch()` is used to do the update in the second step? Can I do both updates with `self.get_next_train_batch()` ?",
        "closed_by": {
            "login": "sshpark",
            "id": 20206158,
            "node_id": "MDQ6VXNlcjIwMjA2MTU4",
            "avatar_url": "https://avatars.githubusercontent.com/u/20206158?v=4",
            "gravatar_id": "",
            "url": "https://api.github.com/users/sshpark",
            "html_url": "https://github.com/sshpark",
            "followers_url": "https://api.github.com/users/sshpark/followers",
            "following_url": "https://api.github.com/users/sshpark/following{/other_user}",
            "gists_url": "https://api.github.com/users/sshpark/gists{/gist_id}",
            "starred_url": "https://api.github.com/users/sshpark/starred{/owner}{/repo}",
            "subscriptions_url": "https://api.github.com/users/sshpark/subscriptions",
            "organizations_url": "https://api.github.com/users/sshpark/orgs",
            "repos_url": "https://api.github.com/users/sshpark/repos",
            "events_url": "https://api.github.com/users/sshpark/events{/privacy}",
            "received_events_url": "https://api.github.com/users/sshpark/received_events",
            "type": "User",
            "user_view_type": "public",
            "site_admin": false
        },
        "reactions": {
            "url": "https://api.github.com/repos/CharlieDinh/pFedMe/issues/4/reactions",
            "total_count": 0,
            "+1": 0,
            "-1": 0,
            "laugh": 0,
            "hooray": 0,
            "confused": 0,
            "heart": 0,
            "rocket": 0,
            "eyes": 0
        },
        "timeline_url": "https://api.github.com/repos/CharlieDinh/pFedMe/issues/4/timeline",
        "performed_via_github_app": null,
        "state_reason": "completed"
    },
    {
        "url": "https://api.github.com/repos/CharlieDinh/pFedMe/issues/3",
        "repository_url": "https://api.github.com/repos/CharlieDinh/pFedMe",
        "labels_url": "https://api.github.com/repos/CharlieDinh/pFedMe/issues/3/labels{/name}",
        "comments_url": "https://api.github.com/repos/CharlieDinh/pFedMe/issues/3/comments",
        "events_url": "https://api.github.com/repos/CharlieDinh/pFedMe/issues/3/events",
        "html_url": "https://github.com/CharlieDinh/pFedMe/issues/3",
        "id": 729137050,
        "node_id": "MDU6SXNzdWU3MjkxMzcwNTA=",
        "number": 3,
        "title": "UserpFedMe class",
        "user": {
            "login": "mehdimashayekhi",
            "id": 9326265,
            "node_id": "MDQ6VXNlcjkzMjYyNjU=",
            "avatar_url": "https://avatars.githubusercontent.com/u/9326265?v=4",
            "gravatar_id": "",
            "url": "https://api.github.com/users/mehdimashayekhi",
            "html_url": "https://github.com/mehdimashayekhi",
            "followers_url": "https://api.github.com/users/mehdimashayekhi/followers",
            "following_url": "https://api.github.com/users/mehdimashayekhi/following{/other_user}",
            "gists_url": "https://api.github.com/users/mehdimashayekhi/gists{/gist_id}",
            "starred_url": "https://api.github.com/users/mehdimashayekhi/starred{/owner}{/repo}",
            "subscriptions_url": "https://api.github.com/users/mehdimashayekhi/subscriptions",
            "organizations_url": "https://api.github.com/users/mehdimashayekhi/orgs",
            "repos_url": "https://api.github.com/users/mehdimashayekhi/repos",
            "events_url": "https://api.github.com/users/mehdimashayekhi/events{/privacy}",
            "received_events_url": "https://api.github.com/users/mehdimashayekhi/received_events",
            "type": "User",
            "user_view_type": "public",
            "site_admin": false
        },
        "labels": [],
        "state": "closed",
        "locked": false,
        "assignee": null,
        "assignees": [],
        "milestone": null,
        "comments": 4,
        "created_at": "2020-10-25T23:09:58Z",
        "updated_at": "2020-10-28T04:17:09Z",
        "closed_at": "2020-10-28T04:17:09Z",
        "author_association": "NONE",
        "active_lock_reason": null,
        "sub_issues_summary": {
            "total": 0,
            "completed": 0,
            "percent_completed": 0
        },
        "body": "Hi , thanks for sharing your code. I have few questions. First is about the model update inside `UserpFedMe` class. Specifically I don't quite understand this part https://github.com/CharlieDinh/pFedMe/blob/96863e05e799fb6ad23248c63824b0381d2bec11/FLAlgorithms/users/userpFedMe.py#L58. What this line is doing is basically updating the personalized parameters (`self.model.parameters()`) to the final updated parameters of `self.local_model`. Can you please explain this further ? I don't know, maybe I have missed something, but the `self.model.paramters()` are already updated inside the inner optimization as done here https://github.com/CharlieDinh/pFedMe/blob/96863e05e799fb6ad23248c63824b0381d2bec11/FLAlgorithms/optimizers/fedoptimizer.py#L64, and I don't understand why we do need to set them back to final local weight! Second Question is I don't understand this https://github.com/CharlieDinh/pFedMe/blob/96863e05e799fb6ad23248c63824b0381d2bec11/FLAlgorithms/users/userbase.py#L39. It makes sense to update `local_param` but do not quite get why we need to update `old_param`. Please correct me if I am wrong but the only reason I can think of is because we are evaluating on the final aggregated model. Third question is here https://github.com/CharlieDinh/pFedMe/blob/96863e05e799fb6ad23248c63824b0381d2bec11/FLAlgorithms/servers/serverpFedMe.py#L54 where we train on all users not selected users. Why is that ? thanks much",
        "closed_by": {
            "login": "CharlieDinh",
            "id": 44039773,
            "node_id": "MDQ6VXNlcjQ0MDM5Nzcz",
            "avatar_url": "https://avatars.githubusercontent.com/u/44039773?v=4",
            "gravatar_id": "",
            "url": "https://api.github.com/users/CharlieDinh",
            "html_url": "https://github.com/CharlieDinh",
            "followers_url": "https://api.github.com/users/CharlieDinh/followers",
            "following_url": "https://api.github.com/users/CharlieDinh/following{/other_user}",
            "gists_url": "https://api.github.com/users/CharlieDinh/gists{/gist_id}",
            "starred_url": "https://api.github.com/users/CharlieDinh/starred{/owner}{/repo}",
            "subscriptions_url": "https://api.github.com/users/CharlieDinh/subscriptions",
            "organizations_url": "https://api.github.com/users/CharlieDinh/orgs",
            "repos_url": "https://api.github.com/users/CharlieDinh/repos",
            "events_url": "https://api.github.com/users/CharlieDinh/events{/privacy}",
            "received_events_url": "https://api.github.com/users/CharlieDinh/received_events",
            "type": "User",
            "user_view_type": "public",
            "site_admin": false
        },
        "reactions": {
            "url": "https://api.github.com/repos/CharlieDinh/pFedMe/issues/3/reactions",
            "total_count": 0,
            "+1": 0,
            "-1": 0,
            "laugh": 0,
            "hooray": 0,
            "confused": 0,
            "heart": 0,
            "rocket": 0,
            "eyes": 0
        },
        "timeline_url": "https://api.github.com/repos/CharlieDinh/pFedMe/issues/3/timeline",
        "performed_via_github_app": null,
        "state_reason": "completed"
    },
    {
        "url": "https://api.github.com/repos/CharlieDinh/pFedMe/issues/2",
        "repository_url": "https://api.github.com/repos/CharlieDinh/pFedMe",
        "labels_url": "https://api.github.com/repos/CharlieDinh/pFedMe/issues/2/labels{/name}",
        "comments_url": "https://api.github.com/repos/CharlieDinh/pFedMe/issues/2/comments",
        "events_url": "https://api.github.com/repos/CharlieDinh/pFedMe/issues/2/events",
        "html_url": "https://github.com/CharlieDinh/pFedMe/issues/2",
        "id": 725883150,
        "node_id": "MDU6SXNzdWU3MjU4ODMxNTA=",
        "number": 2,
        "title": "Question about pFedMeOptimizer.",
        "user": {
            "login": "siddharthdivi",
            "id": 25533342,
            "node_id": "MDQ6VXNlcjI1NTMzMzQy",
            "avatar_url": "https://avatars.githubusercontent.com/u/25533342?v=4",
            "gravatar_id": "",
            "url": "https://api.github.com/users/siddharthdivi",
            "html_url": "https://github.com/siddharthdivi",
            "followers_url": "https://api.github.com/users/siddharthdivi/followers",
            "following_url": "https://api.github.com/users/siddharthdivi/following{/other_user}",
            "gists_url": "https://api.github.com/users/siddharthdivi/gists{/gist_id}",
            "starred_url": "https://api.github.com/users/siddharthdivi/starred{/owner}{/repo}",
            "subscriptions_url": "https://api.github.com/users/siddharthdivi/subscriptions",
            "organizations_url": "https://api.github.com/users/siddharthdivi/orgs",
            "repos_url": "https://api.github.com/users/siddharthdivi/repos",
            "events_url": "https://api.github.com/users/siddharthdivi/events{/privacy}",
            "received_events_url": "https://api.github.com/users/siddharthdivi/received_events",
            "type": "User",
            "user_view_type": "public",
            "site_admin": false
        },
        "labels": [],
        "state": "closed",
        "locked": false,
        "assignee": null,
        "assignees": [],
        "milestone": null,
        "comments": 2,
        "created_at": "2020-10-20T19:30:44Z",
        "updated_at": "2020-10-22T17:23:49Z",
        "closed_at": "2020-10-22T17:23:49Z",
        "author_association": "NONE",
        "active_lock_reason": null,
        "sub_issues_summary": {
            "total": 0,
            "completed": 0,
            "percent_completed": 0
        },
        "body": "[https://github.com/CharlieDinh/pFedMe/blob/96863e05e799fb6ad23248c63824b0381d2bec11/FLAlgorithms/optimizers/fedoptimizer.py#L64](https://github.com/CharlieDinh/pFedMe/blob/96863e05e799fb6ad23248c63824b0381d2bec11/FLAlgorithms/optimizers/fedoptimizer.py#L64)\r\nCan you please explain the update in this line? I'm not sure what 'mu' signifies here, as it is not present in the algorithm given on page 5 of the corresponding paper?",
        "closed_by": {
            "login": "siddharthdivi",
            "id": 25533342,
            "node_id": "MDQ6VXNlcjI1NTMzMzQy",
            "avatar_url": "https://avatars.githubusercontent.com/u/25533342?v=4",
            "gravatar_id": "",
            "url": "https://api.github.com/users/siddharthdivi",
            "html_url": "https://github.com/siddharthdivi",
            "followers_url": "https://api.github.com/users/siddharthdivi/followers",
            "following_url": "https://api.github.com/users/siddharthdivi/following{/other_user}",
            "gists_url": "https://api.github.com/users/siddharthdivi/gists{/gist_id}",
            "starred_url": "https://api.github.com/users/siddharthdivi/starred{/owner}{/repo}",
            "subscriptions_url": "https://api.github.com/users/siddharthdivi/subscriptions",
            "organizations_url": "https://api.github.com/users/siddharthdivi/orgs",
            "repos_url": "https://api.github.com/users/siddharthdivi/repos",
            "events_url": "https://api.github.com/users/siddharthdivi/events{/privacy}",
            "received_events_url": "https://api.github.com/users/siddharthdivi/received_events",
            "type": "User",
            "user_view_type": "public",
            "site_admin": false
        },
        "reactions": {
            "url": "https://api.github.com/repos/CharlieDinh/pFedMe/issues/2/reactions",
            "total_count": 0,
            "+1": 0,
            "-1": 0,
            "laugh": 0,
            "hooray": 0,
            "confused": 0,
            "heart": 0,
            "rocket": 0,
            "eyes": 0
        },
        "timeline_url": "https://api.github.com/repos/CharlieDinh/pFedMe/issues/2/timeline",
        "performed_via_github_app": null,
        "state_reason": "completed"
    },
    {
        "url": "https://api.github.com/repos/CharlieDinh/pFedMe/issues/1",
        "repository_url": "https://api.github.com/repos/CharlieDinh/pFedMe",
        "labels_url": "https://api.github.com/repos/CharlieDinh/pFedMe/issues/1/labels{/name}",
        "comments_url": "https://api.github.com/repos/CharlieDinh/pFedMe/issues/1/comments",
        "events_url": "https://api.github.com/repos/CharlieDinh/pFedMe/issues/1/events",
        "html_url": "https://github.com/CharlieDinh/pFedMe/issues/1",
        "id": 625388738,
        "node_id": "MDU6SXNzdWU2MjUzODg3Mzg=",
        "number": 1,
        "title": "Experiment image",
        "user": {
            "login": "CharlieDinh",
            "id": 44039773,
            "node_id": "MDQ6VXNlcjQ0MDM5Nzcz",
            "avatar_url": "https://avatars.githubusercontent.com/u/44039773?v=4",
            "gravatar_id": "",
            "url": "https://api.github.com/users/CharlieDinh",
            "html_url": "https://github.com/CharlieDinh",
            "followers_url": "https://api.github.com/users/CharlieDinh/followers",
            "following_url": "https://api.github.com/users/CharlieDinh/following{/other_user}",
            "gists_url": "https://api.github.com/users/CharlieDinh/gists{/gist_id}",
            "starred_url": "https://api.github.com/users/CharlieDinh/starred{/owner}{/repo}",
            "subscriptions_url": "https://api.github.com/users/CharlieDinh/subscriptions",
            "organizations_url": "https://api.github.com/users/CharlieDinh/orgs",
            "repos_url": "https://api.github.com/users/CharlieDinh/repos",
            "events_url": "https://api.github.com/users/CharlieDinh/events{/privacy}",
            "received_events_url": "https://api.github.com/users/CharlieDinh/received_events",
            "type": "User",
            "user_view_type": "public",
            "site_admin": false
        },
        "labels": [],
        "state": "closed",
        "locked": false,
        "assignee": null,
        "assignees": [],
        "milestone": null,
        "comments": 0,
        "created_at": "2020-05-27T05:26:34Z",
        "updated_at": "2020-08-20T01:37:41Z",
        "closed_at": "2020-08-20T01:37:41Z",
        "author_association": "OWNER",
        "active_lock_reason": null,
        "sub_issues_summary": {
            "total": 0,
            "completed": 0,
            "percent_completed": 0
        },
        "body": "![MNIST](https://user-images.githubusercontent.com/44039773/83833168-a9f59680-a72e-11ea-9787-88cc150fdb53.png)\r\n![SYNTHETIC](https://user-images.githubusercontent.com/44039773/83833171-ac57f080-a72e-11ea-90c7-c8480d275fff.png)\r\n![table](https://user-images.githubusercontent.com/44039773/83839182-9fdb9400-a73e-11ea-8416-9cdfcecacd75.png)\r\n\r\n",
        "closed_by": {
            "login": "CharlieDinh",
            "id": 44039773,
            "node_id": "MDQ6VXNlcjQ0MDM5Nzcz",
            "avatar_url": "https://avatars.githubusercontent.com/u/44039773?v=4",
            "gravatar_id": "",
            "url": "https://api.github.com/users/CharlieDinh",
            "html_url": "https://github.com/CharlieDinh",
            "followers_url": "https://api.github.com/users/CharlieDinh/followers",
            "following_url": "https://api.github.com/users/CharlieDinh/following{/other_user}",
            "gists_url": "https://api.github.com/users/CharlieDinh/gists{/gist_id}",
            "starred_url": "https://api.github.com/users/CharlieDinh/starred{/owner}{/repo}",
            "subscriptions_url": "https://api.github.com/users/CharlieDinh/subscriptions",
            "organizations_url": "https://api.github.com/users/CharlieDinh/orgs",
            "repos_url": "https://api.github.com/users/CharlieDinh/repos",
            "events_url": "https://api.github.com/users/CharlieDinh/events{/privacy}",
            "received_events_url": "https://api.github.com/users/CharlieDinh/received_events",
            "type": "User",
            "user_view_type": "public",
            "site_admin": false
        },
        "reactions": {
            "url": "https://api.github.com/repos/CharlieDinh/pFedMe/issues/1/reactions",
            "total_count": 0,
            "+1": 0,
            "-1": 0,
            "laugh": 0,
            "hooray": 0,
            "confused": 0,
            "heart": 0,
            "rocket": 0,
            "eyes": 0
        },
        "timeline_url": "https://api.github.com/repos/CharlieDinh/pFedMe/issues/1/timeline",
        "performed_via_github_app": null,
        "state_reason": "completed"
    }
]