[
    {
        "url": "https://api.github.com/repos/DensoITLab/Fed3DGS/issues/7",
        "repository_url": "https://api.github.com/repos/DensoITLab/Fed3DGS",
        "labels_url": "https://api.github.com/repos/DensoITLab/Fed3DGS/issues/7/labels{/name}",
        "comments_url": "https://api.github.com/repos/DensoITLab/Fed3DGS/issues/7/comments",
        "events_url": "https://api.github.com/repos/DensoITLab/Fed3DGS/issues/7/events",
        "html_url": "https://github.com/DensoITLab/Fed3DGS/issues/7",
        "id": 2533583920,
        "node_id": "I_kwDOLdXbUc6XA2ww",
        "number": 7,
        "title": "RuntimeError: CUDA out of memory",
        "user": {
            "login": "haggleSS",
            "id": 96783066,
            "node_id": "U_kgDOBcTK2g",
            "avatar_url": "https://avatars.githubusercontent.com/u/96783066?v=4",
            "gravatar_id": "",
            "url": "https://api.github.com/users/haggleSS",
            "html_url": "https://github.com/haggleSS",
            "followers_url": "https://api.github.com/users/haggleSS/followers",
            "following_url": "https://api.github.com/users/haggleSS/following{/other_user}",
            "gists_url": "https://api.github.com/users/haggleSS/gists{/gist_id}",
            "starred_url": "https://api.github.com/users/haggleSS/starred{/owner}{/repo}",
            "subscriptions_url": "https://api.github.com/users/haggleSS/subscriptions",
            "organizations_url": "https://api.github.com/users/haggleSS/orgs",
            "repos_url": "https://api.github.com/users/haggleSS/repos",
            "events_url": "https://api.github.com/users/haggleSS/events{/privacy}",
            "received_events_url": "https://api.github.com/users/haggleSS/received_events",
            "type": "User",
            "user_view_type": "public",
            "site_admin": false
        },
        "labels": [],
        "state": "open",
        "locked": false,
        "assignee": null,
        "assignees": [],
        "milestone": null,
        "comments": 3,
        "created_at": "2024-09-18T12:18:35Z",
        "updated_at": "2024-09-19T03:01:38Z",
        "closed_at": null,
        "author_association": "NONE",
        "type": null,
        "active_lock_reason": null,
        "sub_issues_summary": {
            "total": 0,
            "completed": 0,
            "percent_completed": 0
        },
        "body": "Excuse me, I'm encountering issues when building a global model; I am using a 4090 GPU with 24GB of VRAM; each client has 80 images\u3002  total 7 clients",
        "closed_by": null,
        "reactions": {
            "url": "https://api.github.com/repos/DensoITLab/Fed3DGS/issues/7/reactions",
            "total_count": 0,
            "+1": 0,
            "-1": 0,
            "laugh": 0,
            "hooray": 0,
            "confused": 0,
            "heart": 0,
            "rocket": 0,
            "eyes": 0
        },
        "timeline_url": "https://api.github.com/repos/DensoITLab/Fed3DGS/issues/7/timeline",
        "performed_via_github_app": null,
        "state_reason": null
    },
    {
        "url": "https://api.github.com/repos/DensoITLab/Fed3DGS/issues/6",
        "repository_url": "https://api.github.com/repos/DensoITLab/Fed3DGS",
        "labels_url": "https://api.github.com/repos/DensoITLab/Fed3DGS/issues/6/labels{/name}",
        "comments_url": "https://api.github.com/repos/DensoITLab/Fed3DGS/issues/6/comments",
        "events_url": "https://api.github.com/repos/DensoITLab/Fed3DGS/issues/6/events",
        "html_url": "https://github.com/DensoITLab/Fed3DGS/issues/6",
        "id": 2525892488,
        "node_id": "I_kwDOLdXbUc6Wjg-I",
        "number": 6,
        "title": "3DGS has been updated to many versions already, do we have any plans to adapt our code accordingly",
        "user": {
            "login": "haggleSS",
            "id": 96783066,
            "node_id": "U_kgDOBcTK2g",
            "avatar_url": "https://avatars.githubusercontent.com/u/96783066?v=4",
            "gravatar_id": "",
            "url": "https://api.github.com/users/haggleSS",
            "html_url": "https://github.com/haggleSS",
            "followers_url": "https://api.github.com/users/haggleSS/followers",
            "following_url": "https://api.github.com/users/haggleSS/following{/other_user}",
            "gists_url": "https://api.github.com/users/haggleSS/gists{/gist_id}",
            "starred_url": "https://api.github.com/users/haggleSS/starred{/owner}{/repo}",
            "subscriptions_url": "https://api.github.com/users/haggleSS/subscriptions",
            "organizations_url": "https://api.github.com/users/haggleSS/orgs",
            "repos_url": "https://api.github.com/users/haggleSS/repos",
            "events_url": "https://api.github.com/users/haggleSS/events{/privacy}",
            "received_events_url": "https://api.github.com/users/haggleSS/received_events",
            "type": "User",
            "user_view_type": "public",
            "site_admin": false
        },
        "labels": [],
        "state": "open",
        "locked": false,
        "assignee": null,
        "assignees": [],
        "milestone": null,
        "comments": 1,
        "created_at": "2024-09-14T00:27:55Z",
        "updated_at": "2024-09-15T11:47:33Z",
        "closed_at": null,
        "author_association": "NONE",
        "type": null,
        "active_lock_reason": null,
        "sub_issues_summary": {
            "total": 0,
            "completed": 0,
            "percent_completed": 0
        },
        "body": null,
        "closed_by": null,
        "reactions": {
            "url": "https://api.github.com/repos/DensoITLab/Fed3DGS/issues/6/reactions",
            "total_count": 0,
            "+1": 0,
            "-1": 0,
            "laugh": 0,
            "hooray": 0,
            "confused": 0,
            "heart": 0,
            "rocket": 0,
            "eyes": 0
        },
        "timeline_url": "https://api.github.com/repos/DensoITLab/Fed3DGS/issues/6/timeline",
        "performed_via_github_app": null,
        "state_reason": null
    },
    {
        "url": "https://api.github.com/repos/DensoITLab/Fed3DGS/issues/5",
        "repository_url": "https://api.github.com/repos/DensoITLab/Fed3DGS",
        "labels_url": "https://api.github.com/repos/DensoITLab/Fed3DGS/issues/5/labels{/name}",
        "comments_url": "https://api.github.com/repos/DensoITLab/Fed3DGS/issues/5/comments",
        "events_url": "https://api.github.com/repos/DensoITLab/Fed3DGS/issues/5/events",
        "html_url": "https://github.com/DensoITLab/Fed3DGS/issues/5",
        "id": 2401290646,
        "node_id": "I_kwDOLdXbUc6PIMmW",
        "number": 5,
        "title": "Results degrade with clients added",
        "user": {
            "login": "Pari-singh",
            "id": 24270022,
            "node_id": "MDQ6VXNlcjI0MjcwMDIy",
            "avatar_url": "https://avatars.githubusercontent.com/u/24270022?v=4",
            "gravatar_id": "",
            "url": "https://api.github.com/users/Pari-singh",
            "html_url": "https://github.com/Pari-singh",
            "followers_url": "https://api.github.com/users/Pari-singh/followers",
            "following_url": "https://api.github.com/users/Pari-singh/following{/other_user}",
            "gists_url": "https://api.github.com/users/Pari-singh/gists{/gist_id}",
            "starred_url": "https://api.github.com/users/Pari-singh/starred{/owner}{/repo}",
            "subscriptions_url": "https://api.github.com/users/Pari-singh/subscriptions",
            "organizations_url": "https://api.github.com/users/Pari-singh/orgs",
            "repos_url": "https://api.github.com/users/Pari-singh/repos",
            "events_url": "https://api.github.com/users/Pari-singh/events{/privacy}",
            "received_events_url": "https://api.github.com/users/Pari-singh/received_events",
            "type": "User",
            "user_view_type": "public",
            "site_admin": false
        },
        "labels": [],
        "state": "open",
        "locked": false,
        "assignee": null,
        "assignees": [],
        "milestone": null,
        "comments": 5,
        "created_at": "2024-07-10T17:15:33Z",
        "updated_at": "2024-07-27T06:18:49Z",
        "closed_at": null,
        "author_association": "NONE",
        "type": null,
        "active_lock_reason": null,
        "sub_issues_summary": {
            "total": 0,
            "completed": 0,
            "percent_completed": 0
        },
        "body": "Hi @perrying thanks for your amazing work!\r\nI ran the code for 1 client and 10 clients separately on public datasets. The quantitative and qualitative results differ by huge margin!\r\n![Screenshot from 2024-07-10 10-14-46](https://github.com/DensoITLab/Fed3DGS/assets/24270022/dc7308c7-f369-4ca8-be50-aadcd650d617)\r\n\r\nWould you know why? The way I performed training was to train all local models first and then update global model (as mentioned in the repo). Do you think that's what's causing the degradation? Should the global model be updated after each local model update? Should local models learn over time from the global model updates? \r\n",
        "closed_by": null,
        "reactions": {
            "url": "https://api.github.com/repos/DensoITLab/Fed3DGS/issues/5/reactions",
            "total_count": 0,
            "+1": 0,
            "-1": 0,
            "laugh": 0,
            "hooray": 0,
            "confused": 0,
            "heart": 0,
            "rocket": 0,
            "eyes": 0
        },
        "timeline_url": "https://api.github.com/repos/DensoITLab/Fed3DGS/issues/5/timeline",
        "performed_via_github_app": null,
        "state_reason": null
    },
    {
        "url": "https://api.github.com/repos/DensoITLab/Fed3DGS/issues/4",
        "repository_url": "https://api.github.com/repos/DensoITLab/Fed3DGS",
        "labels_url": "https://api.github.com/repos/DensoITLab/Fed3DGS/issues/4/labels{/name}",
        "comments_url": "https://api.github.com/repos/DensoITLab/Fed3DGS/issues/4/comments",
        "events_url": "https://api.github.com/repos/DensoITLab/Fed3DGS/issues/4/events",
        "html_url": "https://github.com/DensoITLab/Fed3DGS/issues/4",
        "id": 2330034983,
        "node_id": "I_kwDOLdXbUc6K4YMn",
        "number": 4,
        "title": "What is the effect of masking out half of the gt image\uff1f",
        "user": {
            "login": "Livioni",
            "id": 52649461,
            "node_id": "MDQ6VXNlcjUyNjQ5NDYx",
            "avatar_url": "https://avatars.githubusercontent.com/u/52649461?v=4",
            "gravatar_id": "",
            "url": "https://api.github.com/users/Livioni",
            "html_url": "https://github.com/Livioni",
            "followers_url": "https://api.github.com/users/Livioni/followers",
            "following_url": "https://api.github.com/users/Livioni/following{/other_user}",
            "gists_url": "https://api.github.com/users/Livioni/gists{/gist_id}",
            "starred_url": "https://api.github.com/users/Livioni/starred{/owner}{/repo}",
            "subscriptions_url": "https://api.github.com/users/Livioni/subscriptions",
            "organizations_url": "https://api.github.com/users/Livioni/orgs",
            "repos_url": "https://api.github.com/users/Livioni/repos",
            "events_url": "https://api.github.com/users/Livioni/events{/privacy}",
            "received_events_url": "https://api.github.com/users/Livioni/received_events",
            "type": "User",
            "user_view_type": "public",
            "site_admin": false
        },
        "labels": [],
        "state": "closed",
        "locked": false,
        "assignee": null,
        "assignees": [],
        "milestone": null,
        "comments": 2,
        "created_at": "2024-06-03T02:26:20Z",
        "updated_at": "2024-06-03T03:13:30Z",
        "closed_at": "2024-06-03T03:13:29Z",
        "author_association": "NONE",
        "type": null,
        "active_lock_reason": null,
        "sub_issues_summary": {
            "total": 0,
            "completed": 0,
            "percent_completed": 0
        },
        "body": "\r\nThanks for your job.\r\nI'm wondering what\u2019s the purpose of the following lines\r\n\r\n```python\r\n        if viewpoint_cam.is_val: # remove right-side pixels\r\n            gt_image = gt_image[..., :gt_image.shape[-1]//2]\r\n            image = image[..., :image.shape[-1]//2]\r\n```\r\nin\r\nhttps://github.com/DensoITLab/Fed3DGS/blob/9d9ca8d5429ed3e86c284fb5406ed941642fe768/gaussian-splatting/train.py#L104C1-L106C52",
        "closed_by": {
            "login": "Livioni",
            "id": 52649461,
            "node_id": "MDQ6VXNlcjUyNjQ5NDYx",
            "avatar_url": "https://avatars.githubusercontent.com/u/52649461?v=4",
            "gravatar_id": "",
            "url": "https://api.github.com/users/Livioni",
            "html_url": "https://github.com/Livioni",
            "followers_url": "https://api.github.com/users/Livioni/followers",
            "following_url": "https://api.github.com/users/Livioni/following{/other_user}",
            "gists_url": "https://api.github.com/users/Livioni/gists{/gist_id}",
            "starred_url": "https://api.github.com/users/Livioni/starred{/owner}{/repo}",
            "subscriptions_url": "https://api.github.com/users/Livioni/subscriptions",
            "organizations_url": "https://api.github.com/users/Livioni/orgs",
            "repos_url": "https://api.github.com/users/Livioni/repos",
            "events_url": "https://api.github.com/users/Livioni/events{/privacy}",
            "received_events_url": "https://api.github.com/users/Livioni/received_events",
            "type": "User",
            "user_view_type": "public",
            "site_admin": false
        },
        "reactions": {
            "url": "https://api.github.com/repos/DensoITLab/Fed3DGS/issues/4/reactions",
            "total_count": 0,
            "+1": 0,
            "-1": 0,
            "laugh": 0,
            "hooray": 0,
            "confused": 0,
            "heart": 0,
            "rocket": 0,
            "eyes": 0
        },
        "timeline_url": "https://api.github.com/repos/DensoITLab/Fed3DGS/issues/4/timeline",
        "performed_via_github_app": null,
        "state_reason": "completed"
    },
    {
        "url": "https://api.github.com/repos/DensoITLab/Fed3DGS/issues/3",
        "repository_url": "https://api.github.com/repos/DensoITLab/Fed3DGS",
        "labels_url": "https://api.github.com/repos/DensoITLab/Fed3DGS/issues/3/labels{/name}",
        "comments_url": "https://api.github.com/repos/DensoITLab/Fed3DGS/issues/3/comments",
        "events_url": "https://api.github.com/repos/DensoITLab/Fed3DGS/issues/3/events",
        "html_url": "https://github.com/DensoITLab/Fed3DGS/issues/3",
        "id": 2308605486,
        "node_id": "I_kwDOLdXbUc6JmoYu",
        "number": 3,
        "title": "different granularity of client models",
        "user": {
            "login": "KamiPan0601",
            "id": 140886589,
            "node_id": "U_kgDOCGXCPQ",
            "avatar_url": "https://avatars.githubusercontent.com/u/140886589?v=4",
            "gravatar_id": "",
            "url": "https://api.github.com/users/KamiPan0601",
            "html_url": "https://github.com/KamiPan0601",
            "followers_url": "https://api.github.com/users/KamiPan0601/followers",
            "following_url": "https://api.github.com/users/KamiPan0601/following{/other_user}",
            "gists_url": "https://api.github.com/users/KamiPan0601/gists{/gist_id}",
            "starred_url": "https://api.github.com/users/KamiPan0601/starred{/owner}{/repo}",
            "subscriptions_url": "https://api.github.com/users/KamiPan0601/subscriptions",
            "organizations_url": "https://api.github.com/users/KamiPan0601/orgs",
            "repos_url": "https://api.github.com/users/KamiPan0601/repos",
            "events_url": "https://api.github.com/users/KamiPan0601/events{/privacy}",
            "received_events_url": "https://api.github.com/users/KamiPan0601/received_events",
            "type": "User",
            "user_view_type": "public",
            "site_admin": false
        },
        "labels": [],
        "state": "closed",
        "locked": false,
        "assignee": null,
        "assignees": [],
        "milestone": null,
        "comments": 9,
        "created_at": "2024-05-21T15:48:14Z",
        "updated_at": "2024-05-31T07:16:29Z",
        "closed_at": "2024-05-31T07:14:22Z",
        "author_association": "NONE",
        "type": null,
        "active_lock_reason": null,
        "sub_issues_summary": {
            "total": 0,
            "completed": 0,
            "percent_completed": 0
        },
        "body": "Thanks for your job. I'd like to ask if different clients can train their models with different levels of granularity? (e.g. different resolution, sampling density between coarse and fine models) Are there any relevant details in the paper?",
        "closed_by": {
            "login": "KamiPan0601",
            "id": 140886589,
            "node_id": "U_kgDOCGXCPQ",
            "avatar_url": "https://avatars.githubusercontent.com/u/140886589?v=4",
            "gravatar_id": "",
            "url": "https://api.github.com/users/KamiPan0601",
            "html_url": "https://github.com/KamiPan0601",
            "followers_url": "https://api.github.com/users/KamiPan0601/followers",
            "following_url": "https://api.github.com/users/KamiPan0601/following{/other_user}",
            "gists_url": "https://api.github.com/users/KamiPan0601/gists{/gist_id}",
            "starred_url": "https://api.github.com/users/KamiPan0601/starred{/owner}{/repo}",
            "subscriptions_url": "https://api.github.com/users/KamiPan0601/subscriptions",
            "organizations_url": "https://api.github.com/users/KamiPan0601/orgs",
            "repos_url": "https://api.github.com/users/KamiPan0601/repos",
            "events_url": "https://api.github.com/users/KamiPan0601/events{/privacy}",
            "received_events_url": "https://api.github.com/users/KamiPan0601/received_events",
            "type": "User",
            "user_view_type": "public",
            "site_admin": false
        },
        "reactions": {
            "url": "https://api.github.com/repos/DensoITLab/Fed3DGS/issues/3/reactions",
            "total_count": 0,
            "+1": 0,
            "-1": 0,
            "laugh": 0,
            "hooray": 0,
            "confused": 0,
            "heart": 0,
            "rocket": 0,
            "eyes": 0
        },
        "timeline_url": "https://api.github.com/repos/DensoITLab/Fed3DGS/issues/3/timeline",
        "performed_via_github_app": null,
        "state_reason": "completed"
    },
    {
        "url": "https://api.github.com/repos/DensoITLab/Fed3DGS/issues/2",
        "repository_url": "https://api.github.com/repos/DensoITLab/Fed3DGS",
        "labels_url": "https://api.github.com/repos/DensoITLab/Fed3DGS/issues/2/labels{/name}",
        "comments_url": "https://api.github.com/repos/DensoITLab/Fed3DGS/issues/2/comments",
        "events_url": "https://api.github.com/repos/DensoITLab/Fed3DGS/issues/2/events",
        "html_url": "https://github.com/DensoITLab/Fed3DGS/issues/2",
        "id": 2308330116,
        "node_id": "I_kwDOLdXbUc6JllKE",
        "number": 2,
        "title": "Performance issue of the provided Gaussian model. ",
        "user": {
            "login": "lifuguan",
            "id": 17793134,
            "node_id": "MDQ6VXNlcjE3NzkzMTM0",
            "avatar_url": "https://avatars.githubusercontent.com/u/17793134?v=4",
            "gravatar_id": "",
            "url": "https://api.github.com/users/lifuguan",
            "html_url": "https://github.com/lifuguan",
            "followers_url": "https://api.github.com/users/lifuguan/followers",
            "following_url": "https://api.github.com/users/lifuguan/following{/other_user}",
            "gists_url": "https://api.github.com/users/lifuguan/gists{/gist_id}",
            "starred_url": "https://api.github.com/users/lifuguan/starred{/owner}{/repo}",
            "subscriptions_url": "https://api.github.com/users/lifuguan/subscriptions",
            "organizations_url": "https://api.github.com/users/lifuguan/orgs",
            "repos_url": "https://api.github.com/users/lifuguan/repos",
            "events_url": "https://api.github.com/users/lifuguan/events{/privacy}",
            "received_events_url": "https://api.github.com/users/lifuguan/received_events",
            "type": "User",
            "user_view_type": "public",
            "site_admin": false
        },
        "labels": [],
        "state": "closed",
        "locked": false,
        "assignee": null,
        "assignees": [],
        "milestone": null,
        "comments": 2,
        "created_at": "2024-05-21T13:34:48Z",
        "updated_at": "2024-05-22T02:40:30Z",
        "closed_at": "2024-05-22T02:40:30Z",
        "author_association": "NONE",
        "type": null,
        "active_lock_reason": null,
        "sub_issues_summary": {
            "total": 0,
            "completed": 0,
            "percent_completed": 0
        },
        "body": "Hi, \r\nI've tested the provided pre-trained model on Rubble. It seems the performance is pretty weird.\r\nThe PSNR  is 14dB, which is quite low.\r\n![image](https://github.com/DensoITLab/Fed3DGS/assets/17793134/977daea6-fc0c-4f75-af95-bc85da981268)\r\n![image](https://github.com/DensoITLab/Fed3DGS/assets/17793134/0ee815c4-bc87-4e65-9316-461d30e7a592)\r\n",
        "closed_by": {
            "login": "lifuguan",
            "id": 17793134,
            "node_id": "MDQ6VXNlcjE3NzkzMTM0",
            "avatar_url": "https://avatars.githubusercontent.com/u/17793134?v=4",
            "gravatar_id": "",
            "url": "https://api.github.com/users/lifuguan",
            "html_url": "https://github.com/lifuguan",
            "followers_url": "https://api.github.com/users/lifuguan/followers",
            "following_url": "https://api.github.com/users/lifuguan/following{/other_user}",
            "gists_url": "https://api.github.com/users/lifuguan/gists{/gist_id}",
            "starred_url": "https://api.github.com/users/lifuguan/starred{/owner}{/repo}",
            "subscriptions_url": "https://api.github.com/users/lifuguan/subscriptions",
            "organizations_url": "https://api.github.com/users/lifuguan/orgs",
            "repos_url": "https://api.github.com/users/lifuguan/repos",
            "events_url": "https://api.github.com/users/lifuguan/events{/privacy}",
            "received_events_url": "https://api.github.com/users/lifuguan/received_events",
            "type": "User",
            "user_view_type": "public",
            "site_admin": false
        },
        "reactions": {
            "url": "https://api.github.com/repos/DensoITLab/Fed3DGS/issues/2/reactions",
            "total_count": 0,
            "+1": 0,
            "-1": 0,
            "laugh": 0,
            "hooray": 0,
            "confused": 0,
            "heart": 0,
            "rocket": 0,
            "eyes": 0
        },
        "timeline_url": "https://api.github.com/repos/DensoITLab/Fed3DGS/issues/2/timeline",
        "performed_via_github_app": null,
        "state_reason": "completed"
    },
    {
        "url": "https://api.github.com/repos/DensoITLab/Fed3DGS/issues/1",
        "repository_url": "https://api.github.com/repos/DensoITLab/Fed3DGS",
        "labels_url": "https://api.github.com/repos/DensoITLab/Fed3DGS/issues/1/labels{/name}",
        "comments_url": "https://api.github.com/repos/DensoITLab/Fed3DGS/issues/1/comments",
        "events_url": "https://api.github.com/repos/DensoITLab/Fed3DGS/issues/1/events",
        "html_url": "https://github.com/DensoITLab/Fed3DGS/issues/1",
        "id": 2217627893,
        "node_id": "I_kwDOLdXbUc6ELlD1",
        "number": 1,
        "title": "Global Model Visualization",
        "user": {
            "login": "nchuwssf",
            "id": 61443536,
            "node_id": "MDQ6VXNlcjYxNDQzNTM2",
            "avatar_url": "https://avatars.githubusercontent.com/u/61443536?v=4",
            "gravatar_id": "",
            "url": "https://api.github.com/users/nchuwssf",
            "html_url": "https://github.com/nchuwssf",
            "followers_url": "https://api.github.com/users/nchuwssf/followers",
            "following_url": "https://api.github.com/users/nchuwssf/following{/other_user}",
            "gists_url": "https://api.github.com/users/nchuwssf/gists{/gist_id}",
            "starred_url": "https://api.github.com/users/nchuwssf/starred{/owner}{/repo}",
            "subscriptions_url": "https://api.github.com/users/nchuwssf/subscriptions",
            "organizations_url": "https://api.github.com/users/nchuwssf/orgs",
            "repos_url": "https://api.github.com/users/nchuwssf/repos",
            "events_url": "https://api.github.com/users/nchuwssf/events{/privacy}",
            "received_events_url": "https://api.github.com/users/nchuwssf/received_events",
            "type": "User",
            "user_view_type": "public",
            "site_admin": false
        },
        "labels": [],
        "state": "open",
        "locked": false,
        "assignee": null,
        "assignees": [],
        "milestone": null,
        "comments": 9,
        "created_at": "2024-04-01T06:28:10Z",
        "updated_at": "2024-06-28T08:01:52Z",
        "closed_at": null,
        "author_association": "NONE",
        "type": null,
        "active_lock_reason": null,
        "sub_issues_summary": {
            "total": 0,
            "completed": 0,
            "percent_completed": 0
        },
        "body": "Hi, I trained the global model, how should I visualize it",
        "closed_by": null,
        "reactions": {
            "url": "https://api.github.com/repos/DensoITLab/Fed3DGS/issues/1/reactions",
            "total_count": 0,
            "+1": 0,
            "-1": 0,
            "laugh": 0,
            "hooray": 0,
            "confused": 0,
            "heart": 0,
            "rocket": 0,
            "eyes": 0
        },
        "timeline_url": "https://api.github.com/repos/DensoITLab/Fed3DGS/issues/1/timeline",
        "performed_via_github_app": null,
        "state_reason": null
    }
]