[
    {
        "url": "https://api.github.com/repos/diogenes0319/FedMD_clean/issues/7",
        "repository_url": "https://api.github.com/repos/diogenes0319/FedMD_clean",
        "labels_url": "https://api.github.com/repos/diogenes0319/FedMD_clean/issues/7/labels{/name}",
        "comments_url": "https://api.github.com/repos/diogenes0319/FedMD_clean/issues/7/comments",
        "events_url": "https://api.github.com/repos/diogenes0319/FedMD_clean/issues/7/events",
        "html_url": "https://github.com/diogenes0319/FedMD_clean/issues/7",
        "id": 2260786330,
        "node_id": "I_kwDODZJ0Yc6GwNya",
        "number": 7,
        "title": "The test accuracy achieve highest at digest phase, and decreased at revisit phase.",
        "user": {
            "login": "horanshi",
            "id": 115019646,
            "node_id": "U_kgDOBtsPfg",
            "avatar_url": "https://avatars.githubusercontent.com/u/115019646?v=4",
            "gravatar_id": "",
            "url": "https://api.github.com/users/horanshi",
            "html_url": "https://github.com/horanshi",
            "followers_url": "https://api.github.com/users/horanshi/followers",
            "following_url": "https://api.github.com/users/horanshi/following{/other_user}",
            "gists_url": "https://api.github.com/users/horanshi/gists{/gist_id}",
            "starred_url": "https://api.github.com/users/horanshi/starred{/owner}{/repo}",
            "subscriptions_url": "https://api.github.com/users/horanshi/subscriptions",
            "organizations_url": "https://api.github.com/users/horanshi/orgs",
            "repos_url": "https://api.github.com/users/horanshi/repos",
            "events_url": "https://api.github.com/users/horanshi/events{/privacy}",
            "received_events_url": "https://api.github.com/users/horanshi/received_events",
            "type": "User",
            "user_view_type": "public",
            "site_admin": false
        },
        "labels": [],
        "state": "open",
        "locked": false,
        "assignee": null,
        "assignees": [],
        "milestone": null,
        "comments": 0,
        "created_at": "2024-04-24T09:04:02Z",
        "updated_at": "2024-04-24T09:04:02Z",
        "closed_at": null,
        "author_association": "NONE",
        "active_lock_reason": null,
        "sub_issues_summary": {
            "total": 0,
            "completed": 0,
            "percent_completed": 0
        },
        "body": "Hi,\r\nWhen I use this code to do the experiment on CIFAR10, I find that the test accuracy achieve highest at digest phase, and decreased greatly at revisit phase, is this normal\uff1fShould the clients take the model after the digest phase instead of the revisit phase?",
        "closed_by": null,
        "reactions": {
            "url": "https://api.github.com/repos/diogenes0319/FedMD_clean/issues/7/reactions",
            "total_count": 0,
            "+1": 0,
            "-1": 0,
            "laugh": 0,
            "hooray": 0,
            "confused": 0,
            "heart": 0,
            "rocket": 0,
            "eyes": 0
        },
        "timeline_url": "https://api.github.com/repos/diogenes0319/FedMD_clean/issues/7/timeline",
        "performed_via_github_app": null,
        "state_reason": null
    },
    {
        "url": "https://api.github.com/repos/diogenes0319/FedMD_clean/issues/6",
        "repository_url": "https://api.github.com/repos/diogenes0319/FedMD_clean",
        "labels_url": "https://api.github.com/repos/diogenes0319/FedMD_clean/issues/6/labels{/name}",
        "comments_url": "https://api.github.com/repos/diogenes0319/FedMD_clean/issues/6/comments",
        "events_url": "https://api.github.com/repos/diogenes0319/FedMD_clean/issues/6/events",
        "html_url": "https://github.com/diogenes0319/FedMD_clean/issues/6",
        "id": 1332618442,
        "node_id": "I_kwDODZJ0Yc5PbiTK",
        "number": 6,
        "title": "Can't find a file indicates package versions. Could you provide a .yaml file or something similar? Thank you~",
        "user": {
            "login": "xuehai-zhou",
            "id": 56242753,
            "node_id": "MDQ6VXNlcjU2MjQyNzUz",
            "avatar_url": "https://avatars.githubusercontent.com/u/56242753?v=4",
            "gravatar_id": "",
            "url": "https://api.github.com/users/xuehai-zhou",
            "html_url": "https://github.com/xuehai-zhou",
            "followers_url": "https://api.github.com/users/xuehai-zhou/followers",
            "following_url": "https://api.github.com/users/xuehai-zhou/following{/other_user}",
            "gists_url": "https://api.github.com/users/xuehai-zhou/gists{/gist_id}",
            "starred_url": "https://api.github.com/users/xuehai-zhou/starred{/owner}{/repo}",
            "subscriptions_url": "https://api.github.com/users/xuehai-zhou/subscriptions",
            "organizations_url": "https://api.github.com/users/xuehai-zhou/orgs",
            "repos_url": "https://api.github.com/users/xuehai-zhou/repos",
            "events_url": "https://api.github.com/users/xuehai-zhou/events{/privacy}",
            "received_events_url": "https://api.github.com/users/xuehai-zhou/received_events",
            "type": "User",
            "user_view_type": "public",
            "site_admin": false
        },
        "labels": [],
        "state": "open",
        "locked": false,
        "assignee": null,
        "assignees": [],
        "milestone": null,
        "comments": 0,
        "created_at": "2022-08-09T02:21:41Z",
        "updated_at": "2022-08-09T02:22:04Z",
        "closed_at": null,
        "author_association": "NONE",
        "active_lock_reason": null,
        "sub_issues_summary": {
            "total": 0,
            "completed": 0,
            "percent_completed": 0
        },
        "body": null,
        "closed_by": null,
        "reactions": {
            "url": "https://api.github.com/repos/diogenes0319/FedMD_clean/issues/6/reactions",
            "total_count": 0,
            "+1": 0,
            "-1": 0,
            "laugh": 0,
            "hooray": 0,
            "confused": 0,
            "heart": 0,
            "rocket": 0,
            "eyes": 0
        },
        "timeline_url": "https://api.github.com/repos/diogenes0319/FedMD_clean/issues/6/timeline",
        "performed_via_github_app": null,
        "state_reason": null
    },
    {
        "url": "https://api.github.com/repos/diogenes0319/FedMD_clean/issues/5",
        "repository_url": "https://api.github.com/repos/diogenes0319/FedMD_clean",
        "labels_url": "https://api.github.com/repos/diogenes0319/FedMD_clean/issues/5/labels{/name}",
        "comments_url": "https://api.github.com/repos/diogenes0319/FedMD_clean/issues/5/comments",
        "events_url": "https://api.github.com/repos/diogenes0319/FedMD_clean/issues/5/events",
        "html_url": "https://github.com/diogenes0319/FedMD_clean/issues/5",
        "id": 1287395189,
        "node_id": "I_kwDODZJ0Yc5MvBd1",
        "number": 5,
        "title": "Applicability of FedMD for regression tasks",
        "user": {
            "login": "anushiya1",
            "id": 11729317,
            "node_id": "MDQ6VXNlcjExNzI5MzE3",
            "avatar_url": "https://avatars.githubusercontent.com/u/11729317?v=4",
            "gravatar_id": "",
            "url": "https://api.github.com/users/anushiya1",
            "html_url": "https://github.com/anushiya1",
            "followers_url": "https://api.github.com/users/anushiya1/followers",
            "following_url": "https://api.github.com/users/anushiya1/following{/other_user}",
            "gists_url": "https://api.github.com/users/anushiya1/gists{/gist_id}",
            "starred_url": "https://api.github.com/users/anushiya1/starred{/owner}{/repo}",
            "subscriptions_url": "https://api.github.com/users/anushiya1/subscriptions",
            "organizations_url": "https://api.github.com/users/anushiya1/orgs",
            "repos_url": "https://api.github.com/users/anushiya1/repos",
            "events_url": "https://api.github.com/users/anushiya1/events{/privacy}",
            "received_events_url": "https://api.github.com/users/anushiya1/received_events",
            "type": "User",
            "user_view_type": "public",
            "site_admin": false
        },
        "labels": [],
        "state": "open",
        "locked": false,
        "assignee": null,
        "assignees": [],
        "milestone": null,
        "comments": 0,
        "created_at": "2022-06-28T13:57:47Z",
        "updated_at": "2022-06-28T13:57:47Z",
        "closed_at": null,
        "author_association": "NONE",
        "active_lock_reason": null,
        "sub_issues_summary": {
            "total": 0,
            "completed": 0,
            "percent_completed": 0
        },
        "body": "Hi Junpu,\r\n\r\nThank you for the interesting paper and the public code. I understand that FedMD works on classification tasks. May I check if it is also applicable for time series regression modelling?\r\n\r\nThank you!",
        "closed_by": null,
        "reactions": {
            "url": "https://api.github.com/repos/diogenes0319/FedMD_clean/issues/5/reactions",
            "total_count": 0,
            "+1": 0,
            "-1": 0,
            "laugh": 0,
            "hooray": 0,
            "confused": 0,
            "heart": 0,
            "rocket": 0,
            "eyes": 0
        },
        "timeline_url": "https://api.github.com/repos/diogenes0319/FedMD_clean/issues/5/timeline",
        "performed_via_github_app": null,
        "state_reason": null
    },
    {
        "url": "https://api.github.com/repos/diogenes0319/FedMD_clean/issues/4",
        "repository_url": "https://api.github.com/repos/diogenes0319/FedMD_clean",
        "labels_url": "https://api.github.com/repos/diogenes0319/FedMD_clean/issues/4/labels{/name}",
        "comments_url": "https://api.github.com/repos/diogenes0319/FedMD_clean/issues/4/comments",
        "events_url": "https://api.github.com/repos/diogenes0319/FedMD_clean/issues/4/events",
        "html_url": "https://github.com/diogenes0319/FedMD_clean/issues/4",
        "id": 916821431,
        "node_id": "MDU6SXNzdWU5MTY4MjE0MzE=",
        "number": 4,
        "title": "Diagram of simulation results",
        "user": {
            "login": "HeiXiao1226",
            "id": 85657321,
            "node_id": "MDQ6VXNlcjg1NjU3MzIx",
            "avatar_url": "https://avatars.githubusercontent.com/u/85657321?v=4",
            "gravatar_id": "",
            "url": "https://api.github.com/users/HeiXiao1226",
            "html_url": "https://github.com/HeiXiao1226",
            "followers_url": "https://api.github.com/users/HeiXiao1226/followers",
            "following_url": "https://api.github.com/users/HeiXiao1226/following{/other_user}",
            "gists_url": "https://api.github.com/users/HeiXiao1226/gists{/gist_id}",
            "starred_url": "https://api.github.com/users/HeiXiao1226/starred{/owner}{/repo}",
            "subscriptions_url": "https://api.github.com/users/HeiXiao1226/subscriptions",
            "organizations_url": "https://api.github.com/users/HeiXiao1226/orgs",
            "repos_url": "https://api.github.com/users/HeiXiao1226/repos",
            "events_url": "https://api.github.com/users/HeiXiao1226/events{/privacy}",
            "received_events_url": "https://api.github.com/users/HeiXiao1226/received_events",
            "type": "User",
            "user_view_type": "public",
            "site_admin": false
        },
        "labels": [],
        "state": "open",
        "locked": false,
        "assignee": null,
        "assignees": [],
        "milestone": null,
        "comments": 0,
        "created_at": "2021-06-10T02:22:31Z",
        "updated_at": "2021-06-10T02:22:31Z",
        "closed_at": null,
        "author_association": "NONE",
        "active_lock_reason": null,
        "sub_issues_summary": {
            "total": 0,
            "completed": 0,
            "percent_completed": 0
        },
        "body": "Hi, there! May I ask that where can I see the program result chart?Are the pictures automatically generated after the program has been run?If the program is not finished, the result graph can not be viewed?",
        "closed_by": null,
        "reactions": {
            "url": "https://api.github.com/repos/diogenes0319/FedMD_clean/issues/4/reactions",
            "total_count": 0,
            "+1": 0,
            "-1": 0,
            "laugh": 0,
            "hooray": 0,
            "confused": 0,
            "heart": 0,
            "rocket": 0,
            "eyes": 0
        },
        "timeline_url": "https://api.github.com/repos/diogenes0319/FedMD_clean/issues/4/timeline",
        "performed_via_github_app": null,
        "state_reason": null
    },
    {
        "url": "https://api.github.com/repos/diogenes0319/FedMD_clean/issues/3",
        "repository_url": "https://api.github.com/repos/diogenes0319/FedMD_clean",
        "labels_url": "https://api.github.com/repos/diogenes0319/FedMD_clean/issues/3/labels{/name}",
        "comments_url": "https://api.github.com/repos/diogenes0319/FedMD_clean/issues/3/comments",
        "events_url": "https://api.github.com/repos/diogenes0319/FedMD_clean/issues/3/events",
        "html_url": "https://github.com/diogenes0319/FedMD_clean/issues/3",
        "id": 907926015,
        "node_id": "MDU6SXNzdWU5MDc5MjYwMTU=",
        "number": 3,
        "title": "ValueError: Layer model expects 1 input(s), but it received 2 input tensors",
        "user": {
            "login": "zhanghui-svg",
            "id": 82590486,
            "node_id": "MDQ6VXNlcjgyNTkwNDg2",
            "avatar_url": "https://avatars.githubusercontent.com/u/82590486?v=4",
            "gravatar_id": "",
            "url": "https://api.github.com/users/zhanghui-svg",
            "html_url": "https://github.com/zhanghui-svg",
            "followers_url": "https://api.github.com/users/zhanghui-svg/followers",
            "following_url": "https://api.github.com/users/zhanghui-svg/following{/other_user}",
            "gists_url": "https://api.github.com/users/zhanghui-svg/gists{/gist_id}",
            "starred_url": "https://api.github.com/users/zhanghui-svg/starred{/owner}{/repo}",
            "subscriptions_url": "https://api.github.com/users/zhanghui-svg/subscriptions",
            "organizations_url": "https://api.github.com/users/zhanghui-svg/orgs",
            "repos_url": "https://api.github.com/users/zhanghui-svg/repos",
            "events_url": "https://api.github.com/users/zhanghui-svg/events{/privacy}",
            "received_events_url": "https://api.github.com/users/zhanghui-svg/received_events",
            "type": "User",
            "user_view_type": "public",
            "site_admin": false
        },
        "labels": [],
        "state": "open",
        "locked": false,
        "assignee": null,
        "assignees": [],
        "milestone": null,
        "comments": 6,
        "created_at": "2021-06-01T06:05:30Z",
        "updated_at": "2021-06-04T00:39:23Z",
        "closed_at": null,
        "author_association": "NONE",
        "active_lock_reason": null,
        "sub_issues_summary": {
            "total": 0,
            "completed": 0,
            "percent_completed": 0
        },
        "body": "Hello, I have encountered the following problem but failed to find a solution. Could you have a look\uff1f\r\n\u201cValueError: Layer model expects 1 input(s), but it received 2 input tensors. Inputs received: [<tf.Tensor 'IteratorGetNext:0' shape=(None, 32, 32, 3) dtype=float32>, <tf.Tensor 'ExpandDims:0' shape=(None, 1) dtype=uint8>]\u201d",
        "closed_by": null,
        "reactions": {
            "url": "https://api.github.com/repos/diogenes0319/FedMD_clean/issues/3/reactions",
            "total_count": 0,
            "+1": 0,
            "-1": 0,
            "laugh": 0,
            "hooray": 0,
            "confused": 0,
            "heart": 0,
            "rocket": 0,
            "eyes": 0
        },
        "timeline_url": "https://api.github.com/repos/diogenes0319/FedMD_clean/issues/3/timeline",
        "performed_via_github_app": null,
        "state_reason": null
    },
    {
        "url": "https://api.github.com/repos/diogenes0319/FedMD_clean/issues/2",
        "repository_url": "https://api.github.com/repos/diogenes0319/FedMD_clean",
        "labels_url": "https://api.github.com/repos/diogenes0319/FedMD_clean/issues/2/labels{/name}",
        "comments_url": "https://api.github.com/repos/diogenes0319/FedMD_clean/issues/2/comments",
        "events_url": "https://api.github.com/repos/diogenes0319/FedMD_clean/issues/2/events",
        "html_url": "https://github.com/diogenes0319/FedMD_clean/issues/2",
        "id": 876226839,
        "node_id": "MDU6SXNzdWU4NzYyMjY4Mzk=",
        "number": 2,
        "title": "ValueError: Layer model expects 1 input(s), but it received 2 input tensors.",
        "user": {
            "login": "GaoTiaoKang",
            "id": 75081790,
            "node_id": "MDQ6VXNlcjc1MDgxNzkw",
            "avatar_url": "https://avatars.githubusercontent.com/u/75081790?v=4",
            "gravatar_id": "",
            "url": "https://api.github.com/users/GaoTiaoKang",
            "html_url": "https://github.com/GaoTiaoKang",
            "followers_url": "https://api.github.com/users/GaoTiaoKang/followers",
            "following_url": "https://api.github.com/users/GaoTiaoKang/following{/other_user}",
            "gists_url": "https://api.github.com/users/GaoTiaoKang/gists{/gist_id}",
            "starred_url": "https://api.github.com/users/GaoTiaoKang/starred{/owner}{/repo}",
            "subscriptions_url": "https://api.github.com/users/GaoTiaoKang/subscriptions",
            "organizations_url": "https://api.github.com/users/GaoTiaoKang/orgs",
            "repos_url": "https://api.github.com/users/GaoTiaoKang/repos",
            "events_url": "https://api.github.com/users/GaoTiaoKang/events{/privacy}",
            "received_events_url": "https://api.github.com/users/GaoTiaoKang/received_events",
            "type": "User",
            "user_view_type": "public",
            "site_admin": false
        },
        "labels": [],
        "state": "closed",
        "locked": false,
        "assignee": null,
        "assignees": [],
        "milestone": null,
        "comments": 2,
        "created_at": "2021-05-05T08:56:01Z",
        "updated_at": "2021-06-03T05:05:17Z",
        "closed_at": "2021-06-03T05:05:17Z",
        "author_association": "NONE",
        "active_lock_reason": null,
        "sub_issues_summary": {
            "total": 0,
            "completed": 0,
            "percent_completed": 0
        },
        "body": "",
        "closed_by": {
            "login": "diogenes0319",
            "id": 45859837,
            "node_id": "MDQ6VXNlcjQ1ODU5ODM3",
            "avatar_url": "https://avatars.githubusercontent.com/u/45859837?v=4",
            "gravatar_id": "",
            "url": "https://api.github.com/users/diogenes0319",
            "html_url": "https://github.com/diogenes0319",
            "followers_url": "https://api.github.com/users/diogenes0319/followers",
            "following_url": "https://api.github.com/users/diogenes0319/following{/other_user}",
            "gists_url": "https://api.github.com/users/diogenes0319/gists{/gist_id}",
            "starred_url": "https://api.github.com/users/diogenes0319/starred{/owner}{/repo}",
            "subscriptions_url": "https://api.github.com/users/diogenes0319/subscriptions",
            "organizations_url": "https://api.github.com/users/diogenes0319/orgs",
            "repos_url": "https://api.github.com/users/diogenes0319/repos",
            "events_url": "https://api.github.com/users/diogenes0319/events{/privacy}",
            "received_events_url": "https://api.github.com/users/diogenes0319/received_events",
            "type": "User",
            "user_view_type": "public",
            "site_admin": false
        },
        "reactions": {
            "url": "https://api.github.com/repos/diogenes0319/FedMD_clean/issues/2/reactions",
            "total_count": 0,
            "+1": 0,
            "-1": 0,
            "laugh": 0,
            "hooray": 0,
            "confused": 0,
            "heart": 0,
            "rocket": 0,
            "eyes": 0
        },
        "timeline_url": "https://api.github.com/repos/diogenes0319/FedMD_clean/issues/2/timeline",
        "performed_via_github_app": null,
        "state_reason": "completed"
    },
    {
        "url": "https://api.github.com/repos/diogenes0319/FedMD_clean/issues/1",
        "repository_url": "https://api.github.com/repos/diogenes0319/FedMD_clean",
        "labels_url": "https://api.github.com/repos/diogenes0319/FedMD_clean/issues/1/labels{/name}",
        "comments_url": "https://api.github.com/repos/diogenes0319/FedMD_clean/issues/1/comments",
        "events_url": "https://api.github.com/repos/diogenes0319/FedMD_clean/issues/1/events",
        "html_url": "https://github.com/diogenes0319/FedMD_clean/issues/1",
        "id": 596518756,
        "node_id": "MDU6SXNzdWU1OTY1MTg3NTY=",
        "number": 1,
        "title": "Hi! It seems that the code is not complete.",
        "user": {
            "login": "moFang222",
            "id": 25848511,
            "node_id": "MDQ6VXNlcjI1ODQ4NTEx",
            "avatar_url": "https://avatars.githubusercontent.com/u/25848511?v=4",
            "gravatar_id": "",
            "url": "https://api.github.com/users/moFang222",
            "html_url": "https://github.com/moFang222",
            "followers_url": "https://api.github.com/users/moFang222/followers",
            "following_url": "https://api.github.com/users/moFang222/following{/other_user}",
            "gists_url": "https://api.github.com/users/moFang222/gists{/gist_id}",
            "starred_url": "https://api.github.com/users/moFang222/starred{/owner}{/repo}",
            "subscriptions_url": "https://api.github.com/users/moFang222/subscriptions",
            "organizations_url": "https://api.github.com/users/moFang222/orgs",
            "repos_url": "https://api.github.com/users/moFang222/repos",
            "events_url": "https://api.github.com/users/moFang222/events{/privacy}",
            "received_events_url": "https://api.github.com/users/moFang222/received_events",
            "type": "User",
            "user_view_type": "public",
            "site_admin": false
        },
        "labels": [],
        "state": "open",
        "locked": false,
        "assignee": null,
        "assignees": [],
        "milestone": null,
        "comments": 9,
        "created_at": "2020-04-08T11:50:18Z",
        "updated_at": "2021-06-03T07:58:14Z",
        "closed_at": null,
        "author_association": "NONE",
        "active_lock_reason": null,
        "sub_issues_summary": {
            "total": 0,
            "completed": 0,
            "percent_completed": 0
        },
        "body": "Or the code is complete, but it is not reflected in the readme.md?",
        "closed_by": null,
        "reactions": {
            "url": "https://api.github.com/repos/diogenes0319/FedMD_clean/issues/1/reactions",
            "total_count": 0,
            "+1": 0,
            "-1": 0,
            "laugh": 0,
            "hooray": 0,
            "confused": 0,
            "heart": 0,
            "rocket": 0,
            "eyes": 0
        },
        "timeline_url": "https://api.github.com/repos/diogenes0319/FedMD_clean/issues/1/timeline",
        "performed_via_github_app": null,
        "state_reason": null
    }
]