[
    {
        "url": "https://api.github.com/repos/facebookresearch/FLSim/issues/62",
        "repository_url": "https://api.github.com/repos/facebookresearch/FLSim",
        "labels_url": "https://api.github.com/repos/facebookresearch/FLSim/issues/62/labels{/name}",
        "comments_url": "https://api.github.com/repos/facebookresearch/FLSim/issues/62/comments",
        "events_url": "https://api.github.com/repos/facebookresearch/FLSim/issues/62/events",
        "html_url": "https://github.com/facebookresearch/FLSim/issues/62",
        "id": 3131821579,
        "node_id": "I_kwDOGT7Bg866q84L",
        "number": 62,
        "title": "\"_base_\": \"base_sync_trainer\"",
        "user": {
            "login": "kdnlfa",
            "id": 117462367,
            "node_id": "U_kgDOBwBVXw",
            "avatar_url": "https://avatars.githubusercontent.com/u/117462367?v=4",
            "gravatar_id": "",
            "url": "https://api.github.com/users/kdnlfa",
            "html_url": "https://github.com/kdnlfa",
            "followers_url": "https://api.github.com/users/kdnlfa/followers",
            "following_url": "https://api.github.com/users/kdnlfa/following{/other_user}",
            "gists_url": "https://api.github.com/users/kdnlfa/gists{/gist_id}",
            "starred_url": "https://api.github.com/users/kdnlfa/starred{/owner}{/repo}",
            "subscriptions_url": "https://api.github.com/users/kdnlfa/subscriptions",
            "organizations_url": "https://api.github.com/users/kdnlfa/orgs",
            "repos_url": "https://api.github.com/users/kdnlfa/repos",
            "events_url": "https://api.github.com/users/kdnlfa/events{/privacy}",
            "received_events_url": "https://api.github.com/users/kdnlfa/received_events",
            "type": "User",
            "user_view_type": "public",
            "site_admin": false
        },
        "labels": [],
        "state": "open",
        "locked": false,
        "assignee": null,
        "assignees": [],
        "milestone": null,
        "comments": 0,
        "created_at": "2025-06-10T00:39:13Z",
        "updated_at": "2025-06-10T00:39:13Z",
        "closed_at": null,
        "author_association": "NONE",
        "type": null,
        "active_lock_reason": null,
        "sub_issues_summary": {
            "total": 0,
            "completed": 0,
            "percent_completed": 0
        },
        "body": "## \u2753 Questions and Help\n\nUntil we move the questions to another medium, feel free to use this to submit your question:\n\n## Question\n\n\"_base_\": \"base_sync_trainer\"\nWhere does the above configuration take effect in the code? Is there a corresponding yaml file to support it",
        "closed_by": null,
        "reactions": {
            "url": "https://api.github.com/repos/facebookresearch/FLSim/issues/62/reactions",
            "total_count": 0,
            "+1": 0,
            "-1": 0,
            "laugh": 0,
            "hooray": 0,
            "confused": 0,
            "heart": 0,
            "rocket": 0,
            "eyes": 0
        },
        "timeline_url": "https://api.github.com/repos/facebookresearch/FLSim/issues/62/timeline",
        "performed_via_github_app": null,
        "state_reason": null
    },
    {
        "url": "https://api.github.com/repos/facebookresearch/FLSim/issues/61",
        "repository_url": "https://api.github.com/repos/facebookresearch/FLSim",
        "labels_url": "https://api.github.com/repos/facebookresearch/FLSim/issues/61/labels{/name}",
        "comments_url": "https://api.github.com/repos/facebookresearch/FLSim/issues/61/comments",
        "events_url": "https://api.github.com/repos/facebookresearch/FLSim/issues/61/events",
        "html_url": "https://github.com/facebookresearch/FLSim/issues/61",
        "id": 2357826011,
        "node_id": "I_kwDOGT7Bg86MiZHb",
        "number": 61,
        "title": "How to implement custom client trainer and server aggregator ? ",
        "user": {
            "login": "mayank64ce",
            "id": 43180708,
            "node_id": "MDQ6VXNlcjQzMTgwNzA4",
            "avatar_url": "https://avatars.githubusercontent.com/u/43180708?v=4",
            "gravatar_id": "",
            "url": "https://api.github.com/users/mayank64ce",
            "html_url": "https://github.com/mayank64ce",
            "followers_url": "https://api.github.com/users/mayank64ce/followers",
            "following_url": "https://api.github.com/users/mayank64ce/following{/other_user}",
            "gists_url": "https://api.github.com/users/mayank64ce/gists{/gist_id}",
            "starred_url": "https://api.github.com/users/mayank64ce/starred{/owner}{/repo}",
            "subscriptions_url": "https://api.github.com/users/mayank64ce/subscriptions",
            "organizations_url": "https://api.github.com/users/mayank64ce/orgs",
            "repos_url": "https://api.github.com/users/mayank64ce/repos",
            "events_url": "https://api.github.com/users/mayank64ce/events{/privacy}",
            "received_events_url": "https://api.github.com/users/mayank64ce/received_events",
            "type": "User",
            "user_view_type": "public",
            "site_admin": false
        },
        "labels": [],
        "state": "open",
        "locked": false,
        "assignee": null,
        "assignees": [],
        "milestone": null,
        "comments": 0,
        "created_at": "2024-06-17T17:09:27Z",
        "updated_at": "2024-06-17T17:09:27Z",
        "closed_at": null,
        "author_association": "NONE",
        "type": null,
        "active_lock_reason": null,
        "sub_issues_summary": {
            "total": 0,
            "completed": 0,
            "percent_completed": 0
        },
        "body": "## \u2753 Questions and Help\r\n\r\nUntil we move the questions to another medium, feel free to use this to submit your question:\r\n\r\n## Question\r\n\r\nI want to write a custom client trainer and server aggregator as I am not working with vanilla fed_avg and need to do some preprocessing before sending model from client/server.\r\n",
        "closed_by": null,
        "reactions": {
            "url": "https://api.github.com/repos/facebookresearch/FLSim/issues/61/reactions",
            "total_count": 0,
            "+1": 0,
            "-1": 0,
            "laugh": 0,
            "hooray": 0,
            "confused": 0,
            "heart": 0,
            "rocket": 0,
            "eyes": 0
        },
        "timeline_url": "https://api.github.com/repos/facebookresearch/FLSim/issues/61/timeline",
        "performed_via_github_app": null,
        "state_reason": null
    },
    {
        "url": "https://api.github.com/repos/facebookresearch/FLSim/issues/60",
        "repository_url": "https://api.github.com/repos/facebookresearch/FLSim",
        "labels_url": "https://api.github.com/repos/facebookresearch/FLSim/issues/60/labels{/name}",
        "comments_url": "https://api.github.com/repos/facebookresearch/FLSim/issues/60/comments",
        "events_url": "https://api.github.com/repos/facebookresearch/FLSim/issues/60/events",
        "html_url": "https://github.com/facebookresearch/FLSim/issues/60",
        "id": 2031865368,
        "node_id": "I_kwDOGT7Bg855G84Y",
        "number": 60,
        "title": "cifar10 exmaple change model to Resnet, Evaluate accuracy is very low. ",
        "user": {
            "login": "shou123",
            "id": 26123701,
            "node_id": "MDQ6VXNlcjI2MTIzNzAx",
            "avatar_url": "https://avatars.githubusercontent.com/u/26123701?v=4",
            "gravatar_id": "",
            "url": "https://api.github.com/users/shou123",
            "html_url": "https://github.com/shou123",
            "followers_url": "https://api.github.com/users/shou123/followers",
            "following_url": "https://api.github.com/users/shou123/following{/other_user}",
            "gists_url": "https://api.github.com/users/shou123/gists{/gist_id}",
            "starred_url": "https://api.github.com/users/shou123/starred{/owner}{/repo}",
            "subscriptions_url": "https://api.github.com/users/shou123/subscriptions",
            "organizations_url": "https://api.github.com/users/shou123/orgs",
            "repos_url": "https://api.github.com/users/shou123/repos",
            "events_url": "https://api.github.com/users/shou123/events{/privacy}",
            "received_events_url": "https://api.github.com/users/shou123/received_events",
            "type": "User",
            "user_view_type": "public",
            "site_admin": false
        },
        "labels": [],
        "state": "open",
        "locked": false,
        "assignee": null,
        "assignees": [],
        "milestone": null,
        "comments": 0,
        "created_at": "2023-12-08T03:25:48Z",
        "updated_at": "2023-12-08T03:25:48Z",
        "closed_at": null,
        "author_association": "NONE",
        "type": null,
        "active_lock_reason": null,
        "sub_issues_summary": {
            "total": 0,
            "completed": 0,
            "percent_completed": 0
        },
        "body": "## \u2753 Questions and Help\r\n\r\nUntil we move the questions to another medium, feel free to use this to submit your question:\r\n\r\n## Question\r\nI run the FLsim cifar10 example, change the model from simple CNN to Resnet, and run the same dataset. The evaluate accuracy is very low. The report as:\r\n\r\nTrain finished Global Round: 2\r\n(round = 2, epoch = 1, global round = 2), Loss/Training: 1.919056011840796\r\n(round = 2, epoch = 1, global round = 2), Accuracy/Training: 29.19\r\n(round = 2, epoch = 1, global round = 2), Loss/Aggregation: 2.3162186018220936\r\n(round = 2, epoch = 1, global round = 2), Accuracy/Aggregation: 12.362\r\n(round = 2, epoch = 1, global round = 2):        Evaluates global model on all data of eval users\r\n(round = 2, epoch = 1, global round = 2), Loss/Eval: 2.315063210050012\r\n(round = 2, epoch = 1, global round = 2), Accuracy/Eval: 12.2\r\nCurrent eval accuracy: {'Accuracy': 12.2}%, Best so far: {'Accuracy': 10.01}%\r\n\r\n\r\n```\r\nIMAGE_SIZE = 32\r\n\r\n\r\ndef build_data_provider(local_batch_size, examples_per_user, drop_last: bool = False):\r\n\r\n    #============================================iid===============================================================\r\n    transform = transforms.Compose(\r\n        [\r\n            transforms.Resize(IMAGE_SIZE),\r\n            transforms.CenterCrop(IMAGE_SIZE),\r\n            transforms.ToTensor(),\r\n            transforms.Normalize((0.4914, 0.4822, 0.4465), (0.2023, 0.1994, 0.2010)),\r\n        ]\r\n    )\r\n    train_dataset = CIFAR10(\r\n        root=\"/home/shiyue/FLsim/cifar10\", train=True, download=True, transform=transform\r\n    )\r\n    test_dataset = CIFAR10(\r\n        root=\"/home/shiyue/FLsim/cifar10\", train=False, download=True, transform=transform\r\n    )\r\n    sharder = SequentialSharder(examples_per_shard=examples_per_user)\r\n    fl_data_loader = DataLoader(train_dataset, test_dataset, test_dataset, sharder, local_batch_size, drop_last)\r\n    \r\n\r\n    data_provider = DataProvider(fl_data_loader)\r\n    return data_provider\r\n\r\n\r\ndef main(\r\n    trainer_config,\r\n    data_config,\r\n    use_cuda_if_available: bool = True,\r\n) -> None:\r\n    cuda_enabled = torch.cuda.is_available() and use_cuda_if_available\r\n    device = torch.device(f\"cuda:{0}\" if cuda_enabled else \"cpu\")\r\n    model = torch.hub.load('pytorch/vision:v0.10.0', 'resnet18', pretrained=False)\r\n\r\n\r\n    # pyre-fixme[6]: Expected `Optional[str]` for 2nd param but got `device`.\r\n    global_model = FLModel(model, device)\r\n    if cuda_enabled:\r\n        global_model.fl_cuda()\r\n    trainer = instantiate(trainer_config, model=global_model, cuda_enabled=cuda_enabled)\r\n    data_provider = build_data_provider(\r\n        local_batch_size=data_config.local_batch_size,\r\n        examples_per_user=data_config.examples_per_user,\r\n        # examples_per_user = trainer_config.users_per_round,\r\n        drop_last=False,\r\n    )\r\n\r\n    metrics_reporter = MetricsReporter([Channel.TENSORBOARD, Channel.STDOUT])\r\n\r\n    final_model, eval_score = trainer.train(\r\n        data_provider=data_provider,\r\n        metrics_reporter=metrics_reporter,\r\n        num_total_users=data_provider.num_train_users(),\r\n        distributed_world_size=1,\r\n    )\r\n\r\n    trainer.test(\r\n        data_provider=data_provider,\r\n        metrics_reporter=MetricsReporter([Channel.STDOUT]),\r\n    )\r\n\r\n\r\n@hydra.main(config_path=None, config_name=\"cifar10_tutorial\")\r\ndef run(cfg: DictConfig) -> None:\r\n    print(OmegaConf.to_yaml(cfg))\r\n\r\n    trainer_config = cfg.trainer\r\n    data_config = cfg.data\r\n\r\n    main(\r\n        trainer_config,\r\n        data_config,\r\n    )\r\n\r\n\r\nif __name__ == \"__main__\":\r\n    cfg = maybe_parse_json_config()\r\n    run(cfg)\r\n\r\n```\r\n",
        "closed_by": null,
        "reactions": {
            "url": "https://api.github.com/repos/facebookresearch/FLSim/issues/60/reactions",
            "total_count": 0,
            "+1": 0,
            "-1": 0,
            "laugh": 0,
            "hooray": 0,
            "confused": 0,
            "heart": 0,
            "rocket": 0,
            "eyes": 0
        },
        "timeline_url": "https://api.github.com/repos/facebookresearch/FLSim/issues/60/timeline",
        "performed_via_github_app": null,
        "state_reason": null
    },
    {
        "url": "https://api.github.com/repos/facebookresearch/FLSim/issues/56",
        "repository_url": "https://api.github.com/repos/facebookresearch/FLSim",
        "labels_url": "https://api.github.com/repos/facebookresearch/FLSim/issues/56/labels{/name}",
        "comments_url": "https://api.github.com/repos/facebookresearch/FLSim/issues/56/comments",
        "events_url": "https://api.github.com/repos/facebookresearch/FLSim/issues/56/events",
        "html_url": "https://github.com/facebookresearch/FLSim/issues/56",
        "id": 1824960437,
        "node_id": "I_kwDOGT7Bg85sxq-1",
        "number": 56,
        "title": "Problem with \"from flsim.utils.example_utils import DataLoader, DataProvider\"",
        "user": {
            "login": "minhquang20VU",
            "id": 74701696,
            "node_id": "MDQ6VXNlcjc0NzAxNjk2",
            "avatar_url": "https://avatars.githubusercontent.com/u/74701696?v=4",
            "gravatar_id": "",
            "url": "https://api.github.com/users/minhquang20VU",
            "html_url": "https://github.com/minhquang20VU",
            "followers_url": "https://api.github.com/users/minhquang20VU/followers",
            "following_url": "https://api.github.com/users/minhquang20VU/following{/other_user}",
            "gists_url": "https://api.github.com/users/minhquang20VU/gists{/gist_id}",
            "starred_url": "https://api.github.com/users/minhquang20VU/starred{/owner}{/repo}",
            "subscriptions_url": "https://api.github.com/users/minhquang20VU/subscriptions",
            "organizations_url": "https://api.github.com/users/minhquang20VU/orgs",
            "repos_url": "https://api.github.com/users/minhquang20VU/repos",
            "events_url": "https://api.github.com/users/minhquang20VU/events{/privacy}",
            "received_events_url": "https://api.github.com/users/minhquang20VU/received_events",
            "type": "User",
            "user_view_type": "public",
            "site_admin": false
        },
        "labels": [],
        "state": "open",
        "locked": false,
        "assignee": null,
        "assignees": [],
        "milestone": null,
        "comments": 1,
        "created_at": "2023-07-27T18:36:28Z",
        "updated_at": "2024-03-12T08:23:41Z",
        "closed_at": null,
        "author_association": "NONE",
        "type": null,
        "active_lock_reason": null,
        "sub_issues_summary": {
            "total": 0,
            "completed": 0,
            "percent_completed": 0
        },
        "body": "## \ud83d\udc1b Bug\r\n\r\nValueError: mutable default <class 'flsim.utils.timing.training_duration_distribution.PerExampleGaussianDurationDistributionConfig'> for field duration_distribution_generator is not allowed: use default_factory\r\n\r\nThis error comes from the line: \"from flsim.utils.example_utils import DataLoader, DataProvider\"\r\n\r\n\r\n## To Reproduce\r\n> :warning: **We cannot help you without you sharing reproducible code**. Do not ignore this part :)\r\nSteps to reproduce the behavior:\r\n\r\n1.\r\n2.\r\n3.\r\n**I try to run the tutorials and examples provided in the codebase but this problem persists.**\r\n<!-- If you have a code sample, error messages, stack traces, please provide it here as well -->\r\n\r\n## Expected behavior\r\n\r\n<!-- A clear and concise description of what you expected to happen. -->\r\n\r\n## Environment\r\n\r\nPlease copy and paste the output from our\r\n[environment collection script](https://raw.githubusercontent.com/pytorch/pytorch/master/torch/utils/collect_env.py)\r\n(or fill out the checklist below manually).\r\n\r\nYou can get the script and run it with:\r\n\r\n```\r\nwget https://raw.githubusercontent.com/pytorch/pytorch/master/torch/utils/collect_env.py\r\n# For security purposes, please check the contents of collect_env.py before running it.\r\npython collect_env.py\r\n```\r\n\r\n - PyTorch Version (e.g., 1.0):\r\n - OS (e.g., Linux):\r\n - How you installed PyTorch (`conda`, `pip`, source):\r\n - Build command you used (if compiling from source):\r\n - Python version:\r\n - CUDA/cuDNN version:\r\n - GPU models and configuration:\r\n - Any other relevant information:\r\n\r\n## Additional context\r\n\r\n<!-- Add any other context about the problem here. -->\r\n",
        "closed_by": null,
        "reactions": {
            "url": "https://api.github.com/repos/facebookresearch/FLSim/issues/56/reactions",
            "total_count": 0,
            "+1": 0,
            "-1": 0,
            "laugh": 0,
            "hooray": 0,
            "confused": 0,
            "heart": 0,
            "rocket": 0,
            "eyes": 0
        },
        "timeline_url": "https://api.github.com/repos/facebookresearch/FLSim/issues/56/timeline",
        "performed_via_github_app": null,
        "state_reason": null
    },
    {
        "url": "https://api.github.com/repos/facebookresearch/FLSim/issues/55",
        "repository_url": "https://api.github.com/repos/facebookresearch/FLSim",
        "labels_url": "https://api.github.com/repos/facebookresearch/FLSim/issues/55/labels{/name}",
        "comments_url": "https://api.github.com/repos/facebookresearch/FLSim/issues/55/comments",
        "events_url": "https://api.github.com/repos/facebookresearch/FLSim/issues/55/events",
        "html_url": "https://github.com/facebookresearch/FLSim/issues/55",
        "id": 1803425810,
        "node_id": "I_kwDOGT7Bg85rfhgS",
        "number": 55,
        "title": "For the cifar10 example calculate delta function issue",
        "user": {
            "login": "shou123",
            "id": 26123701,
            "node_id": "MDQ6VXNlcjI2MTIzNzAx",
            "avatar_url": "https://avatars.githubusercontent.com/u/26123701?v=4",
            "gravatar_id": "",
            "url": "https://api.github.com/users/shou123",
            "html_url": "https://github.com/shou123",
            "followers_url": "https://api.github.com/users/shou123/followers",
            "following_url": "https://api.github.com/users/shou123/following{/other_user}",
            "gists_url": "https://api.github.com/users/shou123/gists{/gist_id}",
            "starred_url": "https://api.github.com/users/shou123/starred{/owner}{/repo}",
            "subscriptions_url": "https://api.github.com/users/shou123/subscriptions",
            "organizations_url": "https://api.github.com/users/shou123/orgs",
            "repos_url": "https://api.github.com/users/shou123/repos",
            "events_url": "https://api.github.com/users/shou123/events{/privacy}",
            "received_events_url": "https://api.github.com/users/shou123/received_events",
            "type": "User",
            "user_view_type": "public",
            "site_admin": false
        },
        "labels": [],
        "state": "open",
        "locked": false,
        "assignee": null,
        "assignees": [],
        "milestone": null,
        "comments": 1,
        "created_at": "2023-07-13T17:02:41Z",
        "updated_at": "2023-07-18T13:56:44Z",
        "closed_at": null,
        "author_association": "NONE",
        "type": null,
        "active_lock_reason": null,
        "sub_issues_summary": {
            "total": 0,
            "completed": 0,
            "percent_completed": 0
        },
        "body": "## \ud83d\udc1b Bug\r\n\r\n<!-- A clear and concise description of what the bug is. -->\r\nI debug the cifar10 example. For '''flsim/clients/base_client.py -> delta = self.compute_delta()''' pass the three-parameter \"before\", \"after\" and \"model_to_save\". And '''after=updated_model, model_to_save=updated_model''' And for the compute_delta function, it is return updated_model, it didn't calculate any difference. \r\n\r\n## To Reproduce\r\n> :warning: **We cannot help you without you sharing reproducible code**. Do not ignore this part :)\r\nSteps to reproduce the behavior:\r\n\r\n1.\r\n2.\r\n3.\r\n\r\n<!-- If you have a code sample, error messages, stack traces, please provide it here as well -->\r\n\r\n## Expected behavior\r\n\r\n<!-- A clear and concise description of what you expected to happen. -->\r\n\r\n## Environment\r\n\r\nPlease copy and paste the output from our\r\n[environment collection script](https://raw.githubusercontent.com/pytorch/pytorch/master/torch/utils/collect_env.py)\r\n(or fill out the checklist below manually).\r\n\r\nYou can get the script and run it with:\r\n\r\n```\r\nwget https://raw.githubusercontent.com/pytorch/pytorch/master/torch/utils/collect_env.py\r\n# For security purposes, please check the contents of collect_env.py before running it.\r\npython collect_env.py\r\n```\r\n\r\n - PyTorch Version (e.g., 1.0):\r\n - OS (e.g., Linux):\r\n - How you installed PyTorch (`conda`, `pip`, source):\r\n - Build command you used (if compiling from source):\r\n - Python version:\r\n - CUDA/cuDNN version:\r\n - GPU models and configuration:\r\n - Any other relevant information:\r\n\r\n## Additional context\r\n\r\n<!-- Add any other context about the problem here. -->\r\n",
        "closed_by": null,
        "reactions": {
            "url": "https://api.github.com/repos/facebookresearch/FLSim/issues/55/reactions",
            "total_count": 0,
            "+1": 0,
            "-1": 0,
            "laugh": 0,
            "hooray": 0,
            "confused": 0,
            "heart": 0,
            "rocket": 0,
            "eyes": 0
        },
        "timeline_url": "https://api.github.com/repos/facebookresearch/FLSim/issues/55/timeline",
        "performed_via_github_app": null,
        "state_reason": null
    },
    {
        "url": "https://api.github.com/repos/facebookresearch/FLSim/issues/53",
        "repository_url": "https://api.github.com/repos/facebookresearch/FLSim",
        "labels_url": "https://api.github.com/repos/facebookresearch/FLSim/issues/53/labels{/name}",
        "comments_url": "https://api.github.com/repos/facebookresearch/FLSim/issues/53/comments",
        "events_url": "https://api.github.com/repos/facebookresearch/FLSim/issues/53/events",
        "html_url": "https://github.com/facebookresearch/FLSim/issues/53",
        "id": 1737643031,
        "node_id": "I_kwDOGT7Bg85nklQX",
        "number": 53,
        "title": "Please provide documentation",
        "user": {
            "login": "dimasquest",
            "id": 25184323,
            "node_id": "MDQ6VXNlcjI1MTg0MzIz",
            "avatar_url": "https://avatars.githubusercontent.com/u/25184323?v=4",
            "gravatar_id": "",
            "url": "https://api.github.com/users/dimasquest",
            "html_url": "https://github.com/dimasquest",
            "followers_url": "https://api.github.com/users/dimasquest/followers",
            "following_url": "https://api.github.com/users/dimasquest/following{/other_user}",
            "gists_url": "https://api.github.com/users/dimasquest/gists{/gist_id}",
            "starred_url": "https://api.github.com/users/dimasquest/starred{/owner}{/repo}",
            "subscriptions_url": "https://api.github.com/users/dimasquest/subscriptions",
            "organizations_url": "https://api.github.com/users/dimasquest/orgs",
            "repos_url": "https://api.github.com/users/dimasquest/repos",
            "events_url": "https://api.github.com/users/dimasquest/events{/privacy}",
            "received_events_url": "https://api.github.com/users/dimasquest/received_events",
            "type": "User",
            "user_view_type": "public",
            "site_admin": false
        },
        "labels": [],
        "state": "open",
        "locked": false,
        "assignee": {
            "login": "Anonymani",
            "id": 5083867,
            "node_id": "MDQ6VXNlcjUwODM4Njc=",
            "avatar_url": "https://avatars.githubusercontent.com/u/5083867?v=4",
            "gravatar_id": "",
            "url": "https://api.github.com/users/Anonymani",
            "html_url": "https://github.com/Anonymani",
            "followers_url": "https://api.github.com/users/Anonymani/followers",
            "following_url": "https://api.github.com/users/Anonymani/following{/other_user}",
            "gists_url": "https://api.github.com/users/Anonymani/gists{/gist_id}",
            "starred_url": "https://api.github.com/users/Anonymani/starred{/owner}{/repo}",
            "subscriptions_url": "https://api.github.com/users/Anonymani/subscriptions",
            "organizations_url": "https://api.github.com/users/Anonymani/orgs",
            "repos_url": "https://api.github.com/users/Anonymani/repos",
            "events_url": "https://api.github.com/users/Anonymani/events{/privacy}",
            "received_events_url": "https://api.github.com/users/Anonymani/received_events",
            "type": "User",
            "user_view_type": "public",
            "site_admin": false
        },
        "assignees": [
            {
                "login": "Anonymani",
                "id": 5083867,
                "node_id": "MDQ6VXNlcjUwODM4Njc=",
                "avatar_url": "https://avatars.githubusercontent.com/u/5083867?v=4",
                "gravatar_id": "",
                "url": "https://api.github.com/users/Anonymani",
                "html_url": "https://github.com/Anonymani",
                "followers_url": "https://api.github.com/users/Anonymani/followers",
                "following_url": "https://api.github.com/users/Anonymani/following{/other_user}",
                "gists_url": "https://api.github.com/users/Anonymani/gists{/gist_id}",
                "starred_url": "https://api.github.com/users/Anonymani/starred{/owner}{/repo}",
                "subscriptions_url": "https://api.github.com/users/Anonymani/subscriptions",
                "organizations_url": "https://api.github.com/users/Anonymani/orgs",
                "repos_url": "https://api.github.com/users/Anonymani/repos",
                "events_url": "https://api.github.com/users/Anonymani/events{/privacy}",
                "received_events_url": "https://api.github.com/users/Anonymani/received_events",
                "type": "User",
                "user_view_type": "public",
                "site_admin": false
            },
            {
                "login": "JohnlNguyen",
                "id": 14943751,
                "node_id": "MDQ6VXNlcjE0OTQzNzUx",
                "avatar_url": "https://avatars.githubusercontent.com/u/14943751?v=4",
                "gravatar_id": "",
                "url": "https://api.github.com/users/JohnlNguyen",
                "html_url": "https://github.com/JohnlNguyen",
                "followers_url": "https://api.github.com/users/JohnlNguyen/followers",
                "following_url": "https://api.github.com/users/JohnlNguyen/following{/other_user}",
                "gists_url": "https://api.github.com/users/JohnlNguyen/gists{/gist_id}",
                "starred_url": "https://api.github.com/users/JohnlNguyen/starred{/owner}{/repo}",
                "subscriptions_url": "https://api.github.com/users/JohnlNguyen/subscriptions",
                "organizations_url": "https://api.github.com/users/JohnlNguyen/orgs",
                "repos_url": "https://api.github.com/users/JohnlNguyen/repos",
                "events_url": "https://api.github.com/users/JohnlNguyen/events{/privacy}",
                "received_events_url": "https://api.github.com/users/JohnlNguyen/received_events",
                "type": "User",
                "user_view_type": "public",
                "site_admin": false
            }
        ],
        "milestone": null,
        "comments": 1,
        "created_at": "2023-06-02T07:50:44Z",
        "updated_at": "2023-07-13T14:52:33Z",
        "closed_at": null,
        "author_association": "NONE",
        "type": null,
        "active_lock_reason": null,
        "sub_issues_summary": {
            "total": 0,
            "completed": 0,
            "percent_completed": 0
        },
        "body": "## \u2753 Questions and Help\r\n\r\nUntil we move the questions to another medium, feel free to use this to submit your question:\r\n\r\n## Question\r\n\r\nHi, please could you share any form of documentation? The library itself is very large and features a number of methods, functions and ways to define the same thing using different data structures. There currently is 0 documentation except for a number of in-code comments. Particularly the issue becomes worse when dealing with config files, as there is no way of figuring out of what an expected structure is supposed to look like.\r\n",
        "closed_by": null,
        "reactions": {
            "url": "https://api.github.com/repos/facebookresearch/FLSim/issues/53/reactions",
            "total_count": 0,
            "+1": 0,
            "-1": 0,
            "laugh": 0,
            "hooray": 0,
            "confused": 0,
            "heart": 0,
            "rocket": 0,
            "eyes": 0
        },
        "timeline_url": "https://api.github.com/repos/facebookresearch/FLSim/issues/53/timeline",
        "performed_via_github_app": null,
        "state_reason": null
    },
    {
        "url": "https://api.github.com/repos/facebookresearch/FLSim/issues/52",
        "repository_url": "https://api.github.com/repos/facebookresearch/FLSim",
        "labels_url": "https://api.github.com/repos/facebookresearch/FLSim/issues/52/labels{/name}",
        "comments_url": "https://api.github.com/repos/facebookresearch/FLSim/issues/52/comments",
        "events_url": "https://api.github.com/repos/facebookresearch/FLSim/issues/52/events",
        "html_url": "https://github.com/facebookresearch/FLSim/issues/52",
        "id": 1709918696,
        "node_id": "I_kwDOGT7Bg85l60no",
        "number": 52,
        "title": "Unable to run the tutorial: DataLoader error",
        "user": {
            "login": "dimasquest",
            "id": 25184323,
            "node_id": "MDQ6VXNlcjI1MTg0MzIz",
            "avatar_url": "https://avatars.githubusercontent.com/u/25184323?v=4",
            "gravatar_id": "",
            "url": "https://api.github.com/users/dimasquest",
            "html_url": "https://github.com/dimasquest",
            "followers_url": "https://api.github.com/users/dimasquest/followers",
            "following_url": "https://api.github.com/users/dimasquest/following{/other_user}",
            "gists_url": "https://api.github.com/users/dimasquest/gists{/gist_id}",
            "starred_url": "https://api.github.com/users/dimasquest/starred{/owner}{/repo}",
            "subscriptions_url": "https://api.github.com/users/dimasquest/subscriptions",
            "organizations_url": "https://api.github.com/users/dimasquest/orgs",
            "repos_url": "https://api.github.com/users/dimasquest/repos",
            "events_url": "https://api.github.com/users/dimasquest/events{/privacy}",
            "received_events_url": "https://api.github.com/users/dimasquest/received_events",
            "type": "User",
            "user_view_type": "public",
            "site_admin": false
        },
        "labels": [],
        "state": "closed",
        "locked": false,
        "assignee": null,
        "assignees": [],
        "milestone": null,
        "comments": 0,
        "created_at": "2023-05-15T11:42:50Z",
        "updated_at": "2023-05-29T07:54:50Z",
        "closed_at": "2023-05-29T07:54:49Z",
        "author_association": "NONE",
        "type": null,
        "active_lock_reason": null,
        "sub_issues_summary": {
            "total": 0,
            "completed": 0,
            "percent_completed": 0
        },
        "body": "## \ud83d\udc1b Bug\r\n\r\n<!-- A clear and concise description of what the bug is. -->\r\n\r\nWhen trying to run any tutorial (or more concretely when importing the FLSim's DataLoader), the following error is raised:\r\n\r\n```\r\nTraceback (most recent call last):\r\n  File \"/Users/dima/Documents/FLSim/examples/cifar10_example.py\", line 18, in <module>\r\n    import flsim.configs  # noqa\r\n    ^^^^^^^^^^^^^^^^^^^^\r\n  File \"/Users/dima/miniconda3/envs/flsim/lib/python3.11/site-packages/flsim/configs/__init__.py\", line 16, in <module>\r\n    import flsim.trainers  # noqa\r\n    ^^^^^^^^^^^^^^^^^^^^^\r\n  File \"/Users/dima/miniconda3/envs/flsim/lib/python3.11/site-packages/flsim/trainers/__init__.py\", line 10, in <module>\r\n    from .async_trainer import AsyncTrainerConfig\r\n  File \"/Users/dima/miniconda3/envs/flsim/lib/python3.11/site-packages/flsim/trainers/async_trainer.py\", line 15, in <module>\r\n    from flsim.clients.async_client import AsyncClientDevice\r\n  File \"/Users/dima/miniconda3/envs/flsim/lib/python3.11/site-packages/flsim/clients/__init__.py\", line 10, in <module>\r\n    from .base_client import ClientConfig\r\n  File \"/Users/dima/miniconda3/envs/flsim/lib/python3.11/site-packages/flsim/clients/base_client.py\", line 27, in <module>\r\n    from flsim.common.logger import Logger\r\n  File \"/Users/dima/miniconda3/envs/flsim/lib/python3.11/site-packages/flsim/common/__init__.py\", line 10, in <module>\r\n    from .timeout_simulator import (\r\n  File \"/Users/dima/miniconda3/envs/flsim/lib/python3.11/site-packages/flsim/common/timeout_simulator.py\", line 245, in <module>\r\n    @dataclass\r\n     ^^^^^^^^^\r\n  File \"/Users/dima/miniconda3/envs/flsim/lib/python3.11/dataclasses.py\", line 1223, in dataclass\r\n    return wrap(cls)\r\n           ^^^^^^^^^\r\n  File \"/Users/dima/miniconda3/envs/flsim/lib/python3.11/dataclasses.py\", line 1213, in wrap\r\n    return _process_class(cls, init, repr, eq, order, unsafe_hash,\r\n           ^^^^^^^^^^^^^^^^^^^^^^^^^^^^^^^^^^^^^^^^^^^^^^^^^^^^^^^\r\n  File \"/Users/dima/miniconda3/envs/flsim/lib/python3.11/dataclasses.py\", line 958, in _process_class\r\n    cls_fields.append(_get_field(cls, name, type, kw_only))\r\n                      ^^^^^^^^^^^^^^^^^^^^^^^^^^^^^^^^^^^^\r\n  File \"/Users/dima/miniconda3/envs/flsim/lib/python3.11/dataclasses.py\", line 815, in _get_field\r\n    raise ValueError(f'mutable default {type(f.default)} for field '\r\nValueError: mutable default <class 'flsim.utils.timing.training_duration_distribution.PerExampleGaussianDurationDistributionConfig'> for field duration_distribution_generator is not allowed: use default_factory\r\n```\r\n\r\n## To Reproduce\r\n> :warning: **We cannot help you without you sharing reproducible code**. Do not ignore this part :)\r\nSteps to reproduce the behavior:\r\n\r\nThis is reproducible in either the cifar10_example notebook or script. \r\n\r\n1.  python cifar10_example.py\r\n2.\r\n3.\r\n\r\nAlternative: in the notebook the following code throws the same error \r\n\r\nfrom flsim.data.data_sharder import SequentialSharder\r\nfrom flsim.utils.example_utils import DataLoader, DataProvider\r\n\r\n# 2. Create a sharder, which maps samples in the training data to clients.\r\nsharder = SequentialSharder(examples_per_shard=EXAMPLES_PER_USER)\r\n\r\n<!-- If you have a code sample, error messages, stack traces, please provide it here as well -->\r\n\r\n## Expected behavior\r\n\r\n<!-- A clear and concise description of what you expected to happen. -->\r\n\r\n## Environment\r\n\r\nPlease copy and paste the output from our\r\n[environment collection script](https://raw.githubusercontent.com/pytorch/pytorch/master/torch/utils/collect_env.py)\r\n(or fill out the checklist below manually).\r\n\r\nabsl-py                   1.4.0                    pypi_0    pypi\r\nantlr4-python3-runtime    4.9.3                    pypi_0    pypi\r\nappnope                   0.1.3                    pypi_0    pypi\r\nasttokens                 2.2.1                    pypi_0    pypi\r\nbackcall                  0.2.0                    pypi_0    pypi\r\nbzip2                     1.0.8                h620ffc9_4\r\nca-certificates           2023.01.10           hca03da5_0\r\ncachetools                5.3.0                    pypi_0    pypi\r\ncertifi                   2023.5.7                 pypi_0    pypi\r\ncharset-normalizer        3.1.0                    pypi_0    pypi\r\ncomm                      0.1.3                    pypi_0    pypi\r\ncontourpy                 1.0.7                    pypi_0    pypi\r\ncycler                    0.11.0                   pypi_0    pypi\r\ndebugpy                   1.6.7                    pypi_0    pypi\r\ndecorator                 5.1.1                    pypi_0    pypi\r\nexecuting                 1.2.0                    pypi_0    pypi\r\nfilelock                  3.12.0                   pypi_0    pypi\r\nflsim                     0.1.0                    pypi_0    pypi\r\nfonttools                 4.39.4                   pypi_0    pypi\r\ngoogle-auth               2.18.0                   pypi_0    pypi\r\ngoogle-auth-oauthlib      1.0.0                    pypi_0    pypi\r\ngrpcio                    1.54.2                   pypi_0    pypi\r\nhydra-core                1.3.2                    pypi_0    pypi\r\nidna                      3.4                      pypi_0    pypi\r\niniconfig                 2.0.0                    pypi_0    pypi\r\nipykernel                 6.23.0                   pypi_0    pypi\r\nipython                   8.13.2                   pypi_0    pypi\r\njedi                      0.18.2                   pypi_0    pypi\r\njinja2                    3.1.2                    pypi_0    pypi\r\njoblib                    1.2.0                    pypi_0    pypi\r\njupyter-client            8.2.0                    pypi_0    pypi\r\njupyter-core              5.3.0                    pypi_0    pypi\r\nkiwisolver                1.4.4                    pypi_0    pypi\r\nlibffi                    3.4.4                hca03da5_0\r\nmarkdown                  3.4.3                    pypi_0    pypi\r\nmarkupsafe                2.1.2                    pypi_0    pypi\r\nmatplotlib                3.7.1                    pypi_0    pypi\r\nmatplotlib-inline         0.1.6                    pypi_0    pypi\r\nmpmath                    1.3.0                    pypi_0    pypi\r\nncurses                   6.4                  h313beb8_0\r\nnest-asyncio              1.5.6                    pypi_0    pypi\r\nnetworkx                  3.1                      pypi_0    pypi\r\nnumpy                     1.24.3                   pypi_0    pypi\r\noauthlib                  3.2.2                    pypi_0    pypi\r\nomegaconf                 2.3.0                    pypi_0    pypi\r\nopacus                    1.4.0                    pypi_0    pypi\r\nopenssl                   1.1.1t               h1a28f6b_0\r\nopt-einsum                3.3.0                    pypi_0    pypi\r\npackaging                 23.1                     pypi_0    pypi\r\npandas                    2.0.1                    pypi_0    pypi\r\nparso                     0.8.3                    pypi_0    pypi\r\npexpect                   4.8.0                    pypi_0    pypi\r\npickleshare               0.7.5                    pypi_0    pypi\r\npillow                    9.5.0                    pypi_0    pypi\r\npip                       23.0.1          py311hca03da5_0\r\nplatformdirs              3.5.1                    pypi_0    pypi\r\npluggy                    1.0.0                    pypi_0    pypi\r\nprompt-toolkit            3.0.38                   pypi_0    pypi\r\nprotobuf                  4.23.0                   pypi_0    pypi\r\npsutil                    5.9.5                    pypi_0    pypi\r\nptyprocess                0.7.0                    pypi_0    pypi\r\npure-eval                 0.2.2                    pypi_0    pypi\r\npyasn1                    0.5.0                    pypi_0    pypi\r\npyasn1-modules            0.3.0                    pypi_0    pypi\r\npygments                  2.15.1                   pypi_0    pypi\r\npyparsing                 3.0.9                    pypi_0    pypi\r\npytest                    7.3.1                    pypi_0    pypi\r\npython                    3.11.3               hc0d8a6c_0\r\npython-dateutil           2.8.2                    pypi_0    pypi\r\npytz                      2023.3                   pypi_0    pypi\r\npyyaml                    6.0                      pypi_0    pypi\r\npyzmq                     25.0.2                   pypi_0    pypi\r\nreadline                  8.2                  h1a28f6b_0\r\nrequests                  2.30.0                   pypi_0    pypi\r\nrequests-oauthlib         1.3.1                    pypi_0    pypi\r\nrsa                       4.9                      pypi_0    pypi\r\nscikit-learn              1.2.2                    pypi_0    pypi\r\nscipy                     1.10.1                   pypi_0    pypi\r\nsetuptools                66.0.0          py311hca03da5_0\r\nsix                       1.16.0                   pypi_0    pypi\r\nsqlite                    3.41.2               h80987f9_0\r\nstack-data                0.6.2                    pypi_0    pypi\r\nsympy                     1.12                     pypi_0    pypi\r\ntensorboard               2.13.0                   pypi_0    pypi\r\ntensorboard-data-server   0.7.0                    pypi_0    pypi\r\nthreadpoolctl             3.1.0                    pypi_0    pypi\r\ntk                        8.6.12               hb8d0fd4_0\r\ntorch                     2.0.1                    pypi_0    pypi\r\ntorchvision               0.15.2                   pypi_0    pypi\r\ntornado                   6.3.2                    pypi_0    pypi\r\ntqdm                      4.65.0                   pypi_0    pypi\r\ntraitlets                 5.9.0                    pypi_0    pypi\r\ntyping-extensions         4.5.0                    pypi_0    pypi\r\ntzdata                    2023.3                   pypi_0    pypi\r\nurllib3                   1.26.15                  pypi_0    pypi\r\nwcwidth                   0.2.6                    pypi_0    pypi\r\nwerkzeug                  2.3.4                    pypi_0    pypi\r\nwheel                     0.38.4          py311hca03da5_0\r\nxz                        5.4.2                h80987f9_0\r\nzlib                      1.2.13               h5a0b063_0\r\n\r\n\r\nYou can get the script and run it with:\r\n\r\n```\r\nwget https://raw.githubusercontent.com/pytorch/pytorch/master/torch/utils/collect_env.py\r\n# For security purposes, please check the contents of collect_env.py before running it.\r\npython collect_env.py\r\n```\r\n\r\n - PyTorch Version (e.g., 1.0):\r\n - OS (e.g., Linux):\r\n - How you installed PyTorch (`conda`, `pip`, source):\r\n - Build command you used (if compiling from source):\r\n - Python version:\r\n - CUDA/cuDNN version:\r\n - GPU models and configuration:\r\n - Any other relevant information:\r\n\r\n## Additional context\r\n\r\nPytorch 2.0, no CUDA, Mac OS, Python 3.11, miniconda3\r\n\r\n<!-- Add any other context about the problem here. -->\r\n",
        "closed_by": {
            "login": "dimasquest",
            "id": 25184323,
            "node_id": "MDQ6VXNlcjI1MTg0MzIz",
            "avatar_url": "https://avatars.githubusercontent.com/u/25184323?v=4",
            "gravatar_id": "",
            "url": "https://api.github.com/users/dimasquest",
            "html_url": "https://github.com/dimasquest",
            "followers_url": "https://api.github.com/users/dimasquest/followers",
            "following_url": "https://api.github.com/users/dimasquest/following{/other_user}",
            "gists_url": "https://api.github.com/users/dimasquest/gists{/gist_id}",
            "starred_url": "https://api.github.com/users/dimasquest/starred{/owner}{/repo}",
            "subscriptions_url": "https://api.github.com/users/dimasquest/subscriptions",
            "organizations_url": "https://api.github.com/users/dimasquest/orgs",
            "repos_url": "https://api.github.com/users/dimasquest/repos",
            "events_url": "https://api.github.com/users/dimasquest/events{/privacy}",
            "received_events_url": "https://api.github.com/users/dimasquest/received_events",
            "type": "User",
            "user_view_type": "public",
            "site_admin": false
        },
        "reactions": {
            "url": "https://api.github.com/repos/facebookresearch/FLSim/issues/52/reactions",
            "total_count": 0,
            "+1": 0,
            "-1": 0,
            "laugh": 0,
            "hooray": 0,
            "confused": 0,
            "heart": 0,
            "rocket": 0,
            "eyes": 0
        },
        "timeline_url": "https://api.github.com/repos/facebookresearch/FLSim/issues/52/timeline",
        "performed_via_github_app": null,
        "state_reason": "completed"
    },
    {
        "url": "https://api.github.com/repos/facebookresearch/FLSim/issues/51",
        "repository_url": "https://api.github.com/repos/facebookresearch/FLSim",
        "labels_url": "https://api.github.com/repos/facebookresearch/FLSim/issues/51/labels{/name}",
        "comments_url": "https://api.github.com/repos/facebookresearch/FLSim/issues/51/comments",
        "events_url": "https://api.github.com/repos/facebookresearch/FLSim/issues/51/events",
        "html_url": "https://github.com/facebookresearch/FLSim/issues/51",
        "id": 1602281798,
        "node_id": "I_kwDOGT7Bg85fgOFG",
        "number": 51,
        "title": "How to use the framework with local Differential Privacy",
        "user": {
            "login": "fraboeni",
            "id": 13484092,
            "node_id": "MDQ6VXNlcjEzNDg0MDky",
            "avatar_url": "https://avatars.githubusercontent.com/u/13484092?v=4",
            "gravatar_id": "",
            "url": "https://api.github.com/users/fraboeni",
            "html_url": "https://github.com/fraboeni",
            "followers_url": "https://api.github.com/users/fraboeni/followers",
            "following_url": "https://api.github.com/users/fraboeni/following{/other_user}",
            "gists_url": "https://api.github.com/users/fraboeni/gists{/gist_id}",
            "starred_url": "https://api.github.com/users/fraboeni/starred{/owner}{/repo}",
            "subscriptions_url": "https://api.github.com/users/fraboeni/subscriptions",
            "organizations_url": "https://api.github.com/users/fraboeni/orgs",
            "repos_url": "https://api.github.com/users/fraboeni/repos",
            "events_url": "https://api.github.com/users/fraboeni/events{/privacy}",
            "received_events_url": "https://api.github.com/users/fraboeni/received_events",
            "type": "User",
            "user_view_type": "public",
            "site_admin": false
        },
        "labels": [],
        "state": "closed",
        "locked": false,
        "assignee": null,
        "assignees": [],
        "milestone": null,
        "comments": 2,
        "created_at": "2023-02-28T02:57:11Z",
        "updated_at": "2023-03-08T21:44:44Z",
        "closed_at": "2023-03-08T21:44:44Z",
        "author_association": "NONE",
        "type": null,
        "active_lock_reason": null,
        "sub_issues_summary": {
            "total": 0,
            "completed": 0,
            "percent_completed": 0
        },
        "body": "## How can I use the LDP implementation of the framework?\r\n\r\nThank you very much for the great library. I was trying to use the LDP implementation inside my code. However, I cannot figure out how to really integrate the DP parts into the workflow. \r\n\r\nWould it be possible to provide a minimal example that I can use as a starting point to understand how I can pass the parameters to the clients, how I can change the clients to use the DP Optimizer etc.\r\n\r\nThank you very much for your help!\r\n",
        "closed_by": {
            "login": "JohnlNguyen",
            "id": 14943751,
            "node_id": "MDQ6VXNlcjE0OTQzNzUx",
            "avatar_url": "https://avatars.githubusercontent.com/u/14943751?v=4",
            "gravatar_id": "",
            "url": "https://api.github.com/users/JohnlNguyen",
            "html_url": "https://github.com/JohnlNguyen",
            "followers_url": "https://api.github.com/users/JohnlNguyen/followers",
            "following_url": "https://api.github.com/users/JohnlNguyen/following{/other_user}",
            "gists_url": "https://api.github.com/users/JohnlNguyen/gists{/gist_id}",
            "starred_url": "https://api.github.com/users/JohnlNguyen/starred{/owner}{/repo}",
            "subscriptions_url": "https://api.github.com/users/JohnlNguyen/subscriptions",
            "organizations_url": "https://api.github.com/users/JohnlNguyen/orgs",
            "repos_url": "https://api.github.com/users/JohnlNguyen/repos",
            "events_url": "https://api.github.com/users/JohnlNguyen/events{/privacy}",
            "received_events_url": "https://api.github.com/users/JohnlNguyen/received_events",
            "type": "User",
            "user_view_type": "public",
            "site_admin": false
        },
        "reactions": {
            "url": "https://api.github.com/repos/facebookresearch/FLSim/issues/51/reactions",
            "total_count": 0,
            "+1": 0,
            "-1": 0,
            "laugh": 0,
            "hooray": 0,
            "confused": 0,
            "heart": 0,
            "rocket": 0,
            "eyes": 0
        },
        "timeline_url": "https://api.github.com/repos/facebookresearch/FLSim/issues/51/timeline",
        "performed_via_github_app": null,
        "state_reason": "completed"
    },
    {
        "url": "https://api.github.com/repos/facebookresearch/FLSim/issues/50",
        "repository_url": "https://api.github.com/repos/facebookresearch/FLSim",
        "labels_url": "https://api.github.com/repos/facebookresearch/FLSim/issues/50/labels{/name}",
        "comments_url": "https://api.github.com/repos/facebookresearch/FLSim/issues/50/comments",
        "events_url": "https://api.github.com/repos/facebookresearch/FLSim/issues/50/events",
        "html_url": "https://github.com/facebookresearch/FLSim/issues/50",
        "id": 1594621085,
        "node_id": "I_kwDOGT7Bg85fC_yd",
        "number": 50,
        "title": "Conflict during the installation of FLSim",
        "user": {
            "login": "QiyuanY",
            "id": 73385315,
            "node_id": "MDQ6VXNlcjczMzg1MzE1",
            "avatar_url": "https://avatars.githubusercontent.com/u/73385315?v=4",
            "gravatar_id": "",
            "url": "https://api.github.com/users/QiyuanY",
            "html_url": "https://github.com/QiyuanY",
            "followers_url": "https://api.github.com/users/QiyuanY/followers",
            "following_url": "https://api.github.com/users/QiyuanY/following{/other_user}",
            "gists_url": "https://api.github.com/users/QiyuanY/gists{/gist_id}",
            "starred_url": "https://api.github.com/users/QiyuanY/starred{/owner}{/repo}",
            "subscriptions_url": "https://api.github.com/users/QiyuanY/subscriptions",
            "organizations_url": "https://api.github.com/users/QiyuanY/orgs",
            "repos_url": "https://api.github.com/users/QiyuanY/repos",
            "events_url": "https://api.github.com/users/QiyuanY/events{/privacy}",
            "received_events_url": "https://api.github.com/users/QiyuanY/received_events",
            "type": "User",
            "user_view_type": "public",
            "site_admin": false
        },
        "labels": [],
        "state": "open",
        "locked": false,
        "assignee": null,
        "assignees": [],
        "milestone": null,
        "comments": 0,
        "created_at": "2023-02-22T07:52:09Z",
        "updated_at": "2023-02-22T07:52:09Z",
        "closed_at": null,
        "author_association": "NONE",
        "type": null,
        "active_lock_reason": null,
        "sub_issues_summary": {
            "total": 0,
            "completed": 0,
            "percent_completed": 0
        },
        "body": "## \u2753 Questions and Help\r\n\r\nUntil we move the questions to another medium, feel free to use this to submit your question:\r\n\r\n## Question\r\n\r\n<!-- A clear and concise description of your question here -->\r\nHello, team FLSim!\r\nWhen I try to install this framework on my existing environment by using pip install flsim (created by conda on both Windows and Ubuntu), the pip always try to install the torch>=1.8 depend on the dependencies, but I have already installed the torch-1.10.0-cu102 in my current virtual environment. Just like this, I only can successfully install it on the colab and run it directly. Looking forward to get your response, and thanks for your patient work! \r\n![ca84da0ebc1e08d1f8d14000ad5831f](https://user-images.githubusercontent.com/73385315/220555906-a307db7a-47b2-41f7-a809-95c7b922df8e.png)\r\n",
        "closed_by": null,
        "reactions": {
            "url": "https://api.github.com/repos/facebookresearch/FLSim/issues/50/reactions",
            "total_count": 0,
            "+1": 0,
            "-1": 0,
            "laugh": 0,
            "hooray": 0,
            "confused": 0,
            "heart": 0,
            "rocket": 0,
            "eyes": 0
        },
        "timeline_url": "https://api.github.com/repos/facebookresearch/FLSim/issues/50/timeline",
        "performed_via_github_app": null,
        "state_reason": null
    },
    {
        "url": "https://api.github.com/repos/facebookresearch/FLSim/issues/49",
        "repository_url": "https://api.github.com/repos/facebookresearch/FLSim",
        "labels_url": "https://api.github.com/repos/facebookresearch/FLSim/issues/49/labels{/name}",
        "comments_url": "https://api.github.com/repos/facebookresearch/FLSim/issues/49/comments",
        "events_url": "https://api.github.com/repos/facebookresearch/FLSim/issues/49/events",
        "html_url": "https://github.com/facebookresearch/FLSim/issues/49",
        "id": 1538102486,
        "node_id": "I_kwDOGT7Bg85brZTW",
        "number": 49,
        "title": "There seems no reproducibility in FLSim",
        "user": {
            "login": "liyipeng00",
            "id": 70316218,
            "node_id": "MDQ6VXNlcjcwMzE2MjE4",
            "avatar_url": "https://avatars.githubusercontent.com/u/70316218?v=4",
            "gravatar_id": "",
            "url": "https://api.github.com/users/liyipeng00",
            "html_url": "https://github.com/liyipeng00",
            "followers_url": "https://api.github.com/users/liyipeng00/followers",
            "following_url": "https://api.github.com/users/liyipeng00/following{/other_user}",
            "gists_url": "https://api.github.com/users/liyipeng00/gists{/gist_id}",
            "starred_url": "https://api.github.com/users/liyipeng00/starred{/owner}{/repo}",
            "subscriptions_url": "https://api.github.com/users/liyipeng00/subscriptions",
            "organizations_url": "https://api.github.com/users/liyipeng00/orgs",
            "repos_url": "https://api.github.com/users/liyipeng00/repos",
            "events_url": "https://api.github.com/users/liyipeng00/events{/privacy}",
            "received_events_url": "https://api.github.com/users/liyipeng00/received_events",
            "type": "User",
            "user_view_type": "public",
            "site_admin": false
        },
        "labels": [],
        "state": "closed",
        "locked": false,
        "assignee": null,
        "assignees": [],
        "milestone": null,
        "comments": 2,
        "created_at": "2023-01-18T14:31:31Z",
        "updated_at": "2023-02-02T18:16:47Z",
        "closed_at": "2023-02-02T18:16:46Z",
        "author_association": "NONE",
        "type": null,
        "active_lock_reason": null,
        "sub_issues_summary": {
            "total": 0,
            "completed": 0,
            "percent_completed": 0
        },
        "body": "## \ud83d\udc1b Bug\r\n\r\n<!-- A clear and concise description of what the bug is. -->\r\nWe add the code below in the function `run()` before `main()` in the [cifar10_example.py](https://github.com/facebookresearch/FLSim/blob/main/examples/cifar10_example.py) and run the cifar10_example.py as the tutorial did. However, we get the different results running the same code for three times as shown below.\r\n```\r\nSEED = 1234\r\nrandom.seed(SEED)\r\nnp.random.seed(SEED)\r\ntorch.manual_seed(SEED)\r\ntorch.cuda.manual_seed(SEED)\r\nif torch.cuda.is_available():\r\n    torch.backends.cudnn.deterministic = True\r\n    torch.backends.cudnn.benchmark = False\r\n```\r\n\r\n![image](https://user-images.githubusercontent.com/70316218/213192566-e92723c6-274f-40fd-8d60-bda608c364c7.png)\r\n\r\n\r\n## To Reproduce\r\n\r\nSee the description.\r\n\r\n<!-- If you have a code sample, error messages, stack traces, please provide it here as well -->\r\n\r\n## Expected behavior\r\n\r\n<!-- A clear and concise description of what you expected to happen. -->\r\n\r\nWe can get the same results when running the same code in the same environment.\r\n\r\n## Environment\r\n\r\n - PyTorch Version (e.g., 1.0): 1.12.1+cu116\r\n - OS (e.g., Linux): Ubuntu 22.04.1 LTS (x86_64)\r\n - How you installed PyTorch (`conda`, `pip`, source): pip\r\n - Build command you used (if compiling from source):\r\n - Python version: 3.9.15\r\n - CUDA/cuDNN version: 11.6/\r\n - GPU models and configuration: GPU 0: NVIDIA GeForce MX450\r\n - Any other relevant information:\r\n",
        "closed_by": {
            "login": "JohnlNguyen",
            "id": 14943751,
            "node_id": "MDQ6VXNlcjE0OTQzNzUx",
            "avatar_url": "https://avatars.githubusercontent.com/u/14943751?v=4",
            "gravatar_id": "",
            "url": "https://api.github.com/users/JohnlNguyen",
            "html_url": "https://github.com/JohnlNguyen",
            "followers_url": "https://api.github.com/users/JohnlNguyen/followers",
            "following_url": "https://api.github.com/users/JohnlNguyen/following{/other_user}",
            "gists_url": "https://api.github.com/users/JohnlNguyen/gists{/gist_id}",
            "starred_url": "https://api.github.com/users/JohnlNguyen/starred{/owner}{/repo}",
            "subscriptions_url": "https://api.github.com/users/JohnlNguyen/subscriptions",
            "organizations_url": "https://api.github.com/users/JohnlNguyen/orgs",
            "repos_url": "https://api.github.com/users/JohnlNguyen/repos",
            "events_url": "https://api.github.com/users/JohnlNguyen/events{/privacy}",
            "received_events_url": "https://api.github.com/users/JohnlNguyen/received_events",
            "type": "User",
            "user_view_type": "public",
            "site_admin": false
        },
        "reactions": {
            "url": "https://api.github.com/repos/facebookresearch/FLSim/issues/49/reactions",
            "total_count": 0,
            "+1": 0,
            "-1": 0,
            "laugh": 0,
            "hooray": 0,
            "confused": 0,
            "heart": 0,
            "rocket": 0,
            "eyes": 0
        },
        "timeline_url": "https://api.github.com/repos/facebookresearch/FLSim/issues/49/timeline",
        "performed_via_github_app": null,
        "state_reason": "completed"
    },
    {
        "url": "https://api.github.com/repos/facebookresearch/FLSim/issues/48",
        "repository_url": "https://api.github.com/repos/facebookresearch/FLSim",
        "labels_url": "https://api.github.com/repos/facebookresearch/FLSim/issues/48/labels{/name}",
        "comments_url": "https://api.github.com/repos/facebookresearch/FLSim/issues/48/comments",
        "events_url": "https://api.github.com/repos/facebookresearch/FLSim/issues/48/events",
        "html_url": "https://github.com/facebookresearch/FLSim/issues/48",
        "id": 1401651613,
        "node_id": "I_kwDOGT7Bg85Ti4Gd",
        "number": 48,
        "title": "Example of user-level DP?",
        "user": {
            "login": "AlphaPav",
            "id": 32030872,
            "node_id": "MDQ6VXNlcjMyMDMwODcy",
            "avatar_url": "https://avatars.githubusercontent.com/u/32030872?v=4",
            "gravatar_id": "",
            "url": "https://api.github.com/users/AlphaPav",
            "html_url": "https://github.com/AlphaPav",
            "followers_url": "https://api.github.com/users/AlphaPav/followers",
            "following_url": "https://api.github.com/users/AlphaPav/following{/other_user}",
            "gists_url": "https://api.github.com/users/AlphaPav/gists{/gist_id}",
            "starred_url": "https://api.github.com/users/AlphaPav/starred{/owner}{/repo}",
            "subscriptions_url": "https://api.github.com/users/AlphaPav/subscriptions",
            "organizations_url": "https://api.github.com/users/AlphaPav/orgs",
            "repos_url": "https://api.github.com/users/AlphaPav/repos",
            "events_url": "https://api.github.com/users/AlphaPav/events{/privacy}",
            "received_events_url": "https://api.github.com/users/AlphaPav/received_events",
            "type": "User",
            "user_view_type": "public",
            "site_admin": false
        },
        "labels": [],
        "state": "closed",
        "locked": false,
        "assignee": null,
        "assignees": [],
        "milestone": null,
        "comments": 1,
        "created_at": "2022-10-07T20:46:29Z",
        "updated_at": "2022-10-13T08:42:15Z",
        "closed_at": "2022-10-13T08:42:15Z",
        "author_association": "NONE",
        "type": null,
        "active_lock_reason": null,
        "sub_issues_summary": {
            "total": 0,
            "completed": 0,
            "percent_completed": 0
        },
        "body": "Dear FLSim team,\r\n\r\nThanks for the great library! I went through the available tutorials in the readme, but I didn't find how to implement the user-level differentially private federated learning (e.g., Learning Differentially Private Recurrent Language Models https://arxiv.org/abs/1710.06963) \r\n\r\nI observed that the user-level DP feature had been included in the library https://github.com/facebookresearch/FLSim/blob/main/flsim/privacy/user_update_clip.py and I am wondering if you have the example/script for running it.\r\n\r\nThanks!  \r\n",
        "closed_by": {
            "login": "gcormode",
            "id": 7723464,
            "node_id": "MDQ6VXNlcjc3MjM0NjQ=",
            "avatar_url": "https://avatars.githubusercontent.com/u/7723464?v=4",
            "gravatar_id": "",
            "url": "https://api.github.com/users/gcormode",
            "html_url": "https://github.com/gcormode",
            "followers_url": "https://api.github.com/users/gcormode/followers",
            "following_url": "https://api.github.com/users/gcormode/following{/other_user}",
            "gists_url": "https://api.github.com/users/gcormode/gists{/gist_id}",
            "starred_url": "https://api.github.com/users/gcormode/starred{/owner}{/repo}",
            "subscriptions_url": "https://api.github.com/users/gcormode/subscriptions",
            "organizations_url": "https://api.github.com/users/gcormode/orgs",
            "repos_url": "https://api.github.com/users/gcormode/repos",
            "events_url": "https://api.github.com/users/gcormode/events{/privacy}",
            "received_events_url": "https://api.github.com/users/gcormode/received_events",
            "type": "User",
            "user_view_type": "public",
            "site_admin": false
        },
        "reactions": {
            "url": "https://api.github.com/repos/facebookresearch/FLSim/issues/48/reactions",
            "total_count": 0,
            "+1": 0,
            "-1": 0,
            "laugh": 0,
            "hooray": 0,
            "confused": 0,
            "heart": 0,
            "rocket": 0,
            "eyes": 0
        },
        "timeline_url": "https://api.github.com/repos/facebookresearch/FLSim/issues/48/timeline",
        "performed_via_github_app": null,
        "state_reason": "completed"
    },
    {
        "url": "https://api.github.com/repos/facebookresearch/FLSim/issues/47",
        "repository_url": "https://api.github.com/repos/facebookresearch/FLSim",
        "labels_url": "https://api.github.com/repos/facebookresearch/FLSim/issues/47/labels{/name}",
        "comments_url": "https://api.github.com/repos/facebookresearch/FLSim/issues/47/comments",
        "events_url": "https://api.github.com/repos/facebookresearch/FLSim/issues/47/events",
        "html_url": "https://github.com/facebookresearch/FLSim/issues/47",
        "id": 1324861973,
        "node_id": "I_kwDOGT7Bg85O98oV",
        "number": 47,
        "title": "Does the backend handle Federated learning asynchronously?",
        "user": {
            "login": "111Kaushal",
            "id": 90990759,
            "node_id": "MDQ6VXNlcjkwOTkwNzU5",
            "avatar_url": "https://avatars.githubusercontent.com/u/90990759?v=4",
            "gravatar_id": "",
            "url": "https://api.github.com/users/111Kaushal",
            "html_url": "https://github.com/111Kaushal",
            "followers_url": "https://api.github.com/users/111Kaushal/followers",
            "following_url": "https://api.github.com/users/111Kaushal/following{/other_user}",
            "gists_url": "https://api.github.com/users/111Kaushal/gists{/gist_id}",
            "starred_url": "https://api.github.com/users/111Kaushal/starred{/owner}{/repo}",
            "subscriptions_url": "https://api.github.com/users/111Kaushal/subscriptions",
            "organizations_url": "https://api.github.com/users/111Kaushal/orgs",
            "repos_url": "https://api.github.com/users/111Kaushal/repos",
            "events_url": "https://api.github.com/users/111Kaushal/events{/privacy}",
            "received_events_url": "https://api.github.com/users/111Kaushal/received_events",
            "type": "User",
            "user_view_type": "public",
            "site_admin": false
        },
        "labels": [],
        "state": "closed",
        "locked": false,
        "assignee": null,
        "assignees": [],
        "milestone": null,
        "comments": 2,
        "created_at": "2022-08-01T19:16:39Z",
        "updated_at": "2022-08-02T23:15:13Z",
        "closed_at": "2022-08-02T16:15:31Z",
        "author_association": "NONE",
        "type": null,
        "active_lock_reason": null,
        "sub_issues_summary": {
            "total": 0,
            "completed": 0,
            "percent_completed": 0
        },
        "body": "I found this repo from this blog: - https://ai.facebook.com/blog/asynchronous-federated-learning/\r\nHowever I do not find any mentioning on this repo and also I cannot decipher from the code examples whether this is synchronous version or asynchronous version of Federated learning?\r\nCan you please clarify this for me? And also if this is the asynchronous version how can I dive deeper in to the libraries and look at the code of implementation for the asynch handling mechanism?\r\n\r\nThank you\r\n",
        "closed_by": {
            "login": "JohnlNguyen",
            "id": 14943751,
            "node_id": "MDQ6VXNlcjE0OTQzNzUx",
            "avatar_url": "https://avatars.githubusercontent.com/u/14943751?v=4",
            "gravatar_id": "",
            "url": "https://api.github.com/users/JohnlNguyen",
            "html_url": "https://github.com/JohnlNguyen",
            "followers_url": "https://api.github.com/users/JohnlNguyen/followers",
            "following_url": "https://api.github.com/users/JohnlNguyen/following{/other_user}",
            "gists_url": "https://api.github.com/users/JohnlNguyen/gists{/gist_id}",
            "starred_url": "https://api.github.com/users/JohnlNguyen/starred{/owner}{/repo}",
            "subscriptions_url": "https://api.github.com/users/JohnlNguyen/subscriptions",
            "organizations_url": "https://api.github.com/users/JohnlNguyen/orgs",
            "repos_url": "https://api.github.com/users/JohnlNguyen/repos",
            "events_url": "https://api.github.com/users/JohnlNguyen/events{/privacy}",
            "received_events_url": "https://api.github.com/users/JohnlNguyen/received_events",
            "type": "User",
            "user_view_type": "public",
            "site_admin": false
        },
        "reactions": {
            "url": "https://api.github.com/repos/facebookresearch/FLSim/issues/47/reactions",
            "total_count": 0,
            "+1": 0,
            "-1": 0,
            "laugh": 0,
            "hooray": 0,
            "confused": 0,
            "heart": 0,
            "rocket": 0,
            "eyes": 0
        },
        "timeline_url": "https://api.github.com/repos/facebookresearch/FLSim/issues/47/timeline",
        "performed_via_github_app": null,
        "state_reason": "completed"
    },
    {
        "url": "https://api.github.com/repos/facebookresearch/FLSim/issues/43",
        "repository_url": "https://api.github.com/repos/facebookresearch/FLSim",
        "labels_url": "https://api.github.com/repos/facebookresearch/FLSim/issues/43/labels{/name}",
        "comments_url": "https://api.github.com/repos/facebookresearch/FLSim/issues/43/comments",
        "events_url": "https://api.github.com/repos/facebookresearch/FLSim/issues/43/events",
        "html_url": "https://github.com/facebookresearch/FLSim/issues/43",
        "id": 1194795104,
        "node_id": "I_kwDOGT7Bg85HNyBg",
        "number": 43,
        "title": "FedSGD with virtual batching ",
        "user": {
            "login": "JohnlNguyen",
            "id": 14943751,
            "node_id": "MDQ6VXNlcjE0OTQzNzUx",
            "avatar_url": "https://avatars.githubusercontent.com/u/14943751?v=4",
            "gravatar_id": "",
            "url": "https://api.github.com/users/JohnlNguyen",
            "html_url": "https://github.com/JohnlNguyen",
            "followers_url": "https://api.github.com/users/JohnlNguyen/followers",
            "following_url": "https://api.github.com/users/JohnlNguyen/following{/other_user}",
            "gists_url": "https://api.github.com/users/JohnlNguyen/gists{/gist_id}",
            "starred_url": "https://api.github.com/users/JohnlNguyen/starred{/owner}{/repo}",
            "subscriptions_url": "https://api.github.com/users/JohnlNguyen/subscriptions",
            "organizations_url": "https://api.github.com/users/JohnlNguyen/orgs",
            "repos_url": "https://api.github.com/users/JohnlNguyen/repos",
            "events_url": "https://api.github.com/users/JohnlNguyen/events{/privacy}",
            "received_events_url": "https://api.github.com/users/JohnlNguyen/received_events",
            "type": "User",
            "user_view_type": "public",
            "site_admin": false
        },
        "labels": [],
        "state": "open",
        "locked": false,
        "assignee": null,
        "assignees": [],
        "milestone": null,
        "comments": 0,
        "created_at": "2022-04-06T15:44:37Z",
        "updated_at": "2022-04-06T15:44:37Z",
        "closed_at": null,
        "author_association": "CONTRIBUTOR",
        "type": null,
        "active_lock_reason": null,
        "sub_issues_summary": {
            "total": 0,
            "completed": 0,
            "percent_completed": 0
        },
        "body": "## \ud83d\ude80 Feature\r\n<!-- A clear and concise description of the feature proposal -->\r\n\r\n## Motivation\r\n\r\nCreate a memory efficient client to run FedSGD. If a client has many examples, running FedSGD (taking the gradient of the model based on all of the client's data) can lead to OOM. In this PR, we fix this problem by still calling optimizer.step once at the end of local training to simulate the effect of FedSGD.>\r\n\r\n\r\n",
        "closed_by": null,
        "reactions": {
            "url": "https://api.github.com/repos/facebookresearch/FLSim/issues/43/reactions",
            "total_count": 0,
            "+1": 0,
            "-1": 0,
            "laugh": 0,
            "hooray": 0,
            "confused": 0,
            "heart": 0,
            "rocket": 0,
            "eyes": 0
        },
        "timeline_url": "https://api.github.com/repos/facebookresearch/FLSim/issues/43/timeline",
        "performed_via_github_app": null,
        "state_reason": null
    },
    {
        "url": "https://api.github.com/repos/facebookresearch/FLSim/issues/40",
        "repository_url": "https://api.github.com/repos/facebookresearch/FLSim",
        "labels_url": "https://api.github.com/repos/facebookresearch/FLSim/issues/40/labels{/name}",
        "comments_url": "https://api.github.com/repos/facebookresearch/FLSim/issues/40/comments",
        "events_url": "https://api.github.com/repos/facebookresearch/FLSim/issues/40/events",
        "html_url": "https://github.com/facebookresearch/FLSim/issues/40",
        "id": 1177738374,
        "node_id": "I_kwDOGT7Bg85GMtyG",
        "number": 40,
        "title": "Personalized model for clients",
        "user": {
            "login": "pone7",
            "id": 37750325,
            "node_id": "MDQ6VXNlcjM3NzUwMzI1",
            "avatar_url": "https://avatars.githubusercontent.com/u/37750325?v=4",
            "gravatar_id": "",
            "url": "https://api.github.com/users/pone7",
            "html_url": "https://github.com/pone7",
            "followers_url": "https://api.github.com/users/pone7/followers",
            "following_url": "https://api.github.com/users/pone7/following{/other_user}",
            "gists_url": "https://api.github.com/users/pone7/gists{/gist_id}",
            "starred_url": "https://api.github.com/users/pone7/starred{/owner}{/repo}",
            "subscriptions_url": "https://api.github.com/users/pone7/subscriptions",
            "organizations_url": "https://api.github.com/users/pone7/orgs",
            "repos_url": "https://api.github.com/users/pone7/repos",
            "events_url": "https://api.github.com/users/pone7/events{/privacy}",
            "received_events_url": "https://api.github.com/users/pone7/received_events",
            "type": "User",
            "user_view_type": "public",
            "site_admin": false
        },
        "labels": [],
        "state": "closed",
        "locked": false,
        "assignee": null,
        "assignees": [],
        "milestone": null,
        "comments": 1,
        "created_at": "2022-03-23T07:48:11Z",
        "updated_at": "2022-04-06T15:37:10Z",
        "closed_at": "2022-04-06T15:37:10Z",
        "author_association": "NONE",
        "type": null,
        "active_lock_reason": null,
        "sub_issues_summary": {
            "total": 0,
            "completed": 0,
            "percent_completed": 0
        },
        "body": "## \u2753 Questions and Help\r\n\r\nUntil we move the questions to another medium, feel free to use this as your question:\r\n\r\n## Question\r\n\r\n<!-- A clear and concise description of your question here -->\r\n\r\nIs it possible to deploy different models to clients? For example, deploy only a part of the model on the server.",
        "closed_by": {
            "login": "JohnlNguyen",
            "id": 14943751,
            "node_id": "MDQ6VXNlcjE0OTQzNzUx",
            "avatar_url": "https://avatars.githubusercontent.com/u/14943751?v=4",
            "gravatar_id": "",
            "url": "https://api.github.com/users/JohnlNguyen",
            "html_url": "https://github.com/JohnlNguyen",
            "followers_url": "https://api.github.com/users/JohnlNguyen/followers",
            "following_url": "https://api.github.com/users/JohnlNguyen/following{/other_user}",
            "gists_url": "https://api.github.com/users/JohnlNguyen/gists{/gist_id}",
            "starred_url": "https://api.github.com/users/JohnlNguyen/starred{/owner}{/repo}",
            "subscriptions_url": "https://api.github.com/users/JohnlNguyen/subscriptions",
            "organizations_url": "https://api.github.com/users/JohnlNguyen/orgs",
            "repos_url": "https://api.github.com/users/JohnlNguyen/repos",
            "events_url": "https://api.github.com/users/JohnlNguyen/events{/privacy}",
            "received_events_url": "https://api.github.com/users/JohnlNguyen/received_events",
            "type": "User",
            "user_view_type": "public",
            "site_admin": false
        },
        "reactions": {
            "url": "https://api.github.com/repos/facebookresearch/FLSim/issues/40/reactions",
            "total_count": 0,
            "+1": 0,
            "-1": 0,
            "laugh": 0,
            "hooray": 0,
            "confused": 0,
            "heart": 0,
            "rocket": 0,
            "eyes": 0
        },
        "timeline_url": "https://api.github.com/repos/facebookresearch/FLSim/issues/40/timeline",
        "performed_via_github_app": null,
        "state_reason": "completed"
    },
    {
        "url": "https://api.github.com/repos/facebookresearch/FLSim/issues/39",
        "repository_url": "https://api.github.com/repos/facebookresearch/FLSim",
        "labels_url": "https://api.github.com/repos/facebookresearch/FLSim/issues/39/labels{/name}",
        "comments_url": "https://api.github.com/repos/facebookresearch/FLSim/issues/39/comments",
        "events_url": "https://api.github.com/repos/facebookresearch/FLSim/issues/39/events",
        "html_url": "https://github.com/facebookresearch/FLSim/issues/39",
        "id": 1164516893,
        "node_id": "I_kwDOGT7Bg85FaR4d",
        "number": 39,
        "title": "Having to `import flsim.configs`  before creating config from json is unintuitive ",
        "user": {
            "login": "JohnlNguyen",
            "id": 14943751,
            "node_id": "MDQ6VXNlcjE0OTQzNzUx",
            "avatar_url": "https://avatars.githubusercontent.com/u/14943751?v=4",
            "gravatar_id": "",
            "url": "https://api.github.com/users/JohnlNguyen",
            "html_url": "https://github.com/JohnlNguyen",
            "followers_url": "https://api.github.com/users/JohnlNguyen/followers",
            "following_url": "https://api.github.com/users/JohnlNguyen/following{/other_user}",
            "gists_url": "https://api.github.com/users/JohnlNguyen/gists{/gist_id}",
            "starred_url": "https://api.github.com/users/JohnlNguyen/starred{/owner}{/repo}",
            "subscriptions_url": "https://api.github.com/users/JohnlNguyen/subscriptions",
            "organizations_url": "https://api.github.com/users/JohnlNguyen/orgs",
            "repos_url": "https://api.github.com/users/JohnlNguyen/repos",
            "events_url": "https://api.github.com/users/JohnlNguyen/events{/privacy}",
            "received_events_url": "https://api.github.com/users/JohnlNguyen/received_events",
            "type": "User",
            "user_view_type": "public",
            "site_admin": false
        },
        "labels": [],
        "state": "open",
        "locked": false,
        "assignee": {
            "login": "karthikprasad",
            "id": 1632501,
            "node_id": "MDQ6VXNlcjE2MzI1MDE=",
            "avatar_url": "https://avatars.githubusercontent.com/u/1632501?v=4",
            "gravatar_id": "",
            "url": "https://api.github.com/users/karthikprasad",
            "html_url": "https://github.com/karthikprasad",
            "followers_url": "https://api.github.com/users/karthikprasad/followers",
            "following_url": "https://api.github.com/users/karthikprasad/following{/other_user}",
            "gists_url": "https://api.github.com/users/karthikprasad/gists{/gist_id}",
            "starred_url": "https://api.github.com/users/karthikprasad/starred{/owner}{/repo}",
            "subscriptions_url": "https://api.github.com/users/karthikprasad/subscriptions",
            "organizations_url": "https://api.github.com/users/karthikprasad/orgs",
            "repos_url": "https://api.github.com/users/karthikprasad/repos",
            "events_url": "https://api.github.com/users/karthikprasad/events{/privacy}",
            "received_events_url": "https://api.github.com/users/karthikprasad/received_events",
            "type": "User",
            "user_view_type": "public",
            "site_admin": false
        },
        "assignees": [
            {
                "login": "karthikprasad",
                "id": 1632501,
                "node_id": "MDQ6VXNlcjE2MzI1MDE=",
                "avatar_url": "https://avatars.githubusercontent.com/u/1632501?v=4",
                "gravatar_id": "",
                "url": "https://api.github.com/users/karthikprasad",
                "html_url": "https://github.com/karthikprasad",
                "followers_url": "https://api.github.com/users/karthikprasad/followers",
                "following_url": "https://api.github.com/users/karthikprasad/following{/other_user}",
                "gists_url": "https://api.github.com/users/karthikprasad/gists{/gist_id}",
                "starred_url": "https://api.github.com/users/karthikprasad/starred{/owner}{/repo}",
                "subscriptions_url": "https://api.github.com/users/karthikprasad/subscriptions",
                "organizations_url": "https://api.github.com/users/karthikprasad/orgs",
                "repos_url": "https://api.github.com/users/karthikprasad/repos",
                "events_url": "https://api.github.com/users/karthikprasad/events{/privacy}",
                "received_events_url": "https://api.github.com/users/karthikprasad/received_events",
                "type": "User",
                "user_view_type": "public",
                "site_admin": false
            }
        ],
        "milestone": null,
        "comments": 0,
        "created_at": "2022-03-09T22:37:19Z",
        "updated_at": "2022-03-09T22:37:38Z",
        "closed_at": null,
        "author_association": "CONTRIBUTOR",
        "type": null,
        "active_lock_reason": null,
        "sub_issues_summary": {
            "total": 0,
            "completed": 0,
            "percent_completed": 0
        },
        "body": "## \ud83d\ude80 Feature\r\nThis code works\r\n```\r\nimport flsim.configs <-- \r\nfrom flsim.utils.config_utils import fl_config_from_json\r\n\r\njson_config = {\r\n    \"trainer\": {\r\n    }\r\n}\r\ncfg = fl_config_from_json(json_config)\r\n```\r\n\r\nThis code doesn't work\r\n```\r\nfrom flsim.utils.config_utils import fl_config_from_json\r\n\r\njson_config = {\r\n    \"trainer\": {\r\n    }\r\n}\r\ncfg = fl_config_from_json(json_config)\r\n```\r\n\r\n## Motivation\r\n\r\nHaving to `import flsim.configs` is unintuitive and not clear from the user perspective\r\n\r\n## Pitch\r\n\r\n<!-- A clear and concise description of what you want to happen. -->\r\n\r\n## Alternatives\r\n\r\n<!-- A clear and concise description of any alternative solutions or features you've considered, if any. -->\r\n\r\n## Additional context\r\n\r\n<!-- Add any other context or screenshots about the feature request here. -->\r\n",
        "closed_by": null,
        "reactions": {
            "url": "https://api.github.com/repos/facebookresearch/FLSim/issues/39/reactions",
            "total_count": 0,
            "+1": 0,
            "-1": 0,
            "laugh": 0,
            "hooray": 0,
            "confused": 0,
            "heart": 0,
            "rocket": 0,
            "eyes": 0
        },
        "timeline_url": "https://api.github.com/repos/facebookresearch/FLSim/issues/39/timeline",
        "performed_via_github_app": null,
        "state_reason": null
    },
    {
        "url": "https://api.github.com/repos/facebookresearch/FLSim/issues/36",
        "repository_url": "https://api.github.com/repos/facebookresearch/FLSim",
        "labels_url": "https://api.github.com/repos/facebookresearch/FLSim/issues/36/labels{/name}",
        "comments_url": "https://api.github.com/repos/facebookresearch/FLSim/issues/36/comments",
        "events_url": "https://api.github.com/repos/facebookresearch/FLSim/issues/36/events",
        "html_url": "https://github.com/facebookresearch/FLSim/issues/36",
        "id": 1142384588,
        "node_id": "I_kwDOGT7Bg85EF2fM",
        "number": 36,
        "title": "Error running tests -   ModuleNotFoundError: No module named 'flsim.scripts', flsim.fb'",
        "user": {
            "login": "ghaccount",
            "id": 4627288,
            "node_id": "MDQ6VXNlcjQ2MjcyODg=",
            "avatar_url": "https://avatars.githubusercontent.com/u/4627288?v=4",
            "gravatar_id": "",
            "url": "https://api.github.com/users/ghaccount",
            "html_url": "https://github.com/ghaccount",
            "followers_url": "https://api.github.com/users/ghaccount/followers",
            "following_url": "https://api.github.com/users/ghaccount/following{/other_user}",
            "gists_url": "https://api.github.com/users/ghaccount/gists{/gist_id}",
            "starred_url": "https://api.github.com/users/ghaccount/starred{/owner}{/repo}",
            "subscriptions_url": "https://api.github.com/users/ghaccount/subscriptions",
            "organizations_url": "https://api.github.com/users/ghaccount/orgs",
            "repos_url": "https://api.github.com/users/ghaccount/repos",
            "events_url": "https://api.github.com/users/ghaccount/events{/privacy}",
            "received_events_url": "https://api.github.com/users/ghaccount/received_events",
            "type": "User",
            "user_view_type": "public",
            "site_admin": false
        },
        "labels": [],
        "state": "closed",
        "locked": false,
        "assignee": null,
        "assignees": [],
        "milestone": null,
        "comments": 1,
        "created_at": "2022-02-18T05:25:11Z",
        "updated_at": "2022-02-20T08:30:24Z",
        "closed_at": "2022-02-19T00:20:44Z",
        "author_association": "CONTRIBUTOR",
        "type": null,
        "active_lock_reason": null,
        "sub_issues_summary": {
            "total": 0,
            "completed": 0,
            "percent_completed": 0
        },
        "body": "## \ud83d\udc1b Bug\r\n\r\n<!-- A clear and concise description of what the bug is. -->\r\nI am trying to contribute to this project, however when running tests via pytest -ra, I am getting ModuleNotFoundError errors.\r\n\r\n## To Reproduce\r\n> :warning: **We cannot help you without you sharing reproducible code**. Do not ignore this part :)\r\nSteps to reproduce the behavior:\r\n\r\n1. pytest -ra\r\n2.\r\n3.\r\n\r\n<!-- If you have a code sample, error messages, stack traces, please provide it here as well -->\r\nHint: make sure your test modules/packages have valid Python names.\r\nTraceback:\r\nflsim/lib/python3.7/importlib/__init__.py:127: in import_module\r\n    return _bootstrap._gcd_import(name[level:], package, level)\r\nflsim/trainers/tests/test_trainer.py:31: in <module>\r\n    from flsim.fb.data.hive_data_utils import create_dataloader\r\nE   ModuleNotFoundError: No module named 'flsim.fb'\r\n______________________________________________________________________________ ERROR collecting scripts/tests/test_old_config_converter.py _______________________________________________________________________________\r\nImportError while importing test module 'FLSim/scripts/tests/test_old_config_converter.py'.\r\nHint: make sure your test modules/packages have valid Python names.\r\nTraceback:\r\nflsim/lib/python3.7/importlib/__init__.py:127: in import_module\r\n    return _bootstrap._gcd_import(name[level:], package, level)\r\nscripts/tests/test_old_config_converter.py:12: in <module>\r\n    from flsim.scripts.old_config_converter import get_new_fl_config\r\nE   ModuleNotFoundError: No module named 'flsim.scripts'\r\n\r\n## Expected behavior\r\n\r\n<!-- A clear and concise description of what you expected to happen. -->\r\n\r\n## Environment\r\n\r\nPlease copy and paste the output from our\r\n[environment collection script](https://raw.githubusercontent.com/pytorch/pytorch/master/torch/utils/collect_env.py)\r\n(or fill out the checklist below manually).\r\n\r\nYou can get the script and run it with:\r\n\r\n```\r\nwget https://raw.githubusercontent.com/pytorch/pytorch/master/torch/utils/collect_env.py\r\n# For security purposes, please check the contents of collect_env.py before running it.\r\npython collect_env.py\r\n```\r\n\r\n - PyTorch Version (e.g., 1.0):\r\n - OS (e.g., Linux):\r\n - How you installed PyTorch (`conda`, `pip`, source):\r\n - Build command you used (if compiling from source):\r\n - Python version:\r\n - CUDA/cuDNN version:\r\n - GPU models and configuration:\r\n - Any other relevant information:\r\n\r\n## Additional context\r\n\r\n<!-- Add any other context about the problem here. -->\r\n",
        "closed_by": {
            "login": "jessijzhao",
            "id": 35235453,
            "node_id": "MDQ6VXNlcjM1MjM1NDUz",
            "avatar_url": "https://avatars.githubusercontent.com/u/35235453?v=4",
            "gravatar_id": "",
            "url": "https://api.github.com/users/jessijzhao",
            "html_url": "https://github.com/jessijzhao",
            "followers_url": "https://api.github.com/users/jessijzhao/followers",
            "following_url": "https://api.github.com/users/jessijzhao/following{/other_user}",
            "gists_url": "https://api.github.com/users/jessijzhao/gists{/gist_id}",
            "starred_url": "https://api.github.com/users/jessijzhao/starred{/owner}{/repo}",
            "subscriptions_url": "https://api.github.com/users/jessijzhao/subscriptions",
            "organizations_url": "https://api.github.com/users/jessijzhao/orgs",
            "repos_url": "https://api.github.com/users/jessijzhao/repos",
            "events_url": "https://api.github.com/users/jessijzhao/events{/privacy}",
            "received_events_url": "https://api.github.com/users/jessijzhao/received_events",
            "type": "User",
            "user_view_type": "public",
            "site_admin": false
        },
        "reactions": {
            "url": "https://api.github.com/repos/facebookresearch/FLSim/issues/36/reactions",
            "total_count": 0,
            "+1": 0,
            "-1": 0,
            "laugh": 0,
            "hooray": 0,
            "confused": 0,
            "heart": 0,
            "rocket": 0,
            "eyes": 0
        },
        "timeline_url": "https://api.github.com/repos/facebookresearch/FLSim/issues/36/timeline",
        "performed_via_github_app": null,
        "state_reason": "completed"
    },
    {
        "url": "https://api.github.com/repos/facebookresearch/FLSim/issues/34",
        "repository_url": "https://api.github.com/repos/facebookresearch/FLSim",
        "labels_url": "https://api.github.com/repos/facebookresearch/FLSim/issues/34/labels{/name}",
        "comments_url": "https://api.github.com/repos/facebookresearch/FLSim/issues/34/comments",
        "events_url": "https://api.github.com/repos/facebookresearch/FLSim/issues/34/events",
        "html_url": "https://github.com/facebookresearch/FLSim/issues/34",
        "id": 1125269112,
        "node_id": "I_kwDOGT7Bg85DEj54",
        "number": 34,
        "title": "low test accuracy in Sentiment classification with LEAF's Sent140 tutorial?",
        "user": {
            "login": "ghaccount",
            "id": 4627288,
            "node_id": "MDQ6VXNlcjQ2MjcyODg=",
            "avatar_url": "https://avatars.githubusercontent.com/u/4627288?v=4",
            "gravatar_id": "",
            "url": "https://api.github.com/users/ghaccount",
            "html_url": "https://github.com/ghaccount",
            "followers_url": "https://api.github.com/users/ghaccount/followers",
            "following_url": "https://api.github.com/users/ghaccount/following{/other_user}",
            "gists_url": "https://api.github.com/users/ghaccount/gists{/gist_id}",
            "starred_url": "https://api.github.com/users/ghaccount/starred{/owner}{/repo}",
            "subscriptions_url": "https://api.github.com/users/ghaccount/subscriptions",
            "organizations_url": "https://api.github.com/users/ghaccount/orgs",
            "repos_url": "https://api.github.com/users/ghaccount/repos",
            "events_url": "https://api.github.com/users/ghaccount/events{/privacy}",
            "received_events_url": "https://api.github.com/users/ghaccount/received_events",
            "type": "User",
            "user_view_type": "public",
            "site_admin": false
        },
        "labels": [],
        "state": "open",
        "locked": false,
        "assignee": null,
        "assignees": [],
        "milestone": null,
        "comments": 0,
        "created_at": "2022-02-06T17:49:04Z",
        "updated_at": "2022-02-18T17:49:19Z",
        "closed_at": null,
        "author_association": "CONTRIBUTOR",
        "type": null,
        "active_lock_reason": null,
        "sub_issues_summary": {
            "total": 0,
            "completed": 0,
            "percent_completed": 0
        },
        "body": "## \u2753 Questions and Help\r\n\r\nUntil we move the questions to another medium, feel free to use this as your question:\r\n\r\n## Question\r\nI tried this tutorial https://github.com/facebookresearch/FLSim/blob/main/tutorials/sent140_tutorial.ipynb\r\nAnd accuracy is less that random guess (50%)!\r\n\r\nAny suggestions or approaches to improve accuracy for this tutorial?\r\n\r\nfrom tutorial:\r\nRunning (epoch = 1, round = 1, global round = 1) for Test\r\n(epoch = 1, round = 1, global round = 1), Loss/Test: 0.8683878255035598\r\n(epoch = 1, round = 1, global round = 1), Accuracy/Test: 49.61439588688946\r\n{'Accuracy': 49.61439588688946}\r\n\r\n",
        "closed_by": {
            "login": "JohnlNguyen",
            "id": 14943751,
            "node_id": "MDQ6VXNlcjE0OTQzNzUx",
            "avatar_url": "https://avatars.githubusercontent.com/u/14943751?v=4",
            "gravatar_id": "",
            "url": "https://api.github.com/users/JohnlNguyen",
            "html_url": "https://github.com/JohnlNguyen",
            "followers_url": "https://api.github.com/users/JohnlNguyen/followers",
            "following_url": "https://api.github.com/users/JohnlNguyen/following{/other_user}",
            "gists_url": "https://api.github.com/users/JohnlNguyen/gists{/gist_id}",
            "starred_url": "https://api.github.com/users/JohnlNguyen/starred{/owner}{/repo}",
            "subscriptions_url": "https://api.github.com/users/JohnlNguyen/subscriptions",
            "organizations_url": "https://api.github.com/users/JohnlNguyen/orgs",
            "repos_url": "https://api.github.com/users/JohnlNguyen/repos",
            "events_url": "https://api.github.com/users/JohnlNguyen/events{/privacy}",
            "received_events_url": "https://api.github.com/users/JohnlNguyen/received_events",
            "type": "User",
            "user_view_type": "public",
            "site_admin": false
        },
        "reactions": {
            "url": "https://api.github.com/repos/facebookresearch/FLSim/issues/34/reactions",
            "total_count": 0,
            "+1": 0,
            "-1": 0,
            "laugh": 0,
            "hooray": 0,
            "confused": 0,
            "heart": 0,
            "rocket": 0,
            "eyes": 0
        },
        "timeline_url": "https://api.github.com/repos/facebookresearch/FLSim/issues/34/timeline",
        "performed_via_github_app": null,
        "state_reason": null
    }
]