[
    {
        "url": "https://api.github.com/repos/FederatedAI/Practicing-Federated-Learning/issues/27",
        "repository_url": "https://api.github.com/repos/FederatedAI/Practicing-Federated-Learning",
        "labels_url": "https://api.github.com/repos/FederatedAI/Practicing-Federated-Learning/issues/27/labels{/name}",
        "comments_url": "https://api.github.com/repos/FederatedAI/Practicing-Federated-Learning/issues/27/comments",
        "events_url": "https://api.github.com/repos/FederatedAI/Practicing-Federated-Learning/issues/27/events",
        "html_url": "https://github.com/FederatedAI/Practicing-Federated-Learning/issues/27",
        "id": 2762611448,
        "node_id": "I_kwDOE150Us6kqhr4",
        "number": 27,
        "title": "SOCKETIO client\u8981\u5b89\u88c5\u54ea\u4e2a\u7248\u672c",
        "user": {
            "login": "yixiaodian11",
            "id": 153575850,
            "node_id": "U_kgDOCSdhqg",
            "avatar_url": "https://avatars.githubusercontent.com/u/153575850?v=4",
            "gravatar_id": "",
            "url": "https://api.github.com/users/yixiaodian11",
            "html_url": "https://github.com/yixiaodian11",
            "followers_url": "https://api.github.com/users/yixiaodian11/followers",
            "following_url": "https://api.github.com/users/yixiaodian11/following{/other_user}",
            "gists_url": "https://api.github.com/users/yixiaodian11/gists{/gist_id}",
            "starred_url": "https://api.github.com/users/yixiaodian11/starred{/owner}{/repo}",
            "subscriptions_url": "https://api.github.com/users/yixiaodian11/subscriptions",
            "organizations_url": "https://api.github.com/users/yixiaodian11/orgs",
            "repos_url": "https://api.github.com/users/yixiaodian11/repos",
            "events_url": "https://api.github.com/users/yixiaodian11/events{/privacy}",
            "received_events_url": "https://api.github.com/users/yixiaodian11/received_events",
            "type": "User",
            "user_view_type": "public",
            "site_admin": false
        },
        "labels": [],
        "state": "closed",
        "locked": false,
        "assignee": null,
        "assignees": [],
        "milestone": null,
        "comments": 0,
        "created_at": "2024-12-30T03:53:39Z",
        "updated_at": "2024-12-30T08:37:12Z",
        "closed_at": "2024-12-30T08:37:12Z",
        "author_association": "NONE",
        "type": null,
        "active_lock_reason": null,
        "sub_issues_summary": {
            "total": 0,
            "completed": 0,
            "percent_completed": 0
        },
        "body": "which version",
        "closed_by": {
            "login": "yixiaodian11",
            "id": 153575850,
            "node_id": "U_kgDOCSdhqg",
            "avatar_url": "https://avatars.githubusercontent.com/u/153575850?v=4",
            "gravatar_id": "",
            "url": "https://api.github.com/users/yixiaodian11",
            "html_url": "https://github.com/yixiaodian11",
            "followers_url": "https://api.github.com/users/yixiaodian11/followers",
            "following_url": "https://api.github.com/users/yixiaodian11/following{/other_user}",
            "gists_url": "https://api.github.com/users/yixiaodian11/gists{/gist_id}",
            "starred_url": "https://api.github.com/users/yixiaodian11/starred{/owner}{/repo}",
            "subscriptions_url": "https://api.github.com/users/yixiaodian11/subscriptions",
            "organizations_url": "https://api.github.com/users/yixiaodian11/orgs",
            "repos_url": "https://api.github.com/users/yixiaodian11/repos",
            "events_url": "https://api.github.com/users/yixiaodian11/events{/privacy}",
            "received_events_url": "https://api.github.com/users/yixiaodian11/received_events",
            "type": "User",
            "user_view_type": "public",
            "site_admin": false
        },
        "reactions": {
            "url": "https://api.github.com/repos/FederatedAI/Practicing-Federated-Learning/issues/27/reactions",
            "total_count": 0,
            "+1": 0,
            "-1": 0,
            "laugh": 0,
            "hooray": 0,
            "confused": 0,
            "heart": 0,
            "rocket": 0,
            "eyes": 0
        },
        "timeline_url": "https://api.github.com/repos/FederatedAI/Practicing-Federated-Learning/issues/27/timeline",
        "performed_via_github_app": null,
        "state_reason": "completed"
    },
    {
        "url": "https://api.github.com/repos/FederatedAI/Practicing-Federated-Learning/issues/25",
        "repository_url": "https://api.github.com/repos/FederatedAI/Practicing-Federated-Learning",
        "labels_url": "https://api.github.com/repos/FederatedAI/Practicing-Federated-Learning/issues/25/labels{/name}",
        "comments_url": "https://api.github.com/repos/FederatedAI/Practicing-Federated-Learning/issues/25/comments",
        "events_url": "https://api.github.com/repos/FederatedAI/Practicing-Federated-Learning/issues/25/events",
        "html_url": "https://github.com/FederatedAI/Practicing-Federated-Learning/issues/25",
        "id": 2229309110,
        "node_id": "I_kwDOE150Us6E4I62",
        "number": 25,
        "title": "\u7b2c\u5341\u7ae0\u6709\u4eba\u80fd\u8dd1\u7684\u901a\u5417\uff1f",
        "user": {
            "login": "Charleston77",
            "id": 119512950,
            "node_id": "U_kgDOBx-fdg",
            "avatar_url": "https://avatars.githubusercontent.com/u/119512950?v=4",
            "gravatar_id": "",
            "url": "https://api.github.com/users/Charleston77",
            "html_url": "https://github.com/Charleston77",
            "followers_url": "https://api.github.com/users/Charleston77/followers",
            "following_url": "https://api.github.com/users/Charleston77/following{/other_user}",
            "gists_url": "https://api.github.com/users/Charleston77/gists{/gist_id}",
            "starred_url": "https://api.github.com/users/Charleston77/starred{/owner}{/repo}",
            "subscriptions_url": "https://api.github.com/users/Charleston77/subscriptions",
            "organizations_url": "https://api.github.com/users/Charleston77/orgs",
            "repos_url": "https://api.github.com/users/Charleston77/repos",
            "events_url": "https://api.github.com/users/Charleston77/events{/privacy}",
            "received_events_url": "https://api.github.com/users/Charleston77/received_events",
            "type": "User",
            "user_view_type": "public",
            "site_admin": false
        },
        "labels": [],
        "state": "open",
        "locked": false,
        "assignee": null,
        "assignees": [],
        "milestone": null,
        "comments": 3,
        "created_at": "2024-04-06T16:07:58Z",
        "updated_at": "2025-01-03T03:53:46Z",
        "closed_at": null,
        "author_association": "NONE",
        "type": null,
        "active_lock_reason": null,
        "sub_issues_summary": {
            "total": 0,
            "completed": 0,
            "percent_completed": 0
        },
        "body": "\u6570\u636e\u96c6\u793a\u4f8b\u662f\u4ec0\u4e48\uff1f\u4ec0\u4e48\u90fd\u6ca1\u6709\u5c31\u51fa\u4e66\u4e86\uff1fdebug\u5f04\u4e86\u4e00\u5929\u90fd\u4e0d\u884c\uff0c\u4e00\u5927\u5806\u62a5\u9519\uff0c\u5c31\u4f60\u8fd9\u91cc\u53ef\u4ee5\u8dd1\u522b\u4eba\u7684\u4e0d\u884c\u662f\u5427\uff1f",
        "closed_by": null,
        "reactions": {
            "url": "https://api.github.com/repos/FederatedAI/Practicing-Federated-Learning/issues/25/reactions",
            "total_count": 0,
            "+1": 0,
            "-1": 0,
            "laugh": 0,
            "hooray": 0,
            "confused": 0,
            "heart": 0,
            "rocket": 0,
            "eyes": 0
        },
        "timeline_url": "https://api.github.com/repos/FederatedAI/Practicing-Federated-Learning/issues/25/timeline",
        "performed_via_github_app": null,
        "state_reason": null
    },
    {
        "url": "https://api.github.com/repos/FederatedAI/Practicing-Federated-Learning/issues/24",
        "repository_url": "https://api.github.com/repos/FederatedAI/Practicing-Federated-Learning",
        "labels_url": "https://api.github.com/repos/FederatedAI/Practicing-Federated-Learning/issues/24/labels{/name}",
        "comments_url": "https://api.github.com/repos/FederatedAI/Practicing-Federated-Learning/issues/24/comments",
        "events_url": "https://api.github.com/repos/FederatedAI/Practicing-Federated-Learning/issues/24/events",
        "html_url": "https://github.com/FederatedAI/Practicing-Federated-Learning/issues/24",
        "id": 2229132474,
        "node_id": "I_kwDOE150Us6E3dy6",
        "number": 24,
        "title": "\u7b2c\u5341\u7ae0\u7684\u95ee\u9898",
        "user": {
            "login": "Charleston77",
            "id": 119512950,
            "node_id": "U_kgDOBx-fdg",
            "avatar_url": "https://avatars.githubusercontent.com/u/119512950?v=4",
            "gravatar_id": "",
            "url": "https://api.github.com/users/Charleston77",
            "html_url": "https://github.com/Charleston77",
            "followers_url": "https://api.github.com/users/Charleston77/followers",
            "following_url": "https://api.github.com/users/Charleston77/following{/other_user}",
            "gists_url": "https://api.github.com/users/Charleston77/gists{/gist_id}",
            "starred_url": "https://api.github.com/users/Charleston77/starred{/owner}{/repo}",
            "subscriptions_url": "https://api.github.com/users/Charleston77/subscriptions",
            "organizations_url": "https://api.github.com/users/Charleston77/orgs",
            "repos_url": "https://api.github.com/users/Charleston77/repos",
            "events_url": "https://api.github.com/users/Charleston77/events{/privacy}",
            "received_events_url": "https://api.github.com/users/Charleston77/received_events",
            "type": "User",
            "user_view_type": "public",
            "site_admin": false
        },
        "labels": [],
        "state": "open",
        "locked": false,
        "assignee": null,
        "assignees": [],
        "milestone": null,
        "comments": 0,
        "created_at": "2024-04-06T08:00:56Z",
        "updated_at": "2024-04-06T08:00:56Z",
        "closed_at": null,
        "author_association": "NONE",
        "type": null,
        "active_lock_reason": null,
        "sub_issues_summary": {
            "total": 0,
            "completed": 0,
            "percent_completed": 0
        },
        "body": "\u4ee3\u7801\u4e0b\u8f7d\u4e0b\u6765\u8dd1\u4e0d\u4e86bash\r\n\u4e00\u76f4\u663e\u793anohup: failed to run command 'python3': Permission denied\r\n",
        "closed_by": null,
        "reactions": {
            "url": "https://api.github.com/repos/FederatedAI/Practicing-Federated-Learning/issues/24/reactions",
            "total_count": 0,
            "+1": 0,
            "-1": 0,
            "laugh": 0,
            "hooray": 0,
            "confused": 0,
            "heart": 0,
            "rocket": 0,
            "eyes": 0
        },
        "timeline_url": "https://api.github.com/repos/FederatedAI/Practicing-Federated-Learning/issues/24/timeline",
        "performed_via_github_app": null,
        "state_reason": null
    },
    {
        "url": "https://api.github.com/repos/FederatedAI/Practicing-Federated-Learning/issues/23",
        "repository_url": "https://api.github.com/repos/FederatedAI/Practicing-Federated-Learning",
        "labels_url": "https://api.github.com/repos/FederatedAI/Practicing-Federated-Learning/issues/23/labels{/name}",
        "comments_url": "https://api.github.com/repos/FederatedAI/Practicing-Federated-Learning/issues/23/comments",
        "events_url": "https://api.github.com/repos/FederatedAI/Practicing-Federated-Learning/issues/23/events",
        "html_url": "https://github.com/FederatedAI/Practicing-Federated-Learning/issues/23",
        "id": 2046706511,
        "node_id": "I_kwDOE150Us55_kNP",
        "number": 23,
        "title": "\u7b2c\u4e94\u7ae0\u7528FATE\u4ece\u96f6\u5f00\u59cb\u5b9e\u73b0\u6a2a\u5411\u903b\u8f91\u56de\u5f52",
        "user": {
            "login": "Areal-T",
            "id": 65063949,
            "node_id": "MDQ6VXNlcjY1MDYzOTQ5",
            "avatar_url": "https://avatars.githubusercontent.com/u/65063949?v=4",
            "gravatar_id": "",
            "url": "https://api.github.com/users/Areal-T",
            "html_url": "https://github.com/Areal-T",
            "followers_url": "https://api.github.com/users/Areal-T/followers",
            "following_url": "https://api.github.com/users/Areal-T/following{/other_user}",
            "gists_url": "https://api.github.com/users/Areal-T/gists{/gist_id}",
            "starred_url": "https://api.github.com/users/Areal-T/starred{/owner}{/repo}",
            "subscriptions_url": "https://api.github.com/users/Areal-T/subscriptions",
            "organizations_url": "https://api.github.com/users/Areal-T/orgs",
            "repos_url": "https://api.github.com/users/Areal-T/repos",
            "events_url": "https://api.github.com/users/Areal-T/events{/privacy}",
            "received_events_url": "https://api.github.com/users/Areal-T/received_events",
            "type": "User",
            "user_view_type": "public",
            "site_admin": false
        },
        "labels": [],
        "state": "open",
        "locked": false,
        "assignee": null,
        "assignees": [],
        "milestone": null,
        "comments": 0,
        "created_at": "2023-12-18T13:49:30Z",
        "updated_at": "2023-12-18T13:49:30Z",
        "closed_at": null,
        "author_association": "NONE",
        "type": null,
        "active_lock_reason": null,
        "sub_issues_summary": {
            "total": 0,
            "completed": 0,
            "percent_completed": 0
        },
        "body": "![Snipaste_2023-12-18_21-44-07](https://github.com/FederatedAI/Practicing-Federated-Learning/assets/65063949/d7156566-e7ac-4d6c-b7f1-2987be11b1d0)\r\n \u90e8\u7f72\u4e86Fate\u6846\u67b6\u5355\u673a\u7248\uff0c\u7248\u672c\u4e3a1.11.3\uff0cfate-flow\u7248\u672c\u4e3a2.0.0b0\r\n\u5728\u4f7f\u7528fate_flow_client\u53bb\u4e0a\u4f20upload_data\u65f6\u53d1\u751f\u9519\u8bef\uff0c\u611f\u89c9\u662f\u7248\u672c\u95ee\u9898",
        "closed_by": null,
        "reactions": {
            "url": "https://api.github.com/repos/FederatedAI/Practicing-Federated-Learning/issues/23/reactions",
            "total_count": 0,
            "+1": 0,
            "-1": 0,
            "laugh": 0,
            "hooray": 0,
            "confused": 0,
            "heart": 0,
            "rocket": 0,
            "eyes": 0
        },
        "timeline_url": "https://api.github.com/repos/FederatedAI/Practicing-Federated-Learning/issues/23/timeline",
        "performed_via_github_app": null,
        "state_reason": null
    },
    {
        "url": "https://api.github.com/repos/FederatedAI/Practicing-Federated-Learning/issues/22",
        "repository_url": "https://api.github.com/repos/FederatedAI/Practicing-Federated-Learning",
        "labels_url": "https://api.github.com/repos/FederatedAI/Practicing-Federated-Learning/issues/22/labels{/name}",
        "comments_url": "https://api.github.com/repos/FederatedAI/Practicing-Federated-Learning/issues/22/comments",
        "events_url": "https://api.github.com/repos/FederatedAI/Practicing-Federated-Learning/issues/22/events",
        "html_url": "https://github.com/FederatedAI/Practicing-Federated-Learning/issues/22",
        "id": 1994514921,
        "node_id": "I_kwDOE150Us524eHp",
        "number": 22,
        "title": "15\u7ae0\u4f7f\u7528\u5dee\u5206\u9690\u79c1\u7ed3\u5408\u8054\u90a6\u5b66\u4e60",
        "user": {
            "login": "kikoy12",
            "id": 77322768,
            "node_id": "MDQ6VXNlcjc3MzIyNzY4",
            "avatar_url": "https://avatars.githubusercontent.com/u/77322768?v=4",
            "gravatar_id": "",
            "url": "https://api.github.com/users/kikoy12",
            "html_url": "https://github.com/kikoy12",
            "followers_url": "https://api.github.com/users/kikoy12/followers",
            "following_url": "https://api.github.com/users/kikoy12/following{/other_user}",
            "gists_url": "https://api.github.com/users/kikoy12/gists{/gist_id}",
            "starred_url": "https://api.github.com/users/kikoy12/starred{/owner}{/repo}",
            "subscriptions_url": "https://api.github.com/users/kikoy12/subscriptions",
            "organizations_url": "https://api.github.com/users/kikoy12/orgs",
            "repos_url": "https://api.github.com/users/kikoy12/repos",
            "events_url": "https://api.github.com/users/kikoy12/events{/privacy}",
            "received_events_url": "https://api.github.com/users/kikoy12/received_events",
            "type": "User",
            "user_view_type": "public",
            "site_admin": false
        },
        "labels": [],
        "state": "open",
        "locked": false,
        "assignee": null,
        "assignees": [],
        "milestone": null,
        "comments": 2,
        "created_at": "2023-11-15T10:44:35Z",
        "updated_at": "2024-11-12T11:42:39Z",
        "closed_at": null,
        "author_association": "NONE",
        "type": null,
        "active_lock_reason": null,
        "sub_issues_summary": {
            "total": 0,
            "completed": 0,
            "percent_completed": 0
        },
        "body": "\u5b66\u4e60\u4e09\u8f6e\u540e \u5b83\u7684acc\u4e00\u76f4\u90fd\u662f10 loss\u662fnan\u662f\u4e3a\u4ec0\u4e48\u5440\uff0c\u6709\u6ca1\u6709\u5927\u4f6c\u53ef\u4ee5\u89e3\u7b54\u4e00\u4e0b",
        "closed_by": null,
        "reactions": {
            "url": "https://api.github.com/repos/FederatedAI/Practicing-Federated-Learning/issues/22/reactions",
            "total_count": 0,
            "+1": 0,
            "-1": 0,
            "laugh": 0,
            "hooray": 0,
            "confused": 0,
            "heart": 0,
            "rocket": 0,
            "eyes": 0
        },
        "timeline_url": "https://api.github.com/repos/FederatedAI/Practicing-Federated-Learning/issues/22/timeline",
        "performed_via_github_app": null,
        "state_reason": null
    },
    {
        "url": "https://api.github.com/repos/FederatedAI/Practicing-Federated-Learning/issues/21",
        "repository_url": "https://api.github.com/repos/FederatedAI/Practicing-Federated-Learning",
        "labels_url": "https://api.github.com/repos/FederatedAI/Practicing-Federated-Learning/issues/21/labels{/name}",
        "comments_url": "https://api.github.com/repos/FederatedAI/Practicing-Federated-Learning/issues/21/comments",
        "events_url": "https://api.github.com/repos/FederatedAI/Practicing-Federated-Learning/issues/21/events",
        "html_url": "https://github.com/FederatedAI/Practicing-Federated-Learning/issues/21",
        "id": 1955786067,
        "node_id": "I_kwDOE150Us50ku1T",
        "number": 21,
        "title": "\u7b2c\u4e09\u7ae0\u7684loss\u53ef\u89c6\u5316\u95ee\u9898",
        "user": {
            "login": "YAPDF",
            "id": 100507887,
            "node_id": "U_kgDOBf2g7w",
            "avatar_url": "https://avatars.githubusercontent.com/u/100507887?v=4",
            "gravatar_id": "",
            "url": "https://api.github.com/users/YAPDF",
            "html_url": "https://github.com/YAPDF",
            "followers_url": "https://api.github.com/users/YAPDF/followers",
            "following_url": "https://api.github.com/users/YAPDF/following{/other_user}",
            "gists_url": "https://api.github.com/users/YAPDF/gists{/gist_id}",
            "starred_url": "https://api.github.com/users/YAPDF/starred{/owner}{/repo}",
            "subscriptions_url": "https://api.github.com/users/YAPDF/subscriptions",
            "organizations_url": "https://api.github.com/users/YAPDF/orgs",
            "repos_url": "https://api.github.com/users/YAPDF/repos",
            "events_url": "https://api.github.com/users/YAPDF/events{/privacy}",
            "received_events_url": "https://api.github.com/users/YAPDF/received_events",
            "type": "User",
            "user_view_type": "public",
            "site_admin": false
        },
        "labels": [],
        "state": "open",
        "locked": false,
        "assignee": null,
        "assignees": [],
        "milestone": null,
        "comments": 0,
        "created_at": "2023-10-22T06:52:50Z",
        "updated_at": "2023-10-22T06:52:50Z",
        "closed_at": null,
        "author_association": "NONE",
        "type": null,
        "active_lock_reason": null,
        "sub_issues_summary": {
            "total": 0,
            "completed": 0,
            "percent_completed": 0
        },
        "body": "\u7406\u8bba\u4e0a\u7684loss\u53ef\u89c6\u5316\u7528\u7684\u4e0d\u5e94\u8be5\u662f\u8bad\u7ec3\u96c6\u7684\u6570\u636e\u5f97\u5230\u7684loss\u5417\uff0c\u8fd9\u91cc\u600e\u4e48\u7528\u7684\u662f\u6d4b\u8bd5\u96c6\u5f97\u5230\u7684loss\uff1f",
        "closed_by": null,
        "reactions": {
            "url": "https://api.github.com/repos/FederatedAI/Practicing-Federated-Learning/issues/21/reactions",
            "total_count": 0,
            "+1": 0,
            "-1": 0,
            "laugh": 0,
            "hooray": 0,
            "confused": 0,
            "heart": 0,
            "rocket": 0,
            "eyes": 0
        },
        "timeline_url": "https://api.github.com/repos/FederatedAI/Practicing-Federated-Learning/issues/21/timeline",
        "performed_via_github_app": null,
        "state_reason": null
    },
    {
        "url": "https://api.github.com/repos/FederatedAI/Practicing-Federated-Learning/issues/20",
        "repository_url": "https://api.github.com/repos/FederatedAI/Practicing-Federated-Learning",
        "labels_url": "https://api.github.com/repos/FederatedAI/Practicing-Federated-Learning/issues/20/labels{/name}",
        "comments_url": "https://api.github.com/repos/FederatedAI/Practicing-Federated-Learning/issues/20/comments",
        "events_url": "https://api.github.com/repos/FederatedAI/Practicing-Federated-Learning/issues/20/events",
        "html_url": "https://github.com/FederatedAI/Practicing-Federated-Learning/issues/20",
        "id": 1858087676,
        "node_id": "I_kwDOE150Us5uwCr8",
        "number": 20,
        "title": "\u5173\u4e8e\u7b2c15\u7ae0backdoor\u653b\u51fb\u90e8\u5206\u51c6\u786e\u7387\u7684\u95ee\u9898",
        "user": {
            "login": "12218",
            "id": 50087846,
            "node_id": "MDQ6VXNlcjUwMDg3ODQ2",
            "avatar_url": "https://avatars.githubusercontent.com/u/50087846?v=4",
            "gravatar_id": "",
            "url": "https://api.github.com/users/12218",
            "html_url": "https://github.com/12218",
            "followers_url": "https://api.github.com/users/12218/followers",
            "following_url": "https://api.github.com/users/12218/following{/other_user}",
            "gists_url": "https://api.github.com/users/12218/gists{/gist_id}",
            "starred_url": "https://api.github.com/users/12218/starred{/owner}{/repo}",
            "subscriptions_url": "https://api.github.com/users/12218/subscriptions",
            "organizations_url": "https://api.github.com/users/12218/orgs",
            "repos_url": "https://api.github.com/users/12218/repos",
            "events_url": "https://api.github.com/users/12218/events{/privacy}",
            "received_events_url": "https://api.github.com/users/12218/received_events",
            "type": "User",
            "user_view_type": "public",
            "site_admin": false
        },
        "labels": [],
        "state": "open",
        "locked": false,
        "assignee": null,
        "assignees": [],
        "milestone": null,
        "comments": 0,
        "created_at": "2023-08-20T11:18:59Z",
        "updated_at": "2023-08-20T11:18:59Z",
        "closed_at": null,
        "author_association": "NONE",
        "type": null,
        "active_lock_reason": null,
        "sub_issues_summary": {
            "total": 0,
            "completed": 0,
            "percent_completed": 0
        },
        "body": "\u6211\u5728\u4f7f\u7528\u7b2c15\u7ae0\u7684\u4ee3\u7801\u8fdb\u884c\u8054\u90a6\u5b66\u4e60backdoor\u653b\u51fb\u7684\u65f6\u5019\uff0c\u89c2\u5bdf\u5230\u6bcf\u5f53malicious client\u52a0\u5165\u5230\u8bad\u7ec3\u7684\u65f6\u5019\uff0c\u51c6\u786e\u7387\u4f1a\u6709\u5f88\u660e\u663e\u7684\u4e0b\u964d\uff0c\u90fd\u662f\u4e0b\u964d\u523010%\u5de6\u53f3\uff0c\u800c\u4e14\u5728\u6bcf\u6b21malicious client\u52a0\u5165\u8bad\u7ec3\u540e\uff0closs\u4e5f\u4f1a\u6025\u5267\u4e0a\u5347\uff0c\u800c\u4e14\u6bcf\u6b21\u6709malicious client\u52a0\u5165\u7684\u65f6\u5019loss\u90fd\u4f1a\u4f9d\u6b21\u4e0a\u5347\u3002\u5728\u7ecf\u8fc7100\u6b21\u7684epoch\u4e4b\u540e\uff0closs\u5df2\u7ecf\u5230\u4e86205517059.328000\u3002\u8bf7\u95ee\u4e00\u4e0b\u8fd9\u662f\u6b63\u5e38backdoor\u653b\u51fb\u7684\u65f6\u5019\u4f1a\u51fa\u73b0\u7684\u72b6\u51b5\u5417\uff0c\u8fd9\u4e2a\u72b6\u51b5\u51fa\u73b0\u7684\u539f\u56e0\u662f\u4ec0\u4e48\u5462\uff1f\u5982\u80fd\u6709\u5927\u795e\u89e3\u60d1\uff0c\u4e0d\u80dc\u611f\u6fc0\uff01\r\n![image](https://github.com/FederatedAI/Practicing-Federated-Learning/assets/50087846/783fb161-0363-4698-a7b2-f174b1042faf)\r\n![image](https://github.com/FederatedAI/Practicing-Federated-Learning/assets/50087846/f39d09e3-b4c9-4a5d-b2d9-b6c55a174131)",
        "closed_by": null,
        "reactions": {
            "url": "https://api.github.com/repos/FederatedAI/Practicing-Federated-Learning/issues/20/reactions",
            "total_count": 0,
            "+1": 0,
            "-1": 0,
            "laugh": 0,
            "hooray": 0,
            "confused": 0,
            "heart": 0,
            "rocket": 0,
            "eyes": 0
        },
        "timeline_url": "https://api.github.com/repos/FederatedAI/Practicing-Federated-Learning/issues/20/timeline",
        "performed_via_github_app": null,
        "state_reason": null
    },
    {
        "url": "https://api.github.com/repos/FederatedAI/Practicing-Federated-Learning/issues/19",
        "repository_url": "https://api.github.com/repos/FederatedAI/Practicing-Federated-Learning",
        "labels_url": "https://api.github.com/repos/FederatedAI/Practicing-Federated-Learning/issues/19/labels{/name}",
        "comments_url": "https://api.github.com/repos/FederatedAI/Practicing-Federated-Learning/issues/19/comments",
        "events_url": "https://api.github.com/repos/FederatedAI/Practicing-Federated-Learning/issues/19/events",
        "html_url": "https://github.com/FederatedAI/Practicing-Federated-Learning/issues/19",
        "id": 1790588929,
        "node_id": "I_kwDOE150Us5qujgB",
        "number": 19,
        "title": "\u5173\u4e8e\u8054\u90a6\u6d4b\u8bd5",
        "user": {
            "login": "LREM-C",
            "id": 94307622,
            "node_id": "U_kgDOBZ8FJg",
            "avatar_url": "https://avatars.githubusercontent.com/u/94307622?v=4",
            "gravatar_id": "",
            "url": "https://api.github.com/users/LREM-C",
            "html_url": "https://github.com/LREM-C",
            "followers_url": "https://api.github.com/users/LREM-C/followers",
            "following_url": "https://api.github.com/users/LREM-C/following{/other_user}",
            "gists_url": "https://api.github.com/users/LREM-C/gists{/gist_id}",
            "starred_url": "https://api.github.com/users/LREM-C/starred{/owner}{/repo}",
            "subscriptions_url": "https://api.github.com/users/LREM-C/subscriptions",
            "organizations_url": "https://api.github.com/users/LREM-C/orgs",
            "repos_url": "https://api.github.com/users/LREM-C/repos",
            "events_url": "https://api.github.com/users/LREM-C/events{/privacy}",
            "received_events_url": "https://api.github.com/users/LREM-C/received_events",
            "type": "User",
            "user_view_type": "public",
            "site_admin": false
        },
        "labels": [],
        "state": "open",
        "locked": false,
        "assignee": null,
        "assignees": [],
        "milestone": null,
        "comments": 0,
        "created_at": "2023-07-06T00:54:49Z",
        "updated_at": "2023-07-06T00:54:49Z",
        "closed_at": null,
        "author_association": "NONE",
        "type": null,
        "active_lock_reason": null,
        "sub_issues_summary": {
            "total": 0,
            "completed": 0,
            "percent_completed": 0
        },
        "body": "\u5728cifar\u6570\u636e\u96c6\u4e2d\u8fdb\u884c\u8054\u90a6\u5b66\u4e60\uff0c\u91c7\u53d6\u7684eval_dataset\u5b9e\u9645\u4e0a\u662f\u6d4b\u8bd5\u96c6\uff0c\u90a3\u4e48\u5728\u8fdb\u884c\u5168\u5c40\u6a21\u578b\u6d4b\u8bd5\u7684\u65f6\u5019\u662f\u591a\u6b21\u4f7f\u7528\u4e86\u6d4b\u8bd5\u96c6\u5417\uff1f\r\n",
        "closed_by": null,
        "reactions": {
            "url": "https://api.github.com/repos/FederatedAI/Practicing-Federated-Learning/issues/19/reactions",
            "total_count": 0,
            "+1": 0,
            "-1": 0,
            "laugh": 0,
            "hooray": 0,
            "confused": 0,
            "heart": 0,
            "rocket": 0,
            "eyes": 0
        },
        "timeline_url": "https://api.github.com/repos/FederatedAI/Practicing-Federated-Learning/issues/19/timeline",
        "performed_via_github_app": null,
        "state_reason": null
    },
    {
        "url": "https://api.github.com/repos/FederatedAI/Practicing-Federated-Learning/issues/18",
        "repository_url": "https://api.github.com/repos/FederatedAI/Practicing-Federated-Learning",
        "labels_url": "https://api.github.com/repos/FederatedAI/Practicing-Federated-Learning/issues/18/labels{/name}",
        "comments_url": "https://api.github.com/repos/FederatedAI/Practicing-Federated-Learning/issues/18/comments",
        "events_url": "https://api.github.com/repos/FederatedAI/Practicing-Federated-Learning/issues/18/events",
        "html_url": "https://github.com/FederatedAI/Practicing-Federated-Learning/issues/18",
        "id": 1702948769,
        "node_id": "I_kwDOE150Us5lgO-h",
        "number": 18,
        "title": "\u7b2c\u5341\u4e00\u7ae0\u662f\u6ca1\u6709\u5bf9\u5e94\u4ee3\u7801\u7684\u5417\uff1f",
        "user": {
            "login": "anningW",
            "id": 48327632,
            "node_id": "MDQ6VXNlcjQ4MzI3NjMy",
            "avatar_url": "https://avatars.githubusercontent.com/u/48327632?v=4",
            "gravatar_id": "",
            "url": "https://api.github.com/users/anningW",
            "html_url": "https://github.com/anningW",
            "followers_url": "https://api.github.com/users/anningW/followers",
            "following_url": "https://api.github.com/users/anningW/following{/other_user}",
            "gists_url": "https://api.github.com/users/anningW/gists{/gist_id}",
            "starred_url": "https://api.github.com/users/anningW/starred{/owner}{/repo}",
            "subscriptions_url": "https://api.github.com/users/anningW/subscriptions",
            "organizations_url": "https://api.github.com/users/anningW/orgs",
            "repos_url": "https://api.github.com/users/anningW/repos",
            "events_url": "https://api.github.com/users/anningW/events{/privacy}",
            "received_events_url": "https://api.github.com/users/anningW/received_events",
            "type": "User",
            "user_view_type": "public",
            "site_admin": false
        },
        "labels": [],
        "state": "open",
        "locked": false,
        "assignee": null,
        "assignees": [],
        "milestone": null,
        "comments": 0,
        "created_at": "2023-05-10T01:06:51Z",
        "updated_at": "2023-05-10T01:06:51Z",
        "closed_at": null,
        "author_association": "NONE",
        "type": null,
        "active_lock_reason": null,
        "sub_issues_summary": {
            "total": 0,
            "completed": 0,
            "percent_completed": 0
        },
        "body": null,
        "closed_by": null,
        "reactions": {
            "url": "https://api.github.com/repos/FederatedAI/Practicing-Federated-Learning/issues/18/reactions",
            "total_count": 0,
            "+1": 0,
            "-1": 0,
            "laugh": 0,
            "hooray": 0,
            "confused": 0,
            "heart": 0,
            "rocket": 0,
            "eyes": 0
        },
        "timeline_url": "https://api.github.com/repos/FederatedAI/Practicing-Federated-Learning/issues/18/timeline",
        "performed_via_github_app": null,
        "state_reason": null
    },
    {
        "url": "https://api.github.com/repos/FederatedAI/Practicing-Federated-Learning/issues/17",
        "repository_url": "https://api.github.com/repos/FederatedAI/Practicing-Federated-Learning",
        "labels_url": "https://api.github.com/repos/FederatedAI/Practicing-Federated-Learning/issues/17/labels{/name}",
        "comments_url": "https://api.github.com/repos/FederatedAI/Practicing-Federated-Learning/issues/17/comments",
        "events_url": "https://api.github.com/repos/FederatedAI/Practicing-Federated-Learning/issues/17/events",
        "html_url": "https://github.com/FederatedAI/Practicing-Federated-Learning/issues/17",
        "id": 1699711628,
        "node_id": "I_kwDOE150Us5lT4qM",
        "number": 17,
        "title": "\u5728\u8dd1\u7b2c\u4e94\u7ae0\u4ee3\u7801\u65f6\uff0c\u8bad\u7ec3\u7ed3\u675f\u540e\uff0c\u590d\u5236board_url\u5230\u6d4f\u89c8\u5668\u6253\u4e0d\u5f00",
        "user": {
            "login": "tai-yi-c",
            "id": 54977024,
            "node_id": "MDQ6VXNlcjU0OTc3MDI0",
            "avatar_url": "https://avatars.githubusercontent.com/u/54977024?v=4",
            "gravatar_id": "",
            "url": "https://api.github.com/users/tai-yi-c",
            "html_url": "https://github.com/tai-yi-c",
            "followers_url": "https://api.github.com/users/tai-yi-c/followers",
            "following_url": "https://api.github.com/users/tai-yi-c/following{/other_user}",
            "gists_url": "https://api.github.com/users/tai-yi-c/gists{/gist_id}",
            "starred_url": "https://api.github.com/users/tai-yi-c/starred{/owner}{/repo}",
            "subscriptions_url": "https://api.github.com/users/tai-yi-c/subscriptions",
            "organizations_url": "https://api.github.com/users/tai-yi-c/orgs",
            "repos_url": "https://api.github.com/users/tai-yi-c/repos",
            "events_url": "https://api.github.com/users/tai-yi-c/events{/privacy}",
            "received_events_url": "https://api.github.com/users/tai-yi-c/received_events",
            "type": "User",
            "user_view_type": "public",
            "site_admin": false
        },
        "labels": [],
        "state": "open",
        "locked": false,
        "assignee": null,
        "assignees": [],
        "milestone": null,
        "comments": 0,
        "created_at": "2023-05-08T07:39:01Z",
        "updated_at": "2023-05-08T07:39:01Z",
        "closed_at": null,
        "author_association": "NONE",
        "type": null,
        "active_lock_reason": null,
        "sub_issues_summary": {
            "total": 0,
            "completed": 0,
            "percent_completed": 0
        },
        "body": "\u64cd\u4f5c\u7cfb\u7edf\u662fubuntu 22.04\r\n\u4e0b\u8f7d\u7684\u662fdocker_standalone-fate-1.4.0 \u7248\u672c\r\n\r\n```shell\r\n{\r\n    \"data\": {\r\n        \"board_url\": \"http://172.18.0.2:8080/index.html#/dashboard?job_id=202305071656462212955&role=guest&party_id=10000\",\r\n        \"job_dsl_path\": \"/fate/jobs/202305071656462212955/job_dsl.json\",\r\n        \"job_runtime_conf_path\": \"/fate/jobs/202305071656462212955/job_runtime_conf.json\",\r\n        \"logs_directory\": \"/fate/logs/202305071656462212955\",\r\n        \"model_info\": {\r\n            \"model_id\": \"arbiter-10000#guest-10000#host-10000#model\",\r\n            \"model_version\": \"202305071656462212955\"\r\n        }\r\n    },\r\n    \"jobId\": \"202305071656462212955\",\r\n    \"retcode\": 0,\r\n    \"retmsg\": \"success\"\r\n}\r\n\r\n``` \r\n\r\n\u5c06http://172.18.0.2:8080/index.html#/dashboard?job_id=202305071656462212955&role=guest&party_id=10000\u590d\u5236\u5230\u6d4f\u89c8\u5668\uff0c\u6d4f\u89c8\u5668\u62a5\u9519\uff1a\r\n          172.18.0.2 \u76ee\u524d\u65e0\u6cd5\u5904\u7406\u6b64\u8bf7\u6c42\u3002\r\n          HTTP ERROR 502\r\n",
        "closed_by": null,
        "reactions": {
            "url": "https://api.github.com/repos/FederatedAI/Practicing-Federated-Learning/issues/17/reactions",
            "total_count": 0,
            "+1": 0,
            "-1": 0,
            "laugh": 0,
            "hooray": 0,
            "confused": 0,
            "heart": 0,
            "rocket": 0,
            "eyes": 0
        },
        "timeline_url": "https://api.github.com/repos/FederatedAI/Practicing-Federated-Learning/issues/17/timeline",
        "performed_via_github_app": null,
        "state_reason": null
    },
    {
        "url": "https://api.github.com/repos/FederatedAI/Practicing-Federated-Learning/issues/16",
        "repository_url": "https://api.github.com/repos/FederatedAI/Practicing-Federated-Learning",
        "labels_url": "https://api.github.com/repos/FederatedAI/Practicing-Federated-Learning/issues/16/labels{/name}",
        "comments_url": "https://api.github.com/repos/FederatedAI/Practicing-Federated-Learning/issues/16/comments",
        "events_url": "https://api.github.com/repos/FederatedAI/Practicing-Federated-Learning/issues/16/events",
        "html_url": "https://github.com/FederatedAI/Practicing-Federated-Learning/issues/16",
        "id": 1641720838,
        "node_id": "I_kwDOE150Us5h2qwG",
        "number": 16,
        "title": "\u5173\u4e8e\u7b2c\u4e09\u7ae0lambda\u8bbe\u7f6e",
        "user": {
            "login": "LianZhuotao",
            "id": 50575245,
            "node_id": "MDQ6VXNlcjUwNTc1MjQ1",
            "avatar_url": "https://avatars.githubusercontent.com/u/50575245?v=4",
            "gravatar_id": "",
            "url": "https://api.github.com/users/LianZhuotao",
            "html_url": "https://github.com/LianZhuotao",
            "followers_url": "https://api.github.com/users/LianZhuotao/followers",
            "following_url": "https://api.github.com/users/LianZhuotao/following{/other_user}",
            "gists_url": "https://api.github.com/users/LianZhuotao/gists{/gist_id}",
            "starred_url": "https://api.github.com/users/LianZhuotao/starred{/owner}{/repo}",
            "subscriptions_url": "https://api.github.com/users/LianZhuotao/subscriptions",
            "organizations_url": "https://api.github.com/users/LianZhuotao/orgs",
            "repos_url": "https://api.github.com/users/LianZhuotao/repos",
            "events_url": "https://api.github.com/users/LianZhuotao/events{/privacy}",
            "received_events_url": "https://api.github.com/users/LianZhuotao/received_events",
            "type": "User",
            "user_view_type": "public",
            "site_admin": false
        },
        "labels": [],
        "state": "closed",
        "locked": false,
        "assignee": null,
        "assignees": [],
        "milestone": null,
        "comments": 2,
        "created_at": "2023-03-27T09:14:49Z",
        "updated_at": "2023-05-05T03:46:05Z",
        "closed_at": "2023-03-27T11:12:35Z",
        "author_association": "NONE",
        "type": null,
        "active_lock_reason": null,
        "sub_issues_summary": {
            "total": 0,
            "completed": 0,
            "percent_completed": 0
        },
        "body": "\u60a8\u597d\uff0c\u8bf7\u95ee\u4e00\u4e0blambda\u4ec0\u4e48\u542b\u4e49\uff0c\u4e3a\u4ec0\u4e48\u53d60.1\uff1f\u867d\u7136\u4e00\u5171\u670910\u4e2a\u4eba\uff0c\u4f46\u53c2\u4e0e\u805a\u5408\u7684\u6709k\u4eba\uff0ck=5\u90a3\u4e48lambda\u4e0d\u5e94\u4e3a0.2\u5417\uff1f",
        "closed_by": {
            "login": "LianZhuotao",
            "id": 50575245,
            "node_id": "MDQ6VXNlcjUwNTc1MjQ1",
            "avatar_url": "https://avatars.githubusercontent.com/u/50575245?v=4",
            "gravatar_id": "",
            "url": "https://api.github.com/users/LianZhuotao",
            "html_url": "https://github.com/LianZhuotao",
            "followers_url": "https://api.github.com/users/LianZhuotao/followers",
            "following_url": "https://api.github.com/users/LianZhuotao/following{/other_user}",
            "gists_url": "https://api.github.com/users/LianZhuotao/gists{/gist_id}",
            "starred_url": "https://api.github.com/users/LianZhuotao/starred{/owner}{/repo}",
            "subscriptions_url": "https://api.github.com/users/LianZhuotao/subscriptions",
            "organizations_url": "https://api.github.com/users/LianZhuotao/orgs",
            "repos_url": "https://api.github.com/users/LianZhuotao/repos",
            "events_url": "https://api.github.com/users/LianZhuotao/events{/privacy}",
            "received_events_url": "https://api.github.com/users/LianZhuotao/received_events",
            "type": "User",
            "user_view_type": "public",
            "site_admin": false
        },
        "reactions": {
            "url": "https://api.github.com/repos/FederatedAI/Practicing-Federated-Learning/issues/16/reactions",
            "total_count": 0,
            "+1": 0,
            "-1": 0,
            "laugh": 0,
            "hooray": 0,
            "confused": 0,
            "heart": 0,
            "rocket": 0,
            "eyes": 0
        },
        "timeline_url": "https://api.github.com/repos/FederatedAI/Practicing-Federated-Learning/issues/16/timeline",
        "performed_via_github_app": null,
        "state_reason": "completed"
    },
    {
        "url": "https://api.github.com/repos/FederatedAI/Practicing-Federated-Learning/issues/15",
        "repository_url": "https://api.github.com/repos/FederatedAI/Practicing-Federated-Learning",
        "labels_url": "https://api.github.com/repos/FederatedAI/Practicing-Federated-Learning/issues/15/labels{/name}",
        "comments_url": "https://api.github.com/repos/FederatedAI/Practicing-Federated-Learning/issues/15/comments",
        "events_url": "https://api.github.com/repos/FederatedAI/Practicing-Federated-Learning/issues/15/events",
        "html_url": "https://github.com/FederatedAI/Practicing-Federated-Learning/issues/15",
        "id": 1618638749,
        "node_id": "I_kwDOE150Us5gened",
        "number": 15,
        "title": "\u7b2c\u5341\u7ae0\u7684CUPY\u4ee5\u53ca\u8fd0\u884c\u95ee\u9898",
        "user": {
            "login": "876720687",
            "id": 49365514,
            "node_id": "MDQ6VXNlcjQ5MzY1NTE0",
            "avatar_url": "https://avatars.githubusercontent.com/u/49365514?v=4",
            "gravatar_id": "",
            "url": "https://api.github.com/users/876720687",
            "html_url": "https://github.com/876720687",
            "followers_url": "https://api.github.com/users/876720687/followers",
            "following_url": "https://api.github.com/users/876720687/following{/other_user}",
            "gists_url": "https://api.github.com/users/876720687/gists{/gist_id}",
            "starred_url": "https://api.github.com/users/876720687/starred{/owner}{/repo}",
            "subscriptions_url": "https://api.github.com/users/876720687/subscriptions",
            "organizations_url": "https://api.github.com/users/876720687/orgs",
            "repos_url": "https://api.github.com/users/876720687/repos",
            "events_url": "https://api.github.com/users/876720687/events{/privacy}",
            "received_events_url": "https://api.github.com/users/876720687/received_events",
            "type": "User",
            "user_view_type": "public",
            "site_admin": false
        },
        "labels": [],
        "state": "open",
        "locked": false,
        "assignee": null,
        "assignees": [],
        "milestone": null,
        "comments": 0,
        "created_at": "2023-03-10T09:27:04Z",
        "updated_at": "2023-03-10T09:27:04Z",
        "closed_at": null,
        "author_association": "NONE",
        "type": null,
        "active_lock_reason": null,
        "sub_issues_summary": {
            "total": 0,
            "completed": 0,
            "percent_completed": 0
        },
        "body": "\u60f3\u95ee\u4e00\u4e0b\u8fd9\u4e2a\u4ee3\u7801\u7684\u8fd0\u884c\u73af\u5883\u662f\u4ec0\u4e48\uff1fcupy-cuda11x\u597d\u50cf\u6ca1\u6709\u652f\u6301\u5230\uff1f\r\nmodel/utils/nms/non_maximum_suppression.py\u6587\u4ef6\u4e2d\u7684@cp.util.memoize()\u4ee5\u53ca\u4e0b\u9762\u7684\u51fd\u6570\u5728Cuda11.6\u5f53\u4e2d\u6ca1\u6709\u652f\u6301\u7248\u672c\u3002",
        "closed_by": null,
        "reactions": {
            "url": "https://api.github.com/repos/FederatedAI/Practicing-Federated-Learning/issues/15/reactions",
            "total_count": 0,
            "+1": 0,
            "-1": 0,
            "laugh": 0,
            "hooray": 0,
            "confused": 0,
            "heart": 0,
            "rocket": 0,
            "eyes": 0
        },
        "timeline_url": "https://api.github.com/repos/FederatedAI/Practicing-Federated-Learning/issues/15/timeline",
        "performed_via_github_app": null,
        "state_reason": null
    },
    {
        "url": "https://api.github.com/repos/FederatedAI/Practicing-Federated-Learning/issues/14",
        "repository_url": "https://api.github.com/repos/FederatedAI/Practicing-Federated-Learning",
        "labels_url": "https://api.github.com/repos/FederatedAI/Practicing-Federated-Learning/issues/14/labels{/name}",
        "comments_url": "https://api.github.com/repos/FederatedAI/Practicing-Federated-Learning/issues/14/comments",
        "events_url": "https://api.github.com/repos/FederatedAI/Practicing-Federated-Learning/issues/14/events",
        "html_url": "https://github.com/FederatedAI/Practicing-Federated-Learning/issues/14",
        "id": 1602662288,
        "node_id": "I_kwDOE150Us5fhq-Q",
        "number": 14,
        "title": "\u5173\u4e8e\u7b2c\u4e09\u7ae0Pytorch\u7b80\u5355\u5b9e\u73b0",
        "user": {
            "login": "Guncuke",
            "id": 78009909,
            "node_id": "MDQ6VXNlcjc4MDA5OTA5",
            "avatar_url": "https://avatars.githubusercontent.com/u/78009909?v=4",
            "gravatar_id": "",
            "url": "https://api.github.com/users/Guncuke",
            "html_url": "https://github.com/Guncuke",
            "followers_url": "https://api.github.com/users/Guncuke/followers",
            "following_url": "https://api.github.com/users/Guncuke/following{/other_user}",
            "gists_url": "https://api.github.com/users/Guncuke/gists{/gist_id}",
            "starred_url": "https://api.github.com/users/Guncuke/starred{/owner}{/repo}",
            "subscriptions_url": "https://api.github.com/users/Guncuke/subscriptions",
            "organizations_url": "https://api.github.com/users/Guncuke/orgs",
            "repos_url": "https://api.github.com/users/Guncuke/repos",
            "events_url": "https://api.github.com/users/Guncuke/events{/privacy}",
            "received_events_url": "https://api.github.com/users/Guncuke/received_events",
            "type": "User",
            "user_view_type": "public",
            "site_admin": false
        },
        "labels": [],
        "state": "open",
        "locked": false,
        "assignee": null,
        "assignees": [],
        "milestone": null,
        "comments": 2,
        "created_at": "2023-02-28T09:24:51Z",
        "updated_at": "2023-03-27T10:49:31Z",
        "closed_at": null,
        "author_association": "NONE",
        "type": null,
        "active_lock_reason": null,
        "sub_issues_summary": {
            "total": 0,
            "completed": 0,
            "percent_completed": 0
        },
        "body": "\u521d\u59cb\u5316\u670d\u52a1\u5668\u6a21\u578b\u7684\u65f6\u5019\u4f7f\u7528\u4e86``self.global_model = models.get_model(self.conf[\"model_name\"])``\r\n\u4f46\u662f\u5728\u6dfb\u52a0\u53c2\u4e0e\u5ba2\u6237\u7aef\u7684\u65f6\u5019\uff0c\u4e3a\u4ec0\u4e48\u4e5f\u662f\u4f7f\u7528``self.local_model = models.get_model(self.conf[\"model_name\"]) ``\r\n\u521d\u59cb\u5316\u51fd\u6570\u53c2\u6570\u91cc\u7684model\u6ca1\u6709\u88ab\u4f7f\u7528\uff0c\u6211\u89c9\u5f97\u5e94\u8be5\u6539\u4e3a``self.local_model=model``, ``local_train``\u51fd\u6570\u4e0d\u9700\u8981``model``\u53c2\u6570\uff0c\u5728\u524d\u9762\u6bcf\u4e2a\u901a\u8baf\u9009\u4e2d\u53c2\u4e0e\u8005\u65f6\u5c06\u53c2\u4e0e\u8005\u7684self.model\u8bbe\u7f6e\u6210\u65b0\u7684\u5168\u5c40\u6a21\u578b\u4f1a\u4e0d\u4f1a\u597d\u4e00\u70b9\u3002",
        "closed_by": null,
        "reactions": {
            "url": "https://api.github.com/repos/FederatedAI/Practicing-Federated-Learning/issues/14/reactions",
            "total_count": 0,
            "+1": 0,
            "-1": 0,
            "laugh": 0,
            "hooray": 0,
            "confused": 0,
            "heart": 0,
            "rocket": 0,
            "eyes": 0
        },
        "timeline_url": "https://api.github.com/repos/FederatedAI/Practicing-Federated-Learning/issues/14/timeline",
        "performed_via_github_app": null,
        "state_reason": null
    },
    {
        "url": "https://api.github.com/repos/FederatedAI/Practicing-Federated-Learning/issues/13",
        "repository_url": "https://api.github.com/repos/FederatedAI/Practicing-Federated-Learning",
        "labels_url": "https://api.github.com/repos/FederatedAI/Practicing-Federated-Learning/issues/13/labels{/name}",
        "comments_url": "https://api.github.com/repos/FederatedAI/Practicing-Federated-Learning/issues/13/comments",
        "events_url": "https://api.github.com/repos/FederatedAI/Practicing-Federated-Learning/issues/13/events",
        "html_url": "https://github.com/FederatedAI/Practicing-Federated-Learning/issues/13",
        "id": 1489743536,
        "node_id": "I_kwDOE150Us5Yy66w",
        "number": 13,
        "title": "\u5173\u4e8e\u7b2c15\u7ae0\u5dee\u5206\u9690\u79c1\u4e0b\u8054\u90a6\u5b66\u4e60\u7684\u4ee3\u7801",
        "user": {
            "login": "Niujie-hot",
            "id": 70495414,
            "node_id": "MDQ6VXNlcjcwNDk1NDE0",
            "avatar_url": "https://avatars.githubusercontent.com/u/70495414?v=4",
            "gravatar_id": "",
            "url": "https://api.github.com/users/Niujie-hot",
            "html_url": "https://github.com/Niujie-hot",
            "followers_url": "https://api.github.com/users/Niujie-hot/followers",
            "following_url": "https://api.github.com/users/Niujie-hot/following{/other_user}",
            "gists_url": "https://api.github.com/users/Niujie-hot/gists{/gist_id}",
            "starred_url": "https://api.github.com/users/Niujie-hot/starred{/owner}{/repo}",
            "subscriptions_url": "https://api.github.com/users/Niujie-hot/subscriptions",
            "organizations_url": "https://api.github.com/users/Niujie-hot/orgs",
            "repos_url": "https://api.github.com/users/Niujie-hot/repos",
            "events_url": "https://api.github.com/users/Niujie-hot/events{/privacy}",
            "received_events_url": "https://api.github.com/users/Niujie-hot/received_events",
            "type": "User",
            "user_view_type": "public",
            "site_admin": false
        },
        "labels": [],
        "state": "open",
        "locked": false,
        "assignee": null,
        "assignees": [],
        "milestone": null,
        "comments": 9,
        "created_at": "2022-12-11T09:47:30Z",
        "updated_at": "2023-05-13T14:33:49Z",
        "closed_at": null,
        "author_association": "NONE",
        "type": null,
        "active_lock_reason": null,
        "sub_issues_summary": {
            "total": 0,
            "completed": 0,
            "percent_completed": 0
        },
        "body": "\u7b2c15\u7ae0\u4e2d\u5dee\u5206\u9690\u79c1\u4e0b\u8054\u90a6\u5b66\u4e60\u7684\u4ee3\u7801\uff0c\u5728\u8054\u90a6\u5b66\u4e60\u8fdb\u884c\u6a21\u578b\u805a\u5408\u540e\uff0c\u6dfb\u52a0\u566a\u58f0\u4f1a\u5bfc\u81f4\u6a21\u578b\u9884\u6d4b\u503c\u5747\u4e3aNan\uff0c\u5bfc\u81f4loss\u4e3aNan\uff0cacc\u4e3a10\uff0c\u8bf7\u95ee\u8fd9\u662f\u4e3a\u4ec0\u4e48\u5440",
        "closed_by": null,
        "reactions": {
            "url": "https://api.github.com/repos/FederatedAI/Practicing-Federated-Learning/issues/13/reactions",
            "total_count": 0,
            "+1": 0,
            "-1": 0,
            "laugh": 0,
            "hooray": 0,
            "confused": 0,
            "heart": 0,
            "rocket": 0,
            "eyes": 0
        },
        "timeline_url": "https://api.github.com/repos/FederatedAI/Practicing-Federated-Learning/issues/13/timeline",
        "performed_via_github_app": null,
        "state_reason": null
    },
    {
        "url": "https://api.github.com/repos/FederatedAI/Practicing-Federated-Learning/issues/12",
        "repository_url": "https://api.github.com/repos/FederatedAI/Practicing-Federated-Learning",
        "labels_url": "https://api.github.com/repos/FederatedAI/Practicing-Federated-Learning/issues/12/labels{/name}",
        "comments_url": "https://api.github.com/repos/FederatedAI/Practicing-Federated-Learning/issues/12/comments",
        "events_url": "https://api.github.com/repos/FederatedAI/Practicing-Federated-Learning/issues/12/events",
        "html_url": "https://github.com/FederatedAI/Practicing-Federated-Learning/issues/12",
        "id": 1359836588,
        "node_id": "I_kwDOE150Us5RDXWs",
        "number": 12,
        "title": "\u5173\u4e8ecomputer vision\u7684\u4ee3\u7801\u73af\u5883",
        "user": {
            "login": "AiXinYa",
            "id": 34300961,
            "node_id": "MDQ6VXNlcjM0MzAwOTYx",
            "avatar_url": "https://avatars.githubusercontent.com/u/34300961?v=4",
            "gravatar_id": "",
            "url": "https://api.github.com/users/AiXinYa",
            "html_url": "https://github.com/AiXinYa",
            "followers_url": "https://api.github.com/users/AiXinYa/followers",
            "following_url": "https://api.github.com/users/AiXinYa/following{/other_user}",
            "gists_url": "https://api.github.com/users/AiXinYa/gists{/gist_id}",
            "starred_url": "https://api.github.com/users/AiXinYa/starred{/owner}{/repo}",
            "subscriptions_url": "https://api.github.com/users/AiXinYa/subscriptions",
            "organizations_url": "https://api.github.com/users/AiXinYa/orgs",
            "repos_url": "https://api.github.com/users/AiXinYa/repos",
            "events_url": "https://api.github.com/users/AiXinYa/events{/privacy}",
            "received_events_url": "https://api.github.com/users/AiXinYa/received_events",
            "type": "User",
            "user_view_type": "public",
            "site_admin": false
        },
        "labels": [],
        "state": "open",
        "locked": false,
        "assignee": null,
        "assignees": [],
        "milestone": null,
        "comments": 2,
        "created_at": "2022-09-02T07:54:26Z",
        "updated_at": "2023-09-12T07:48:12Z",
        "closed_at": null,
        "author_association": "NONE",
        "type": null,
        "active_lock_reason": null,
        "sub_issues_summary": {
            "total": 0,
            "completed": 0,
            "percent_completed": 0
        },
        "body": "\u8001\u5e08\u60a8\u597d\uff0c\u6211\u7684cuda\u662f10.0\u7248\u672c\uff0c\u5728windows\u4e0b\u5b89\u88c5\u6240\u9700\u73af\u5883\u8fc7\u7a0b\u4e2d\uff0ccupy\u7684\u5b89\u88c5\u4e00\u76f4\u51fa\u9519\u3002 \u7136\u540e\u624b\u52a8\u9009\u62e9\u4e86cupy-cuda100\u5b89\u88c5\u6210\u529f\uff0c\u4f46\u662f\u8fd0\u884c\u51fa\u9519\u663e\u793acupy\u4e2d\u6ca1\u6709util\u65b9\u6cd5\u3002 \u60f3\u77e5\u9053\u6539\u4ee3\u7801\u73af\u5883\u5177\u4f53\u662f\u4ec0\u4e48\u7248\u672c\u7684\u3002",
        "closed_by": null,
        "reactions": {
            "url": "https://api.github.com/repos/FederatedAI/Practicing-Federated-Learning/issues/12/reactions",
            "total_count": 0,
            "+1": 0,
            "-1": 0,
            "laugh": 0,
            "hooray": 0,
            "confused": 0,
            "heart": 0,
            "rocket": 0,
            "eyes": 0
        },
        "timeline_url": "https://api.github.com/repos/FederatedAI/Practicing-Federated-Learning/issues/12/timeline",
        "performed_via_github_app": null,
        "state_reason": null
    },
    {
        "url": "https://api.github.com/repos/FederatedAI/Practicing-Federated-Learning/issues/11",
        "repository_url": "https://api.github.com/repos/FederatedAI/Practicing-Federated-Learning",
        "labels_url": "https://api.github.com/repos/FederatedAI/Practicing-Federated-Learning/issues/11/labels{/name}",
        "comments_url": "https://api.github.com/repos/FederatedAI/Practicing-Federated-Learning/issues/11/comments",
        "events_url": "https://api.github.com/repos/FederatedAI/Practicing-Federated-Learning/issues/11/events",
        "html_url": "https://github.com/FederatedAI/Practicing-Federated-Learning/issues/11",
        "id": 1318492388,
        "node_id": "I_kwDOE150Us5Olpjk",
        "number": 11,
        "title": "\u95dc\u65bc\u7b2c\u5341\u4e94\u7ae0",
        "user": {
            "login": "b856741",
            "id": 22851308,
            "node_id": "MDQ6VXNlcjIyODUxMzA4",
            "avatar_url": "https://avatars.githubusercontent.com/u/22851308?v=4",
            "gravatar_id": "",
            "url": "https://api.github.com/users/b856741",
            "html_url": "https://github.com/b856741",
            "followers_url": "https://api.github.com/users/b856741/followers",
            "following_url": "https://api.github.com/users/b856741/following{/other_user}",
            "gists_url": "https://api.github.com/users/b856741/gists{/gist_id}",
            "starred_url": "https://api.github.com/users/b856741/starred{/owner}{/repo}",
            "subscriptions_url": "https://api.github.com/users/b856741/subscriptions",
            "organizations_url": "https://api.github.com/users/b856741/orgs",
            "repos_url": "https://api.github.com/users/b856741/repos",
            "events_url": "https://api.github.com/users/b856741/events{/privacy}",
            "received_events_url": "https://api.github.com/users/b856741/received_events",
            "type": "User",
            "user_view_type": "public",
            "site_admin": false
        },
        "labels": [],
        "state": "open",
        "locked": false,
        "assignee": null,
        "assignees": [],
        "milestone": null,
        "comments": 0,
        "created_at": "2022-07-26T16:29:52Z",
        "updated_at": "2022-07-26T16:29:52Z",
        "closed_at": null,
        "author_association": "NONE",
        "type": null,
        "active_lock_reason": null,
        "sub_issues_summary": {
            "total": 0,
            "completed": 0,
            "percent_completed": 0
        },
        "body": "\u60a8\u597d\uff0c\u95dc\u65bc\u7b2c\u5341\u4e94\u7ae0\u6a21\u578b\u58d3\u7e2e\u7684\u90e8\u5206\u5167\u6587\u6709\u63d0\u5230\"\u4e00\u65b9\u9762\u968f\u7740\u4f20\u8f93\u6570\u636e\u91cf\u7684\u51cf\u5c11\uff0c\u80fd\u591f\u6709\u6548\u964d\u4f4e\u7f51\u7edc\u4f20\u8f93\u7684\u5e26\u5bbd\u6d88\u8017\uff1b\u53e6\u4e00\u65b9\u9762\uff0c\u53ef\u4ee5\u9632\u6b62\u6a21\u578b\u53c2\u6570\u88ab\u7a83\u53d6\"......\u4ee5\u53ca \"\u6709\u6548\u63d0\u5347\u4e86\u7cfb\u7edf\u7684\u5b89\u5168\u6027\"\r\n\u8acb\u554f\u662f\u5426\u6709\u9a57\u8b49\u9019\u4e9b\u8aaa\u660e\u7684\u65b9\u6cd5?\r\n\u56e0\u70ba\u4f3c\u4e4e\u53ea\u6709\u770b\u5230\u58d3\u7e2e\u4e00\u90e8\u5206\u8cc7\u6599\u6240\u5f97\u5230\u7684\u6e96\u78ba\u7387\uff0c\u800c\u6c92\u6709\u8b49\u660e\u6b64\u65b9\u6cd5\u78ba\u5be6\u53ef\u4ee5\u4fdd\u8b77\u96b1\u79c1\uff0c\u7b49\u7b49\u7684",
        "closed_by": null,
        "reactions": {
            "url": "https://api.github.com/repos/FederatedAI/Practicing-Federated-Learning/issues/11/reactions",
            "total_count": 0,
            "+1": 0,
            "-1": 0,
            "laugh": 0,
            "hooray": 0,
            "confused": 0,
            "heart": 0,
            "rocket": 0,
            "eyes": 0
        },
        "timeline_url": "https://api.github.com/repos/FederatedAI/Practicing-Federated-Learning/issues/11/timeline",
        "performed_via_github_app": null,
        "state_reason": null
    },
    {
        "url": "https://api.github.com/repos/FederatedAI/Practicing-Federated-Learning/issues/10",
        "repository_url": "https://api.github.com/repos/FederatedAI/Practicing-Federated-Learning",
        "labels_url": "https://api.github.com/repos/FederatedAI/Practicing-Federated-Learning/issues/10/labels{/name}",
        "comments_url": "https://api.github.com/repos/FederatedAI/Practicing-Federated-Learning/issues/10/comments",
        "events_url": "https://api.github.com/repos/FederatedAI/Practicing-Federated-Learning/issues/10/events",
        "html_url": "https://github.com/FederatedAI/Practicing-Federated-Learning/issues/10",
        "id": 1249450242,
        "node_id": "I_kwDOE150Us5KeRkC",
        "number": 10,
        "title": "\u7b2c\u5341\u7ae0 \u94fe\u63a510-2 \u4e0d\u5b58\u5728",
        "user": {
            "login": "yummy0109",
            "id": 106219735,
            "node_id": "U_kgDOBlTI1w",
            "avatar_url": "https://avatars.githubusercontent.com/u/106219735?v=4",
            "gravatar_id": "",
            "url": "https://api.github.com/users/yummy0109",
            "html_url": "https://github.com/yummy0109",
            "followers_url": "https://api.github.com/users/yummy0109/followers",
            "following_url": "https://api.github.com/users/yummy0109/following{/other_user}",
            "gists_url": "https://api.github.com/users/yummy0109/gists{/gist_id}",
            "starred_url": "https://api.github.com/users/yummy0109/starred{/owner}{/repo}",
            "subscriptions_url": "https://api.github.com/users/yummy0109/subscriptions",
            "organizations_url": "https://api.github.com/users/yummy0109/orgs",
            "repos_url": "https://api.github.com/users/yummy0109/repos",
            "events_url": "https://api.github.com/users/yummy0109/events{/privacy}",
            "received_events_url": "https://api.github.com/users/yummy0109/received_events",
            "type": "User",
            "user_view_type": "public",
            "site_admin": false
        },
        "labels": [],
        "state": "open",
        "locked": false,
        "assignee": null,
        "assignees": [],
        "milestone": null,
        "comments": 2,
        "created_at": "2022-05-26T11:28:33Z",
        "updated_at": "2022-06-02T09:19:48Z",
        "closed_at": null,
        "author_association": "NONE",
        "type": null,
        "active_lock_reason": null,
        "sub_issues_summary": {
            "total": 0,
            "completed": 0,
            "percent_completed": 0
        },
        "body": null,
        "closed_by": null,
        "reactions": {
            "url": "https://api.github.com/repos/FederatedAI/Practicing-Federated-Learning/issues/10/reactions",
            "total_count": 0,
            "+1": 0,
            "-1": 0,
            "laugh": 0,
            "hooray": 0,
            "confused": 0,
            "heart": 0,
            "rocket": 0,
            "eyes": 0
        },
        "timeline_url": "https://api.github.com/repos/FederatedAI/Practicing-Federated-Learning/issues/10/timeline",
        "performed_via_github_app": null,
        "state_reason": null
    },
    {
        "url": "https://api.github.com/repos/FederatedAI/Practicing-Federated-Learning/issues/9",
        "repository_url": "https://api.github.com/repos/FederatedAI/Practicing-Federated-Learning",
        "labels_url": "https://api.github.com/repos/FederatedAI/Practicing-Federated-Learning/issues/9/labels{/name}",
        "comments_url": "https://api.github.com/repos/FederatedAI/Practicing-Federated-Learning/issues/9/comments",
        "events_url": "https://api.github.com/repos/FederatedAI/Practicing-Federated-Learning/issues/9/events",
        "html_url": "https://github.com/FederatedAI/Practicing-Federated-Learning/issues/9",
        "id": 1249058767,
        "node_id": "I_kwDOE150Us5Kcx_P",
        "number": 9,
        "title": "\u7b2c10\u7ae0\u8054\u90a6\u89c6\u89c9\u6848\u4f8b\uff0c\u6570\u636e\u96c6\u65e0\u6cd5\u4e0b\u8f7d",
        "user": {
            "login": "ghl116",
            "id": 19288752,
            "node_id": "MDQ6VXNlcjE5Mjg4NzUy",
            "avatar_url": "https://avatars.githubusercontent.com/u/19288752?v=4",
            "gravatar_id": "",
            "url": "https://api.github.com/users/ghl116",
            "html_url": "https://github.com/ghl116",
            "followers_url": "https://api.github.com/users/ghl116/followers",
            "following_url": "https://api.github.com/users/ghl116/following{/other_user}",
            "gists_url": "https://api.github.com/users/ghl116/gists{/gist_id}",
            "starred_url": "https://api.github.com/users/ghl116/starred{/owner}{/repo}",
            "subscriptions_url": "https://api.github.com/users/ghl116/subscriptions",
            "organizations_url": "https://api.github.com/users/ghl116/orgs",
            "repos_url": "https://api.github.com/users/ghl116/repos",
            "events_url": "https://api.github.com/users/ghl116/events{/privacy}",
            "received_events_url": "https://api.github.com/users/ghl116/received_events",
            "type": "User",
            "user_view_type": "public",
            "site_admin": false
        },
        "labels": [],
        "state": "closed",
        "locked": false,
        "assignee": null,
        "assignees": [],
        "milestone": null,
        "comments": 1,
        "created_at": "2022-05-26T03:44:13Z",
        "updated_at": "2022-06-06T03:10:21Z",
        "closed_at": "2022-06-06T03:10:21Z",
        "author_association": "NONE",
        "type": null,
        "active_lock_reason": null,
        "sub_issues_summary": {
            "total": 0,
            "completed": 0,
            "percent_completed": 0
        },
        "body": "\u5982\u9898\uff0c\u6839\u636ereadme\u63d0\u793a\uff0c\u6253\u5f00https://dataset.fedai.org/#/datasetfed\uff0c\u6ca1\u6709\u627e\u5230\u6ce8\u518c\u9875\u9762\uff0c\u65e0\u6cd5\u4e0b\u8f7d\u6570\u636e\u96c6\u3002\u5e0c\u671b\u53ef\u4ee5\u628a\u6570\u636e\u96c6\u4e0a\u4f20\u5230github\uff0c\u6216\u8005kaggle\u4e0a\u9762",
        "closed_by": {
            "login": "ghl116",
            "id": 19288752,
            "node_id": "MDQ6VXNlcjE5Mjg4NzUy",
            "avatar_url": "https://avatars.githubusercontent.com/u/19288752?v=4",
            "gravatar_id": "",
            "url": "https://api.github.com/users/ghl116",
            "html_url": "https://github.com/ghl116",
            "followers_url": "https://api.github.com/users/ghl116/followers",
            "following_url": "https://api.github.com/users/ghl116/following{/other_user}",
            "gists_url": "https://api.github.com/users/ghl116/gists{/gist_id}",
            "starred_url": "https://api.github.com/users/ghl116/starred{/owner}{/repo}",
            "subscriptions_url": "https://api.github.com/users/ghl116/subscriptions",
            "organizations_url": "https://api.github.com/users/ghl116/orgs",
            "repos_url": "https://api.github.com/users/ghl116/repos",
            "events_url": "https://api.github.com/users/ghl116/events{/privacy}",
            "received_events_url": "https://api.github.com/users/ghl116/received_events",
            "type": "User",
            "user_view_type": "public",
            "site_admin": false
        },
        "reactions": {
            "url": "https://api.github.com/repos/FederatedAI/Practicing-Federated-Learning/issues/9/reactions",
            "total_count": 0,
            "+1": 0,
            "-1": 0,
            "laugh": 0,
            "hooray": 0,
            "confused": 0,
            "heart": 0,
            "rocket": 0,
            "eyes": 0
        },
        "timeline_url": "https://api.github.com/repos/FederatedAI/Practicing-Federated-Learning/issues/9/timeline",
        "performed_via_github_app": null,
        "state_reason": "completed"
    },
    {
        "url": "https://api.github.com/repos/FederatedAI/Practicing-Federated-Learning/issues/8",
        "repository_url": "https://api.github.com/repos/FederatedAI/Practicing-Federated-Learning",
        "labels_url": "https://api.github.com/repos/FederatedAI/Practicing-Federated-Learning/issues/8/labels{/name}",
        "comments_url": "https://api.github.com/repos/FederatedAI/Practicing-Federated-Learning/issues/8/comments",
        "events_url": "https://api.github.com/repos/FederatedAI/Practicing-Federated-Learning/issues/8/events",
        "html_url": "https://github.com/FederatedAI/Practicing-Federated-Learning/issues/8",
        "id": 1125798966,
        "node_id": "I_kwDOE150Us5DGlQ2",
        "number": 8,
        "title": "\u5173\u4e8e\u7b2c\u4e94\u7ae0\u7684\u6a2a\u5411\u8054\u90a6\u4ee3\u7801\u4f7f\u7528\u65b9\u5f0f",
        "user": {
            "login": "jingmouren",
            "id": 28643822,
            "node_id": "MDQ6VXNlcjI4NjQzODIy",
            "avatar_url": "https://avatars.githubusercontent.com/u/28643822?v=4",
            "gravatar_id": "",
            "url": "https://api.github.com/users/jingmouren",
            "html_url": "https://github.com/jingmouren",
            "followers_url": "https://api.github.com/users/jingmouren/followers",
            "following_url": "https://api.github.com/users/jingmouren/following{/other_user}",
            "gists_url": "https://api.github.com/users/jingmouren/gists{/gist_id}",
            "starred_url": "https://api.github.com/users/jingmouren/starred{/owner}{/repo}",
            "subscriptions_url": "https://api.github.com/users/jingmouren/subscriptions",
            "organizations_url": "https://api.github.com/users/jingmouren/orgs",
            "repos_url": "https://api.github.com/users/jingmouren/repos",
            "events_url": "https://api.github.com/users/jingmouren/events{/privacy}",
            "received_events_url": "https://api.github.com/users/jingmouren/received_events",
            "type": "User",
            "user_view_type": "public",
            "site_admin": false
        },
        "labels": [],
        "state": "open",
        "locked": false,
        "assignee": null,
        "assignees": [],
        "milestone": null,
        "comments": 2,
        "created_at": "2022-02-07T10:31:03Z",
        "updated_at": "2022-05-27T02:41:21Z",
        "closed_at": null,
        "author_association": "NONE",
        "type": null,
        "active_lock_reason": null,
        "sub_issues_summary": {
            "total": 0,
            "completed": 0,
            "percent_completed": 0
        },
        "body": "README\u91cc\u63d0\u5230\r\n## 5.4 \u5229\u7528FATE\u6784\u5efa\u6a2a\u5411\u8054\u90a6\u5b66\u4e60Pipeline\r\n\r\n\r\n### 5.4.1 \u6570\u636e\u8f6c\u6362\u8f93\u5165\r\n\u3002\u3002\u3002\u3002\r\n\u6700\u540e\u5728\u5f53\u524d\u76ee\u5f55\u4e0b\uff08$fate_dir/examples/federatedml-1.x-examples\uff09\uff0c\u5728\u547d\u4ee4\u884c\u4e2d\u6267\u884c\u4e0b\u9762\u7684\u547d\u4ee4\uff0c\u5373\u53ef\u81ea\u52a8\u5b8c\u6210\u4e0a\u4f20\u548c\u683c\u5f0f\u8f6c\u6362\uff1a\r\n\r\n```\r\npython $fate_dir/fate_flow/fate_flow_client.py -f upload -c upload_data.json\r\n```\r\n\r\n\r\n### 5.4.2 \u6a21\u578b\u8bad\u7ec3\r\n\r\n\u3002\u3002\u3002\r\n\r\n\u5c06dsl\u548cconf\u6587\u4ef6\u653e\u7f6e\u5728\u4efb\u610f\u76ee\u5f55\u4e0b\uff0c\u5e76\u5728\u8be5\u76ee\u5f55\u4e0b\u6267\u884c\u4e0b\u9762\u7684\u547d\u4ee4\u8fdb\u884c\u8bad\u7ec3\uff1a\r\n\r\n```\r\npython $fate_dir/fate_flow/fate_flow_client.py -f submit_job -d test_homolr_train_job_dsl.json -c test_homolr_train_job_conf.json\r\n```\r\n\r\n\u6211\u88c5\u7684\u65b0\u7248fate\uff0c\u6267\u884c\u547d\u4ee4\u4e3a\r\nflow job submit -d test_homolr_train_job_dsl.json -c test_homolr_train_job_conf.json\r\n\u51fa\u9519\u4e3a json.decoder.JSONDecodeError: Expecting ',' delimiter: line 21 column 4 (char 459)",
        "closed_by": null,
        "reactions": {
            "url": "https://api.github.com/repos/FederatedAI/Practicing-Federated-Learning/issues/8/reactions",
            "total_count": 0,
            "+1": 0,
            "-1": 0,
            "laugh": 0,
            "hooray": 0,
            "confused": 0,
            "heart": 0,
            "rocket": 0,
            "eyes": 0
        },
        "timeline_url": "https://api.github.com/repos/FederatedAI/Practicing-Federated-Learning/issues/8/timeline",
        "performed_via_github_app": null,
        "state_reason": null
    },
    {
        "url": "https://api.github.com/repos/FederatedAI/Practicing-Federated-Learning/issues/7",
        "repository_url": "https://api.github.com/repos/FederatedAI/Practicing-Federated-Learning",
        "labels_url": "https://api.github.com/repos/FederatedAI/Practicing-Federated-Learning/issues/7/labels{/name}",
        "comments_url": "https://api.github.com/repos/FederatedAI/Practicing-Federated-Learning/issues/7/comments",
        "events_url": "https://api.github.com/repos/FederatedAI/Practicing-Federated-Learning/issues/7/events",
        "html_url": "https://github.com/FederatedAI/Practicing-Federated-Learning/issues/7",
        "id": 1125114845,
        "node_id": "I_kwDOE150Us5DD-Pd",
        "number": 7,
        "title": "\u7b2c\u4e09\u7ae0\u7684\u6a2a\u5411\u8054\u90a6\u56fe\u50cf\u5206\u7c7b\u62a5\u9519OSError: [Errno 22] Invalid argument",
        "user": {
            "login": "code-X-HQM",
            "id": 66980810,
            "node_id": "MDQ6VXNlcjY2OTgwODEw",
            "avatar_url": "https://avatars.githubusercontent.com/u/66980810?v=4",
            "gravatar_id": "",
            "url": "https://api.github.com/users/code-X-HQM",
            "html_url": "https://github.com/code-X-HQM",
            "followers_url": "https://api.github.com/users/code-X-HQM/followers",
            "following_url": "https://api.github.com/users/code-X-HQM/following{/other_user}",
            "gists_url": "https://api.github.com/users/code-X-HQM/gists{/gist_id}",
            "starred_url": "https://api.github.com/users/code-X-HQM/starred{/owner}{/repo}",
            "subscriptions_url": "https://api.github.com/users/code-X-HQM/subscriptions",
            "organizations_url": "https://api.github.com/users/code-X-HQM/orgs",
            "repos_url": "https://api.github.com/users/code-X-HQM/repos",
            "events_url": "https://api.github.com/users/code-X-HQM/events{/privacy}",
            "received_events_url": "https://api.github.com/users/code-X-HQM/received_events",
            "type": "User",
            "user_view_type": "public",
            "site_admin": false
        },
        "labels": [],
        "state": "open",
        "locked": false,
        "assignee": null,
        "assignees": [],
        "milestone": null,
        "comments": 1,
        "created_at": "2022-02-06T06:07:38Z",
        "updated_at": "2022-02-06T14:03:35Z",
        "closed_at": null,
        "author_association": "NONE",
        "type": null,
        "active_lock_reason": null,
        "sub_issues_summary": {
            "total": 0,
            "completed": 0,
            "percent_completed": 0
        },
        "body": "Files already downloaded and verified\r\nTraceback (most recent call last):\r\n  File \"main.py\", line 25, in <module>\r\n    server = Server(conf, eval_datasets)\r\n  File \"/Users/huqiming/Library/CloudStorage/OneDrive-stu.cdut.edu.cn/bs/Practicing-FL/Practicing-Federated-Learning-main/chapter03_Python_image_classification/server.py\", line 11, in __init__\r\n    self.global_model = models.get_model(self.conf[\"model_name\"])\r\n  File \"/Users/huqiming/Library/CloudStorage/OneDrive-stu.cdut.edu.cn/bs/Practicing-FL/Practicing-Federated-Learning-main/chapter03_Python_image_classification/models.py\", line 7, in get_model\r\n    model = models.resnet18(pretrained=pretrained)\r\n  File \"/Users/huqiming/opt/anaconda3/envs/py37/lib/python3.7/site-packages/torchvision/models/resnet.py\", line 277, in resnet18\r\n    **kwargs)\r\n  File \"/Users/huqiming/opt/anaconda3/envs/py37/lib/python3.7/site-packages/torchvision/models/resnet.py\", line 263, in _resnet\r\n    progress=progress)\r\n  File \"/Users/huqiming/opt/anaconda3/envs/py37/lib/python3.7/site-packages/torch/hub.py\", line 590, in load_state_dict_from_url\r\n    return torch.load(cached_file, map_location=map_location)\r\n  File \"/Users/huqiming/opt/anaconda3/envs/py37/lib/python3.7/site-packages/torch/serialization.py\", line 600, in load\r\n    with _open_zipfile_reader(opened_file) as opened_zipfile:\r\n  File \"/Users/huqiming/opt/anaconda3/envs/py37/lib/python3.7/site-packages/torch/serialization.py\", line 242, in __init__\r\n    super(_open_zipfile_reader, self).__init__(torch._C.PyTorchFileReader(name_or_buffer))\r\nOSError: [Errno 22] Invalid argument\r\n\r\n\r\n\u73af\u5883\uff1a\r\npython3.7;\r\ntorchaudio0.10.2;\r\ntorchvision0.11.3",
        "closed_by": null,
        "reactions": {
            "url": "https://api.github.com/repos/FederatedAI/Practicing-Federated-Learning/issues/7/reactions",
            "total_count": 0,
            "+1": 0,
            "-1": 0,
            "laugh": 0,
            "hooray": 0,
            "confused": 0,
            "heart": 0,
            "rocket": 0,
            "eyes": 0
        },
        "timeline_url": "https://api.github.com/repos/FederatedAI/Practicing-Federated-Learning/issues/7/timeline",
        "performed_via_github_app": null,
        "state_reason": null
    },
    {
        "url": "https://api.github.com/repos/FederatedAI/Practicing-Federated-Learning/issues/5",
        "repository_url": "https://api.github.com/repos/FederatedAI/Practicing-Federated-Learning",
        "labels_url": "https://api.github.com/repos/FederatedAI/Practicing-Federated-Learning/issues/5/labels{/name}",
        "comments_url": "https://api.github.com/repos/FederatedAI/Practicing-Federated-Learning/issues/5/comments",
        "events_url": "https://api.github.com/repos/FederatedAI/Practicing-Federated-Learning/issues/5/events",
        "html_url": "https://github.com/FederatedAI/Practicing-Federated-Learning/issues/5",
        "id": 1044544507,
        "node_id": "I_kwDOE150Us4-Qnv7",
        "number": 5,
        "title": "\u5728\u7b2c\u4e94\u7ae0\u7684\u4f8b\u5b50\u4e2d",
        "user": {
            "login": "luckilyj",
            "id": 79796877,
            "node_id": "MDQ6VXNlcjc5Nzk2ODc3",
            "avatar_url": "https://avatars.githubusercontent.com/u/79796877?v=4",
            "gravatar_id": "",
            "url": "https://api.github.com/users/luckilyj",
            "html_url": "https://github.com/luckilyj",
            "followers_url": "https://api.github.com/users/luckilyj/followers",
            "following_url": "https://api.github.com/users/luckilyj/following{/other_user}",
            "gists_url": "https://api.github.com/users/luckilyj/gists{/gist_id}",
            "starred_url": "https://api.github.com/users/luckilyj/starred{/owner}{/repo}",
            "subscriptions_url": "https://api.github.com/users/luckilyj/subscriptions",
            "organizations_url": "https://api.github.com/users/luckilyj/orgs",
            "repos_url": "https://api.github.com/users/luckilyj/repos",
            "events_url": "https://api.github.com/users/luckilyj/events{/privacy}",
            "received_events_url": "https://api.github.com/users/luckilyj/received_events",
            "type": "User",
            "user_view_type": "public",
            "site_admin": false
        },
        "labels": [],
        "state": "open",
        "locked": false,
        "assignee": null,
        "assignees": [],
        "milestone": null,
        "comments": 6,
        "created_at": "2021-11-04T10:00:53Z",
        "updated_at": "2022-05-20T09:04:06Z",
        "closed_at": null,
        "author_association": "NONE",
        "type": null,
        "active_lock_reason": null,
        "sub_issues_summary": {
            "total": 0,
            "completed": 0,
            "percent_completed": 0
        },
        "body": "Traceback (most recent call last):\r\n25\r\n  File \"./fate/python/fate_flow/operation/task_executor.py\", line 168, in run_task\r\n26\r\n    run_object.run(component_parameters_on_party, task_run_args)\r\n27\r\n  File \"./fate/python/federatedml/model_base.py\", line 98, in run\r\n28\r\n    this_data_output = func(*real_param)\r\n29\r\n  File \"./fate/python/federatedml/util/data_io.py\", line 886, in fit\r\n30\r\n    data_inst = self.reader.read_data(data_inst, \"fit\")\r\n31\r\n  File \"./fate/python/federatedml/util/data_io.py\", line 139, in read_data\r\n32\r\n    input_data_labels = input_data.mapValues(lambda value: value.split(self.delimitor, -1)[self.label_idx])\r\n33\r\n  File \"./fate/python/fate_arch/common/profile.py\", line 282, in _fn\r\n34\r\n    rtn = func(*args, **kwargs)\r\n35\r\n  File \"./fate/python/fate_arch/computing/standalone/_table.py\", line 93, in mapValues\r\n36\r\n    return Table(self._table.mapValues(func))\r\n37\r\n  File \"./fate/python/fate_arch/_standalone.py\", line 141, in mapValues\r\n38\r\n    return self._unary(func, _do_map_values)\r\n39\r\n  File \"./fate/python/fate_arch/_standalone.py\", line 233, in _unary\r\n40\r\n    func, do_func, self._partitions, self._name, self._namespace\r\n41\r\n  File \"./fate/python/fate_arch/_standalone.py\", line 407, in _submit_unary\r\n42\r\n    results = [r.result() for r in futures]\r\n43\r\n  File \"./fate/python/fate_arch/_standalone.py\", line 407, in <listcomp>\r\n44\r\n    results = [r.result() for r in futures]\r\n45\r\n  File \"/usr/local/lib/python3.6/concurrent/futures/_base.py\", line 425, in result\r\n46\r\n    return self.__get_result()\r\n47\r\n  File \"/usr/local/lib/python3.6/concurrent/futures/_base.py\", line 384, in __get_result\r\n48\r\n    raise self._exception\r\n49\r\nIndexError: list index out of range",
        "closed_by": null,
        "reactions": {
            "url": "https://api.github.com/repos/FederatedAI/Practicing-Federated-Learning/issues/5/reactions",
            "total_count": 0,
            "+1": 0,
            "-1": 0,
            "laugh": 0,
            "hooray": 0,
            "confused": 0,
            "heart": 0,
            "rocket": 0,
            "eyes": 0
        },
        "timeline_url": "https://api.github.com/repos/FederatedAI/Practicing-Federated-Learning/issues/5/timeline",
        "performed_via_github_app": null,
        "state_reason": null
    },
    {
        "url": "https://api.github.com/repos/FederatedAI/Practicing-Federated-Learning/issues/4",
        "repository_url": "https://api.github.com/repos/FederatedAI/Practicing-Federated-Learning",
        "labels_url": "https://api.github.com/repos/FederatedAI/Practicing-Federated-Learning/issues/4/labels{/name}",
        "comments_url": "https://api.github.com/repos/FederatedAI/Practicing-Federated-Learning/issues/4/comments",
        "events_url": "https://api.github.com/repos/FederatedAI/Practicing-Federated-Learning/issues/4/events",
        "html_url": "https://github.com/FederatedAI/Practicing-Federated-Learning/issues/4",
        "id": 994779127,
        "node_id": "MDU6SXNzdWU5OTQ3NzkxMjc=",
        "number": 4,
        "title": "RuntimeError: CUDA out of memory.",
        "user": {
            "login": "YIN-jw",
            "id": 59693293,
            "node_id": "MDQ6VXNlcjU5NjkzMjkz",
            "avatar_url": "https://avatars.githubusercontent.com/u/59693293?v=4",
            "gravatar_id": "",
            "url": "https://api.github.com/users/YIN-jw",
            "html_url": "https://github.com/YIN-jw",
            "followers_url": "https://api.github.com/users/YIN-jw/followers",
            "following_url": "https://api.github.com/users/YIN-jw/following{/other_user}",
            "gists_url": "https://api.github.com/users/YIN-jw/gists{/gist_id}",
            "starred_url": "https://api.github.com/users/YIN-jw/starred{/owner}{/repo}",
            "subscriptions_url": "https://api.github.com/users/YIN-jw/subscriptions",
            "organizations_url": "https://api.github.com/users/YIN-jw/orgs",
            "repos_url": "https://api.github.com/users/YIN-jw/repos",
            "events_url": "https://api.github.com/users/YIN-jw/events{/privacy}",
            "received_events_url": "https://api.github.com/users/YIN-jw/received_events",
            "type": "User",
            "user_view_type": "public",
            "site_admin": false
        },
        "labels": [],
        "state": "open",
        "locked": false,
        "assignee": null,
        "assignees": [],
        "milestone": null,
        "comments": 4,
        "created_at": "2021-09-13T11:31:14Z",
        "updated_at": "2021-09-14T02:39:54Z",
        "closed_at": null,
        "author_association": "NONE",
        "type": null,
        "active_lock_reason": null,
        "sub_issues_summary": {
            "total": 0,
            "completed": 0,
            "percent_completed": 0
        },
        "body": "\u60a8\u597d\uff1a\r\n\u6211\u5728\u4f7f\u7528pytorch\u8dd1\u7a0b\u5e8f\u65f6\uff0c\u51fa\u73b0\u4e86RuntimeError: CUDA out of memory. Tried to allocate 392.00 MiB (GPU 0; 8.00 GiB total capacity; 5.69 GiB already allocated; 84.25 MiB free; 5.72 GiB reserved in total by PyTorch)\u7684\u95ee\u9898\uff0c\u7f51\u4e0a\u67e5\u627e\u8d44\u6599\u8bf4\u662f\u7206\u663e\u5b58\u4e86\uff0cepoch\u548cbatch_size\u592a\u5927\u673a\u5668\u53d7\u4e0d\u4e86\u3002\u56e0\u6b64\u6211\u5c06conf.json\u6587\u4ef6\u4e2d\"global_epochs\" : 5,\"local_epochs\" : 2,\"batch_size\" : 2,\u4ecd\u7136\u4f1a\u51fa\u73b0\u9519\u8bef\u3002\r\n\u8bf7\u95ee\u6709\u4ec0\u4e48\u597d\u7684\u89e3\u51b3\u529e\u6cd5\u5417\uff0c\u5341\u5206\u611f\u8c22\uff01",
        "closed_by": null,
        "reactions": {
            "url": "https://api.github.com/repos/FederatedAI/Practicing-Federated-Learning/issues/4/reactions",
            "total_count": 0,
            "+1": 0,
            "-1": 0,
            "laugh": 0,
            "hooray": 0,
            "confused": 0,
            "heart": 0,
            "rocket": 0,
            "eyes": 0
        },
        "timeline_url": "https://api.github.com/repos/FederatedAI/Practicing-Federated-Learning/issues/4/timeline",
        "performed_via_github_app": null,
        "state_reason": null
    },
    {
        "url": "https://api.github.com/repos/FederatedAI/Practicing-Federated-Learning/issues/3",
        "repository_url": "https://api.github.com/repos/FederatedAI/Practicing-Federated-Learning",
        "labels_url": "https://api.github.com/repos/FederatedAI/Practicing-Federated-Learning/issues/3/labels{/name}",
        "comments_url": "https://api.github.com/repos/FederatedAI/Practicing-Federated-Learning/issues/3/comments",
        "events_url": "https://api.github.com/repos/FederatedAI/Practicing-Federated-Learning/issues/3/events",
        "html_url": "https://github.com/FederatedAI/Practicing-Federated-Learning/issues/3",
        "id": 935404845,
        "node_id": "MDU6SXNzdWU5MzU0MDQ4NDU=",
        "number": 3,
        "title": "\u5b9e\u4f53\u4e66\u5f15\u7528\u94fe\u63a5\u7f3a\u5931",
        "user": {
            "login": "loafbaker",
            "id": 1922585,
            "node_id": "MDQ6VXNlcjE5MjI1ODU=",
            "avatar_url": "https://avatars.githubusercontent.com/u/1922585?v=4",
            "gravatar_id": "",
            "url": "https://api.github.com/users/loafbaker",
            "html_url": "https://github.com/loafbaker",
            "followers_url": "https://api.github.com/users/loafbaker/followers",
            "following_url": "https://api.github.com/users/loafbaker/following{/other_user}",
            "gists_url": "https://api.github.com/users/loafbaker/gists{/gist_id}",
            "starred_url": "https://api.github.com/users/loafbaker/starred{/owner}{/repo}",
            "subscriptions_url": "https://api.github.com/users/loafbaker/subscriptions",
            "organizations_url": "https://api.github.com/users/loafbaker/orgs",
            "repos_url": "https://api.github.com/users/loafbaker/repos",
            "events_url": "https://api.github.com/users/loafbaker/events{/privacy}",
            "received_events_url": "https://api.github.com/users/loafbaker/received_events",
            "type": "User",
            "user_view_type": "public",
            "site_admin": false
        },
        "labels": [],
        "state": "closed",
        "locked": false,
        "assignee": null,
        "assignees": [],
        "milestone": null,
        "comments": 3,
        "created_at": "2021-07-02T04:34:38Z",
        "updated_at": "2021-07-02T08:48:58Z",
        "closed_at": "2021-07-02T08:48:57Z",
        "author_association": "NONE",
        "type": null,
        "active_lock_reason": null,
        "sub_issues_summary": {
            "total": 0,
            "completed": 0,
            "percent_completed": 0
        },
        "body": "\u539f\u4e66\u4e2d\u7b2c3\u30014\u30017\u300112\u7ae0\u4e2d\u591a\u6b21\u5f15\u7528\u4e86\u5916\u90e8\u53c2\u8003\u94fe\u63a5\uff0c\u5982\u201c\u94fe\u63a53-5\u201d\u3001\u201c\u94fe\u63a57-13\u201d\uff0c\u7136\u800c\uff0c\u5728\u6574\u672c\u5b9e\u4f53\u4e66\u4e2d\uff0c\u5e76\u65e0\u6cd5\u627e\u5230\u8fd9\u4e9b\u94fe\u63a5\u5177\u4f53\u5f15\u7528\u7684\u5730\u5740\u3002\u76ee\u524d\uff0c\u5bf9\u6b64\u72b6\u51b5\u5e76\u65e0\u89e3\u51b3\u65b9\u6848\u3002",
        "closed_by": {
            "login": "loafbaker",
            "id": 1922585,
            "node_id": "MDQ6VXNlcjE5MjI1ODU=",
            "avatar_url": "https://avatars.githubusercontent.com/u/1922585?v=4",
            "gravatar_id": "",
            "url": "https://api.github.com/users/loafbaker",
            "html_url": "https://github.com/loafbaker",
            "followers_url": "https://api.github.com/users/loafbaker/followers",
            "following_url": "https://api.github.com/users/loafbaker/following{/other_user}",
            "gists_url": "https://api.github.com/users/loafbaker/gists{/gist_id}",
            "starred_url": "https://api.github.com/users/loafbaker/starred{/owner}{/repo}",
            "subscriptions_url": "https://api.github.com/users/loafbaker/subscriptions",
            "organizations_url": "https://api.github.com/users/loafbaker/orgs",
            "repos_url": "https://api.github.com/users/loafbaker/repos",
            "events_url": "https://api.github.com/users/loafbaker/events{/privacy}",
            "received_events_url": "https://api.github.com/users/loafbaker/received_events",
            "type": "User",
            "user_view_type": "public",
            "site_admin": false
        },
        "reactions": {
            "url": "https://api.github.com/repos/FederatedAI/Practicing-Federated-Learning/issues/3/reactions",
            "total_count": 0,
            "+1": 0,
            "-1": 0,
            "laugh": 0,
            "hooray": 0,
            "confused": 0,
            "heart": 0,
            "rocket": 0,
            "eyes": 0
        },
        "timeline_url": "https://api.github.com/repos/FederatedAI/Practicing-Federated-Learning/issues/3/timeline",
        "performed_via_github_app": null,
        "state_reason": "completed"
    },
    {
        "url": "https://api.github.com/repos/FederatedAI/Practicing-Federated-Learning/issues/2",
        "repository_url": "https://api.github.com/repos/FederatedAI/Practicing-Federated-Learning",
        "labels_url": "https://api.github.com/repos/FederatedAI/Practicing-Federated-Learning/issues/2/labels{/name}",
        "comments_url": "https://api.github.com/repos/FederatedAI/Practicing-Federated-Learning/issues/2/comments",
        "events_url": "https://api.github.com/repos/FederatedAI/Practicing-Federated-Learning/issues/2/events",
        "html_url": "https://github.com/FederatedAI/Practicing-Federated-Learning/issues/2",
        "id": 916848782,
        "node_id": "MDU6SXNzdWU5MTY4NDg3ODI=",
        "number": 2,
        "title": "\u52d8\u8bef\u5efa\u8bae-P38- 3.2.2 Tensor\u4e0ePython\u6570\u636e\u7ed3\u6784\u7684\u8f6c\u6362",
        "user": {
            "login": "matthew-wei",
            "id": 23068766,
            "node_id": "MDQ6VXNlcjIzMDY4NzY2",
            "avatar_url": "https://avatars.githubusercontent.com/u/23068766?v=4",
            "gravatar_id": "",
            "url": "https://api.github.com/users/matthew-wei",
            "html_url": "https://github.com/matthew-wei",
            "followers_url": "https://api.github.com/users/matthew-wei/followers",
            "following_url": "https://api.github.com/users/matthew-wei/following{/other_user}",
            "gists_url": "https://api.github.com/users/matthew-wei/gists{/gist_id}",
            "starred_url": "https://api.github.com/users/matthew-wei/starred{/owner}{/repo}",
            "subscriptions_url": "https://api.github.com/users/matthew-wei/subscriptions",
            "organizations_url": "https://api.github.com/users/matthew-wei/orgs",
            "repos_url": "https://api.github.com/users/matthew-wei/repos",
            "events_url": "https://api.github.com/users/matthew-wei/events{/privacy}",
            "received_events_url": "https://api.github.com/users/matthew-wei/received_events",
            "type": "User",
            "user_view_type": "public",
            "site_admin": false
        },
        "labels": [],
        "state": "open",
        "locked": false,
        "assignee": null,
        "assignees": [],
        "milestone": null,
        "comments": 4,
        "created_at": "2021-06-10T03:25:17Z",
        "updated_at": "2021-07-09T07:36:23Z",
        "closed_at": null,
        "author_association": "NONE",
        "type": null,
        "active_lock_reason": null,
        "sub_issues_summary": {
            "total": 0,
            "completed": 0,
            "percent_completed": 0
        },
        "body": "\u300a\u8054\u90a6\u5b66\u4e60\u5b9e\u6218\u300b\r\n\r\nP38- 3.2.2 Tensor\u4e0ePython\u6570\u636e\u7ed3\u6784\u7684\u8f6c\u6362\r\n\u4ee3\u7801\uff1a\r\n\r\n**a3 = torch.from_tensor(arr)**    \r\n\u5f53\u4fee\u6539\u4e3a\r\na3 = troch.from_numpy(arr)\r\n\r\n\r\n\r\n\u7248\u6b21\uff1a2021\u5e745\u6708\u7b2c1\u7248\r\n\u5370\u6b21\uff1a2021\u5e745\u6708\u7b2c1\u6b21\u5370\u5237",
        "closed_by": null,
        "reactions": {
            "url": "https://api.github.com/repos/FederatedAI/Practicing-Federated-Learning/issues/2/reactions",
            "total_count": 0,
            "+1": 0,
            "-1": 0,
            "laugh": 0,
            "hooray": 0,
            "confused": 0,
            "heart": 0,
            "rocket": 0,
            "eyes": 0
        },
        "timeline_url": "https://api.github.com/repos/FederatedAI/Practicing-Federated-Learning/issues/2/timeline",
        "performed_via_github_app": null,
        "state_reason": null
    },
    {
        "url": "https://api.github.com/repos/FederatedAI/Practicing-Federated-Learning/issues/1",
        "repository_url": "https://api.github.com/repos/FederatedAI/Practicing-Federated-Learning",
        "labels_url": "https://api.github.com/repos/FederatedAI/Practicing-Federated-Learning/issues/1/labels{/name}",
        "comments_url": "https://api.github.com/repos/FederatedAI/Practicing-Federated-Learning/issues/1/comments",
        "events_url": "https://api.github.com/repos/FederatedAI/Practicing-Federated-Learning/issues/1/events",
        "html_url": "https://github.com/FederatedAI/Practicing-Federated-Learning/issues/1",
        "id": 829906589,
        "node_id": "MDU6SXNzdWU4Mjk5MDY1ODk=",
        "number": 1,
        "title": "\u300a\u8054\u90a6\u5b66\u4e60\u5b9e\u6218\u300b",
        "user": {
            "login": "huyz1117",
            "id": 45112669,
            "node_id": "MDQ6VXNlcjQ1MTEyNjY5",
            "avatar_url": "https://avatars.githubusercontent.com/u/45112669?v=4",
            "gravatar_id": "",
            "url": "https://api.github.com/users/huyz1117",
            "html_url": "https://github.com/huyz1117",
            "followers_url": "https://api.github.com/users/huyz1117/followers",
            "following_url": "https://api.github.com/users/huyz1117/following{/other_user}",
            "gists_url": "https://api.github.com/users/huyz1117/gists{/gist_id}",
            "starred_url": "https://api.github.com/users/huyz1117/starred{/owner}{/repo}",
            "subscriptions_url": "https://api.github.com/users/huyz1117/subscriptions",
            "organizations_url": "https://api.github.com/users/huyz1117/orgs",
            "repos_url": "https://api.github.com/users/huyz1117/repos",
            "events_url": "https://api.github.com/users/huyz1117/events{/privacy}",
            "received_events_url": "https://api.github.com/users/huyz1117/received_events",
            "type": "User",
            "user_view_type": "public",
            "site_admin": false
        },
        "labels": [],
        "state": "open",
        "locked": false,
        "assignee": null,
        "assignees": [],
        "milestone": null,
        "comments": 15,
        "created_at": "2021-03-12T09:06:25Z",
        "updated_at": "2022-12-11T11:05:57Z",
        "closed_at": null,
        "author_association": "NONE",
        "type": null,
        "active_lock_reason": null,
        "sub_issues_summary": {
            "total": 0,
            "completed": 0,
            "percent_completed": 0
        },
        "body": "\u4f60\u597d\uff0c\u8bf7\u95ee\u300a\u8054\u90a6\u5b66\u4e60\u5b9e\u6218\u300b\u8fd9\u672c\u4e66\u51fa\u7248\u4e86\u5417\uff1f\u7f51\u4e0a\u6ca1\u641c\u5230\u8fd9\u672c\u4e66\u3002\u8c22\u8c22\uff01",
        "closed_by": null,
        "reactions": {
            "url": "https://api.github.com/repos/FederatedAI/Practicing-Federated-Learning/issues/1/reactions",
            "total_count": 0,
            "+1": 0,
            "-1": 0,
            "laugh": 0,
            "hooray": 0,
            "confused": 0,
            "heart": 0,
            "rocket": 0,
            "eyes": 0
        },
        "timeline_url": "https://api.github.com/repos/FederatedAI/Practicing-Federated-Learning/issues/1/timeline",
        "performed_via_github_app": null,
        "state_reason": null
    }
]