[
    {
        "url": "https://api.github.com/repos/felisat/clustered-federated-learning/issues/4",
        "repository_url": "https://api.github.com/repos/felisat/clustered-federated-learning",
        "labels_url": "https://api.github.com/repos/felisat/clustered-federated-learning/issues/4/labels{/name}",
        "comments_url": "https://api.github.com/repos/felisat/clustered-federated-learning/issues/4/comments",
        "events_url": "https://api.github.com/repos/felisat/clustered-federated-learning/issues/4/events",
        "html_url": "https://github.com/felisat/clustered-federated-learning/issues/4",
        "id": 1660315964,
        "node_id": "I_kwDOECMn6c5i9mk8",
        "number": 4,
        "title": "why do you use reset()\uff1f",
        "user": {
            "login": "Emiem2017",
            "id": 31511814,
            "node_id": "MDQ6VXNlcjMxNTExODE0",
            "avatar_url": "https://avatars.githubusercontent.com/u/31511814?v=4",
            "gravatar_id": "",
            "url": "https://api.github.com/users/Emiem2017",
            "html_url": "https://github.com/Emiem2017",
            "followers_url": "https://api.github.com/users/Emiem2017/followers",
            "following_url": "https://api.github.com/users/Emiem2017/following{/other_user}",
            "gists_url": "https://api.github.com/users/Emiem2017/gists{/gist_id}",
            "starred_url": "https://api.github.com/users/Emiem2017/starred{/owner}{/repo}",
            "subscriptions_url": "https://api.github.com/users/Emiem2017/subscriptions",
            "organizations_url": "https://api.github.com/users/Emiem2017/orgs",
            "repos_url": "https://api.github.com/users/Emiem2017/repos",
            "events_url": "https://api.github.com/users/Emiem2017/events{/privacy}",
            "received_events_url": "https://api.github.com/users/Emiem2017/received_events",
            "type": "User",
            "user_view_type": "public",
            "site_admin": false
        },
        "labels": [],
        "state": "closed",
        "locked": false,
        "assignee": null,
        "assignees": [],
        "milestone": null,
        "comments": 0,
        "created_at": "2023-04-10T06:31:35Z",
        "updated_at": "2023-04-10T06:53:02Z",
        "closed_at": "2023-04-10T06:53:02Z",
        "author_association": "NONE",
        "active_lock_reason": null,
        "sub_issues_summary": {
            "total": 0,
            "completed": 0,
            "percent_completed": 0
        },
        "body": null,
        "closed_by": {
            "login": "Emiem2017",
            "id": 31511814,
            "node_id": "MDQ6VXNlcjMxNTExODE0",
            "avatar_url": "https://avatars.githubusercontent.com/u/31511814?v=4",
            "gravatar_id": "",
            "url": "https://api.github.com/users/Emiem2017",
            "html_url": "https://github.com/Emiem2017",
            "followers_url": "https://api.github.com/users/Emiem2017/followers",
            "following_url": "https://api.github.com/users/Emiem2017/following{/other_user}",
            "gists_url": "https://api.github.com/users/Emiem2017/gists{/gist_id}",
            "starred_url": "https://api.github.com/users/Emiem2017/starred{/owner}{/repo}",
            "subscriptions_url": "https://api.github.com/users/Emiem2017/subscriptions",
            "organizations_url": "https://api.github.com/users/Emiem2017/orgs",
            "repos_url": "https://api.github.com/users/Emiem2017/repos",
            "events_url": "https://api.github.com/users/Emiem2017/events{/privacy}",
            "received_events_url": "https://api.github.com/users/Emiem2017/received_events",
            "type": "User",
            "user_view_type": "public",
            "site_admin": false
        },
        "reactions": {
            "url": "https://api.github.com/repos/felisat/clustered-federated-learning/issues/4/reactions",
            "total_count": 0,
            "+1": 0,
            "-1": 0,
            "laugh": 0,
            "hooray": 0,
            "confused": 0,
            "heart": 0,
            "rocket": 0,
            "eyes": 0
        },
        "timeline_url": "https://api.github.com/repos/felisat/clustered-federated-learning/issues/4/timeline",
        "performed_via_github_app": null,
        "state_reason": "completed"
    },
    {
        "url": "https://api.github.com/repos/felisat/clustered-federated-learning/issues/2",
        "repository_url": "https://api.github.com/repos/felisat/clustered-federated-learning",
        "labels_url": "https://api.github.com/repos/felisat/clustered-federated-learning/issues/2/labels{/name}",
        "comments_url": "https://api.github.com/repos/felisat/clustered-federated-learning/issues/2/comments",
        "events_url": "https://api.github.com/repos/felisat/clustered-federated-learning/issues/2/events",
        "html_url": "https://github.com/felisat/clustered-federated-learning/issues/2",
        "id": 788679363,
        "node_id": "MDU6SXNzdWU3ODg2NzkzNjM=",
        "number": 2,
        "title": "Multiple identical indexes in cluster_indices?",
        "user": {
            "login": "tsukii",
            "id": 10286421,
            "node_id": "MDQ6VXNlcjEwMjg2NDIx",
            "avatar_url": "https://avatars.githubusercontent.com/u/10286421?v=4",
            "gravatar_id": "",
            "url": "https://api.github.com/users/tsukii",
            "html_url": "https://github.com/tsukii",
            "followers_url": "https://api.github.com/users/tsukii/followers",
            "following_url": "https://api.github.com/users/tsukii/following{/other_user}",
            "gists_url": "https://api.github.com/users/tsukii/gists{/gist_id}",
            "starred_url": "https://api.github.com/users/tsukii/starred{/owner}{/repo}",
            "subscriptions_url": "https://api.github.com/users/tsukii/subscriptions",
            "organizations_url": "https://api.github.com/users/tsukii/orgs",
            "repos_url": "https://api.github.com/users/tsukii/repos",
            "events_url": "https://api.github.com/users/tsukii/events{/privacy}",
            "received_events_url": "https://api.github.com/users/tsukii/received_events",
            "type": "User",
            "user_view_type": "public",
            "site_admin": false
        },
        "labels": [],
        "state": "open",
        "locked": false,
        "assignee": null,
        "assignees": [],
        "milestone": null,
        "comments": 0,
        "created_at": "2021-01-19T03:38:36Z",
        "updated_at": "2021-01-19T03:38:36Z",
        "closed_at": null,
        "author_association": "NONE",
        "active_lock_reason": null,
        "sub_issues_summary": {
            "total": 0,
            "completed": 0,
            "percent_completed": 0
        },
        "body": "When clustering all clients into multiple clusters (>3), the indexes in cluster_indices seem to be incomprehensible.\r\nShould this line `cluster_indices_new += [c1, c2]` be `cluster_indices_new += [idc[c1],idc[ c2]]`?",
        "closed_by": null,
        "reactions": {
            "url": "https://api.github.com/repos/felisat/clustered-federated-learning/issues/2/reactions",
            "total_count": 3,
            "+1": 3,
            "-1": 0,
            "laugh": 0,
            "hooray": 0,
            "confused": 0,
            "heart": 0,
            "rocket": 0,
            "eyes": 0
        },
        "timeline_url": "https://api.github.com/repos/felisat/clustered-federated-learning/issues/2/timeline",
        "performed_via_github_app": null,
        "state_reason": null
    },
    {
        "url": "https://api.github.com/repos/felisat/clustered-federated-learning/issues/1",
        "repository_url": "https://api.github.com/repos/felisat/clustered-federated-learning",
        "labels_url": "https://api.github.com/repos/felisat/clustered-federated-learning/issues/1/labels{/name}",
        "comments_url": "https://api.github.com/repos/felisat/clustered-federated-learning/issues/1/comments",
        "events_url": "https://api.github.com/repos/felisat/clustered-federated-learning/issues/1/events",
        "html_url": "https://github.com/felisat/clustered-federated-learning/issues/1",
        "id": 786640035,
        "node_id": "MDU6SXNzdWU3ODY2NDAwMzU=",
        "number": 1,
        "title": "Missing weights when averaging",
        "user": {
            "login": "omarfoq",
            "id": 42912620,
            "node_id": "MDQ6VXNlcjQyOTEyNjIw",
            "avatar_url": "https://avatars.githubusercontent.com/u/42912620?v=4",
            "gravatar_id": "",
            "url": "https://api.github.com/users/omarfoq",
            "html_url": "https://github.com/omarfoq",
            "followers_url": "https://api.github.com/users/omarfoq/followers",
            "following_url": "https://api.github.com/users/omarfoq/following{/other_user}",
            "gists_url": "https://api.github.com/users/omarfoq/gists{/gist_id}",
            "starred_url": "https://api.github.com/users/omarfoq/starred{/owner}{/repo}",
            "subscriptions_url": "https://api.github.com/users/omarfoq/subscriptions",
            "organizations_url": "https://api.github.com/users/omarfoq/orgs",
            "repos_url": "https://api.github.com/users/omarfoq/repos",
            "events_url": "https://api.github.com/users/omarfoq/events{/privacy}",
            "received_events_url": "https://api.github.com/users/omarfoq/received_events",
            "type": "User",
            "user_view_type": "public",
            "site_admin": false
        },
        "labels": [],
        "state": "open",
        "locked": false,
        "assignee": null,
        "assignees": [],
        "milestone": null,
        "comments": 0,
        "created_at": "2021-01-15T06:50:45Z",
        "updated_at": "2021-01-15T06:50:45Z",
        "closed_at": null,
        "author_association": "NONE",
        "active_lock_reason": null,
        "sub_issues_summary": {
            "total": 0,
            "completed": 0,
            "percent_completed": 0
        },
        "body": "Hello,\r\n\r\nI am not sure if this an error, but it seems you are not weighting the clients when averaging `reduce_add_average`. Moreover, in the paper you use Local SGD with same number of steps at each client, while in the code you fit a fixed number of epochs, thus the number of steps is not constant across clients, and depends on the local data size. \r\n\r\nI am not sure if what I highlight here is relevant, can you please clarify this if possible.\r\n\r\n",
        "closed_by": null,
        "reactions": {
            "url": "https://api.github.com/repos/felisat/clustered-federated-learning/issues/1/reactions",
            "total_count": 0,
            "+1": 0,
            "-1": 0,
            "laugh": 0,
            "hooray": 0,
            "confused": 0,
            "heart": 0,
            "rocket": 0,
            "eyes": 0
        },
        "timeline_url": "https://api.github.com/repos/felisat/clustered-federated-learning/issues/1/timeline",
        "performed_via_github_app": null,
        "state_reason": null
    }
]