[
    {
        "url": "https://api.github.com/repos/FLAIR-THU/CreamFL/issues/18",
        "repository_url": "https://api.github.com/repos/FLAIR-THU/CreamFL",
        "labels_url": "https://api.github.com/repos/FLAIR-THU/CreamFL/issues/18/labels{/name}",
        "comments_url": "https://api.github.com/repos/FLAIR-THU/CreamFL/issues/18/comments",
        "events_url": "https://api.github.com/repos/FLAIR-THU/CreamFL/issues/18/events",
        "html_url": "https://github.com/FLAIR-THU/CreamFL/issues/18",
        "id": 3027871398,
        "node_id": "I_kwDOJLNmJc60eaam",
        "number": 18,
        "title": "Clarification on the R@1_sum Metric in Table 1",
        "user": {
            "login": "hwan-sig",
            "id": 63348748,
            "node_id": "MDQ6VXNlcjYzMzQ4NzQ4",
            "avatar_url": "https://avatars.githubusercontent.com/u/63348748?v=4",
            "gravatar_id": "",
            "url": "https://api.github.com/users/hwan-sig",
            "html_url": "https://github.com/hwan-sig",
            "followers_url": "https://api.github.com/users/hwan-sig/followers",
            "following_url": "https://api.github.com/users/hwan-sig/following{/other_user}",
            "gists_url": "https://api.github.com/users/hwan-sig/gists{/gist_id}",
            "starred_url": "https://api.github.com/users/hwan-sig/starred{/owner}{/repo}",
            "subscriptions_url": "https://api.github.com/users/hwan-sig/subscriptions",
            "organizations_url": "https://api.github.com/users/hwan-sig/orgs",
            "repos_url": "https://api.github.com/users/hwan-sig/repos",
            "events_url": "https://api.github.com/users/hwan-sig/events{/privacy}",
            "received_events_url": "https://api.github.com/users/hwan-sig/received_events",
            "type": "User",
            "user_view_type": "public",
            "site_admin": false
        },
        "labels": [],
        "state": "open",
        "locked": false,
        "assignee": null,
        "assignees": [],
        "milestone": null,
        "comments": 0,
        "created_at": "2025-04-29T10:49:05Z",
        "updated_at": "2025-04-29T10:49:05Z",
        "closed_at": null,
        "author_association": "NONE",
        "type": null,
        "active_lock_reason": null,
        "sub_issues_summary": {
            "total": 0,
            "completed": 0,
            "percent_completed": 0
        },
        "body": "I have a question regarding the R@1_sum metric reported in Table 1 of the paper. At first glance, it seems that R@1_sum might represent the sum of i2t_R@1 and t2i_R@1, but based on the reported numbers, that doesn't appear to be the case.\n\nFor example, for CreamFL:\n\ni2t_R@1 = 49.66\n\nt2i_R@1 = 38.94\n\u2192 Their sum is 88.60, but R@1_sum is reported as 132.88.\n\nCould you clarify how the R@1_sum is actually computed? Is it a typo, or does it represent a different aggregation?\n\nThanks in advance for the clarification!",
        "closed_by": null,
        "reactions": {
            "url": "https://api.github.com/repos/FLAIR-THU/CreamFL/issues/18/reactions",
            "total_count": 0,
            "+1": 0,
            "-1": 0,
            "laugh": 0,
            "hooray": 0,
            "confused": 0,
            "heart": 0,
            "rocket": 0,
            "eyes": 0
        },
        "timeline_url": "https://api.github.com/repos/FLAIR-THU/CreamFL/issues/18/timeline",
        "performed_via_github_app": null,
        "state_reason": null
    },
    {
        "url": "https://api.github.com/repos/FLAIR-THU/CreamFL/issues/17",
        "repository_url": "https://api.github.com/repos/FLAIR-THU/CreamFL",
        "labels_url": "https://api.github.com/repos/FLAIR-THU/CreamFL/issues/17/labels{/name}",
        "comments_url": "https://api.github.com/repos/FLAIR-THU/CreamFL/issues/17/comments",
        "events_url": "https://api.github.com/repos/FLAIR-THU/CreamFL/issues/17/events",
        "html_url": "https://github.com/FLAIR-THU/CreamFL/issues/17",
        "id": 2974109204,
        "node_id": "I_kwDOJLNmJc6xRU4U",
        "number": 17,
        "title": "About the parameters of train",
        "user": {
            "login": "znithx",
            "id": 113272460,
            "node_id": "U_kgDOBsBmjA",
            "avatar_url": "https://avatars.githubusercontent.com/u/113272460?v=4",
            "gravatar_id": "",
            "url": "https://api.github.com/users/znithx",
            "html_url": "https://github.com/znithx",
            "followers_url": "https://api.github.com/users/znithx/followers",
            "following_url": "https://api.github.com/users/znithx/following{/other_user}",
            "gists_url": "https://api.github.com/users/znithx/gists{/gist_id}",
            "starred_url": "https://api.github.com/users/znithx/starred{/owner}{/repo}",
            "subscriptions_url": "https://api.github.com/users/znithx/subscriptions",
            "organizations_url": "https://api.github.com/users/znithx/orgs",
            "repos_url": "https://api.github.com/users/znithx/repos",
            "events_url": "https://api.github.com/users/znithx/events{/privacy}",
            "received_events_url": "https://api.github.com/users/znithx/received_events",
            "type": "User",
            "user_view_type": "public",
            "site_admin": false
        },
        "labels": [],
        "state": "open",
        "locked": false,
        "assignee": null,
        "assignees": [],
        "milestone": null,
        "comments": 0,
        "created_at": "2025-04-05T10:29:08Z",
        "updated_at": "2025-04-05T10:29:08Z",
        "closed_at": null,
        "author_association": "NONE",
        "type": null,
        "active_lock_reason": null,
        "sub_issues_summary": {
            "total": 0,
            "completed": 0,
            "percent_completed": 0
        },
        "body": "I want to know the parameter of train you set.\nIn the coco.yaml file you mentioned that:\n\nmodel:\n  name: pcme\n  embed_dim: 512  # 2048 origin\n  cnn_type: resnet50  # res152 origin\n  wemb_type: glove\n  word_dim: 300\n\nwhat means of 2048 origin ? I should use 512 or 2048 \uff08resnet50 or res152\uff1f\uff09 to reproduce your results\uff1f\n\nAnd in the main.py ,,the parameter of feature_dim should be 256 or 512(because you mentioned representation dimension is 512) \u3002\u3002\n    parser.add_argument('--batch_size', type=int, default=64, metavar='N',\n                        help='input batch size for training (default: 256)')\nthe batch_size should be 64 or 256 ?\n\nLooking forward to your reply. Thank you!",
        "closed_by": null,
        "reactions": {
            "url": "https://api.github.com/repos/FLAIR-THU/CreamFL/issues/17/reactions",
            "total_count": 0,
            "+1": 0,
            "-1": 0,
            "laugh": 0,
            "hooray": 0,
            "confused": 0,
            "heart": 0,
            "rocket": 0,
            "eyes": 0
        },
        "timeline_url": "https://api.github.com/repos/FLAIR-THU/CreamFL/issues/17/timeline",
        "performed_via_github_app": null,
        "state_reason": null
    },
    {
        "url": "https://api.github.com/repos/FLAIR-THU/CreamFL/issues/16",
        "repository_url": "https://api.github.com/repos/FLAIR-THU/CreamFL",
        "labels_url": "https://api.github.com/repos/FLAIR-THU/CreamFL/issues/16/labels{/name}",
        "comments_url": "https://api.github.com/repos/FLAIR-THU/CreamFL/issues/16/comments",
        "events_url": "https://api.github.com/repos/FLAIR-THU/CreamFL/issues/16/events",
        "html_url": "https://github.com/FLAIR-THU/CreamFL/issues/16",
        "id": 2957764465,
        "node_id": "I_kwDOJLNmJc6wS-dx",
        "number": 16,
        "title": "TypeError: 'Language' object is not subscriptable",
        "user": {
            "login": "xwcn1228",
            "id": 182052221,
            "node_id": "U_kgDOCtnlfQ",
            "avatar_url": "https://avatars.githubusercontent.com/u/182052221?v=4",
            "gravatar_id": "",
            "url": "https://api.github.com/users/xwcn1228",
            "html_url": "https://github.com/xwcn1228",
            "followers_url": "https://api.github.com/users/xwcn1228/followers",
            "following_url": "https://api.github.com/users/xwcn1228/following{/other_user}",
            "gists_url": "https://api.github.com/users/xwcn1228/gists{/gist_id}",
            "starred_url": "https://api.github.com/users/xwcn1228/starred{/owner}{/repo}",
            "subscriptions_url": "https://api.github.com/users/xwcn1228/subscriptions",
            "organizations_url": "https://api.github.com/users/xwcn1228/orgs",
            "repos_url": "https://api.github.com/users/xwcn1228/repos",
            "events_url": "https://api.github.com/users/xwcn1228/events{/privacy}",
            "received_events_url": "https://api.github.com/users/xwcn1228/received_events",
            "type": "User",
            "user_view_type": "public",
            "site_admin": false
        },
        "labels": [],
        "state": "open",
        "locked": false,
        "assignee": null,
        "assignees": [],
        "milestone": null,
        "comments": 0,
        "created_at": "2025-03-29T05:25:15Z",
        "updated_at": "2025-03-29T05:25:15Z",
        "closed_at": null,
        "author_association": "NONE",
        "type": null,
        "active_lock_reason": null,
        "sub_issues_summary": {
            "total": 0,
            "completed": 0,
            "percent_completed": 0
        },
        "body": "Traceback (most recent call last):\n  File \"src/main.py\", line 144, in <module>\n    Algo.train(round_n)\n  File \"/mnt/2T/wwy/CreamFL-main/src/algorithms/MMFL.py\", line 284, in train\n    trainer.run(self.global_img_feature, self.global_txt_feature, self.distill_index,\n  File \"/mnt/2T/wwy/CreamFL-main/./src/algorithms/ClientTrainer.py\", line 215, in run\n    self.tra(global_img_feature, global_txt_feature, distill_index, global_train_loader)\n  File \"/mnt/2T/wwy/CreamFL-main/./src/algorithms/ClientTrainer.py\", line 359, in tra\n    for i, data in enumerate(self.train_loader):\n  File \"/home/fyl/anaconda3/envs/creamfl/lib/python3.8/site-packages/torch/utils/data/dataloader.py\", line 681, in __next__\n    data = self._next_data()\n  File \"/home/fyl/anaconda3/envs/creamfl/lib/python3.8/site-packages/torch/utils/data/dataloader.py\", line 1376, in _next_data\n    return self._process_data(data)\n  File \"/home/fyl/anaconda3/envs/creamfl/lib/python3.8/site-packages/torch/utils/data/dataloader.py\", line 1402, in _process_data\n    data.reraise()\n  File \"/home/fyl/anaconda3/envs/creamfl/lib/python3.8/site-packages/torch/_utils.py\", line 461, in reraise\n    raise exception\nTypeError: Caught TypeError in DataLoader worker process 0.\nOriginal Traceback (most recent call last):\n  File \"/home/fyl/anaconda3/envs/creamfl/lib/python3.8/site-packages/torch/utils/data/_utils/worker.py\", line 302, in _worker_loop\n    data = fetcher.fetch(index)\n  File \"/home/fyl/anaconda3/envs/creamfl/lib/python3.8/site-packages/torch/utils/data/_utils/fetch.py\", line 49, in fetch\n    data = [self.dataset[idx] for idx in possibly_batched_index]\n  File \"/home/fyl/anaconda3/envs/creamfl/lib/python3.8/site-packages/torch/utils/data/_utils/fetch.py\", line 49, in <listcomp>\n    data = [self.dataset[idx] for idx in possibly_batched_index]\n  File \"/home/fyl/anaconda3/envs/creamfl/lib/python3.8/site-packages/torch/utils/data/dataset.py\", line 290, in __getitem__\n    return self.dataset[self.indices[idx]]\nTypeError: 'Language' object is not subscriptable",
        "closed_by": null,
        "reactions": {
            "url": "https://api.github.com/repos/FLAIR-THU/CreamFL/issues/16/reactions",
            "total_count": 0,
            "+1": 0,
            "-1": 0,
            "laugh": 0,
            "hooray": 0,
            "confused": 0,
            "heart": 0,
            "rocket": 0,
            "eyes": 0
        },
        "timeline_url": "https://api.github.com/repos/FLAIR-THU/CreamFL/issues/16/timeline",
        "performed_via_github_app": null,
        "state_reason": null
    },
    {
        "url": "https://api.github.com/repos/FLAIR-THU/CreamFL/issues/15",
        "repository_url": "https://api.github.com/repos/FLAIR-THU/CreamFL",
        "labels_url": "https://api.github.com/repos/FLAIR-THU/CreamFL/issues/15/labels{/name}",
        "comments_url": "https://api.github.com/repos/FLAIR-THU/CreamFL/issues/15/comments",
        "events_url": "https://api.github.com/repos/FLAIR-THU/CreamFL/issues/15/events",
        "html_url": "https://github.com/FLAIR-THU/CreamFL/issues/15",
        "id": 2922970030,
        "node_id": "I_kwDOJLNmJc6uOPuu",
        "number": 15,
        "title": "The setting of hyper-parameter \"n_samples_inference\" is 7 may incorrect?",
        "user": {
            "login": "betterAndTogether",
            "id": 12591063,
            "node_id": "MDQ6VXNlcjEyNTkxMDYz",
            "avatar_url": "https://avatars.githubusercontent.com/u/12591063?v=4",
            "gravatar_id": "",
            "url": "https://api.github.com/users/betterAndTogether",
            "html_url": "https://github.com/betterAndTogether",
            "followers_url": "https://api.github.com/users/betterAndTogether/followers",
            "following_url": "https://api.github.com/users/betterAndTogether/following{/other_user}",
            "gists_url": "https://api.github.com/users/betterAndTogether/gists{/gist_id}",
            "starred_url": "https://api.github.com/users/betterAndTogether/starred{/owner}{/repo}",
            "subscriptions_url": "https://api.github.com/users/betterAndTogether/subscriptions",
            "organizations_url": "https://api.github.com/users/betterAndTogether/orgs",
            "repos_url": "https://api.github.com/users/betterAndTogether/repos",
            "events_url": "https://api.github.com/users/betterAndTogether/events{/privacy}",
            "received_events_url": "https://api.github.com/users/betterAndTogether/received_events",
            "type": "User",
            "user_view_type": "public",
            "site_admin": false
        },
        "labels": [],
        "state": "open",
        "locked": false,
        "assignee": null,
        "assignees": [],
        "milestone": null,
        "comments": 0,
        "created_at": "2025-03-16T11:40:43Z",
        "updated_at": "2025-03-16T11:40:43Z",
        "closed_at": null,
        "author_association": "NONE",
        "type": null,
        "active_lock_reason": null,
        "sub_issues_summary": {
            "total": 0,
            "completed": 0,
            "percent_completed": 0
        },
        "body": "If the hyper-parameter is set as 7, the number of samples in the retrieval pool will be also increased 7 times. When the retrieval sample for R@1 (top1) is predicted wrongly, then the evaluation of R@5 is also predicted wrongly.  Is the evaluation method wrong? ",
        "closed_by": null,
        "reactions": {
            "url": "https://api.github.com/repos/FLAIR-THU/CreamFL/issues/15/reactions",
            "total_count": 0,
            "+1": 0,
            "-1": 0,
            "laugh": 0,
            "hooray": 0,
            "confused": 0,
            "heart": 0,
            "rocket": 0,
            "eyes": 0
        },
        "timeline_url": "https://api.github.com/repos/FLAIR-THU/CreamFL/issues/15/timeline",
        "performed_via_github_app": null,
        "state_reason": null
    },
    {
        "url": "https://api.github.com/repos/FLAIR-THU/CreamFL/issues/14",
        "repository_url": "https://api.github.com/repos/FLAIR-THU/CreamFL",
        "labels_url": "https://api.github.com/repos/FLAIR-THU/CreamFL/issues/14/labels{/name}",
        "comments_url": "https://api.github.com/repos/FLAIR-THU/CreamFL/issues/14/comments",
        "events_url": "https://api.github.com/repos/FLAIR-THU/CreamFL/issues/14/events",
        "html_url": "https://github.com/FLAIR-THU/CreamFL/issues/14",
        "id": 2909421732,
        "node_id": "I_kwDOJLNmJc6takCk",
        "number": 14,
        "title": "about VQA experiment",
        "user": {
            "login": "xiudian7",
            "id": 106907307,
            "node_id": "U_kgDOBl9Gqw",
            "avatar_url": "https://avatars.githubusercontent.com/u/106907307?v=4",
            "gravatar_id": "",
            "url": "https://api.github.com/users/xiudian7",
            "html_url": "https://github.com/xiudian7",
            "followers_url": "https://api.github.com/users/xiudian7/followers",
            "following_url": "https://api.github.com/users/xiudian7/following{/other_user}",
            "gists_url": "https://api.github.com/users/xiudian7/gists{/gist_id}",
            "starred_url": "https://api.github.com/users/xiudian7/starred{/owner}{/repo}",
            "subscriptions_url": "https://api.github.com/users/xiudian7/subscriptions",
            "organizations_url": "https://api.github.com/users/xiudian7/orgs",
            "repos_url": "https://api.github.com/users/xiudian7/repos",
            "events_url": "https://api.github.com/users/xiudian7/events{/privacy}",
            "received_events_url": "https://api.github.com/users/xiudian7/received_events",
            "type": "User",
            "user_view_type": "public",
            "site_admin": false
        },
        "labels": [],
        "state": "open",
        "locked": false,
        "assignee": null,
        "assignees": [],
        "milestone": null,
        "comments": 1,
        "created_at": "2025-03-11T07:20:54Z",
        "updated_at": "2025-03-17T04:51:21Z",
        "closed_at": null,
        "author_association": "NONE",
        "type": null,
        "active_lock_reason": null,
        "sub_issues_summary": {
            "total": 0,
            "completed": 0,
            "percent_completed": 0
        },
        "body": "Hi,I'd like to ask how to do VQA experiment, if it is convenient, can you provide the source code?",
        "closed_by": null,
        "reactions": {
            "url": "https://api.github.com/repos/FLAIR-THU/CreamFL/issues/14/reactions",
            "total_count": 1,
            "+1": 1,
            "-1": 0,
            "laugh": 0,
            "hooray": 0,
            "confused": 0,
            "heart": 0,
            "rocket": 0,
            "eyes": 0
        },
        "timeline_url": "https://api.github.com/repos/FLAIR-THU/CreamFL/issues/14/timeline",
        "performed_via_github_app": null,
        "state_reason": null
    },
    {
        "url": "https://api.github.com/repos/FLAIR-THU/CreamFL/issues/13",
        "repository_url": "https://api.github.com/repos/FLAIR-THU/CreamFL",
        "labels_url": "https://api.github.com/repos/FLAIR-THU/CreamFL/issues/13/labels{/name}",
        "comments_url": "https://api.github.com/repos/FLAIR-THU/CreamFL/issues/13/comments",
        "events_url": "https://api.github.com/repos/FLAIR-THU/CreamFL/issues/13/events",
        "html_url": "https://github.com/FLAIR-THU/CreamFL/issues/13",
        "id": 2829296593,
        "node_id": "I_kwDOJLNmJc6oo6PR",
        "number": 13,
        "title": "Discrepancy Between Paper and Code Implementation",
        "user": {
            "login": "hwan-sig",
            "id": 63348748,
            "node_id": "MDQ6VXNlcjYzMzQ4NzQ4",
            "avatar_url": "https://avatars.githubusercontent.com/u/63348748?v=4",
            "gravatar_id": "",
            "url": "https://api.github.com/users/hwan-sig",
            "html_url": "https://github.com/hwan-sig",
            "followers_url": "https://api.github.com/users/hwan-sig/followers",
            "following_url": "https://api.github.com/users/hwan-sig/following{/other_user}",
            "gists_url": "https://api.github.com/users/hwan-sig/gists{/gist_id}",
            "starred_url": "https://api.github.com/users/hwan-sig/starred{/owner}{/repo}",
            "subscriptions_url": "https://api.github.com/users/hwan-sig/subscriptions",
            "organizations_url": "https://api.github.com/users/hwan-sig/orgs",
            "repos_url": "https://api.github.com/users/hwan-sig/repos",
            "events_url": "https://api.github.com/users/hwan-sig/events{/privacy}",
            "received_events_url": "https://api.github.com/users/hwan-sig/received_events",
            "type": "User",
            "user_view_type": "public",
            "site_admin": false
        },
        "labels": [],
        "state": "open",
        "locked": false,
        "assignee": null,
        "assignees": [],
        "milestone": null,
        "comments": 0,
        "created_at": "2025-02-04T06:55:12Z",
        "updated_at": "2025-02-04T06:55:12Z",
        "closed_at": null,
        "author_association": "NONE",
        "type": null,
        "active_lock_reason": null,
        "sub_issues_summary": {
            "total": 0,
            "completed": 0,
            "percent_completed": 0
        },
        "body": "Hi,\n\nI noticed a difference between the algorithm described in the paper and the implementation in the codebase.\n\nThe paper adds the regularization term (calculated with global features) to the local training loss.\nHowever, the code introduces an additional training step using global features (contrast term) instead.\nCould you clarify whether this is an intended modification or if I might be missing something?\n\nThanks!",
        "closed_by": null,
        "reactions": {
            "url": "https://api.github.com/repos/FLAIR-THU/CreamFL/issues/13/reactions",
            "total_count": 0,
            "+1": 0,
            "-1": 0,
            "laugh": 0,
            "hooray": 0,
            "confused": 0,
            "heart": 0,
            "rocket": 0,
            "eyes": 0
        },
        "timeline_url": "https://api.github.com/repos/FLAIR-THU/CreamFL/issues/13/timeline",
        "performed_via_github_app": null,
        "state_reason": null
    },
    {
        "url": "https://api.github.com/repos/FLAIR-THU/CreamFL/issues/10",
        "repository_url": "https://api.github.com/repos/FLAIR-THU/CreamFL",
        "labels_url": "https://api.github.com/repos/FLAIR-THU/CreamFL/issues/10/labels{/name}",
        "comments_url": "https://api.github.com/repos/FLAIR-THU/CreamFL/issues/10/comments",
        "events_url": "https://api.github.com/repos/FLAIR-THU/CreamFL/issues/10/events",
        "html_url": "https://github.com/FLAIR-THU/CreamFL/issues/10",
        "id": 2623906884,
        "node_id": "I_kwDOJLNmJc6cZaRE",
        "number": 10,
        "title": "[Bug] Program crashes before finishing first epoch",
        "user": {
            "login": "JNR000",
            "id": 186780810,
            "node_id": "U_kgDOCyIMig",
            "avatar_url": "https://avatars.githubusercontent.com/u/186780810?v=4",
            "gravatar_id": "",
            "url": "https://api.github.com/users/JNR000",
            "html_url": "https://github.com/JNR000",
            "followers_url": "https://api.github.com/users/JNR000/followers",
            "following_url": "https://api.github.com/users/JNR000/following{/other_user}",
            "gists_url": "https://api.github.com/users/JNR000/gists{/gist_id}",
            "starred_url": "https://api.github.com/users/JNR000/starred{/owner}{/repo}",
            "subscriptions_url": "https://api.github.com/users/JNR000/subscriptions",
            "organizations_url": "https://api.github.com/users/JNR000/orgs",
            "repos_url": "https://api.github.com/users/JNR000/repos",
            "events_url": "https://api.github.com/users/JNR000/events{/privacy}",
            "received_events_url": "https://api.github.com/users/JNR000/received_events",
            "type": "User",
            "user_view_type": "public",
            "site_admin": false
        },
        "labels": [],
        "state": "closed",
        "locked": false,
        "assignee": null,
        "assignees": [],
        "milestone": null,
        "comments": 5,
        "created_at": "2024-10-30T12:11:39Z",
        "updated_at": "2025-03-10T01:12:23Z",
        "closed_at": "2024-12-25T08:01:12Z",
        "author_association": "CONTRIBUTOR",
        "type": null,
        "active_lock_reason": null,
        "sub_issues_summary": {
            "total": 0,
            "completed": 0,
            "percent_completed": 0
        },
        "body": "The process can be killed  on RTX 4090(24GB) or A800-80GB(80GB) GPUs in Linux before completing the first epoch using default parameters. This issue seems to be related to memory management when appending large tensors to lists.\r\n\r\n## Steps to reproduce the bug:\r\n```\r\ngit clone  https://github.com/FLAIR-THU/CreamFL.git  \r\npython src/main.py --name CreamFL --server_lr 1e-5 --agg_method con_w --contrast_local_inter --contrast_local_intra --interintra_weight 0.5 --feature_dim 64\r\n```\r\n\r\n## Problem location: \r\nIn the aggregation method (line 298-324 of `CreamFL/src/algorithms/MMFL.py`), excessive memory is used when appending large vectors to a list.\r\n\r\n\r\n\r\n##  Solution: \r\nReplace the aggregation method from line 298 to line 324 with the following code:\r\n```\r\n        def aggregation(i_vec=img_vec, t_vec=txt_vec, i_num=img_num, t_num=txt_num):\r\n            if self.args.agg_method == \"con_w\":\r\n                if i_vec:\r\n                    num_i_vec=len(i_vec)\r\n                    contrastive_w = torch.zeros(num_i_vec, 50000)\r\n                    for i_idx,vec in enumerate(i_vec):  # vec: [50000, n_feature], global_txt_feature: [50000, n_feature]\r\n                        logits = torch.matmul(vec, self.global_txt_feature.T)  # [50000, 50000]\r\n                        exp_logits = torch.exp(logits)\r\n                        log_prob = logits - torch.log(torch.sum(exp_logits, dim=1, keepdim=True))\r\n                        contrastive_w[i_idx]=torch.diagonal(log_prob).reshape(-1)\r\n                        del logits, exp_logits, log_prob\r\n                        torch.cuda.empty_cache()\r\n                        gc.collect()\r\n                    contrastive_w[:num_i_vec] = torch.softmax(contrastive_w[:num_i_vec], dim=0)\r\n                    for i in range(len(i_vec)):\r\n                        i_vec[i] = (i_vec[i] * contrastive_w[i].reshape(-1, 1)).unsqueeze(0)\r\n                    i_vec = torch.sum(torch.cat(i_vec, dim=0), dim=0)  \r\n                \r\n                \r\n                if t_vec:\r\n                    num_t_vec=len(t_vec)\r\n                    contrastive_w = torch.zeros(num_t_vec, 50000)\r\n                    for t_idx,vec in enumerate(t_vec):  # vec: [50000, n_feature], global_txt_feature: [50000, n_feature]          \r\n                        logits = torch.matmul(vec, self.global_img_feature.T)  # [50000, 50000]\r\n                        exp_logits = torch.exp(logits)\r\n                        log_prob = logits - torch.log(torch.sum(exp_logits, dim=1, keepdim=True))\r\n                        contrastive_w[t_idx]=torch.diagonal(log_prob).reshape(-1)\r\n                        del logits, exp_logits, log_prob\r\n                        torch.cuda.empty_cache()\r\n                        gc.collect()\r\n                    contrastive_w[:num_t_vec] = torch.softmax(contrastive_w[:num_t_vec], dim=0)\r\n                    for i in range(len(t_vec)):\r\n                        t_vec[i] = (t_vec[i] * contrastive_w[i].reshape(-1, 1)).unsqueeze(0)\r\n                    t_vec = torch.sum(torch.cat(t_vec, dim=0), dim=0)  # aggregated text vectors\r\n            else:\r\n                raise NotImplementedError\r\n\r\n            return i_vec, t_vec\r\n```\r\nIn this code, `contrastive_w` is initialized as a fixed-size tensor instead of an empty list, allowing for replacing values rather than appending.\r\nAdditionally, adding checks `if i_vec:` and `if t_vec:`  prevents errors when all current clients are either image clients or text clients, which often occurs when `--client_num_per_round` is set to a small value.\r\n\r\nAfter the fix, the program runs successfully on RTX 4090 and A800, taking about an hour to train an epoch.",
        "closed_by": {
            "login": "JNR000",
            "id": 186780810,
            "node_id": "U_kgDOCyIMig",
            "avatar_url": "https://avatars.githubusercontent.com/u/186780810?v=4",
            "gravatar_id": "",
            "url": "https://api.github.com/users/JNR000",
            "html_url": "https://github.com/JNR000",
            "followers_url": "https://api.github.com/users/JNR000/followers",
            "following_url": "https://api.github.com/users/JNR000/following{/other_user}",
            "gists_url": "https://api.github.com/users/JNR000/gists{/gist_id}",
            "starred_url": "https://api.github.com/users/JNR000/starred{/owner}{/repo}",
            "subscriptions_url": "https://api.github.com/users/JNR000/subscriptions",
            "organizations_url": "https://api.github.com/users/JNR000/orgs",
            "repos_url": "https://api.github.com/users/JNR000/repos",
            "events_url": "https://api.github.com/users/JNR000/events{/privacy}",
            "received_events_url": "https://api.github.com/users/JNR000/received_events",
            "type": "User",
            "user_view_type": "public",
            "site_admin": false
        },
        "reactions": {
            "url": "https://api.github.com/repos/FLAIR-THU/CreamFL/issues/10/reactions",
            "total_count": 0,
            "+1": 0,
            "-1": 0,
            "laugh": 0,
            "hooray": 0,
            "confused": 0,
            "heart": 0,
            "rocket": 0,
            "eyes": 0
        },
        "timeline_url": "https://api.github.com/repos/FLAIR-THU/CreamFL/issues/10/timeline",
        "performed_via_github_app": null,
        "state_reason": "completed"
    },
    {
        "url": "https://api.github.com/repos/FLAIR-THU/CreamFL/issues/8",
        "repository_url": "https://api.github.com/repos/FLAIR-THU/CreamFL",
        "labels_url": "https://api.github.com/repos/FLAIR-THU/CreamFL/issues/8/labels{/name}",
        "comments_url": "https://api.github.com/repos/FLAIR-THU/CreamFL/issues/8/comments",
        "events_url": "https://api.github.com/repos/FLAIR-THU/CreamFL/issues/8/events",
        "html_url": "https://github.com/FLAIR-THU/CreamFL/issues/8",
        "id": 2421855876,
        "node_id": "I_kwDOJLNmJc6QWpaE",
        "number": 8,
        "title": "OnDiskCache Exception",
        "user": {
            "login": "southamptonzeng",
            "id": 25925191,
            "node_id": "MDQ6VXNlcjI1OTI1MTkx",
            "avatar_url": "https://avatars.githubusercontent.com/u/25925191?v=4",
            "gravatar_id": "",
            "url": "https://api.github.com/users/southamptonzeng",
            "html_url": "https://github.com/southamptonzeng",
            "followers_url": "https://api.github.com/users/southamptonzeng/followers",
            "following_url": "https://api.github.com/users/southamptonzeng/following{/other_user}",
            "gists_url": "https://api.github.com/users/southamptonzeng/gists{/gist_id}",
            "starred_url": "https://api.github.com/users/southamptonzeng/starred{/owner}{/repo}",
            "subscriptions_url": "https://api.github.com/users/southamptonzeng/subscriptions",
            "organizations_url": "https://api.github.com/users/southamptonzeng/orgs",
            "repos_url": "https://api.github.com/users/southamptonzeng/repos",
            "events_url": "https://api.github.com/users/southamptonzeng/events{/privacy}",
            "received_events_url": "https://api.github.com/users/southamptonzeng/received_events",
            "type": "User",
            "user_view_type": "public",
            "site_admin": false
        },
        "labels": [],
        "state": "closed",
        "locked": false,
        "assignee": null,
        "assignees": [],
        "milestone": null,
        "comments": 1,
        "created_at": "2024-07-22T03:54:05Z",
        "updated_at": "2024-07-22T04:08:36Z",
        "closed_at": "2024-07-22T04:08:36Z",
        "author_association": "NONE",
        "type": null,
        "active_lock_reason": null,
        "sub_issues_summary": {
            "total": 0,
            "completed": 0,
            "percent_completed": 0
        },
        "body": "Exception: OnDiskCache Exception: /home/worker1/data/datasets/AG_NEWS/test.csv expected to be written by different process, but file is not ready in 300 seconds. This exception is thrown by __iter__ of MapperIterDataPipe(datapipe=UnBatcherIterDataPipe, fn=functools.partial(<function _wait_promise_fn at 0x7f04d16984c0>, 300), input_col=None, output_col=None)\r\n\r\nI do not know if you guys have met this weird problem or not.",
        "closed_by": {
            "login": "southamptonzeng",
            "id": 25925191,
            "node_id": "MDQ6VXNlcjI1OTI1MTkx",
            "avatar_url": "https://avatars.githubusercontent.com/u/25925191?v=4",
            "gravatar_id": "",
            "url": "https://api.github.com/users/southamptonzeng",
            "html_url": "https://github.com/southamptonzeng",
            "followers_url": "https://api.github.com/users/southamptonzeng/followers",
            "following_url": "https://api.github.com/users/southamptonzeng/following{/other_user}",
            "gists_url": "https://api.github.com/users/southamptonzeng/gists{/gist_id}",
            "starred_url": "https://api.github.com/users/southamptonzeng/starred{/owner}{/repo}",
            "subscriptions_url": "https://api.github.com/users/southamptonzeng/subscriptions",
            "organizations_url": "https://api.github.com/users/southamptonzeng/orgs",
            "repos_url": "https://api.github.com/users/southamptonzeng/repos",
            "events_url": "https://api.github.com/users/southamptonzeng/events{/privacy}",
            "received_events_url": "https://api.github.com/users/southamptonzeng/received_events",
            "type": "User",
            "user_view_type": "public",
            "site_admin": false
        },
        "reactions": {
            "url": "https://api.github.com/repos/FLAIR-THU/CreamFL/issues/8/reactions",
            "total_count": 0,
            "+1": 0,
            "-1": 0,
            "laugh": 0,
            "hooray": 0,
            "confused": 0,
            "heart": 0,
            "rocket": 0,
            "eyes": 0
        },
        "timeline_url": "https://api.github.com/repos/FLAIR-THU/CreamFL/issues/8/timeline",
        "performed_via_github_app": null,
        "state_reason": "completed"
    },
    {
        "url": "https://api.github.com/repos/FLAIR-THU/CreamFL/issues/7",
        "repository_url": "https://api.github.com/repos/FLAIR-THU/CreamFL",
        "labels_url": "https://api.github.com/repos/FLAIR-THU/CreamFL/issues/7/labels{/name}",
        "comments_url": "https://api.github.com/repos/FLAIR-THU/CreamFL/issues/7/comments",
        "events_url": "https://api.github.com/repos/FLAIR-THU/CreamFL/issues/7/events",
        "html_url": "https://github.com/FLAIR-THU/CreamFL/issues/7",
        "id": 2242093131,
        "node_id": "I_kwDOJLNmJc6Fo6BL",
        "number": 7,
        "title": "public dataset for clients",
        "user": {
            "login": "down-street",
            "id": 115679639,
            "node_id": "U_kgDOBuUhlw",
            "avatar_url": "https://avatars.githubusercontent.com/u/115679639?v=4",
            "gravatar_id": "",
            "url": "https://api.github.com/users/down-street",
            "html_url": "https://github.com/down-street",
            "followers_url": "https://api.github.com/users/down-street/followers",
            "following_url": "https://api.github.com/users/down-street/following{/other_user}",
            "gists_url": "https://api.github.com/users/down-street/gists{/gist_id}",
            "starred_url": "https://api.github.com/users/down-street/starred{/owner}{/repo}",
            "subscriptions_url": "https://api.github.com/users/down-street/subscriptions",
            "organizations_url": "https://api.github.com/users/down-street/orgs",
            "repos_url": "https://api.github.com/users/down-street/repos",
            "events_url": "https://api.github.com/users/down-street/events{/privacy}",
            "received_events_url": "https://api.github.com/users/down-street/received_events",
            "type": "User",
            "user_view_type": "public",
            "site_admin": false
        },
        "labels": [],
        "state": "open",
        "locked": false,
        "assignee": null,
        "assignees": [],
        "milestone": null,
        "comments": 1,
        "created_at": "2024-04-14T10:43:31Z",
        "updated_at": "2024-05-17T09:02:59Z",
        "closed_at": null,
        "author_association": "NONE",
        "type": null,
        "active_lock_reason": null,
        "sub_issues_summary": {
            "total": 0,
            "completed": 0,
            "percent_completed": 0
        },
        "body": "Hello,I'd like to ask whether each client needs to access raw image and/or text and generate representations in each round to conduct inter and intra contrastive method.Thanks in advance.",
        "closed_by": null,
        "reactions": {
            "url": "https://api.github.com/repos/FLAIR-THU/CreamFL/issues/7/reactions",
            "total_count": 0,
            "+1": 0,
            "-1": 0,
            "laugh": 0,
            "hooray": 0,
            "confused": 0,
            "heart": 0,
            "rocket": 0,
            "eyes": 0
        },
        "timeline_url": "https://api.github.com/repos/FLAIR-THU/CreamFL/issues/7/timeline",
        "performed_via_github_app": null,
        "state_reason": null
    },
    {
        "url": "https://api.github.com/repos/FLAIR-THU/CreamFL/issues/6",
        "repository_url": "https://api.github.com/repos/FLAIR-THU/CreamFL",
        "labels_url": "https://api.github.com/repos/FLAIR-THU/CreamFL/issues/6/labels{/name}",
        "comments_url": "https://api.github.com/repos/FLAIR-THU/CreamFL/issues/6/comments",
        "events_url": "https://api.github.com/repos/FLAIR-THU/CreamFL/issues/6/events",
        "html_url": "https://github.com/FLAIR-THU/CreamFL/issues/6",
        "id": 1894208369,
        "node_id": "I_kwDOJLNmJc5w51Nx",
        "number": 6,
        "title": "Local performance",
        "user": {
            "login": "SilviaGrosso",
            "id": 95299916,
            "node_id": "U_kgDOBa4pTA",
            "avatar_url": "https://avatars.githubusercontent.com/u/95299916?v=4",
            "gravatar_id": "",
            "url": "https://api.github.com/users/SilviaGrosso",
            "html_url": "https://github.com/SilviaGrosso",
            "followers_url": "https://api.github.com/users/SilviaGrosso/followers",
            "following_url": "https://api.github.com/users/SilviaGrosso/following{/other_user}",
            "gists_url": "https://api.github.com/users/SilviaGrosso/gists{/gist_id}",
            "starred_url": "https://api.github.com/users/SilviaGrosso/starred{/owner}{/repo}",
            "subscriptions_url": "https://api.github.com/users/SilviaGrosso/subscriptions",
            "organizations_url": "https://api.github.com/users/SilviaGrosso/orgs",
            "repos_url": "https://api.github.com/users/SilviaGrosso/repos",
            "events_url": "https://api.github.com/users/SilviaGrosso/events{/privacy}",
            "received_events_url": "https://api.github.com/users/SilviaGrosso/received_events",
            "type": "User",
            "user_view_type": "public",
            "site_admin": false
        },
        "labels": [],
        "state": "open",
        "locked": false,
        "assignee": null,
        "assignees": [],
        "milestone": null,
        "comments": 1,
        "created_at": "2023-09-13T10:14:10Z",
        "updated_at": "2023-09-21T09:49:39Z",
        "closed_at": null,
        "author_association": "NONE",
        "type": null,
        "active_lock_reason": null,
        "sub_issues_summary": {
            "total": 0,
            "completed": 0,
            "percent_completed": 0
        },
        "body": "Did you try to enhance the performance on the local-side in your experiments?\r\n\r\nI'm trying many different sets of lr, lr scheduler, optimizer, batch size with different data partitions.... nothing seams to increase the local metrics. ",
        "closed_by": null,
        "reactions": {
            "url": "https://api.github.com/repos/FLAIR-THU/CreamFL/issues/6/reactions",
            "total_count": 0,
            "+1": 0,
            "-1": 0,
            "laugh": 0,
            "hooray": 0,
            "confused": 0,
            "heart": 0,
            "rocket": 0,
            "eyes": 0
        },
        "timeline_url": "https://api.github.com/repos/FLAIR-THU/CreamFL/issues/6/timeline",
        "performed_via_github_app": null,
        "state_reason": null
    },
    {
        "url": "https://api.github.com/repos/FLAIR-THU/CreamFL/issues/5",
        "repository_url": "https://api.github.com/repos/FLAIR-THU/CreamFL",
        "labels_url": "https://api.github.com/repos/FLAIR-THU/CreamFL/issues/5/labels{/name}",
        "comments_url": "https://api.github.com/repos/FLAIR-THU/CreamFL/issues/5/comments",
        "events_url": "https://api.github.com/repos/FLAIR-THU/CreamFL/issues/5/events",
        "html_url": "https://github.com/FLAIR-THU/CreamFL/issues/5",
        "id": 1885508034,
        "node_id": "I_kwDOJLNmJc5wYpHC",
        "number": 5,
        "title": "FedAvg extension to multimodal scenario",
        "user": {
            "login": "SilviaGrosso",
            "id": 95299916,
            "node_id": "U_kgDOBa4pTA",
            "avatar_url": "https://avatars.githubusercontent.com/u/95299916?v=4",
            "gravatar_id": "",
            "url": "https://api.github.com/users/SilviaGrosso",
            "html_url": "https://github.com/SilviaGrosso",
            "followers_url": "https://api.github.com/users/SilviaGrosso/followers",
            "following_url": "https://api.github.com/users/SilviaGrosso/following{/other_user}",
            "gists_url": "https://api.github.com/users/SilviaGrosso/gists{/gist_id}",
            "starred_url": "https://api.github.com/users/SilviaGrosso/starred{/owner}{/repo}",
            "subscriptions_url": "https://api.github.com/users/SilviaGrosso/subscriptions",
            "organizations_url": "https://api.github.com/users/SilviaGrosso/orgs",
            "repos_url": "https://api.github.com/users/SilviaGrosso/repos",
            "events_url": "https://api.github.com/users/SilviaGrosso/events{/privacy}",
            "received_events_url": "https://api.github.com/users/SilviaGrosso/received_events",
            "type": "User",
            "user_view_type": "public",
            "site_admin": false
        },
        "labels": [],
        "state": "open",
        "locked": false,
        "assignee": {
            "login": "yqy2001",
            "id": 55196500,
            "node_id": "MDQ6VXNlcjU1MTk2NTAw",
            "avatar_url": "https://avatars.githubusercontent.com/u/55196500?v=4",
            "gravatar_id": "",
            "url": "https://api.github.com/users/yqy2001",
            "html_url": "https://github.com/yqy2001",
            "followers_url": "https://api.github.com/users/yqy2001/followers",
            "following_url": "https://api.github.com/users/yqy2001/following{/other_user}",
            "gists_url": "https://api.github.com/users/yqy2001/gists{/gist_id}",
            "starred_url": "https://api.github.com/users/yqy2001/starred{/owner}{/repo}",
            "subscriptions_url": "https://api.github.com/users/yqy2001/subscriptions",
            "organizations_url": "https://api.github.com/users/yqy2001/orgs",
            "repos_url": "https://api.github.com/users/yqy2001/repos",
            "events_url": "https://api.github.com/users/yqy2001/events{/privacy}",
            "received_events_url": "https://api.github.com/users/yqy2001/received_events",
            "type": "User",
            "user_view_type": "public",
            "site_admin": false
        },
        "assignees": [
            {
                "login": "yqy2001",
                "id": 55196500,
                "node_id": "MDQ6VXNlcjU1MTk2NTAw",
                "avatar_url": "https://avatars.githubusercontent.com/u/55196500?v=4",
                "gravatar_id": "",
                "url": "https://api.github.com/users/yqy2001",
                "html_url": "https://github.com/yqy2001",
                "followers_url": "https://api.github.com/users/yqy2001/followers",
                "following_url": "https://api.github.com/users/yqy2001/following{/other_user}",
                "gists_url": "https://api.github.com/users/yqy2001/gists{/gist_id}",
                "starred_url": "https://api.github.com/users/yqy2001/starred{/owner}{/repo}",
                "subscriptions_url": "https://api.github.com/users/yqy2001/subscriptions",
                "organizations_url": "https://api.github.com/users/yqy2001/orgs",
                "repos_url": "https://api.github.com/users/yqy2001/repos",
                "events_url": "https://api.github.com/users/yqy2001/events{/privacy}",
                "received_events_url": "https://api.github.com/users/yqy2001/received_events",
                "type": "User",
                "user_view_type": "public",
                "site_admin": false
            }
        ],
        "milestone": null,
        "comments": 0,
        "created_at": "2023-09-07T09:37:41Z",
        "updated_at": "2023-09-11T02:50:37Z",
        "closed_at": null,
        "author_association": "NONE",
        "type": null,
        "active_lock_reason": null,
        "sub_issues_summary": {
            "total": 0,
            "completed": 0,
            "percent_completed": 0
        },
        "body": "Hi!\r\nCould you tell me how exactly you implemented FedAvg algorithm in the CreamFL framework?\r\nThank you in advance",
        "closed_by": null,
        "reactions": {
            "url": "https://api.github.com/repos/FLAIR-THU/CreamFL/issues/5/reactions",
            "total_count": 0,
            "+1": 0,
            "-1": 0,
            "laugh": 0,
            "hooray": 0,
            "confused": 0,
            "heart": 0,
            "rocket": 0,
            "eyes": 0
        },
        "timeline_url": "https://api.github.com/repos/FLAIR-THU/CreamFL/issues/5/timeline",
        "performed_via_github_app": null,
        "state_reason": null
    },
    {
        "url": "https://api.github.com/repos/FLAIR-THU/CreamFL/issues/4",
        "repository_url": "https://api.github.com/repos/FLAIR-THU/CreamFL",
        "labels_url": "https://api.github.com/repos/FLAIR-THU/CreamFL/issues/4/labels{/name}",
        "comments_url": "https://api.github.com/repos/FLAIR-THU/CreamFL/issues/4/comments",
        "events_url": "https://api.github.com/repos/FLAIR-THU/CreamFL/issues/4/events",
        "html_url": "https://github.com/FLAIR-THU/CreamFL/issues/4",
        "id": 1881854509,
        "node_id": "I_kwDOJLNmJc5wKtIt",
        "number": 4,
        "title": "Time-Consuming Framework",
        "user": {
            "login": "SilviaGrosso",
            "id": 95299916,
            "node_id": "U_kgDOBa4pTA",
            "avatar_url": "https://avatars.githubusercontent.com/u/95299916?v=4",
            "gravatar_id": "",
            "url": "https://api.github.com/users/SilviaGrosso",
            "html_url": "https://github.com/SilviaGrosso",
            "followers_url": "https://api.github.com/users/SilviaGrosso/followers",
            "following_url": "https://api.github.com/users/SilviaGrosso/following{/other_user}",
            "gists_url": "https://api.github.com/users/SilviaGrosso/gists{/gist_id}",
            "starred_url": "https://api.github.com/users/SilviaGrosso/starred{/owner}{/repo}",
            "subscriptions_url": "https://api.github.com/users/SilviaGrosso/subscriptions",
            "organizations_url": "https://api.github.com/users/SilviaGrosso/orgs",
            "repos_url": "https://api.github.com/users/SilviaGrosso/repos",
            "events_url": "https://api.github.com/users/SilviaGrosso/events{/privacy}",
            "received_events_url": "https://api.github.com/users/SilviaGrosso/received_events",
            "type": "User",
            "user_view_type": "public",
            "site_admin": false
        },
        "labels": [],
        "state": "closed",
        "locked": false,
        "assignee": null,
        "assignees": [],
        "milestone": null,
        "comments": 0,
        "created_at": "2023-09-05T12:13:09Z",
        "updated_at": "2023-09-05T14:43:07Z",
        "closed_at": "2023-09-05T14:43:07Z",
        "author_association": "NONE",
        "type": null,
        "active_lock_reason": null,
        "sub_issues_summary": {
            "total": 0,
            "completed": 0,
            "percent_completed": 0
        },
        "body": "I am working with 1 GPU, type NVIDIA A40.\r\nI tried to lighten the _CreamFL_ framework, first of all by reducing the **dimension** of the **representations** to **32** and the **number** of **public data** to **10k**.\r\nThen I also replaced cifar100 with the simpler cifar10 dataset and replaced all architectures with simpler models:\r\n\r\n- resnet18 and 'not_bert' setting at the server;\r\n- resnet10 and GRU for local clients.\r\n\r\nDespite all these changes each round still takes **48 minutes** and, of course, metrics values are incredibly low.\r\nAlso, the convergence of the metrics requires several rounds and is therefore still too time consuming: it makes further experiments impossible.\r\n\r\nWhat else do you recommend doing to lighten each round and be able to reach a stable state of metrics in a reasonable time?\r\nThanks in advance",
        "closed_by": {
            "login": "SilviaGrosso",
            "id": 95299916,
            "node_id": "U_kgDOBa4pTA",
            "avatar_url": "https://avatars.githubusercontent.com/u/95299916?v=4",
            "gravatar_id": "",
            "url": "https://api.github.com/users/SilviaGrosso",
            "html_url": "https://github.com/SilviaGrosso",
            "followers_url": "https://api.github.com/users/SilviaGrosso/followers",
            "following_url": "https://api.github.com/users/SilviaGrosso/following{/other_user}",
            "gists_url": "https://api.github.com/users/SilviaGrosso/gists{/gist_id}",
            "starred_url": "https://api.github.com/users/SilviaGrosso/starred{/owner}{/repo}",
            "subscriptions_url": "https://api.github.com/users/SilviaGrosso/subscriptions",
            "organizations_url": "https://api.github.com/users/SilviaGrosso/orgs",
            "repos_url": "https://api.github.com/users/SilviaGrosso/repos",
            "events_url": "https://api.github.com/users/SilviaGrosso/events{/privacy}",
            "received_events_url": "https://api.github.com/users/SilviaGrosso/received_events",
            "type": "User",
            "user_view_type": "public",
            "site_admin": false
        },
        "reactions": {
            "url": "https://api.github.com/repos/FLAIR-THU/CreamFL/issues/4/reactions",
            "total_count": 0,
            "+1": 0,
            "-1": 0,
            "laugh": 0,
            "hooray": 0,
            "confused": 0,
            "heart": 0,
            "rocket": 0,
            "eyes": 0
        },
        "timeline_url": "https://api.github.com/repos/FLAIR-THU/CreamFL/issues/4/timeline",
        "performed_via_github_app": null,
        "state_reason": "completed"
    },
    {
        "url": "https://api.github.com/repos/FLAIR-THU/CreamFL/issues/3",
        "repository_url": "https://api.github.com/repos/FLAIR-THU/CreamFL",
        "labels_url": "https://api.github.com/repos/FLAIR-THU/CreamFL/issues/3/labels{/name}",
        "comments_url": "https://api.github.com/repos/FLAIR-THU/CreamFL/issues/3/comments",
        "events_url": "https://api.github.com/repos/FLAIR-THU/CreamFL/issues/3/events",
        "html_url": "https://github.com/FLAIR-THU/CreamFL/issues/3",
        "id": 1838621402,
        "node_id": "I_kwDOJLNmJc5tlyLa",
        "number": 3,
        "title": "System Requirements",
        "user": {
            "login": "momin-ahmad-khan",
            "id": 91348843,
            "node_id": "MDQ6VXNlcjkxMzQ4ODQz",
            "avatar_url": "https://avatars.githubusercontent.com/u/91348843?v=4",
            "gravatar_id": "",
            "url": "https://api.github.com/users/momin-ahmad-khan",
            "html_url": "https://github.com/momin-ahmad-khan",
            "followers_url": "https://api.github.com/users/momin-ahmad-khan/followers",
            "following_url": "https://api.github.com/users/momin-ahmad-khan/following{/other_user}",
            "gists_url": "https://api.github.com/users/momin-ahmad-khan/gists{/gist_id}",
            "starred_url": "https://api.github.com/users/momin-ahmad-khan/starred{/owner}{/repo}",
            "subscriptions_url": "https://api.github.com/users/momin-ahmad-khan/subscriptions",
            "organizations_url": "https://api.github.com/users/momin-ahmad-khan/orgs",
            "repos_url": "https://api.github.com/users/momin-ahmad-khan/repos",
            "events_url": "https://api.github.com/users/momin-ahmad-khan/events{/privacy}",
            "received_events_url": "https://api.github.com/users/momin-ahmad-khan/received_events",
            "type": "User",
            "user_view_type": "public",
            "site_admin": false
        },
        "labels": [],
        "state": "closed",
        "locked": false,
        "assignee": null,
        "assignees": [],
        "milestone": null,
        "comments": 2,
        "created_at": "2023-08-07T03:47:02Z",
        "updated_at": "2023-09-12T17:40:52Z",
        "closed_at": "2023-09-12T17:40:52Z",
        "author_association": "NONE",
        "type": null,
        "active_lock_reason": null,
        "sub_issues_summary": {
            "total": 0,
            "completed": 0,
            "percent_completed": 0
        },
        "body": "Hi, could you tell me what are the system requirements for this code. Number of gpus, and memory of each gpu. Also, what was the average training time for the experiments. \r\nI am trying to run this on a 12GB gpu but it runs out of memory.\r\nThanks.",
        "closed_by": {
            "login": "momin-ahmad-khan",
            "id": 91348843,
            "node_id": "MDQ6VXNlcjkxMzQ4ODQz",
            "avatar_url": "https://avatars.githubusercontent.com/u/91348843?v=4",
            "gravatar_id": "",
            "url": "https://api.github.com/users/momin-ahmad-khan",
            "html_url": "https://github.com/momin-ahmad-khan",
            "followers_url": "https://api.github.com/users/momin-ahmad-khan/followers",
            "following_url": "https://api.github.com/users/momin-ahmad-khan/following{/other_user}",
            "gists_url": "https://api.github.com/users/momin-ahmad-khan/gists{/gist_id}",
            "starred_url": "https://api.github.com/users/momin-ahmad-khan/starred{/owner}{/repo}",
            "subscriptions_url": "https://api.github.com/users/momin-ahmad-khan/subscriptions",
            "organizations_url": "https://api.github.com/users/momin-ahmad-khan/orgs",
            "repos_url": "https://api.github.com/users/momin-ahmad-khan/repos",
            "events_url": "https://api.github.com/users/momin-ahmad-khan/events{/privacy}",
            "received_events_url": "https://api.github.com/users/momin-ahmad-khan/received_events",
            "type": "User",
            "user_view_type": "public",
            "site_admin": false
        },
        "reactions": {
            "url": "https://api.github.com/repos/FLAIR-THU/CreamFL/issues/3/reactions",
            "total_count": 0,
            "+1": 0,
            "-1": 0,
            "laugh": 0,
            "hooray": 0,
            "confused": 0,
            "heart": 0,
            "rocket": 0,
            "eyes": 0
        },
        "timeline_url": "https://api.github.com/repos/FLAIR-THU/CreamFL/issues/3/timeline",
        "performed_via_github_app": null,
        "state_reason": "completed"
    },
    {
        "url": "https://api.github.com/repos/FLAIR-THU/CreamFL/issues/2",
        "repository_url": "https://api.github.com/repos/FLAIR-THU/CreamFL",
        "labels_url": "https://api.github.com/repos/FLAIR-THU/CreamFL/issues/2/labels{/name}",
        "comments_url": "https://api.github.com/repos/FLAIR-THU/CreamFL/issues/2/comments",
        "events_url": "https://api.github.com/repos/FLAIR-THU/CreamFL/issues/2/events",
        "html_url": "https://github.com/FLAIR-THU/CreamFL/issues/2",
        "id": 1803241290,
        "node_id": "I_kwDOJLNmJc5re0dK",
        "number": 2,
        "title": "Regarding Local Training Confusion.",
        "user": {
            "login": "Salamander321",
            "id": 34837784,
            "node_id": "MDQ6VXNlcjM0ODM3Nzg0",
            "avatar_url": "https://avatars.githubusercontent.com/u/34837784?v=4",
            "gravatar_id": "",
            "url": "https://api.github.com/users/Salamander321",
            "html_url": "https://github.com/Salamander321",
            "followers_url": "https://api.github.com/users/Salamander321/followers",
            "following_url": "https://api.github.com/users/Salamander321/following{/other_user}",
            "gists_url": "https://api.github.com/users/Salamander321/gists{/gist_id}",
            "starred_url": "https://api.github.com/users/Salamander321/starred{/owner}{/repo}",
            "subscriptions_url": "https://api.github.com/users/Salamander321/subscriptions",
            "organizations_url": "https://api.github.com/users/Salamander321/orgs",
            "repos_url": "https://api.github.com/users/Salamander321/repos",
            "events_url": "https://api.github.com/users/Salamander321/events{/privacy}",
            "received_events_url": "https://api.github.com/users/Salamander321/received_events",
            "type": "User",
            "user_view_type": "public",
            "site_admin": false
        },
        "labels": [],
        "state": "closed",
        "locked": false,
        "assignee": null,
        "assignees": [],
        "milestone": null,
        "comments": 0,
        "created_at": "2023-07-13T15:12:08Z",
        "updated_at": "2023-07-15T16:26:36Z",
        "closed_at": "2023-07-15T16:26:36Z",
        "author_association": "NONE",
        "type": null,
        "active_lock_reason": null,
        "sub_issues_summary": {
            "total": 0,
            "completed": 0,
            "percent_completed": 0
        },
        "body": null,
        "closed_by": {
            "login": "Salamander321",
            "id": 34837784,
            "node_id": "MDQ6VXNlcjM0ODM3Nzg0",
            "avatar_url": "https://avatars.githubusercontent.com/u/34837784?v=4",
            "gravatar_id": "",
            "url": "https://api.github.com/users/Salamander321",
            "html_url": "https://github.com/Salamander321",
            "followers_url": "https://api.github.com/users/Salamander321/followers",
            "following_url": "https://api.github.com/users/Salamander321/following{/other_user}",
            "gists_url": "https://api.github.com/users/Salamander321/gists{/gist_id}",
            "starred_url": "https://api.github.com/users/Salamander321/starred{/owner}{/repo}",
            "subscriptions_url": "https://api.github.com/users/Salamander321/subscriptions",
            "organizations_url": "https://api.github.com/users/Salamander321/orgs",
            "repos_url": "https://api.github.com/users/Salamander321/repos",
            "events_url": "https://api.github.com/users/Salamander321/events{/privacy}",
            "received_events_url": "https://api.github.com/users/Salamander321/received_events",
            "type": "User",
            "user_view_type": "public",
            "site_admin": false
        },
        "reactions": {
            "url": "https://api.github.com/repos/FLAIR-THU/CreamFL/issues/2/reactions",
            "total_count": 0,
            "+1": 0,
            "-1": 0,
            "laugh": 0,
            "hooray": 0,
            "confused": 0,
            "heart": 0,
            "rocket": 0,
            "eyes": 0
        },
        "timeline_url": "https://api.github.com/repos/FLAIR-THU/CreamFL/issues/2/timeline",
        "performed_via_github_app": null,
        "state_reason": "completed"
    },
    {
        "url": "https://api.github.com/repos/FLAIR-THU/CreamFL/issues/1",
        "repository_url": "https://api.github.com/repos/FLAIR-THU/CreamFL",
        "labels_url": "https://api.github.com/repos/FLAIR-THU/CreamFL/issues/1/labels{/name}",
        "comments_url": "https://api.github.com/repos/FLAIR-THU/CreamFL/issues/1/comments",
        "events_url": "https://api.github.com/repos/FLAIR-THU/CreamFL/issues/1/events",
        "html_url": "https://github.com/FLAIR-THU/CreamFL/issues/1",
        "id": 1671162729,
        "node_id": "I_kwDOJLNmJc5jm-tp",
        "number": 1,
        "title": "MSCOCO\u6570\u636e\u96c6",
        "user": {
            "login": "sleeinclude",
            "id": 46647577,
            "node_id": "MDQ6VXNlcjQ2NjQ3NTc3",
            "avatar_url": "https://avatars.githubusercontent.com/u/46647577?v=4",
            "gravatar_id": "",
            "url": "https://api.github.com/users/sleeinclude",
            "html_url": "https://github.com/sleeinclude",
            "followers_url": "https://api.github.com/users/sleeinclude/followers",
            "following_url": "https://api.github.com/users/sleeinclude/following{/other_user}",
            "gists_url": "https://api.github.com/users/sleeinclude/gists{/gist_id}",
            "starred_url": "https://api.github.com/users/sleeinclude/starred{/owner}{/repo}",
            "subscriptions_url": "https://api.github.com/users/sleeinclude/subscriptions",
            "organizations_url": "https://api.github.com/users/sleeinclude/orgs",
            "repos_url": "https://api.github.com/users/sleeinclude/repos",
            "events_url": "https://api.github.com/users/sleeinclude/events{/privacy}",
            "received_events_url": "https://api.github.com/users/sleeinclude/received_events",
            "type": "User",
            "user_view_type": "public",
            "site_admin": false
        },
        "labels": [],
        "state": "closed",
        "locked": false,
        "assignee": null,
        "assignees": [],
        "milestone": null,
        "comments": 1,
        "created_at": "2023-04-17T13:18:01Z",
        "updated_at": "2023-04-22T09:12:16Z",
        "closed_at": "2023-04-22T09:12:16Z",
        "author_association": "NONE",
        "type": null,
        "active_lock_reason": null,
        "sub_issues_summary": {
            "total": 0,
            "completed": 0,
            "percent_completed": 0
        },
        "body": "\u4f60\u597d,\u8bf7\u95eeMSCOCO\u6570\u636e\u96c6\u4e2d\u7684allimage\u6587\u4ef6\u5939\u662f\u6307train val test \u4e09\u4e2a\u56fe\u7247\u6587\u4ef6\u52a0\u5728\u4e00\u8d77\u5417",
        "closed_by": {
            "login": "sleeinclude",
            "id": 46647577,
            "node_id": "MDQ6VXNlcjQ2NjQ3NTc3",
            "avatar_url": "https://avatars.githubusercontent.com/u/46647577?v=4",
            "gravatar_id": "",
            "url": "https://api.github.com/users/sleeinclude",
            "html_url": "https://github.com/sleeinclude",
            "followers_url": "https://api.github.com/users/sleeinclude/followers",
            "following_url": "https://api.github.com/users/sleeinclude/following{/other_user}",
            "gists_url": "https://api.github.com/users/sleeinclude/gists{/gist_id}",
            "starred_url": "https://api.github.com/users/sleeinclude/starred{/owner}{/repo}",
            "subscriptions_url": "https://api.github.com/users/sleeinclude/subscriptions",
            "organizations_url": "https://api.github.com/users/sleeinclude/orgs",
            "repos_url": "https://api.github.com/users/sleeinclude/repos",
            "events_url": "https://api.github.com/users/sleeinclude/events{/privacy}",
            "received_events_url": "https://api.github.com/users/sleeinclude/received_events",
            "type": "User",
            "user_view_type": "public",
            "site_admin": false
        },
        "reactions": {
            "url": "https://api.github.com/repos/FLAIR-THU/CreamFL/issues/1/reactions",
            "total_count": 0,
            "+1": 0,
            "-1": 0,
            "laugh": 0,
            "hooray": 0,
            "confused": 0,
            "heart": 0,
            "rocket": 0,
            "eyes": 0
        },
        "timeline_url": "https://api.github.com/repos/FLAIR-THU/CreamFL/issues/1/timeline",
        "performed_via_github_app": null,
        "state_reason": "completed"
    }
]