[
    {
        "url": "https://api.github.com/repos/gingsmith/fmtl/issues/6",
        "repository_url": "https://api.github.com/repos/gingsmith/fmtl",
        "labels_url": "https://api.github.com/repos/gingsmith/fmtl/issues/6/labels{/name}",
        "comments_url": "https://api.github.com/repos/gingsmith/fmtl/issues/6/comments",
        "events_url": "https://api.github.com/repos/gingsmith/fmtl/issues/6/events",
        "html_url": "https://github.com/gingsmith/fmtl/issues/6",
        "id": 1419094510,
        "node_id": "I_kwDOBmvIQc5Ulanu",
        "number": 6,
        "title": "Unable to open and view the small.mat file",
        "user": {
            "login": "Swarna2001",
            "id": 46354063,
            "node_id": "MDQ6VXNlcjQ2MzU0MDYz",
            "avatar_url": "https://avatars.githubusercontent.com/u/46354063?v=4",
            "gravatar_id": "",
            "url": "https://api.github.com/users/Swarna2001",
            "html_url": "https://github.com/Swarna2001",
            "followers_url": "https://api.github.com/users/Swarna2001/followers",
            "following_url": "https://api.github.com/users/Swarna2001/following{/other_user}",
            "gists_url": "https://api.github.com/users/Swarna2001/gists{/gist_id}",
            "starred_url": "https://api.github.com/users/Swarna2001/starred{/owner}{/repo}",
            "subscriptions_url": "https://api.github.com/users/Swarna2001/subscriptions",
            "organizations_url": "https://api.github.com/users/Swarna2001/orgs",
            "repos_url": "https://api.github.com/users/Swarna2001/repos",
            "events_url": "https://api.github.com/users/Swarna2001/events{/privacy}",
            "received_events_url": "https://api.github.com/users/Swarna2001/received_events",
            "type": "User",
            "user_view_type": "public",
            "site_admin": false
        },
        "labels": [],
        "state": "open",
        "locked": false,
        "assignee": null,
        "assignees": [],
        "milestone": null,
        "comments": 0,
        "created_at": "2022-10-22T05:17:34Z",
        "updated_at": "2022-10-22T05:18:15Z",
        "closed_at": null,
        "author_association": "NONE",
        "active_lock_reason": null,
        "sub_issues_summary": {
            "total": 0,
            "completed": 0,
            "percent_completed": 0
        },
        "body": "The dataset being used to run the program - small.mat file, I am unable to open and view its contents in my local machine. Can you provide some other file that allows me to view the content for understanding the code better?\r\n\r\nKindly help me out.\r\n@gingsmith ",
        "closed_by": null,
        "reactions": {
            "url": "https://api.github.com/repos/gingsmith/fmtl/issues/6/reactions",
            "total_count": 0,
            "+1": 0,
            "-1": 0,
            "laugh": 0,
            "hooray": 0,
            "confused": 0,
            "heart": 0,
            "rocket": 0,
            "eyes": 0
        },
        "timeline_url": "https://api.github.com/repos/gingsmith/fmtl/issues/6/timeline",
        "performed_via_github_app": null,
        "state_reason": null
    },
    {
        "url": "https://api.github.com/repos/gingsmith/fmtl/issues/5",
        "repository_url": "https://api.github.com/repos/gingsmith/fmtl",
        "labels_url": "https://api.github.com/repos/gingsmith/fmtl/issues/5/labels{/name}",
        "comments_url": "https://api.github.com/repos/gingsmith/fmtl/issues/5/comments",
        "events_url": "https://api.github.com/repos/gingsmith/fmtl/issues/5/events",
        "html_url": "https://github.com/gingsmith/fmtl/issues/5",
        "id": 744668432,
        "node_id": "MDU6SXNzdWU3NDQ2Njg0MzI=",
        "number": 5,
        "title": "How to run GLEAM, Human Activity Recognition, Vehicle Sensor",
        "user": {
            "login": "CharlieDinh",
            "id": 44039773,
            "node_id": "MDQ6VXNlcjQ0MDM5Nzcz",
            "avatar_url": "https://avatars.githubusercontent.com/u/44039773?v=4",
            "gravatar_id": "",
            "url": "https://api.github.com/users/CharlieDinh",
            "html_url": "https://github.com/CharlieDinh",
            "followers_url": "https://api.github.com/users/CharlieDinh/followers",
            "following_url": "https://api.github.com/users/CharlieDinh/following{/other_user}",
            "gists_url": "https://api.github.com/users/CharlieDinh/gists{/gist_id}",
            "starred_url": "https://api.github.com/users/CharlieDinh/starred{/owner}{/repo}",
            "subscriptions_url": "https://api.github.com/users/CharlieDinh/subscriptions",
            "organizations_url": "https://api.github.com/users/CharlieDinh/orgs",
            "repos_url": "https://api.github.com/users/CharlieDinh/repos",
            "events_url": "https://api.github.com/users/CharlieDinh/events{/privacy}",
            "received_events_url": "https://api.github.com/users/CharlieDinh/received_events",
            "type": "User",
            "user_view_type": "public",
            "site_admin": false
        },
        "labels": [],
        "state": "closed",
        "locked": false,
        "assignee": null,
        "assignees": [],
        "milestone": null,
        "comments": 0,
        "created_at": "2020-11-17T11:54:23Z",
        "updated_at": "2022-06-11T03:01:43Z",
        "closed_at": "2022-06-11T03:01:43Z",
        "author_association": "NONE",
        "active_lock_reason": null,
        "sub_issues_summary": {
            "total": 0,
            "completed": 0,
            "percent_completed": 0
        },
        "body": "Hi,\r\n\r\nI wanna run the experiments on 3 datasets but I just see only small.mat in data folder. Could you help how can I run 3 dataset in the papers?\r\n\r\nThanks",
        "closed_by": {
            "login": "CharlieDinh",
            "id": 44039773,
            "node_id": "MDQ6VXNlcjQ0MDM5Nzcz",
            "avatar_url": "https://avatars.githubusercontent.com/u/44039773?v=4",
            "gravatar_id": "",
            "url": "https://api.github.com/users/CharlieDinh",
            "html_url": "https://github.com/CharlieDinh",
            "followers_url": "https://api.github.com/users/CharlieDinh/followers",
            "following_url": "https://api.github.com/users/CharlieDinh/following{/other_user}",
            "gists_url": "https://api.github.com/users/CharlieDinh/gists{/gist_id}",
            "starred_url": "https://api.github.com/users/CharlieDinh/starred{/owner}{/repo}",
            "subscriptions_url": "https://api.github.com/users/CharlieDinh/subscriptions",
            "organizations_url": "https://api.github.com/users/CharlieDinh/orgs",
            "repos_url": "https://api.github.com/users/CharlieDinh/repos",
            "events_url": "https://api.github.com/users/CharlieDinh/events{/privacy}",
            "received_events_url": "https://api.github.com/users/CharlieDinh/received_events",
            "type": "User",
            "user_view_type": "public",
            "site_admin": false
        },
        "reactions": {
            "url": "https://api.github.com/repos/gingsmith/fmtl/issues/5/reactions",
            "total_count": 0,
            "+1": 0,
            "-1": 0,
            "laugh": 0,
            "hooray": 0,
            "confused": 0,
            "heart": 0,
            "rocket": 0,
            "eyes": 0
        },
        "timeline_url": "https://api.github.com/repos/gingsmith/fmtl/issues/5/timeline",
        "performed_via_github_app": null,
        "state_reason": "completed"
    },
    {
        "url": "https://api.github.com/repos/gingsmith/fmtl/issues/4",
        "repository_url": "https://api.github.com/repos/gingsmith/fmtl",
        "labels_url": "https://api.github.com/repos/gingsmith/fmtl/issues/4/labels{/name}",
        "comments_url": "https://api.github.com/repos/gingsmith/fmtl/issues/4/comments",
        "events_url": "https://api.github.com/repos/gingsmith/fmtl/issues/4/events",
        "html_url": "https://github.com/gingsmith/fmtl/issues/4",
        "id": 379350923,
        "node_id": "MDU6SXNzdWUzNzkzNTA5MjM=",
        "number": 4,
        "title": "lambda/2 or lambda in the regularizer term in simple_svm.m?",
        "user": {
            "login": "kudhru",
            "id": 13262810,
            "node_id": "MDQ6VXNlcjEzMjYyODEw",
            "avatar_url": "https://avatars.githubusercontent.com/u/13262810?v=4",
            "gravatar_id": "",
            "url": "https://api.github.com/users/kudhru",
            "html_url": "https://github.com/kudhru",
            "followers_url": "https://api.github.com/users/kudhru/followers",
            "following_url": "https://api.github.com/users/kudhru/following{/other_user}",
            "gists_url": "https://api.github.com/users/kudhru/gists{/gist_id}",
            "starred_url": "https://api.github.com/users/kudhru/starred{/owner}{/repo}",
            "subscriptions_url": "https://api.github.com/users/kudhru/subscriptions",
            "organizations_url": "https://api.github.com/users/kudhru/orgs",
            "repos_url": "https://api.github.com/users/kudhru/repos",
            "events_url": "https://api.github.com/users/kudhru/events{/privacy}",
            "received_events_url": "https://api.github.com/users/kudhru/received_events",
            "type": "User",
            "user_view_type": "public",
            "site_admin": false
        },
        "labels": [],
        "state": "closed",
        "locked": false,
        "assignee": null,
        "assignees": [],
        "milestone": null,
        "comments": 0,
        "created_at": "2018-11-09T22:57:14Z",
        "updated_at": "2018-11-11T20:32:23Z",
        "closed_at": "2018-11-11T20:32:23Z",
        "author_association": "NONE",
        "active_lock_reason": null,
        "sub_issues_summary": {
            "total": 0,
            "completed": 0,
            "percent_completed": 0
        },
        "body": "_Originally posted by @kudhru in https://github.com/gingsmith/fmtl/issues/2#issuecomment-437520827_",
        "closed_by": {
            "login": "gingsmith",
            "id": 2344704,
            "node_id": "MDQ6VXNlcjIzNDQ3MDQ=",
            "avatar_url": "https://avatars.githubusercontent.com/u/2344704?v=4",
            "gravatar_id": "",
            "url": "https://api.github.com/users/gingsmith",
            "html_url": "https://github.com/gingsmith",
            "followers_url": "https://api.github.com/users/gingsmith/followers",
            "following_url": "https://api.github.com/users/gingsmith/following{/other_user}",
            "gists_url": "https://api.github.com/users/gingsmith/gists{/gist_id}",
            "starred_url": "https://api.github.com/users/gingsmith/starred{/owner}{/repo}",
            "subscriptions_url": "https://api.github.com/users/gingsmith/subscriptions",
            "organizations_url": "https://api.github.com/users/gingsmith/orgs",
            "repos_url": "https://api.github.com/users/gingsmith/repos",
            "events_url": "https://api.github.com/users/gingsmith/events{/privacy}",
            "received_events_url": "https://api.github.com/users/gingsmith/received_events",
            "type": "User",
            "user_view_type": "public",
            "site_admin": false
        },
        "reactions": {
            "url": "https://api.github.com/repos/gingsmith/fmtl/issues/4/reactions",
            "total_count": 0,
            "+1": 0,
            "-1": 0,
            "laugh": 0,
            "hooray": 0,
            "confused": 0,
            "heart": 0,
            "rocket": 0,
            "eyes": 0
        },
        "timeline_url": "https://api.github.com/repos/gingsmith/fmtl/issues/4/timeline",
        "performed_via_github_app": null,
        "state_reason": "completed"
    },
    {
        "url": "https://api.github.com/repos/gingsmith/fmtl/issues/3",
        "repository_url": "https://api.github.com/repos/gingsmith/fmtl",
        "labels_url": "https://api.github.com/repos/gingsmith/fmtl/issues/3/labels{/name}",
        "comments_url": "https://api.github.com/repos/gingsmith/fmtl/issues/3/comments",
        "events_url": "https://api.github.com/repos/gingsmith/fmtl/issues/3/events",
        "html_url": "https://github.com/gingsmith/fmtl/issues/3",
        "id": 379333010,
        "node_id": "MDU6SXNzdWUzNzkzMzMwMTA=",
        "number": 3,
        "title": "Primal and Dual function definitions",
        "user": {
            "login": "kudhru",
            "id": 13262810,
            "node_id": "MDQ6VXNlcjEzMjYyODEw",
            "avatar_url": "https://avatars.githubusercontent.com/u/13262810?v=4",
            "gravatar_id": "",
            "url": "https://api.github.com/users/kudhru",
            "html_url": "https://github.com/kudhru",
            "followers_url": "https://api.github.com/users/kudhru/followers",
            "following_url": "https://api.github.com/users/kudhru/following{/other_user}",
            "gists_url": "https://api.github.com/users/kudhru/gists{/gist_id}",
            "starred_url": "https://api.github.com/users/kudhru/starred{/owner}{/repo}",
            "subscriptions_url": "https://api.github.com/users/kudhru/subscriptions",
            "organizations_url": "https://api.github.com/users/kudhru/orgs",
            "repos_url": "https://api.github.com/users/kudhru/repos",
            "events_url": "https://api.github.com/users/kudhru/events{/privacy}",
            "received_events_url": "https://api.github.com/users/kudhru/received_events",
            "type": "User",
            "user_view_type": "public",
            "site_admin": false
        },
        "labels": [],
        "state": "closed",
        "locked": false,
        "assignee": null,
        "assignees": [],
        "milestone": null,
        "comments": 1,
        "created_at": "2018-11-09T21:46:15Z",
        "updated_at": "2018-11-11T20:44:11Z",
        "closed_at": "2018-11-11T20:44:11Z",
        "author_association": "NONE",
        "active_lock_reason": null,
        "sub_issues_summary": {
            "total": 0,
            "completed": 0,
            "percent_completed": 0
        },
        "body": "Hi\r\n\r\nAre the [Primal](https://github.com/gingsmith/fmtl/blob/master/util/compute_primal.m) and [Dual](https://github.com/gingsmith/fmtl/blob/master/util/compute_dual.m) functions used for Mocha implementation, same as those mentioned in the [paper](https://www.cs.cmu.edu/~atalwalk/flearn_nips.pdf) (Equation 1 and Equation 3) ? I was wondering if the L2 regularization term is missing in the code as mentioned in the MTL regularizer (Equation 2 in the paper). \r\n\r\nThanks\r\nDhruv",
        "closed_by": {
            "login": "gingsmith",
            "id": 2344704,
            "node_id": "MDQ6VXNlcjIzNDQ3MDQ=",
            "avatar_url": "https://avatars.githubusercontent.com/u/2344704?v=4",
            "gravatar_id": "",
            "url": "https://api.github.com/users/gingsmith",
            "html_url": "https://github.com/gingsmith",
            "followers_url": "https://api.github.com/users/gingsmith/followers",
            "following_url": "https://api.github.com/users/gingsmith/following{/other_user}",
            "gists_url": "https://api.github.com/users/gingsmith/gists{/gist_id}",
            "starred_url": "https://api.github.com/users/gingsmith/starred{/owner}{/repo}",
            "subscriptions_url": "https://api.github.com/users/gingsmith/subscriptions",
            "organizations_url": "https://api.github.com/users/gingsmith/orgs",
            "repos_url": "https://api.github.com/users/gingsmith/repos",
            "events_url": "https://api.github.com/users/gingsmith/events{/privacy}",
            "received_events_url": "https://api.github.com/users/gingsmith/received_events",
            "type": "User",
            "user_view_type": "public",
            "site_admin": false
        },
        "reactions": {
            "url": "https://api.github.com/repos/gingsmith/fmtl/issues/3/reactions",
            "total_count": 0,
            "+1": 0,
            "-1": 0,
            "laugh": 0,
            "hooray": 0,
            "confused": 0,
            "heart": 0,
            "rocket": 0,
            "eyes": 0
        },
        "timeline_url": "https://api.github.com/repos/gingsmith/fmtl/issues/3/timeline",
        "performed_via_github_app": null,
        "state_reason": "completed"
    },
    {
        "url": "https://api.github.com/repos/gingsmith/fmtl/issues/2",
        "repository_url": "https://api.github.com/repos/gingsmith/fmtl",
        "labels_url": "https://api.github.com/repos/gingsmith/fmtl/issues/2/labels{/name}",
        "comments_url": "https://api.github.com/repos/gingsmith/fmtl/issues/2/comments",
        "events_url": "https://api.github.com/repos/gingsmith/fmtl/issues/2/events",
        "html_url": "https://github.com/gingsmith/fmtl/issues/2",
        "id": 379265828,
        "node_id": "MDU6SXNzdWUzNzkyNjU4Mjg=",
        "number": 2,
        "title": "Possible typo in Primal objective function calculation",
        "user": {
            "login": "kudhru",
            "id": 13262810,
            "node_id": "MDQ6VXNlcjEzMjYyODEw",
            "avatar_url": "https://avatars.githubusercontent.com/u/13262810?v=4",
            "gravatar_id": "",
            "url": "https://api.github.com/users/kudhru",
            "html_url": "https://github.com/kudhru",
            "followers_url": "https://api.github.com/users/kudhru/followers",
            "following_url": "https://api.github.com/users/kudhru/following{/other_user}",
            "gists_url": "https://api.github.com/users/kudhru/gists{/gist_id}",
            "starred_url": "https://api.github.com/users/kudhru/starred{/owner}{/repo}",
            "subscriptions_url": "https://api.github.com/users/kudhru/subscriptions",
            "organizations_url": "https://api.github.com/users/kudhru/orgs",
            "repos_url": "https://api.github.com/users/kudhru/repos",
            "events_url": "https://api.github.com/users/kudhru/events{/privacy}",
            "received_events_url": "https://api.github.com/users/kudhru/received_events",
            "type": "User",
            "user_view_type": "public",
            "site_admin": false
        },
        "labels": [],
        "state": "closed",
        "locked": false,
        "assignee": null,
        "assignees": [],
        "milestone": null,
        "comments": 3,
        "created_at": "2018-11-09T18:07:30Z",
        "updated_at": "2018-11-09T22:54:19Z",
        "closed_at": "2018-11-09T19:13:36Z",
        "author_association": "NONE",
        "active_lock_reason": null,
        "sub_issues_summary": {
            "total": 0,
            "completed": 0,
            "percent_completed": 0
        },
        "body": "https://github.com/gingsmith/fmtl/blob/b27ccee9eca68074f59877fc7d073ffb5b352b38/opt/simple_svm.m#L37\r\n\r\nHi \r\n\r\nShould the above be \r\n`primal_new = mean(max(0.0, 1.0 - preds)) + lambda * (w' * w);` \r\ninstead?",
        "closed_by": {
            "login": "gingsmith",
            "id": 2344704,
            "node_id": "MDQ6VXNlcjIzNDQ3MDQ=",
            "avatar_url": "https://avatars.githubusercontent.com/u/2344704?v=4",
            "gravatar_id": "",
            "url": "https://api.github.com/users/gingsmith",
            "html_url": "https://github.com/gingsmith",
            "followers_url": "https://api.github.com/users/gingsmith/followers",
            "following_url": "https://api.github.com/users/gingsmith/following{/other_user}",
            "gists_url": "https://api.github.com/users/gingsmith/gists{/gist_id}",
            "starred_url": "https://api.github.com/users/gingsmith/starred{/owner}{/repo}",
            "subscriptions_url": "https://api.github.com/users/gingsmith/subscriptions",
            "organizations_url": "https://api.github.com/users/gingsmith/orgs",
            "repos_url": "https://api.github.com/users/gingsmith/repos",
            "events_url": "https://api.github.com/users/gingsmith/events{/privacy}",
            "received_events_url": "https://api.github.com/users/gingsmith/received_events",
            "type": "User",
            "user_view_type": "public",
            "site_admin": false
        },
        "reactions": {
            "url": "https://api.github.com/repos/gingsmith/fmtl/issues/2/reactions",
            "total_count": 0,
            "+1": 0,
            "-1": 0,
            "laugh": 0,
            "hooray": 0,
            "confused": 0,
            "heart": 0,
            "rocket": 0,
            "eyes": 0
        },
        "timeline_url": "https://api.github.com/repos/gingsmith/fmtl/issues/2/timeline",
        "performed_via_github_app": null,
        "state_reason": "completed"
    },
    {
        "url": "https://api.github.com/repos/gingsmith/fmtl/issues/1",
        "repository_url": "https://api.github.com/repos/gingsmith/fmtl",
        "labels_url": "https://api.github.com/repos/gingsmith/fmtl/issues/1/labels{/name}",
        "comments_url": "https://api.github.com/repos/gingsmith/fmtl/issues/1/comments",
        "events_url": "https://api.github.com/repos/gingsmith/fmtl/issues/1/events",
        "html_url": "https://github.com/gingsmith/fmtl/issues/1",
        "id": 354987638,
        "node_id": "MDU6SXNzdWUzNTQ5ODc2Mzg=",
        "number": 1,
        "title": "Some problems about the experiments.",
        "user": {
            "login": "mbs0221",
            "id": 12655889,
            "node_id": "MDQ6VXNlcjEyNjU1ODg5",
            "avatar_url": "https://avatars.githubusercontent.com/u/12655889?v=4",
            "gravatar_id": "",
            "url": "https://api.github.com/users/mbs0221",
            "html_url": "https://github.com/mbs0221",
            "followers_url": "https://api.github.com/users/mbs0221/followers",
            "following_url": "https://api.github.com/users/mbs0221/following{/other_user}",
            "gists_url": "https://api.github.com/users/mbs0221/gists{/gist_id}",
            "starred_url": "https://api.github.com/users/mbs0221/starred{/owner}{/repo}",
            "subscriptions_url": "https://api.github.com/users/mbs0221/subscriptions",
            "organizations_url": "https://api.github.com/users/mbs0221/orgs",
            "repos_url": "https://api.github.com/users/mbs0221/repos",
            "events_url": "https://api.github.com/users/mbs0221/events{/privacy}",
            "received_events_url": "https://api.github.com/users/mbs0221/received_events",
            "type": "User",
            "user_view_type": "public",
            "site_admin": false
        },
        "labels": [],
        "state": "closed",
        "locked": false,
        "assignee": null,
        "assignees": [],
        "milestone": null,
        "comments": 1,
        "created_at": "2018-08-29T04:02:21Z",
        "updated_at": "2018-09-06T17:10:41Z",
        "closed_at": "2018-09-06T17:10:20Z",
        "author_association": "NONE",
        "active_lock_reason": null,
        "sub_issues_summary": {
            "total": 0,
            "completed": 0,
            "percent_completed": 0
        },
        "body": "Currently, I want to run grid-search and cross-validation on your code, but I did not know how to adjust those parameters. Would you please provide some suggestions here about parameter selection? Thank you!",
        "closed_by": {
            "login": "gingsmith",
            "id": 2344704,
            "node_id": "MDQ6VXNlcjIzNDQ3MDQ=",
            "avatar_url": "https://avatars.githubusercontent.com/u/2344704?v=4",
            "gravatar_id": "",
            "url": "https://api.github.com/users/gingsmith",
            "html_url": "https://github.com/gingsmith",
            "followers_url": "https://api.github.com/users/gingsmith/followers",
            "following_url": "https://api.github.com/users/gingsmith/following{/other_user}",
            "gists_url": "https://api.github.com/users/gingsmith/gists{/gist_id}",
            "starred_url": "https://api.github.com/users/gingsmith/starred{/owner}{/repo}",
            "subscriptions_url": "https://api.github.com/users/gingsmith/subscriptions",
            "organizations_url": "https://api.github.com/users/gingsmith/orgs",
            "repos_url": "https://api.github.com/users/gingsmith/repos",
            "events_url": "https://api.github.com/users/gingsmith/events{/privacy}",
            "received_events_url": "https://api.github.com/users/gingsmith/received_events",
            "type": "User",
            "user_view_type": "public",
            "site_admin": false
        },
        "reactions": {
            "url": "https://api.github.com/repos/gingsmith/fmtl/issues/1/reactions",
            "total_count": 0,
            "+1": 0,
            "-1": 0,
            "laugh": 0,
            "hooray": 0,
            "confused": 0,
            "heart": 0,
            "rocket": 0,
            "eyes": 0
        },
        "timeline_url": "https://api.github.com/repos/gingsmith/fmtl/issues/1/timeline",
        "performed_via_github_app": null,
        "state_reason": "completed"
    }
]