[
    {
        "url": "https://api.github.com/repos/git-disl/DataPoisoning_FL/issues/10",
        "repository_url": "https://api.github.com/repos/git-disl/DataPoisoning_FL",
        "labels_url": "https://api.github.com/repos/git-disl/DataPoisoning_FL/issues/10/labels{/name}",
        "comments_url": "https://api.github.com/repos/git-disl/DataPoisoning_FL/issues/10/comments",
        "events_url": "https://api.github.com/repos/git-disl/DataPoisoning_FL/issues/10/events",
        "html_url": "https://github.com/git-disl/DataPoisoning_FL/issues/10",
        "id": 2668250006,
        "node_id": "I_kwDOEJ7g086fCkOW",
        "number": 10,
        "title": "# The source class. CLASS_NUM = 4",
        "user": {
            "login": "yohannesb",
            "id": 7753293,
            "node_id": "MDQ6VXNlcjc3NTMyOTM=",
            "avatar_url": "https://avatars.githubusercontent.com/u/7753293?v=4",
            "gravatar_id": "",
            "url": "https://api.github.com/users/yohannesb",
            "html_url": "https://github.com/yohannesb",
            "followers_url": "https://api.github.com/users/yohannesb/followers",
            "following_url": "https://api.github.com/users/yohannesb/following{/other_user}",
            "gists_url": "https://api.github.com/users/yohannesb/gists{/gist_id}",
            "starred_url": "https://api.github.com/users/yohannesb/starred{/owner}{/repo}",
            "subscriptions_url": "https://api.github.com/users/yohannesb/subscriptions",
            "organizations_url": "https://api.github.com/users/yohannesb/orgs",
            "repos_url": "https://api.github.com/users/yohannesb/repos",
            "events_url": "https://api.github.com/users/yohannesb/events{/privacy}",
            "received_events_url": "https://api.github.com/users/yohannesb/received_events",
            "type": "User",
            "user_view_type": "public",
            "site_admin": false
        },
        "labels": [],
        "state": "open",
        "locked": false,
        "assignee": null,
        "assignees": [],
        "milestone": null,
        "comments": 0,
        "created_at": "2024-11-18T11:30:43Z",
        "updated_at": "2024-11-18T11:30:43Z",
        "closed_at": null,
        "author_association": "NONE",
        "type": null,
        "active_lock_reason": null,
        "sub_issues_summary": {
            "total": 0,
            "completed": 0,
            "percent_completed": 0
        },
        "body": "Hello, \r\n\r\nThank you for your outstanding work on the FL defense mechanisms. I'm currently in the process of reproducing your implementation to gain a deeper understanding of how these defenses function.\r\n\r\nWhile successfully running the code on my local machine, I encountered a specific line in the defense.py file that I'd appreciate clarification on.  Line 36, which sets the value of CLASS_NUM within the source class to 4, left me  uncertain about its exact purpose.\r\n\r\nIf you have a moment, I would be incredibly grateful if you could provide some insight into the meaning and rationale behind this line of code.\r\n\r\nThank you for your time and consideration.",
        "closed_by": null,
        "reactions": {
            "url": "https://api.github.com/repos/git-disl/DataPoisoning_FL/issues/10/reactions",
            "total_count": 0,
            "+1": 0,
            "-1": 0,
            "laugh": 0,
            "hooray": 0,
            "confused": 0,
            "heart": 0,
            "rocket": 0,
            "eyes": 0
        },
        "timeline_url": "https://api.github.com/repos/git-disl/DataPoisoning_FL/issues/10/timeline",
        "performed_via_github_app": null,
        "state_reason": null
    },
    {
        "url": "https://api.github.com/repos/git-disl/DataPoisoning_FL/issues/8",
        "repository_url": "https://api.github.com/repos/git-disl/DataPoisoning_FL",
        "labels_url": "https://api.github.com/repos/git-disl/DataPoisoning_FL/issues/8/labels{/name}",
        "comments_url": "https://api.github.com/repos/git-disl/DataPoisoning_FL/issues/8/comments",
        "events_url": "https://api.github.com/repos/git-disl/DataPoisoning_FL/issues/8/events",
        "html_url": "https://github.com/git-disl/DataPoisoning_FL/issues/8",
        "id": 1708468610,
        "node_id": "I_kwDOEJ7g085l1SmC",
        "number": 8,
        "title": "Defense.py file not working",
        "user": {
            "login": "AdnanEshan",
            "id": 125243403,
            "node_id": "U_kgDOB3cQCw",
            "avatar_url": "https://avatars.githubusercontent.com/u/125243403?v=4",
            "gravatar_id": "",
            "url": "https://api.github.com/users/AdnanEshan",
            "html_url": "https://github.com/AdnanEshan",
            "followers_url": "https://api.github.com/users/AdnanEshan/followers",
            "following_url": "https://api.github.com/users/AdnanEshan/following{/other_user}",
            "gists_url": "https://api.github.com/users/AdnanEshan/gists{/gist_id}",
            "starred_url": "https://api.github.com/users/AdnanEshan/starred{/owner}{/repo}",
            "subscriptions_url": "https://api.github.com/users/AdnanEshan/subscriptions",
            "organizations_url": "https://api.github.com/users/AdnanEshan/orgs",
            "repos_url": "https://api.github.com/users/AdnanEshan/repos",
            "events_url": "https://api.github.com/users/AdnanEshan/events{/privacy}",
            "received_events_url": "https://api.github.com/users/AdnanEshan/received_events",
            "type": "User",
            "user_view_type": "public",
            "site_admin": false
        },
        "labels": [],
        "state": "open",
        "locked": false,
        "assignee": null,
        "assignees": [],
        "milestone": null,
        "comments": 1,
        "created_at": "2023-05-13T06:43:59Z",
        "updated_at": "2023-11-01T09:27:53Z",
        "closed_at": null,
        "author_association": "NONE",
        "type": null,
        "active_lock_reason": null,
        "sub_issues_summary": {
            "total": 0,
            "completed": 0,
            "percent_completed": 0
        },
        "body": "After running the command,it gives this error \"Traceback (most recent call last):\r\n  File \"/content/DataPoisoning_FL/defense.py\", line 69, in <module>\r\n    model_files = sorted(os.listdir(MODELS_PATH))\r\nFileNotFoundError: [Errno 2] No such file or directory: '/absolute/path/to/models/folder/1823_models'",
        "closed_by": null,
        "reactions": {
            "url": "https://api.github.com/repos/git-disl/DataPoisoning_FL/issues/8/reactions",
            "total_count": 0,
            "+1": 0,
            "-1": 0,
            "laugh": 0,
            "hooray": 0,
            "confused": 0,
            "heart": 0,
            "rocket": 0,
            "eyes": 0
        },
        "timeline_url": "https://api.github.com/repos/git-disl/DataPoisoning_FL/issues/8/timeline",
        "performed_via_github_app": null,
        "state_reason": null
    },
    {
        "url": "https://api.github.com/repos/git-disl/DataPoisoning_FL/issues/7",
        "repository_url": "https://api.github.com/repos/git-disl/DataPoisoning_FL",
        "labels_url": "https://api.github.com/repos/git-disl/DataPoisoning_FL/issues/7/labels{/name}",
        "comments_url": "https://api.github.com/repos/git-disl/DataPoisoning_FL/issues/7/comments",
        "events_url": "https://api.github.com/repos/git-disl/DataPoisoning_FL/issues/7/events",
        "html_url": "https://github.com/git-disl/DataPoisoning_FL/issues/7",
        "id": 1584654768,
        "node_id": "I_kwDOEJ7g085ec-mw",
        "number": 7,
        "title": "Model path",
        "user": {
            "login": "ayazdine",
            "id": 101468951,
            "node_id": "U_kgDOBgxLFw",
            "avatar_url": "https://avatars.githubusercontent.com/u/101468951?v=4",
            "gravatar_id": "",
            "url": "https://api.github.com/users/ayazdine",
            "html_url": "https://github.com/ayazdine",
            "followers_url": "https://api.github.com/users/ayazdine/followers",
            "following_url": "https://api.github.com/users/ayazdine/following{/other_user}",
            "gists_url": "https://api.github.com/users/ayazdine/gists{/gist_id}",
            "starred_url": "https://api.github.com/users/ayazdine/starred{/owner}{/repo}",
            "subscriptions_url": "https://api.github.com/users/ayazdine/subscriptions",
            "organizations_url": "https://api.github.com/users/ayazdine/orgs",
            "repos_url": "https://api.github.com/users/ayazdine/repos",
            "events_url": "https://api.github.com/users/ayazdine/events{/privacy}",
            "received_events_url": "https://api.github.com/users/ayazdine/received_events",
            "type": "User",
            "user_view_type": "public",
            "site_admin": false
        },
        "labels": [],
        "state": "open",
        "locked": false,
        "assignee": null,
        "assignees": [],
        "milestone": null,
        "comments": 8,
        "created_at": "2023-02-14T18:41:44Z",
        "updated_at": "2024-04-17T13:11:41Z",
        "closed_at": null,
        "author_association": "NONE",
        "type": null,
        "active_lock_reason": null,
        "sub_issues_summary": {
            "total": 0,
            "completed": 0,
            "percent_completed": 0
        },
        "body": "Hi, Could you please solve this issue:\r\nI have changed the address for a model pass and export to : \r\n![f](https://user-images.githubusercontent.com/101468951/218827998-91fa59c9-e4dc-4525-a6ad-7e4ea3365903.jpg)\r\n\r\n\r\nBut I have this error still:\r\nWhat is the problem based on my current generated file in your repository?",
        "closed_by": null,
        "reactions": {
            "url": "https://api.github.com/repos/git-disl/DataPoisoning_FL/issues/7/reactions",
            "total_count": 0,
            "+1": 0,
            "-1": 0,
            "laugh": 0,
            "hooray": 0,
            "confused": 0,
            "heart": 0,
            "rocket": 0,
            "eyes": 0
        },
        "timeline_url": "https://api.github.com/repos/git-disl/DataPoisoning_FL/issues/7/timeline",
        "performed_via_github_app": null,
        "state_reason": null
    },
    {
        "url": "https://api.github.com/repos/git-disl/DataPoisoning_FL/issues/6",
        "repository_url": "https://api.github.com/repos/git-disl/DataPoisoning_FL",
        "labels_url": "https://api.github.com/repos/git-disl/DataPoisoning_FL/issues/6/labels{/name}",
        "comments_url": "https://api.github.com/repos/git-disl/DataPoisoning_FL/issues/6/comments",
        "events_url": "https://api.github.com/repos/git-disl/DataPoisoning_FL/issues/6/events",
        "html_url": "https://github.com/git-disl/DataPoisoning_FL/issues/6",
        "id": 1361099099,
        "node_id": "I_kwDOEJ7g085RILlb",
        "number": 6,
        "title": "denfense.py doesn't work",
        "user": {
            "login": "zk375142817",
            "id": 37185152,
            "node_id": "MDQ6VXNlcjM3MTg1MTUy",
            "avatar_url": "https://avatars.githubusercontent.com/u/37185152?v=4",
            "gravatar_id": "",
            "url": "https://api.github.com/users/zk375142817",
            "html_url": "https://github.com/zk375142817",
            "followers_url": "https://api.github.com/users/zk375142817/followers",
            "following_url": "https://api.github.com/users/zk375142817/following{/other_user}",
            "gists_url": "https://api.github.com/users/zk375142817/gists{/gist_id}",
            "starred_url": "https://api.github.com/users/zk375142817/starred{/owner}{/repo}",
            "subscriptions_url": "https://api.github.com/users/zk375142817/subscriptions",
            "organizations_url": "https://api.github.com/users/zk375142817/orgs",
            "repos_url": "https://api.github.com/users/zk375142817/repos",
            "events_url": "https://api.github.com/users/zk375142817/events{/privacy}",
            "received_events_url": "https://api.github.com/users/zk375142817/received_events",
            "type": "User",
            "user_view_type": "public",
            "site_admin": false
        },
        "labels": [],
        "state": "closed",
        "locked": false,
        "assignee": null,
        "assignees": [],
        "milestone": null,
        "comments": 2,
        "created_at": "2022-09-04T09:53:55Z",
        "updated_at": "2023-04-11T10:31:22Z",
        "closed_at": "2022-10-06T11:01:01Z",
        "author_association": "NONE",
        "type": null,
        "active_lock_reason": null,
        "sub_issues_summary": {
            "total": 0,
            "completed": 0,
            "percent_completed": 0
        },
        "body": "Hi,I'm in some trouble\uff0cCan you help me, please\r\nAll my parameters are set by default, but the following problems occur in \"denfense. py\":\r\nTraceback (most recent call last):\r\n  File \"defense.py\", line 76, in <module>\r\n    start_model_files = get_model_files_for_epoch(model_files, epoch)\r\n  File \"/content/drive/MyDrive/DataPoisoning_FL-master/federated_learning/utils/model_list_parser.py\", line 42, in get_model_files_for_epoch\r\n    model_epoch_num = get_epoch_num_from_model_file_name(model)\r\n  File \"/content/drive/MyDrive/DataPoisoning_FL-master/federated_learning/utils/model_list_parser.py\", line 11, in get_epoch_num_from_model_file_name\r\n    return int(model_file_name.split(\"_\")[2].split(\".\")[0])\r\nIndexError: list index out of range\r\nMy configuration is as follows:\r\nMODELS_PATH = \"DataPoisoning_FL-master/models/3000_models\r\nEXP_INFO_PATH = \"DataPoisoning_FL-master/logs/3000.log\"\r\nEPOCHS = list(range(10,200))\r\nCLASS_NUM = 1",
        "closed_by": {
            "login": "zk375142817",
            "id": 37185152,
            "node_id": "MDQ6VXNlcjM3MTg1MTUy",
            "avatar_url": "https://avatars.githubusercontent.com/u/37185152?v=4",
            "gravatar_id": "",
            "url": "https://api.github.com/users/zk375142817",
            "html_url": "https://github.com/zk375142817",
            "followers_url": "https://api.github.com/users/zk375142817/followers",
            "following_url": "https://api.github.com/users/zk375142817/following{/other_user}",
            "gists_url": "https://api.github.com/users/zk375142817/gists{/gist_id}",
            "starred_url": "https://api.github.com/users/zk375142817/starred{/owner}{/repo}",
            "subscriptions_url": "https://api.github.com/users/zk375142817/subscriptions",
            "organizations_url": "https://api.github.com/users/zk375142817/orgs",
            "repos_url": "https://api.github.com/users/zk375142817/repos",
            "events_url": "https://api.github.com/users/zk375142817/events{/privacy}",
            "received_events_url": "https://api.github.com/users/zk375142817/received_events",
            "type": "User",
            "user_view_type": "public",
            "site_admin": false
        },
        "reactions": {
            "url": "https://api.github.com/repos/git-disl/DataPoisoning_FL/issues/6/reactions",
            "total_count": 0,
            "+1": 0,
            "-1": 0,
            "laugh": 0,
            "hooray": 0,
            "confused": 0,
            "heart": 0,
            "rocket": 0,
            "eyes": 0
        },
        "timeline_url": "https://api.github.com/repos/git-disl/DataPoisoning_FL/issues/6/timeline",
        "performed_via_github_app": null,
        "state_reason": "completed"
    },
    {
        "url": "https://api.github.com/repos/git-disl/DataPoisoning_FL/issues/5",
        "repository_url": "https://api.github.com/repos/git-disl/DataPoisoning_FL",
        "labels_url": "https://api.github.com/repos/git-disl/DataPoisoning_FL/issues/5/labels{/name}",
        "comments_url": "https://api.github.com/repos/git-disl/DataPoisoning_FL/issues/5/comments",
        "events_url": "https://api.github.com/repos/git-disl/DataPoisoning_FL/issues/5/events",
        "html_url": "https://github.com/git-disl/DataPoisoning_FL/issues/5",
        "id": 1007464442,
        "node_id": "I_kwDOEJ7g0848DK_6",
        "number": 5,
        "title": "How do I view the results like in the paper?",
        "user": {
            "login": "michaelTJC96",
            "id": 53596227,
            "node_id": "MDQ6VXNlcjUzNTk2MjI3",
            "avatar_url": "https://avatars.githubusercontent.com/u/53596227?v=4",
            "gravatar_id": "",
            "url": "https://api.github.com/users/michaelTJC96",
            "html_url": "https://github.com/michaelTJC96",
            "followers_url": "https://api.github.com/users/michaelTJC96/followers",
            "following_url": "https://api.github.com/users/michaelTJC96/following{/other_user}",
            "gists_url": "https://api.github.com/users/michaelTJC96/gists{/gist_id}",
            "starred_url": "https://api.github.com/users/michaelTJC96/starred{/owner}{/repo}",
            "subscriptions_url": "https://api.github.com/users/michaelTJC96/subscriptions",
            "organizations_url": "https://api.github.com/users/michaelTJC96/orgs",
            "repos_url": "https://api.github.com/users/michaelTJC96/repos",
            "events_url": "https://api.github.com/users/michaelTJC96/events{/privacy}",
            "received_events_url": "https://api.github.com/users/michaelTJC96/received_events",
            "type": "User",
            "user_view_type": "public",
            "site_admin": false
        },
        "labels": [],
        "state": "open",
        "locked": false,
        "assignee": null,
        "assignees": [],
        "milestone": null,
        "comments": 2,
        "created_at": "2021-09-26T18:20:01Z",
        "updated_at": "2023-02-21T18:22:06Z",
        "closed_at": null,
        "author_association": "NONE",
        "type": null,
        "active_lock_reason": null,
        "sub_issues_summary": {
            "total": 0,
            "completed": 0,
            "percent_completed": 0
        },
        "body": "Hi there, I am performing the label flipping attack feasibility, but how do I see the results according to Table (2) in the paper? Is it in the log? or results.csv? What are the values in results.csv about?\r\n\r\n![image](https://user-images.githubusercontent.com/53596227/134819525-5a745070-eaa1-4480-8254-ffa27c970288.png)\r\n",
        "closed_by": null,
        "reactions": {
            "url": "https://api.github.com/repos/git-disl/DataPoisoning_FL/issues/5/reactions",
            "total_count": 0,
            "+1": 0,
            "-1": 0,
            "laugh": 0,
            "hooray": 0,
            "confused": 0,
            "heart": 0,
            "rocket": 0,
            "eyes": 0
        },
        "timeline_url": "https://api.github.com/repos/git-disl/DataPoisoning_FL/issues/5/timeline",
        "performed_via_github_app": null,
        "state_reason": null
    },
    {
        "url": "https://api.github.com/repos/git-disl/DataPoisoning_FL/issues/3",
        "repository_url": "https://api.github.com/repos/git-disl/DataPoisoning_FL",
        "labels_url": "https://api.github.com/repos/git-disl/DataPoisoning_FL/issues/3/labels{/name}",
        "comments_url": "https://api.github.com/repos/git-disl/DataPoisoning_FL/issues/3/comments",
        "events_url": "https://api.github.com/repos/git-disl/DataPoisoning_FL/issues/3/events",
        "html_url": "https://github.com/git-disl/DataPoisoning_FL/issues/3",
        "id": 919799646,
        "node_id": "MDU6SXNzdWU5MTk3OTk2NDY=",
        "number": 3,
        "title": "here, Malicious participants are not visible with mentioned settings.  How to get output as in paper?",
        "user": {
            "login": "AriesQa",
            "id": 85681572,
            "node_id": "MDQ6VXNlcjg1NjgxNTcy",
            "avatar_url": "https://avatars.githubusercontent.com/u/85681572?v=4",
            "gravatar_id": "",
            "url": "https://api.github.com/users/AriesQa",
            "html_url": "https://github.com/AriesQa",
            "followers_url": "https://api.github.com/users/AriesQa/followers",
            "following_url": "https://api.github.com/users/AriesQa/following{/other_user}",
            "gists_url": "https://api.github.com/users/AriesQa/gists{/gist_id}",
            "starred_url": "https://api.github.com/users/AriesQa/starred{/owner}{/repo}",
            "subscriptions_url": "https://api.github.com/users/AriesQa/subscriptions",
            "organizations_url": "https://api.github.com/users/AriesQa/orgs",
            "repos_url": "https://api.github.com/users/AriesQa/repos",
            "events_url": "https://api.github.com/users/AriesQa/events{/privacy}",
            "received_events_url": "https://api.github.com/users/AriesQa/received_events",
            "type": "User",
            "user_view_type": "public",
            "site_admin": false
        },
        "labels": [],
        "state": "open",
        "locked": false,
        "assignee": null,
        "assignees": [],
        "milestone": null,
        "comments": 10,
        "created_at": "2021-06-13T13:29:53Z",
        "updated_at": "2023-01-26T00:47:24Z",
        "closed_at": null,
        "author_association": "NONE",
        "type": null,
        "active_lock_reason": null,
        "sub_issues_summary": {
            "total": 0,
            "completed": 0,
            "percent_completed": 0
        },
        "body": "here, Malicious participants are not visible with mentioned settings.  How to get output as in paper?\r\n\r\n![defense_results](https://user-images.githubusercontent.com/85681572/121517521-ea09ec00-ca08-11eb-9863-fe653b9beaa8.jpg)\r\n\r\n_Originally posted by @AriesQa in https://github.com/git-disl/DataPoisoning_FL/issues/1#issuecomment-858541844_",
        "closed_by": null,
        "reactions": {
            "url": "https://api.github.com/repos/git-disl/DataPoisoning_FL/issues/3/reactions",
            "total_count": 0,
            "+1": 0,
            "-1": 0,
            "laugh": 0,
            "hooray": 0,
            "confused": 0,
            "heart": 0,
            "rocket": 0,
            "eyes": 0
        },
        "timeline_url": "https://api.github.com/repos/git-disl/DataPoisoning_FL/issues/3/timeline",
        "performed_via_github_app": null,
        "state_reason": null
    },
    {
        "url": "https://api.github.com/repos/git-disl/DataPoisoning_FL/issues/2",
        "repository_url": "https://api.github.com/repos/git-disl/DataPoisoning_FL",
        "labels_url": "https://api.github.com/repos/git-disl/DataPoisoning_FL/issues/2/labels{/name}",
        "comments_url": "https://api.github.com/repos/git-disl/DataPoisoning_FL/issues/2/comments",
        "events_url": "https://api.github.com/repos/git-disl/DataPoisoning_FL/issues/2/events",
        "html_url": "https://github.com/git-disl/DataPoisoning_FL/issues/2",
        "id": 887932607,
        "node_id": "MDU6SXNzdWU4ODc5MzI2MDc=",
        "number": 2,
        "title": "Defence Results are not like in the paper",
        "user": {
            "login": "EdaErdol",
            "id": 76816751,
            "node_id": "MDQ6VXNlcjc2ODE2NzUx",
            "avatar_url": "https://avatars.githubusercontent.com/u/76816751?v=4",
            "gravatar_id": "",
            "url": "https://api.github.com/users/EdaErdol",
            "html_url": "https://github.com/EdaErdol",
            "followers_url": "https://api.github.com/users/EdaErdol/followers",
            "following_url": "https://api.github.com/users/EdaErdol/following{/other_user}",
            "gists_url": "https://api.github.com/users/EdaErdol/gists{/gist_id}",
            "starred_url": "https://api.github.com/users/EdaErdol/starred{/owner}{/repo}",
            "subscriptions_url": "https://api.github.com/users/EdaErdol/subscriptions",
            "organizations_url": "https://api.github.com/users/EdaErdol/orgs",
            "repos_url": "https://api.github.com/users/EdaErdol/repos",
            "events_url": "https://api.github.com/users/EdaErdol/events{/privacy}",
            "received_events_url": "https://api.github.com/users/EdaErdol/received_events",
            "type": "User",
            "user_view_type": "public",
            "site_admin": false
        },
        "labels": [],
        "state": "closed",
        "locked": false,
        "assignee": null,
        "assignees": [],
        "milestone": null,
        "comments": 3,
        "created_at": "2021-05-11T17:16:19Z",
        "updated_at": "2023-04-20T10:51:47Z",
        "closed_at": "2021-05-12T13:48:17Z",
        "author_association": "NONE",
        "type": null,
        "active_lock_reason": null,
        "sub_issues_summary": {
            "total": 0,
            "completed": 0,
            "percent_completed": 0
        },
        "body": "Hello,\r\nI ran your code with the changes at [issue 1](https://github.com/git-disl/DataPoisoning_FL/issues/1). However, the results of defense.py is not like in the papers. Poisoned workers are not clustered such as in the paper. Instead of clustering their PCA results scatter accross the graph. For example I tried with only 2 poisoned workers, but here is the defense result. Is there anything else I am missing? I ran the native code with the changes at [issue 1](https://github.com/git-disl/DataPoisoning_FL/issues/1). I hope to hearing from you soon. Thank you for sharing your work.\r\n![defense_results](https://user-images.githubusercontent.com/76816751/117857369-9af35e80-b284-11eb-830b-34f4cc211d3d.jpg)\r\n\r\nBest regards.",
        "closed_by": {
            "login": "EdaErdol",
            "id": 76816751,
            "node_id": "MDQ6VXNlcjc2ODE2NzUx",
            "avatar_url": "https://avatars.githubusercontent.com/u/76816751?v=4",
            "gravatar_id": "",
            "url": "https://api.github.com/users/EdaErdol",
            "html_url": "https://github.com/EdaErdol",
            "followers_url": "https://api.github.com/users/EdaErdol/followers",
            "following_url": "https://api.github.com/users/EdaErdol/following{/other_user}",
            "gists_url": "https://api.github.com/users/EdaErdol/gists{/gist_id}",
            "starred_url": "https://api.github.com/users/EdaErdol/starred{/owner}{/repo}",
            "subscriptions_url": "https://api.github.com/users/EdaErdol/subscriptions",
            "organizations_url": "https://api.github.com/users/EdaErdol/orgs",
            "repos_url": "https://api.github.com/users/EdaErdol/repos",
            "events_url": "https://api.github.com/users/EdaErdol/events{/privacy}",
            "received_events_url": "https://api.github.com/users/EdaErdol/received_events",
            "type": "User",
            "user_view_type": "public",
            "site_admin": false
        },
        "reactions": {
            "url": "https://api.github.com/repos/git-disl/DataPoisoning_FL/issues/2/reactions",
            "total_count": 0,
            "+1": 0,
            "-1": 0,
            "laugh": 0,
            "hooray": 0,
            "confused": 0,
            "heart": 0,
            "rocket": 0,
            "eyes": 0
        },
        "timeline_url": "https://api.github.com/repos/git-disl/DataPoisoning_FL/issues/2/timeline",
        "performed_via_github_app": null,
        "state_reason": "completed"
    }
]