[
    {
        "url": "https://api.github.com/repos/google/fedjax/issues/301",
        "repository_url": "https://api.github.com/repos/google/fedjax",
        "labels_url": "https://api.github.com/repos/google/fedjax/issues/301/labels{/name}",
        "comments_url": "https://api.github.com/repos/google/fedjax/issues/301/comments",
        "events_url": "https://api.github.com/repos/google/fedjax/issues/301/events",
        "html_url": "https://github.com/google/fedjax/issues/301",
        "id": 1698775313,
        "node_id": "I_kwDOE0qM1s5lQUER",
        "number": 301,
        "title": "Error of the Stackoverflow Tokernizer example",
        "user": {
            "login": "WilliamYi96",
            "id": 20251714,
            "node_id": "MDQ6VXNlcjIwMjUxNzE0",
            "avatar_url": "https://avatars.githubusercontent.com/u/20251714?v=4",
            "gravatar_id": "",
            "url": "https://api.github.com/users/WilliamYi96",
            "html_url": "https://github.com/WilliamYi96",
            "followers_url": "https://api.github.com/users/WilliamYi96/followers",
            "following_url": "https://api.github.com/users/WilliamYi96/following{/other_user}",
            "gists_url": "https://api.github.com/users/WilliamYi96/gists{/gist_id}",
            "starred_url": "https://api.github.com/users/WilliamYi96/starred{/owner}{/repo}",
            "subscriptions_url": "https://api.github.com/users/WilliamYi96/subscriptions",
            "organizations_url": "https://api.github.com/users/WilliamYi96/orgs",
            "repos_url": "https://api.github.com/users/WilliamYi96/repos",
            "events_url": "https://api.github.com/users/WilliamYi96/events{/privacy}",
            "received_events_url": "https://api.github.com/users/WilliamYi96/received_events",
            "type": "User",
            "user_view_type": "public",
            "site_admin": false
        },
        "labels": [],
        "state": "open",
        "locked": false,
        "assignee": null,
        "assignees": [],
        "milestone": null,
        "comments": 1,
        "created_at": "2023-05-06T20:55:24Z",
        "updated_at": "2023-05-19T16:54:10Z",
        "closed_at": null,
        "author_association": "NONE",
        "type": null,
        "active_lock_reason": null,
        "sub_issues_summary": {
            "total": 0,
            "completed": 0,
            "percent_completed": 0
        },
        "body": "TensorFlow version: 2.5.3\r\nfedjax version: 0.0.16\r\njax version: 0.4.8\r\n\r\nWhen I follow the docs (https://fedjax.readthedocs.io/en/latest/fedjax.datasets.html#fedjax.datasets.stackoverflow.load_data) to process the Stackoverflow dataset by using\r\n\r\n```\r\nfrom fedjax.datasets import stackoverflow\r\n# Load partially preprocessed splits.\r\ntrain, held_out, test = stackoverflow.load_data(cache_dir='../data')\r\n# Apply tokenizer during batching.\r\nTokenizer = stackoverflow.StackoverflowTokenizer()\r\ntrain_max_length, eval_max_length = 20, 30\r\ntrain_for_train = train.preprocess_batch(\r\n    tokenizer.as_preprocess_batch(train_max_length))\r\ntrain_for_eval = train.preprocess_batch(\r\n    tokenizer.as_preprocess_batch(eval_max_length))\r\n```\r\n\r\nIt has the following error:\r\n\r\n```\r\n2023-05-06 23:46:33.460149: W tensorflow/core/platform/cloud/google_auth_provider.cc:184] All attempts to get a Google authentication bearer token failed, returning an empty token. Retrieving token from files failed with \"Not found: Could not locate the credentials file.\". Retrieving token from GCE failed with \"Failed precondition: Error executing an HTTP request: libcurl code 6 meaning 'Couldn't resolve host name', error details: Could not resolve host: metadata\".\r\nTraceback (most recent call last):\r\n  File \"test.py\", line 26, in <module>\r\n    tokenizer = stackoverflow.StackoverflowTokenizer()\r\n  File \"/home/yik/anaconda2/envs/fl/lib/python3.8/site-packages/fedjax/datasets/stackoverflow.py\", line 185, in __init__\r\n    self._table = tf.lookup.StaticVocabularyTable(\r\n  File \"/home/yik/anaconda2/envs/fl/lib/python3.8/site-packages/tensorflow/python/ops/lookup_ops.py\", line 1255, in __init__\r\n    raise TypeError(\"Invalid key dtype, expected one of %s, but got %s.\" %\r\nTypeError: Invalid key dtype, expected one of (tf.int64, tf.string), but got <dtype: 'float32'>.\r\nException ignored in: <function CapturableResource.__del__ at 0x2b2156f4c040>\r\nTraceback (most recent call last):\r\n  File \"/home/yik/anaconda2/envs/fl/lib/python3.8/site-packages/tensorflow/python/training/tracking/tracking.py\", line 269, in __del__\r\n    with self._destruction_context():\r\nAttributeError: 'StaticVocabularyTable' object has no attribute '_destruction_context'\r\n```\r\n\r\nCould you please help fix this? ",
        "closed_by": null,
        "reactions": {
            "url": "https://api.github.com/repos/google/fedjax/issues/301/reactions",
            "total_count": 0,
            "+1": 0,
            "-1": 0,
            "laugh": 0,
            "hooray": 0,
            "confused": 0,
            "heart": 0,
            "rocket": 0,
            "eyes": 0
        },
        "timeline_url": "https://api.github.com/repos/google/fedjax/issues/301/timeline",
        "performed_via_github_app": null,
        "state_reason": null
    },
    {
        "url": "https://api.github.com/repos/google/fedjax/issues/289",
        "repository_url": "https://api.github.com/repos/google/fedjax",
        "labels_url": "https://api.github.com/repos/google/fedjax/issues/289/labels{/name}",
        "comments_url": "https://api.github.com/repos/google/fedjax/issues/289/comments",
        "events_url": "https://api.github.com/repos/google/fedjax/issues/289/events",
        "html_url": "https://github.com/google/fedjax/issues/289",
        "id": 1523768967,
        "node_id": "I_kwDOE0qM1s5a0t6H",
        "number": 289,
        "title": "Add support for stateful clients",
        "user": {
            "login": "Lando-L",
            "id": 11271067,
            "node_id": "MDQ6VXNlcjExMjcxMDY3",
            "avatar_url": "https://avatars.githubusercontent.com/u/11271067?v=4",
            "gravatar_id": "",
            "url": "https://api.github.com/users/Lando-L",
            "html_url": "https://github.com/Lando-L",
            "followers_url": "https://api.github.com/users/Lando-L/followers",
            "following_url": "https://api.github.com/users/Lando-L/following{/other_user}",
            "gists_url": "https://api.github.com/users/Lando-L/gists{/gist_id}",
            "starred_url": "https://api.github.com/users/Lando-L/starred{/owner}{/repo}",
            "subscriptions_url": "https://api.github.com/users/Lando-L/subscriptions",
            "organizations_url": "https://api.github.com/users/Lando-L/orgs",
            "repos_url": "https://api.github.com/users/Lando-L/repos",
            "events_url": "https://api.github.com/users/Lando-L/events{/privacy}",
            "received_events_url": "https://api.github.com/users/Lando-L/received_events",
            "type": "User",
            "user_view_type": "public",
            "site_admin": false
        },
        "labels": [],
        "state": "open",
        "locked": false,
        "assignee": null,
        "assignees": [],
        "milestone": null,
        "comments": 8,
        "created_at": "2023-01-07T12:11:57Z",
        "updated_at": "2023-03-12T17:24:22Z",
        "closed_at": null,
        "author_association": "CONTRIBUTOR",
        "type": null,
        "active_lock_reason": null,
        "sub_issues_summary": {
            "total": 0,
            "completed": 0,
            "percent_completed": 0
        },
        "body": "At this moment I don't see how to implement a `fedjax.FederatedAlgorithm` with stateful clients. Which would be necessary to implement personalised federated algorithms. It would be great to include an example similar to the one e.g. in TensorflowFederated.",
        "closed_by": null,
        "reactions": {
            "url": "https://api.github.com/repos/google/fedjax/issues/289/reactions",
            "total_count": 1,
            "+1": 1,
            "-1": 0,
            "laugh": 0,
            "hooray": 0,
            "confused": 0,
            "heart": 0,
            "rocket": 0,
            "eyes": 0
        },
        "timeline_url": "https://api.github.com/repos/google/fedjax/issues/289/timeline",
        "performed_via_github_app": null,
        "state_reason": null
    },
    {
        "url": "https://api.github.com/repos/google/fedjax/issues/268",
        "repository_url": "https://api.github.com/repos/google/fedjax",
        "labels_url": "https://api.github.com/repos/google/fedjax/issues/268/labels{/name}",
        "comments_url": "https://api.github.com/repos/google/fedjax/issues/268/comments",
        "events_url": "https://api.github.com/repos/google/fedjax/issues/268/events",
        "html_url": "https://github.com/google/fedjax/issues/268",
        "id": 1204820498,
        "node_id": "I_kwDOE0qM1s5H0BoS",
        "number": 268,
        "title": "Implement standard CIFAR-100 model in fedjax.models.cifar100",
        "user": {
            "login": "jaehunro",
            "id": 8787226,
            "node_id": "MDQ6VXNlcjg3ODcyMjY=",
            "avatar_url": "https://avatars.githubusercontent.com/u/8787226?v=4",
            "gravatar_id": "",
            "url": "https://api.github.com/users/jaehunro",
            "html_url": "https://github.com/jaehunro",
            "followers_url": "https://api.github.com/users/jaehunro/followers",
            "following_url": "https://api.github.com/users/jaehunro/following{/other_user}",
            "gists_url": "https://api.github.com/users/jaehunro/gists{/gist_id}",
            "starred_url": "https://api.github.com/users/jaehunro/starred{/owner}{/repo}",
            "subscriptions_url": "https://api.github.com/users/jaehunro/subscriptions",
            "organizations_url": "https://api.github.com/users/jaehunro/orgs",
            "repos_url": "https://api.github.com/users/jaehunro/repos",
            "events_url": "https://api.github.com/users/jaehunro/events{/privacy}",
            "received_events_url": "https://api.github.com/users/jaehunro/received_events",
            "type": "User",
            "user_view_type": "public",
            "site_admin": false
        },
        "labels": [
            {
                "id": 2603429396,
                "node_id": "MDU6TGFiZWwyNjAzNDI5Mzk2",
                "url": "https://api.github.com/repos/google/fedjax/labels/enhancement",
                "name": "enhancement",
                "color": "a2eeef",
                "default": true,
                "description": "New feature or request"
            },
            {
                "id": 3127743422,
                "node_id": "MDU6TGFiZWwzMTI3NzQzNDIy",
                "url": "https://api.github.com/repos/google/fedjax/labels/contributions%20welcome",
                "name": "contributions welcome",
                "color": "956A23",
                "default": false,
                "description": "Issues for which community contributions are welcome"
            }
        ],
        "state": "open",
        "locked": false,
        "assignee": null,
        "assignees": [],
        "milestone": null,
        "comments": 1,
        "created_at": "2022-04-14T17:57:46Z",
        "updated_at": "2022-04-19T14:42:00Z",
        "closed_at": null,
        "author_association": "COLLABORATOR",
        "type": null,
        "active_lock_reason": null,
        "sub_issues_summary": {
            "total": 0,
            "completed": 0,
            "percent_completed": 0
        },
        "body": "Add a standard implementation of the model for the CIFAR-100 task. The dataset can be found in [fedjax.datasets.cifar100](https://github.com/google/fedjax/blob/main/fedjax/datasets/cifar100.py).\r\n\r\nFor the model architecture, we should follow [\u201cAdaptive Federated Optimization\u201d](https://arxiv.org/abs/2003.00295). The model architecture is detailed in section 4 as a ResNet-18 (replacing batch norm with group norm). Code for this paper and a Keras implementation of the model can be found [here](https://github.com/google-research/federated/blob/master/utils/models/resnet_models.py). We suggest using either [haiku](https://github.com/deepmind/dm-haiku) or [flax](https://github.com/google/flax) to implement the model for use with JAX.\r\n\r\nIf you choose to use haiku, you can use [fedjax.create_model_from_haiku](https://fedjax.readthedocs.io/en/stable/fedjax.html#fedjax.create_model_from_haiku) to create a fedjax compatible model. If you choose to use flax, wrapping it in a [fedjax.Model](https://fedjax.readthedocs.io/en/stable/fedjax.html#fedjax.Model) is fairly straightforward and we can provide guidance for this.\r\n\r\nA good example to follow is #265 that checks in a simple linear model for CIFAR-100 and includes the model implementation, tests, and baseline results with FedAvg using [this script](https://github.com/google/fedjax/blob/main/experiments/fed_avg/run_fed_avg.py). Make sure to add a flags file similar to https://github.com/google/fedjax/blob/main/experiments/fed_avg/fed_avg.CIFAR100_LOGISTIC.flags and add the new task to https://github.com/google/fedjax/blob/main/fedjax/training/tasks.py.\r\n\r\nThanks for your contributions!\r\n",
        "closed_by": null,
        "reactions": {
            "url": "https://api.github.com/repos/google/fedjax/issues/268/reactions",
            "total_count": 0,
            "+1": 0,
            "-1": 0,
            "laugh": 0,
            "hooray": 0,
            "confused": 0,
            "heart": 0,
            "rocket": 0,
            "eyes": 0
        },
        "timeline_url": "https://api.github.com/repos/google/fedjax/issues/268/timeline",
        "performed_via_github_app": null,
        "state_reason": null
    },
    {
        "url": "https://api.github.com/repos/google/fedjax/issues/262",
        "repository_url": "https://api.github.com/repos/google/fedjax",
        "labels_url": "https://api.github.com/repos/google/fedjax/issues/262/labels{/name}",
        "comments_url": "https://api.github.com/repos/google/fedjax/issues/262/comments",
        "events_url": "https://api.github.com/repos/google/fedjax/issues/262/events",
        "html_url": "https://github.com/google/fedjax/issues/262",
        "id": 1190043779,
        "node_id": "I_kwDOE0qM1s5G7qCD",
        "number": 262,
        "title": "CIFAR 100 Questions",
        "user": {
            "login": "HanGuo97",
            "id": 18187806,
            "node_id": "MDQ6VXNlcjE4MTg3ODA2",
            "avatar_url": "https://avatars.githubusercontent.com/u/18187806?v=4",
            "gravatar_id": "",
            "url": "https://api.github.com/users/HanGuo97",
            "html_url": "https://github.com/HanGuo97",
            "followers_url": "https://api.github.com/users/HanGuo97/followers",
            "following_url": "https://api.github.com/users/HanGuo97/following{/other_user}",
            "gists_url": "https://api.github.com/users/HanGuo97/gists{/gist_id}",
            "starred_url": "https://api.github.com/users/HanGuo97/starred{/owner}{/repo}",
            "subscriptions_url": "https://api.github.com/users/HanGuo97/subscriptions",
            "organizations_url": "https://api.github.com/users/HanGuo97/orgs",
            "repos_url": "https://api.github.com/users/HanGuo97/repos",
            "events_url": "https://api.github.com/users/HanGuo97/events{/privacy}",
            "received_events_url": "https://api.github.com/users/HanGuo97/received_events",
            "type": "User",
            "user_view_type": "public",
            "site_admin": false
        },
        "labels": [],
        "state": "closed",
        "locked": false,
        "assignee": null,
        "assignees": [],
        "milestone": null,
        "comments": 5,
        "created_at": "2022-04-01T16:43:55Z",
        "updated_at": "2022-04-14T17:59:24Z",
        "closed_at": "2022-04-07T21:40:29Z",
        "author_association": "NONE",
        "type": null,
        "active_lock_reason": null,
        "sub_issues_summary": {
            "total": 0,
            "completed": 0,
            "percent_completed": 0
        },
        "body": "Hi, thanks for the awesome library! I want to ask a couple of questions related to CIFAR100 datasets.\r\n\r\n1. I noticed that while the dataset is available in the library, the model is not. Curious if a model for CIFAR100 is work-in-progress, or if there is no short-term plan for this?\r\n2. Looking at the CIFAR100 dataset, this seems to be inconsistent with Google's TFF. Notably, the cropping size and normalizing are done differently from TFF. Is this intentional? Would it be correct to say that we could expect this to mirror TFF's design eventually?\r\n\r\nThanks in advance for all the help!",
        "closed_by": {
            "login": "HanGuo97",
            "id": 18187806,
            "node_id": "MDQ6VXNlcjE4MTg3ODA2",
            "avatar_url": "https://avatars.githubusercontent.com/u/18187806?v=4",
            "gravatar_id": "",
            "url": "https://api.github.com/users/HanGuo97",
            "html_url": "https://github.com/HanGuo97",
            "followers_url": "https://api.github.com/users/HanGuo97/followers",
            "following_url": "https://api.github.com/users/HanGuo97/following{/other_user}",
            "gists_url": "https://api.github.com/users/HanGuo97/gists{/gist_id}",
            "starred_url": "https://api.github.com/users/HanGuo97/starred{/owner}{/repo}",
            "subscriptions_url": "https://api.github.com/users/HanGuo97/subscriptions",
            "organizations_url": "https://api.github.com/users/HanGuo97/orgs",
            "repos_url": "https://api.github.com/users/HanGuo97/repos",
            "events_url": "https://api.github.com/users/HanGuo97/events{/privacy}",
            "received_events_url": "https://api.github.com/users/HanGuo97/received_events",
            "type": "User",
            "user_view_type": "public",
            "site_admin": false
        },
        "reactions": {
            "url": "https://api.github.com/repos/google/fedjax/issues/262/reactions",
            "total_count": 0,
            "+1": 0,
            "-1": 0,
            "laugh": 0,
            "hooray": 0,
            "confused": 0,
            "heart": 0,
            "rocket": 0,
            "eyes": 0
        },
        "timeline_url": "https://api.github.com/repos/google/fedjax/issues/262/timeline",
        "performed_via_github_app": null,
        "state_reason": "completed"
    },
    {
        "url": "https://api.github.com/repos/google/fedjax/issues/258",
        "repository_url": "https://api.github.com/repos/google/fedjax",
        "labels_url": "https://api.github.com/repos/google/fedjax/issues/258/labels{/name}",
        "comments_url": "https://api.github.com/repos/google/fedjax/issues/258/comments",
        "events_url": "https://api.github.com/repos/google/fedjax/issues/258/events",
        "html_url": "https://github.com/google/fedjax/issues/258",
        "id": 1155622685,
        "node_id": "I_kwDOE0qM1s5E4Wcd",
        "number": 258,
        "title": "Support for manually modifying client/server learning rate",
        "user": {
            "login": "marcociccone",
            "id": 1114692,
            "node_id": "MDQ6VXNlcjExMTQ2OTI=",
            "avatar_url": "https://avatars.githubusercontent.com/u/1114692?v=4",
            "gravatar_id": "",
            "url": "https://api.github.com/users/marcociccone",
            "html_url": "https://github.com/marcociccone",
            "followers_url": "https://api.github.com/users/marcociccone/followers",
            "following_url": "https://api.github.com/users/marcociccone/following{/other_user}",
            "gists_url": "https://api.github.com/users/marcociccone/gists{/gist_id}",
            "starred_url": "https://api.github.com/users/marcociccone/starred{/owner}{/repo}",
            "subscriptions_url": "https://api.github.com/users/marcociccone/subscriptions",
            "organizations_url": "https://api.github.com/users/marcociccone/orgs",
            "repos_url": "https://api.github.com/users/marcociccone/repos",
            "events_url": "https://api.github.com/users/marcociccone/events{/privacy}",
            "received_events_url": "https://api.github.com/users/marcociccone/received_events",
            "type": "User",
            "user_view_type": "public",
            "site_admin": false
        },
        "labels": [],
        "state": "open",
        "locked": false,
        "assignee": null,
        "assignees": [],
        "milestone": null,
        "comments": 1,
        "created_at": "2022-03-01T17:39:54Z",
        "updated_at": "2022-03-07T23:17:23Z",
        "closed_at": null,
        "author_association": "NONE",
        "type": null,
        "active_lock_reason": null,
        "sub_issues_summary": {
            "total": 0,
            "completed": 0,
            "percent_completed": 0
        },
        "body": "Hi, \r\nI'm playing around with clients learning rate but I cannot find a clean way of modifying it.\r\n\r\nBasically, I need to change the LR following a schedule based on the current round.\r\nIs that possible?\r\n\r\nThanks",
        "closed_by": null,
        "reactions": {
            "url": "https://api.github.com/repos/google/fedjax/issues/258/reactions",
            "total_count": 0,
            "+1": 0,
            "-1": 0,
            "laugh": 0,
            "hooray": 0,
            "confused": 0,
            "heart": 0,
            "rocket": 0,
            "eyes": 0
        },
        "timeline_url": "https://api.github.com/repos/google/fedjax/issues/258/timeline",
        "performed_via_github_app": null,
        "state_reason": null
    },
    {
        "url": "https://api.github.com/repos/google/fedjax/issues/241",
        "repository_url": "https://api.github.com/repos/google/fedjax",
        "labels_url": "https://api.github.com/repos/google/fedjax/issues/241/labels{/name}",
        "comments_url": "https://api.github.com/repos/google/fedjax/issues/241/comments",
        "events_url": "https://api.github.com/repos/google/fedjax/issues/241/events",
        "html_url": "https://github.com/google/fedjax/issues/241",
        "id": 1100900305,
        "node_id": "I_kwDOE0qM1s5BnmfR",
        "number": 241,
        "title": "Support for gldv2 and inaturalist datasets",
        "user": {
            "login": "marcociccone",
            "id": 1114692,
            "node_id": "MDQ6VXNlcjExMTQ2OTI=",
            "avatar_url": "https://avatars.githubusercontent.com/u/1114692?v=4",
            "gravatar_id": "",
            "url": "https://api.github.com/users/marcociccone",
            "html_url": "https://github.com/marcociccone",
            "followers_url": "https://api.github.com/users/marcociccone/followers",
            "following_url": "https://api.github.com/users/marcociccone/following{/other_user}",
            "gists_url": "https://api.github.com/users/marcociccone/gists{/gist_id}",
            "starred_url": "https://api.github.com/users/marcociccone/starred{/owner}{/repo}",
            "subscriptions_url": "https://api.github.com/users/marcociccone/subscriptions",
            "organizations_url": "https://api.github.com/users/marcociccone/orgs",
            "repos_url": "https://api.github.com/users/marcociccone/repos",
            "events_url": "https://api.github.com/users/marcociccone/events{/privacy}",
            "received_events_url": "https://api.github.com/users/marcociccone/received_events",
            "type": "User",
            "user_view_type": "public",
            "site_admin": false
        },
        "labels": [],
        "state": "open",
        "locked": false,
        "assignee": null,
        "assignees": [],
        "milestone": null,
        "comments": 7,
        "created_at": "2022-01-12T23:18:59Z",
        "updated_at": "2022-01-20T12:30:23Z",
        "closed_at": null,
        "author_association": "NONE",
        "type": null,
        "active_lock_reason": null,
        "sub_issues_summary": {
            "total": 0,
            "completed": 0,
            "percent_completed": 0
        },
        "body": "I think it would be great to port these datasets from tff to fedjax.\r\nI would be happy to make the effort and contribute to the library, but I need a bit of support from the fedjax team \ud83d\ude42\r\n\r\nBy looking at the tff codebase ([gldv2](https://github.com/tensorflow/federated/blob/ea8e3ca2797f3d268f96f94e052cebff9be27705/tensorflow_federated/python/simulation/datasets/gldv2.py), [inaturalist](https://github.com/tensorflow/federated/blob/ea8e3ca2797f3d268f96f94e052cebff9be27705/tensorflow_federated/python/simulation/datasets/inaturalist.py)) it looks that [load_data_from_cache](https://github.com/tensorflow/federated/blob/ea8e3ca2797f3d268f96f94e052cebff9be27705/tensorflow_federated/python/simulation/datasets/vision_datasets_utils.py#L86-L109) function creates a tfrecords file for each client.\r\n\r\nThe only concrete classes that I see are `SQLiteFederatedData` and `InMemoryFederatedData`, but I don't think they are meant for this use case. What would be the best way to map the clients into a `FederatedDataset`?\r\nWe could replicate something like [FilePerUserClientData](https://github.com/tensorflow/federated/blob/ea8e3ca2797f3d268f96f94e052cebff9be27705/tensorflow_federated/python/simulation/datasets/file_per_user_client_data.py#L27).\r\n\r\nThanks!\r\n\r\n",
        "closed_by": null,
        "reactions": {
            "url": "https://api.github.com/repos/google/fedjax/issues/241/reactions",
            "total_count": 0,
            "+1": 0,
            "-1": 0,
            "laugh": 0,
            "hooray": 0,
            "confused": 0,
            "heart": 0,
            "rocket": 0,
            "eyes": 0
        },
        "timeline_url": "https://api.github.com/repos/google/fedjax/issues/241/timeline",
        "performed_via_github_app": null,
        "state_reason": null
    },
    {
        "url": "https://api.github.com/repos/google/fedjax/issues/239",
        "repository_url": "https://api.github.com/repos/google/fedjax",
        "labels_url": "https://api.github.com/repos/google/fedjax/issues/239/labels{/name}",
        "comments_url": "https://api.github.com/repos/google/fedjax/issues/239/comments",
        "events_url": "https://api.github.com/repos/google/fedjax/issues/239/events",
        "html_url": "https://github.com/google/fedjax/issues/239",
        "id": 1090738792,
        "node_id": "I_kwDOE0qM1s5BA1po",
        "number": 239,
        "title": "Support for haiku models with non-trainable state",
        "user": {
            "login": "marcociccone",
            "id": 1114692,
            "node_id": "MDQ6VXNlcjExMTQ2OTI=",
            "avatar_url": "https://avatars.githubusercontent.com/u/1114692?v=4",
            "gravatar_id": "",
            "url": "https://api.github.com/users/marcociccone",
            "html_url": "https://github.com/marcociccone",
            "followers_url": "https://api.github.com/users/marcociccone/followers",
            "following_url": "https://api.github.com/users/marcociccone/following{/other_user}",
            "gists_url": "https://api.github.com/users/marcociccone/gists{/gist_id}",
            "starred_url": "https://api.github.com/users/marcociccone/starred{/owner}{/repo}",
            "subscriptions_url": "https://api.github.com/users/marcociccone/subscriptions",
            "organizations_url": "https://api.github.com/users/marcociccone/orgs",
            "repos_url": "https://api.github.com/users/marcociccone/repos",
            "events_url": "https://api.github.com/users/marcociccone/events{/privacy}",
            "received_events_url": "https://api.github.com/users/marcociccone/received_events",
            "type": "User",
            "user_view_type": "public",
            "site_admin": false
        },
        "labels": [],
        "state": "open",
        "locked": false,
        "assignee": null,
        "assignees": [],
        "milestone": null,
        "comments": 2,
        "created_at": "2021-12-29T20:38:58Z",
        "updated_at": "2022-01-05T13:27:26Z",
        "closed_at": null,
        "author_association": "NONE",
        "type": null,
        "active_lock_reason": null,
        "sub_issues_summary": {
            "total": 0,
            "completed": 0,
            "percent_completed": 0
        },
        "body": "Hi! \r\ncongrats on this great library! I've started using it a few days ago and I love it!\r\n\r\nIs there any way to use a haiku model with a non-trainable state (e.g. to use batch norm)?\r\nI didn't find any nontrivial way, but maybe I'm missing something.\r\n\r\nThanks a lot for your help!",
        "closed_by": null,
        "reactions": {
            "url": "https://api.github.com/repos/google/fedjax/issues/239/reactions",
            "total_count": 0,
            "+1": 0,
            "-1": 0,
            "laugh": 0,
            "hooray": 0,
            "confused": 0,
            "heart": 0,
            "rocket": 0,
            "eyes": 0
        },
        "timeline_url": "https://api.github.com/repos/google/fedjax/issues/239/timeline",
        "performed_via_github_app": null,
        "state_reason": null
    },
    {
        "url": "https://api.github.com/repos/google/fedjax/issues/237",
        "repository_url": "https://api.github.com/repos/google/fedjax",
        "labels_url": "https://api.github.com/repos/google/fedjax/issues/237/labels{/name}",
        "comments_url": "https://api.github.com/repos/google/fedjax/issues/237/comments",
        "events_url": "https://api.github.com/repos/google/fedjax/issues/237/events",
        "html_url": "https://github.com/google/fedjax/issues/237",
        "id": 1090487913,
        "node_id": "I_kwDOE0qM1s5A_4Zp",
        "number": 237,
        "title": "Problem of Quick Start in Readme.md",
        "user": {
            "login": "Ichiruchan",
            "id": 61850562,
            "node_id": "MDQ6VXNlcjYxODUwNTYy",
            "avatar_url": "https://avatars.githubusercontent.com/u/61850562?v=4",
            "gravatar_id": "",
            "url": "https://api.github.com/users/Ichiruchan",
            "html_url": "https://github.com/Ichiruchan",
            "followers_url": "https://api.github.com/users/Ichiruchan/followers",
            "following_url": "https://api.github.com/users/Ichiruchan/following{/other_user}",
            "gists_url": "https://api.github.com/users/Ichiruchan/gists{/gist_id}",
            "starred_url": "https://api.github.com/users/Ichiruchan/starred{/owner}{/repo}",
            "subscriptions_url": "https://api.github.com/users/Ichiruchan/subscriptions",
            "organizations_url": "https://api.github.com/users/Ichiruchan/orgs",
            "repos_url": "https://api.github.com/users/Ichiruchan/repos",
            "events_url": "https://api.github.com/users/Ichiruchan/events{/privacy}",
            "received_events_url": "https://api.github.com/users/Ichiruchan/received_events",
            "type": "User",
            "user_view_type": "public",
            "site_admin": false
        },
        "labels": [],
        "state": "closed",
        "locked": false,
        "assignee": {
            "login": "jaehunro",
            "id": 8787226,
            "node_id": "MDQ6VXNlcjg3ODcyMjY=",
            "avatar_url": "https://avatars.githubusercontent.com/u/8787226?v=4",
            "gravatar_id": "",
            "url": "https://api.github.com/users/jaehunro",
            "html_url": "https://github.com/jaehunro",
            "followers_url": "https://api.github.com/users/jaehunro/followers",
            "following_url": "https://api.github.com/users/jaehunro/following{/other_user}",
            "gists_url": "https://api.github.com/users/jaehunro/gists{/gist_id}",
            "starred_url": "https://api.github.com/users/jaehunro/starred{/owner}{/repo}",
            "subscriptions_url": "https://api.github.com/users/jaehunro/subscriptions",
            "organizations_url": "https://api.github.com/users/jaehunro/orgs",
            "repos_url": "https://api.github.com/users/jaehunro/repos",
            "events_url": "https://api.github.com/users/jaehunro/events{/privacy}",
            "received_events_url": "https://api.github.com/users/jaehunro/received_events",
            "type": "User",
            "user_view_type": "public",
            "site_admin": false
        },
        "assignees": [
            {
                "login": "jaehunro",
                "id": 8787226,
                "node_id": "MDQ6VXNlcjg3ODcyMjY=",
                "avatar_url": "https://avatars.githubusercontent.com/u/8787226?v=4",
                "gravatar_id": "",
                "url": "https://api.github.com/users/jaehunro",
                "html_url": "https://github.com/jaehunro",
                "followers_url": "https://api.github.com/users/jaehunro/followers",
                "following_url": "https://api.github.com/users/jaehunro/following{/other_user}",
                "gists_url": "https://api.github.com/users/jaehunro/gists{/gist_id}",
                "starred_url": "https://api.github.com/users/jaehunro/starred{/owner}{/repo}",
                "subscriptions_url": "https://api.github.com/users/jaehunro/subscriptions",
                "organizations_url": "https://api.github.com/users/jaehunro/orgs",
                "repos_url": "https://api.github.com/users/jaehunro/repos",
                "events_url": "https://api.github.com/users/jaehunro/events{/privacy}",
                "received_events_url": "https://api.github.com/users/jaehunro/received_events",
                "type": "User",
                "user_view_type": "public",
                "site_admin": false
            }
        ],
        "milestone": null,
        "comments": 2,
        "created_at": "2021-12-29T12:28:18Z",
        "updated_at": "2022-01-06T17:29:56Z",
        "closed_at": "2022-01-06T17:29:56Z",
        "author_association": "NONE",
        "type": null,
        "active_lock_reason": null,
        "sub_issues_summary": {
            "total": 0,
            "completed": 0,
            "percent_completed": 0
        },
        "body": "I tried to run the code in the QuickStart and I found some problems.\r\n`federated_data = fedjax.FederatedData()` can not be executed because it is an abstract class. So I replaced it as \r\n```\r\nclient_a_data = {\r\n        'x': np.array([[1.0, 2.0, 3.0], [4.0, 5.0, 6.0]]),\r\n        'y': np.array([7, 8])\r\n    }\r\nclient_b_data = {'x': np.array([[9.0, 10.0, 11.0]]), 'y': np.array([12])}\r\nclient_to_data_mapping = {'a': client_a_data, 'b': client_b_data}\r\nfederated_data = fedjax.InMemoryFederatedData(client_to_data_mapping)\r\n```\r\nThe other things are same as the QuickStart, but i got an error\r\n```\r\nfor client_id, client_output, _ in func(shared_input, clients):\r\nfor client_id, client_batches, client_input in clients:\r\nValueError: not enough values to unpack (expected 3, got 2)\r\n```\r\nIt seems that `client_batches` is missing and we need to batch the dataset, but there is no example which fits this situation.\r\n",
        "closed_by": {
            "login": "jaehunro",
            "id": 8787226,
            "node_id": "MDQ6VXNlcjg3ODcyMjY=",
            "avatar_url": "https://avatars.githubusercontent.com/u/8787226?v=4",
            "gravatar_id": "",
            "url": "https://api.github.com/users/jaehunro",
            "html_url": "https://github.com/jaehunro",
            "followers_url": "https://api.github.com/users/jaehunro/followers",
            "following_url": "https://api.github.com/users/jaehunro/following{/other_user}",
            "gists_url": "https://api.github.com/users/jaehunro/gists{/gist_id}",
            "starred_url": "https://api.github.com/users/jaehunro/starred{/owner}{/repo}",
            "subscriptions_url": "https://api.github.com/users/jaehunro/subscriptions",
            "organizations_url": "https://api.github.com/users/jaehunro/orgs",
            "repos_url": "https://api.github.com/users/jaehunro/repos",
            "events_url": "https://api.github.com/users/jaehunro/events{/privacy}",
            "received_events_url": "https://api.github.com/users/jaehunro/received_events",
            "type": "User",
            "user_view_type": "public",
            "site_admin": false
        },
        "reactions": {
            "url": "https://api.github.com/repos/google/fedjax/issues/237/reactions",
            "total_count": 1,
            "+1": 1,
            "-1": 0,
            "laugh": 0,
            "hooray": 0,
            "confused": 0,
            "heart": 0,
            "rocket": 0,
            "eyes": 0
        },
        "timeline_url": "https://api.github.com/repos/google/fedjax/issues/237/timeline",
        "performed_via_github_app": null,
        "state_reason": "completed"
    },
    {
        "url": "https://api.github.com/repos/google/fedjax/issues/229",
        "repository_url": "https://api.github.com/repos/google/fedjax",
        "labels_url": "https://api.github.com/repos/google/fedjax/issues/229/labels{/name}",
        "comments_url": "https://api.github.com/repos/google/fedjax/issues/229/comments",
        "events_url": "https://api.github.com/repos/google/fedjax/issues/229/events",
        "html_url": "https://github.com/google/fedjax/issues/229",
        "id": 1050266436,
        "node_id": "I_kwDOE0qM1s4-mctE",
        "number": 229,
        "title": "How to create a validation dataset?",
        "user": {
            "login": "gaseln",
            "id": 26350693,
            "node_id": "MDQ6VXNlcjI2MzUwNjkz",
            "avatar_url": "https://avatars.githubusercontent.com/u/26350693?v=4",
            "gravatar_id": "",
            "url": "https://api.github.com/users/gaseln",
            "html_url": "https://github.com/gaseln",
            "followers_url": "https://api.github.com/users/gaseln/followers",
            "following_url": "https://api.github.com/users/gaseln/following{/other_user}",
            "gists_url": "https://api.github.com/users/gaseln/gists{/gist_id}",
            "starred_url": "https://api.github.com/users/gaseln/starred{/owner}{/repo}",
            "subscriptions_url": "https://api.github.com/users/gaseln/subscriptions",
            "organizations_url": "https://api.github.com/users/gaseln/orgs",
            "repos_url": "https://api.github.com/users/gaseln/repos",
            "events_url": "https://api.github.com/users/gaseln/events{/privacy}",
            "received_events_url": "https://api.github.com/users/gaseln/received_events",
            "type": "User",
            "user_view_type": "public",
            "site_admin": false
        },
        "labels": [],
        "state": "open",
        "locked": false,
        "assignee": null,
        "assignees": [],
        "milestone": null,
        "comments": 4,
        "created_at": "2021-11-10T20:12:24Z",
        "updated_at": "2021-11-11T22:03:28Z",
        "closed_at": null,
        "author_association": "NONE",
        "type": null,
        "active_lock_reason": null,
        "sub_issues_summary": {
            "total": 0,
            "completed": 0,
            "percent_completed": 0
        },
        "body": "Hello!\r\n\r\nI may need to split each client's train dataset into train and validation parts for grid search purposes (for example, tuning the stepsizes in a method). How can this be achieved in the framework? ",
        "closed_by": null,
        "reactions": {
            "url": "https://api.github.com/repos/google/fedjax/issues/229/reactions",
            "total_count": 0,
            "+1": 0,
            "-1": 0,
            "laugh": 0,
            "hooray": 0,
            "confused": 0,
            "heart": 0,
            "rocket": 0,
            "eyes": 0
        },
        "timeline_url": "https://api.github.com/repos/google/fedjax/issues/229/timeline",
        "performed_via_github_app": null,
        "state_reason": null
    },
    {
        "url": "https://api.github.com/repos/google/fedjax/issues/218",
        "repository_url": "https://api.github.com/repos/google/fedjax",
        "labels_url": "https://api.github.com/repos/google/fedjax/issues/218/labels{/name}",
        "comments_url": "https://api.github.com/repos/google/fedjax/issues/218/comments",
        "events_url": "https://api.github.com/repos/google/fedjax/issues/218/events",
        "html_url": "https://github.com/google/fedjax/issues/218",
        "id": 1037347488,
        "node_id": "I_kwDOE0qM1s491Kqg",
        "number": 218,
        "title": "FedJax depends on TensorFlow Federated?",
        "user": {
            "login": "davidrpugh",
            "id": 2219562,
            "node_id": "MDQ6VXNlcjIyMTk1NjI=",
            "avatar_url": "https://avatars.githubusercontent.com/u/2219562?v=4",
            "gravatar_id": "",
            "url": "https://api.github.com/users/davidrpugh",
            "html_url": "https://github.com/davidrpugh",
            "followers_url": "https://api.github.com/users/davidrpugh/followers",
            "following_url": "https://api.github.com/users/davidrpugh/following{/other_user}",
            "gists_url": "https://api.github.com/users/davidrpugh/gists{/gist_id}",
            "starred_url": "https://api.github.com/users/davidrpugh/starred{/owner}{/repo}",
            "subscriptions_url": "https://api.github.com/users/davidrpugh/subscriptions",
            "organizations_url": "https://api.github.com/users/davidrpugh/orgs",
            "repos_url": "https://api.github.com/users/davidrpugh/repos",
            "events_url": "https://api.github.com/users/davidrpugh/events{/privacy}",
            "received_events_url": "https://api.github.com/users/davidrpugh/received_events",
            "type": "User",
            "user_view_type": "public",
            "site_admin": false
        },
        "labels": [],
        "state": "closed",
        "locked": false,
        "assignee": null,
        "assignees": [],
        "milestone": null,
        "comments": 7,
        "created_at": "2021-10-27T12:14:53Z",
        "updated_at": "2022-01-04T19:53:25Z",
        "closed_at": "2022-01-04T19:53:25Z",
        "author_association": "NONE",
        "type": null,
        "active_lock_reason": null,
        "sub_issues_summary": {
            "total": 0,
            "completed": 0,
            "percent_completed": 0
        },
        "body": "I am helping users install FedJax for use in their federated learning research projects and I noticed that installing FedJax is pulling in TensorFlow Federated (0.17) and TensorFlow (2.3). I don't see either of these listed as dependencies of FedJax so I am trying to understand why they are being pulled in by `pip install fedjax`.",
        "closed_by": {
            "login": "kho",
            "id": 460372,
            "node_id": "MDQ6VXNlcjQ2MDM3Mg==",
            "avatar_url": "https://avatars.githubusercontent.com/u/460372?v=4",
            "gravatar_id": "",
            "url": "https://api.github.com/users/kho",
            "html_url": "https://github.com/kho",
            "followers_url": "https://api.github.com/users/kho/followers",
            "following_url": "https://api.github.com/users/kho/following{/other_user}",
            "gists_url": "https://api.github.com/users/kho/gists{/gist_id}",
            "starred_url": "https://api.github.com/users/kho/starred{/owner}{/repo}",
            "subscriptions_url": "https://api.github.com/users/kho/subscriptions",
            "organizations_url": "https://api.github.com/users/kho/orgs",
            "repos_url": "https://api.github.com/users/kho/repos",
            "events_url": "https://api.github.com/users/kho/events{/privacy}",
            "received_events_url": "https://api.github.com/users/kho/received_events",
            "type": "User",
            "user_view_type": "public",
            "site_admin": false
        },
        "reactions": {
            "url": "https://api.github.com/repos/google/fedjax/issues/218/reactions",
            "total_count": 0,
            "+1": 0,
            "-1": 0,
            "laugh": 0,
            "hooray": 0,
            "confused": 0,
            "heart": 0,
            "rocket": 0,
            "eyes": 0
        },
        "timeline_url": "https://api.github.com/repos/google/fedjax/issues/218/timeline",
        "performed_via_github_app": null,
        "state_reason": "completed"
    },
    {
        "url": "https://api.github.com/repos/google/fedjax/issues/215",
        "repository_url": "https://api.github.com/repos/google/fedjax",
        "labels_url": "https://api.github.com/repos/google/fedjax/issues/215/labels{/name}",
        "comments_url": "https://api.github.com/repos/google/fedjax/issues/215/comments",
        "events_url": "https://api.github.com/repos/google/fedjax/issues/215/events",
        "html_url": "https://github.com/google/fedjax/issues/215",
        "id": 1034450394,
        "node_id": "I_kwDOE0qM1s49qHXa",
        "number": 215,
        "title": "Full EMNIST example does not exhibit parallelization",
        "user": {
            "login": "gaseln",
            "id": 26350693,
            "node_id": "MDQ6VXNlcjI2MzUwNjkz",
            "avatar_url": "https://avatars.githubusercontent.com/u/26350693?v=4",
            "gravatar_id": "",
            "url": "https://api.github.com/users/gaseln",
            "html_url": "https://github.com/gaseln",
            "followers_url": "https://api.github.com/users/gaseln/followers",
            "following_url": "https://api.github.com/users/gaseln/following{/other_user}",
            "gists_url": "https://api.github.com/users/gaseln/gists{/gist_id}",
            "starred_url": "https://api.github.com/users/gaseln/starred{/owner}{/repo}",
            "subscriptions_url": "https://api.github.com/users/gaseln/subscriptions",
            "organizations_url": "https://api.github.com/users/gaseln/orgs",
            "repos_url": "https://api.github.com/users/gaseln/repos",
            "events_url": "https://api.github.com/users/gaseln/events{/privacy}",
            "received_events_url": "https://api.github.com/users/gaseln/received_events",
            "type": "User",
            "user_view_type": "public",
            "site_admin": false
        },
        "labels": [],
        "state": "closed",
        "locked": false,
        "assignee": null,
        "assignees": [],
        "milestone": null,
        "comments": 2,
        "created_at": "2021-10-24T15:57:43Z",
        "updated_at": "2021-10-25T14:16:48Z",
        "closed_at": "2021-10-25T11:47:01Z",
        "author_association": "NONE",
        "type": null,
        "active_lock_reason": null,
        "sub_issues_summary": {
            "total": 0,
            "completed": 0,
            "percent_completed": 0
        },
        "body": "Hi! I am facing an issue with parallelizing the base code provided by the developers.\r\n\r\n- My local workstation contains two GPUs. \r\n- I installed FedJax in a conda environment \r\n- I downloaded \"emnist_fed_avg.py\" file from the folder \"examples\", deleted the \"fedjax.training.set_tf_cpu_only()\" line and replaced `fed_avg.federated_averaging` to `fedjax.algorithms.fed_avg.federated_averaging` on line [61](https://github.com/google/fedjax/blob/main/examples/emnist_fed_avg.py)\r\n- Having activated the conda environment, I ran the file with `python emnist_fed_avg.py`. The file runs correctly and prints the expected output (round nums and train/test metrics on each 10th round)\r\n- The `nvidia-smi` command shows zero percent utilization and almost zero memory usage on one of the GPUs (and ~40% utilization/maximum memory usage on another node) \r\n\r\nAny ideas what I am doing wrong? ",
        "closed_by": {
            "login": "gaseln",
            "id": 26350693,
            "node_id": "MDQ6VXNlcjI2MzUwNjkz",
            "avatar_url": "https://avatars.githubusercontent.com/u/26350693?v=4",
            "gravatar_id": "",
            "url": "https://api.github.com/users/gaseln",
            "html_url": "https://github.com/gaseln",
            "followers_url": "https://api.github.com/users/gaseln/followers",
            "following_url": "https://api.github.com/users/gaseln/following{/other_user}",
            "gists_url": "https://api.github.com/users/gaseln/gists{/gist_id}",
            "starred_url": "https://api.github.com/users/gaseln/starred{/owner}{/repo}",
            "subscriptions_url": "https://api.github.com/users/gaseln/subscriptions",
            "organizations_url": "https://api.github.com/users/gaseln/orgs",
            "repos_url": "https://api.github.com/users/gaseln/repos",
            "events_url": "https://api.github.com/users/gaseln/events{/privacy}",
            "received_events_url": "https://api.github.com/users/gaseln/received_events",
            "type": "User",
            "user_view_type": "public",
            "site_admin": false
        },
        "reactions": {
            "url": "https://api.github.com/repos/google/fedjax/issues/215/reactions",
            "total_count": 0,
            "+1": 0,
            "-1": 0,
            "laugh": 0,
            "hooray": 0,
            "confused": 0,
            "heart": 0,
            "rocket": 0,
            "eyes": 0
        },
        "timeline_url": "https://api.github.com/repos/google/fedjax/issues/215/timeline",
        "performed_via_github_app": null,
        "state_reason": "completed"
    },
    {
        "url": "https://api.github.com/repos/google/fedjax/issues/209",
        "repository_url": "https://api.github.com/repos/google/fedjax",
        "labels_url": "https://api.github.com/repos/google/fedjax/issues/209/labels{/name}",
        "comments_url": "https://api.github.com/repos/google/fedjax/issues/209/comments",
        "events_url": "https://api.github.com/repos/google/fedjax/issues/209/events",
        "html_url": "https://github.com/google/fedjax/issues/209",
        "id": 1016301217,
        "node_id": "I_kwDOE0qM1s48k4ah",
        "number": 209,
        "title": "PatentMime^",
        "user": {
            "login": "ModestGoblin",
            "id": 9078428,
            "node_id": "MDQ6VXNlcjkwNzg0Mjg=",
            "avatar_url": "https://avatars.githubusercontent.com/u/9078428?v=4",
            "gravatar_id": "",
            "url": "https://api.github.com/users/ModestGoblin",
            "html_url": "https://github.com/ModestGoblin",
            "followers_url": "https://api.github.com/users/ModestGoblin/followers",
            "following_url": "https://api.github.com/users/ModestGoblin/following{/other_user}",
            "gists_url": "https://api.github.com/users/ModestGoblin/gists{/gist_id}",
            "starred_url": "https://api.github.com/users/ModestGoblin/starred{/owner}{/repo}",
            "subscriptions_url": "https://api.github.com/users/ModestGoblin/subscriptions",
            "organizations_url": "https://api.github.com/users/ModestGoblin/orgs",
            "repos_url": "https://api.github.com/users/ModestGoblin/repos",
            "events_url": "https://api.github.com/users/ModestGoblin/events{/privacy}",
            "received_events_url": "https://api.github.com/users/ModestGoblin/received_events",
            "type": "User",
            "user_view_type": "public",
            "site_admin": false
        },
        "labels": [],
        "state": "closed",
        "locked": false,
        "assignee": null,
        "assignees": [],
        "milestone": null,
        "comments": 0,
        "created_at": "2021-10-05T13:02:22Z",
        "updated_at": "2021-10-27T17:24:03Z",
        "closed_at": "2021-10-27T17:24:03Z",
        "author_association": "NONE",
        "type": null,
        "active_lock_reason": null,
        "sub_issues_summary": {
            "total": 0,
            "completed": 0,
            "percent_completed": 0
        },
        "body": "https://github.com/tensorflow/federated/issues/1950\r\n\ud83e\uddfe :feelsgood: works well for sort(ing) new patent(s) comparably with the older suite. Hath structural kinks, wh0 doesn\u2019t er which\u2019s worry, \ud83c\udf97\ufe0f ;]",
        "closed_by": {
            "login": "kho",
            "id": 460372,
            "node_id": "MDQ6VXNlcjQ2MDM3Mg==",
            "avatar_url": "https://avatars.githubusercontent.com/u/460372?v=4",
            "gravatar_id": "",
            "url": "https://api.github.com/users/kho",
            "html_url": "https://github.com/kho",
            "followers_url": "https://api.github.com/users/kho/followers",
            "following_url": "https://api.github.com/users/kho/following{/other_user}",
            "gists_url": "https://api.github.com/users/kho/gists{/gist_id}",
            "starred_url": "https://api.github.com/users/kho/starred{/owner}{/repo}",
            "subscriptions_url": "https://api.github.com/users/kho/subscriptions",
            "organizations_url": "https://api.github.com/users/kho/orgs",
            "repos_url": "https://api.github.com/users/kho/repos",
            "events_url": "https://api.github.com/users/kho/events{/privacy}",
            "received_events_url": "https://api.github.com/users/kho/received_events",
            "type": "User",
            "user_view_type": "public",
            "site_admin": false
        },
        "reactions": {
            "url": "https://api.github.com/repos/google/fedjax/issues/209/reactions",
            "total_count": 3,
            "+1": 0,
            "-1": 0,
            "laugh": 0,
            "hooray": 0,
            "confused": 2,
            "heart": 0,
            "rocket": 1,
            "eyes": 0
        },
        "timeline_url": "https://api.github.com/repos/google/fedjax/issues/209/timeline",
        "performed_via_github_app": null,
        "state_reason": "completed"
    },
    {
        "url": "https://api.github.com/repos/google/fedjax/issues/206",
        "repository_url": "https://api.github.com/repos/google/fedjax",
        "labels_url": "https://api.github.com/repos/google/fedjax/issues/206/labels{/name}",
        "comments_url": "https://api.github.com/repos/google/fedjax/issues/206/comments",
        "events_url": "https://api.github.com/repos/google/fedjax/issues/206/events",
        "html_url": "https://github.com/google/fedjax/issues/206",
        "id": 996174256,
        "node_id": "I_kwDOE0qM1s47YGmw",
        "number": 206,
        "title": "Feature request: Convert standard dataset into a federated dataset",
        "user": {
            "login": "Saipraneet",
            "id": 2078793,
            "node_id": "MDQ6VXNlcjIwNzg3OTM=",
            "avatar_url": "https://avatars.githubusercontent.com/u/2078793?v=4",
            "gravatar_id": "",
            "url": "https://api.github.com/users/Saipraneet",
            "html_url": "https://github.com/Saipraneet",
            "followers_url": "https://api.github.com/users/Saipraneet/followers",
            "following_url": "https://api.github.com/users/Saipraneet/following{/other_user}",
            "gists_url": "https://api.github.com/users/Saipraneet/gists{/gist_id}",
            "starred_url": "https://api.github.com/users/Saipraneet/starred{/owner}{/repo}",
            "subscriptions_url": "https://api.github.com/users/Saipraneet/subscriptions",
            "organizations_url": "https://api.github.com/users/Saipraneet/orgs",
            "repos_url": "https://api.github.com/users/Saipraneet/repos",
            "events_url": "https://api.github.com/users/Saipraneet/events{/privacy}",
            "received_events_url": "https://api.github.com/users/Saipraneet/received_events",
            "type": "User",
            "user_view_type": "public",
            "site_admin": false
        },
        "labels": [
            {
                "id": 3127743422,
                "node_id": "MDU6TGFiZWwzMTI3NzQzNDIy",
                "url": "https://api.github.com/repos/google/fedjax/labels/contributions%20welcome",
                "name": "contributions welcome",
                "color": "956A23",
                "default": false,
                "description": "Issues for which community contributions are welcome"
            }
        ],
        "state": "open",
        "locked": false,
        "assignee": null,
        "assignees": [],
        "milestone": null,
        "comments": 5,
        "created_at": "2021-09-14T15:49:46Z",
        "updated_at": "2022-10-26T16:58:56Z",
        "closed_at": null,
        "author_association": "NONE",
        "type": null,
        "active_lock_reason": null,
        "sub_issues_summary": {
            "total": 0,
            "completed": 0,
            "percent_completed": 0
        },
        "body": "Synthetic federated datasets can constructed from standard centralized ones by artificially splitting them among clients. This is usually done using a Dirichlet distribution (e.g. [Hsu et al. 2019](https://arxiv.org/pdf/1909.06335.pdf)).\r\nSuch synthetic datasets are very useful since we can explicitly control the total number of users, as well as the heterogeneity.\r\n\r\nIt would be great to have primitives which can automatically convert standard numpy dataset into a FedJax datset.",
        "closed_by": null,
        "reactions": {
            "url": "https://api.github.com/repos/google/fedjax/issues/206/reactions",
            "total_count": 0,
            "+1": 0,
            "-1": 0,
            "laugh": 0,
            "hooray": 0,
            "confused": 0,
            "heart": 0,
            "rocket": 0,
            "eyes": 0
        },
        "timeline_url": "https://api.github.com/repos/google/fedjax/issues/206/timeline",
        "performed_via_github_app": null,
        "state_reason": null
    },
    {
        "url": "https://api.github.com/repos/google/fedjax/issues/47",
        "repository_url": "https://api.github.com/repos/google/fedjax",
        "labels_url": "https://api.github.com/repos/google/fedjax/issues/47/labels{/name}",
        "comments_url": "https://api.github.com/repos/google/fedjax/issues/47/comments",
        "events_url": "https://api.github.com/repos/google/fedjax/issues/47/events",
        "html_url": "https://github.com/google/fedjax/issues/47",
        "id": 843902189,
        "node_id": "MDU6SXNzdWU4NDM5MDIxODk=",
        "number": 47,
        "title": "External contributions?",
        "user": {
            "login": "alshedivat",
            "id": 2126561,
            "node_id": "MDQ6VXNlcjIxMjY1NjE=",
            "avatar_url": "https://avatars.githubusercontent.com/u/2126561?v=4",
            "gravatar_id": "",
            "url": "https://api.github.com/users/alshedivat",
            "html_url": "https://github.com/alshedivat",
            "followers_url": "https://api.github.com/users/alshedivat/followers",
            "following_url": "https://api.github.com/users/alshedivat/following{/other_user}",
            "gists_url": "https://api.github.com/users/alshedivat/gists{/gist_id}",
            "starred_url": "https://api.github.com/users/alshedivat/starred{/owner}{/repo}",
            "subscriptions_url": "https://api.github.com/users/alshedivat/subscriptions",
            "organizations_url": "https://api.github.com/users/alshedivat/orgs",
            "repos_url": "https://api.github.com/users/alshedivat/repos",
            "events_url": "https://api.github.com/users/alshedivat/events{/privacy}",
            "received_events_url": "https://api.github.com/users/alshedivat/received_events",
            "type": "User",
            "user_view_type": "public",
            "site_admin": false
        },
        "labels": [
            {
                "id": 3127740979,
                "node_id": "MDU6TGFiZWwzMTI3NzQwOTc5",
                "url": "https://api.github.com/repos/google/fedjax/labels/algorithm",
                "name": "algorithm",
                "color": "F2CB22",
                "default": false,
                "description": "Federated algorithms"
            },
            {
                "id": 3127743422,
                "node_id": "MDU6TGFiZWwzMTI3NzQzNDIy",
                "url": "https://api.github.com/repos/google/fedjax/labels/contributions%20welcome",
                "name": "contributions welcome",
                "color": "956A23",
                "default": false,
                "description": "Issues for which community contributions are welcome"
            }
        ],
        "state": "open",
        "locked": false,
        "assignee": null,
        "assignees": [],
        "milestone": null,
        "comments": 2,
        "created_at": "2021-03-29T23:17:17Z",
        "updated_at": "2021-06-29T21:14:11Z",
        "closed_at": null,
        "author_association": "NONE",
        "type": null,
        "active_lock_reason": null,
        "sub_issues_summary": {
            "total": 0,
            "completed": 0,
            "percent_completed": 0
        },
        "body": "Hello. Thanks for open sourcing this library! I'm wondering if this repository is open to external contributions? If yes, I'd be interested to send a PR and contribute an implementation of [FedPA](https://github.com/alshedivat/fedjax/blob/fedpa/fedjax/algorithms/fed_pa.py). Thanks.",
        "closed_by": null,
        "reactions": {
            "url": "https://api.github.com/repos/google/fedjax/issues/47/reactions",
            "total_count": 0,
            "+1": 0,
            "-1": 0,
            "laugh": 0,
            "hooray": 0,
            "confused": 0,
            "heart": 0,
            "rocket": 0,
            "eyes": 0
        },
        "timeline_url": "https://api.github.com/repos/google/fedjax/issues/47/timeline",
        "performed_via_github_app": null,
        "state_reason": null
    },
    {
        "url": "https://api.github.com/repos/google/fedjax/issues/20",
        "repository_url": "https://api.github.com/repos/google/fedjax",
        "labels_url": "https://api.github.com/repos/google/fedjax/issues/20/labels{/name}",
        "comments_url": "https://api.github.com/repos/google/fedjax/issues/20/comments",
        "events_url": "https://api.github.com/repos/google/fedjax/issues/20/events",
        "html_url": "https://github.com/google/fedjax/issues/20",
        "id": 792430387,
        "node_id": "MDU6SXNzdWU3OTI0MzAzODc=",
        "number": 20,
        "title": "Implementing SCAFFOLD",
        "user": {
            "login": "Saipraneet",
            "id": 2078793,
            "node_id": "MDQ6VXNlcjIwNzg3OTM=",
            "avatar_url": "https://avatars.githubusercontent.com/u/2078793?v=4",
            "gravatar_id": "",
            "url": "https://api.github.com/users/Saipraneet",
            "html_url": "https://github.com/Saipraneet",
            "followers_url": "https://api.github.com/users/Saipraneet/followers",
            "following_url": "https://api.github.com/users/Saipraneet/following{/other_user}",
            "gists_url": "https://api.github.com/users/Saipraneet/gists{/gist_id}",
            "starred_url": "https://api.github.com/users/Saipraneet/starred{/owner}{/repo}",
            "subscriptions_url": "https://api.github.com/users/Saipraneet/subscriptions",
            "organizations_url": "https://api.github.com/users/Saipraneet/orgs",
            "repos_url": "https://api.github.com/users/Saipraneet/repos",
            "events_url": "https://api.github.com/users/Saipraneet/events{/privacy}",
            "received_events_url": "https://api.github.com/users/Saipraneet/received_events",
            "type": "User",
            "user_view_type": "public",
            "site_admin": false
        },
        "labels": [
            {
                "id": 3127740979,
                "node_id": "MDU6TGFiZWwzMTI3NzQwOTc5",
                "url": "https://api.github.com/repos/google/fedjax/labels/algorithm",
                "name": "algorithm",
                "color": "F2CB22",
                "default": false,
                "description": "Federated algorithms"
            },
            {
                "id": 3127743422,
                "node_id": "MDU6TGFiZWwzMTI3NzQzNDIy",
                "url": "https://api.github.com/repos/google/fedjax/labels/contributions%20welcome",
                "name": "contributions welcome",
                "color": "956A23",
                "default": false,
                "description": "Issues for which community contributions are welcome"
            }
        ],
        "state": "open",
        "locked": false,
        "assignee": null,
        "assignees": [],
        "milestone": null,
        "comments": 2,
        "created_at": "2021-01-23T03:38:12Z",
        "updated_at": "2021-06-29T21:16:27Z",
        "closed_at": null,
        "author_association": "NONE",
        "type": null,
        "active_lock_reason": null,
        "sub_issues_summary": {
            "total": 0,
            "completed": 0,
            "percent_completed": 0
        },
        "body": "It might be a good idea to have an implementation of SCAFFOLD as well in the algorithms. I think this can be done by modifying the existing Mime implementation.",
        "closed_by": null,
        "reactions": {
            "url": "https://api.github.com/repos/google/fedjax/issues/20/reactions",
            "total_count": 1,
            "+1": 1,
            "-1": 0,
            "laugh": 0,
            "hooray": 0,
            "confused": 0,
            "heart": 0,
            "rocket": 0,
            "eyes": 0
        },
        "timeline_url": "https://api.github.com/repos/google/fedjax/issues/20/timeline",
        "performed_via_github_app": null,
        "state_reason": null
    },
    {
        "url": "https://api.github.com/repos/google/fedjax/issues/14",
        "repository_url": "https://api.github.com/repos/google/fedjax",
        "labels_url": "https://api.github.com/repos/google/fedjax/issues/14/labels{/name}",
        "comments_url": "https://api.github.com/repos/google/fedjax/issues/14/comments",
        "events_url": "https://api.github.com/repos/google/fedjax/issues/14/events",
        "html_url": "https://github.com/google/fedjax/issues/14",
        "id": 789296341,
        "node_id": "MDU6SXNzdWU3ODkyOTYzNDE=",
        "number": 14,
        "title": "Centralized (server-only) algorithm",
        "user": {
            "login": "Saipraneet",
            "id": 2078793,
            "node_id": "MDQ6VXNlcjIwNzg3OTM=",
            "avatar_url": "https://avatars.githubusercontent.com/u/2078793?v=4",
            "gravatar_id": "",
            "url": "https://api.github.com/users/Saipraneet",
            "html_url": "https://github.com/Saipraneet",
            "followers_url": "https://api.github.com/users/Saipraneet/followers",
            "following_url": "https://api.github.com/users/Saipraneet/following{/other_user}",
            "gists_url": "https://api.github.com/users/Saipraneet/gists{/gist_id}",
            "starred_url": "https://api.github.com/users/Saipraneet/starred{/owner}{/repo}",
            "subscriptions_url": "https://api.github.com/users/Saipraneet/subscriptions",
            "organizations_url": "https://api.github.com/users/Saipraneet/orgs",
            "repos_url": "https://api.github.com/users/Saipraneet/repos",
            "events_url": "https://api.github.com/users/Saipraneet/events{/privacy}",
            "received_events_url": "https://api.github.com/users/Saipraneet/received_events",
            "type": "User",
            "user_view_type": "public",
            "site_admin": false
        },
        "labels": [],
        "state": "open",
        "locked": false,
        "assignee": null,
        "assignees": [],
        "milestone": null,
        "comments": 1,
        "created_at": "2021-01-19T19:28:49Z",
        "updated_at": "2021-04-05T13:24:35Z",
        "closed_at": null,
        "author_association": "NONE",
        "type": null,
        "active_lock_reason": null,
        "sub_issues_summary": {
            "total": 0,
            "completed": 0,
            "percent_completed": 0
        },
        "body": "Add functionality which a single update step on the clients using their entire batch. This replicates running centralized algorithms on federated datasets. ",
        "closed_by": null,
        "reactions": {
            "url": "https://api.github.com/repos/google/fedjax/issues/14/reactions",
            "total_count": 0,
            "+1": 0,
            "-1": 0,
            "laugh": 0,
            "hooray": 0,
            "confused": 0,
            "heart": 0,
            "rocket": 0,
            "eyes": 0
        },
        "timeline_url": "https://api.github.com/repos/google/fedjax/issues/14/timeline",
        "performed_via_github_app": null,
        "state_reason": null
    },
    {
        "url": "https://api.github.com/repos/google/fedjax/issues/12",
        "repository_url": "https://api.github.com/repos/google/fedjax",
        "labels_url": "https://api.github.com/repos/google/fedjax/issues/12/labels{/name}",
        "comments_url": "https://api.github.com/repos/google/fedjax/issues/12/comments",
        "events_url": "https://api.github.com/repos/google/fedjax/issues/12/events",
        "html_url": "https://github.com/google/fedjax/issues/12",
        "id": 785317644,
        "node_id": "MDU6SXNzdWU3ODUzMTc2NDQ=",
        "number": 12,
        "title": "Clarifying the meaning of \"weight\"",
        "user": {
            "login": "Saipraneet",
            "id": 2078793,
            "node_id": "MDQ6VXNlcjIwNzg3OTM=",
            "avatar_url": "https://avatars.githubusercontent.com/u/2078793?v=4",
            "gravatar_id": "",
            "url": "https://api.github.com/users/Saipraneet",
            "html_url": "https://github.com/Saipraneet",
            "followers_url": "https://api.github.com/users/Saipraneet/followers",
            "following_url": "https://api.github.com/users/Saipraneet/following{/other_user}",
            "gists_url": "https://api.github.com/users/Saipraneet/gists{/gist_id}",
            "starred_url": "https://api.github.com/users/Saipraneet/starred{/owner}{/repo}",
            "subscriptions_url": "https://api.github.com/users/Saipraneet/subscriptions",
            "organizations_url": "https://api.github.com/users/Saipraneet/orgs",
            "repos_url": "https://api.github.com/users/Saipraneet/repos",
            "events_url": "https://api.github.com/users/Saipraneet/events{/privacy}",
            "received_events_url": "https://api.github.com/users/Saipraneet/received_events",
            "type": "User",
            "user_view_type": "public",
            "site_admin": false
        },
        "labels": [],
        "state": "closed",
        "locked": false,
        "assignee": null,
        "assignees": [],
        "milestone": null,
        "comments": 1,
        "created_at": "2021-01-13T17:59:05Z",
        "updated_at": "2021-01-25T15:47:04Z",
        "closed_at": "2021-01-25T15:47:04Z",
        "author_association": "NONE",
        "type": null,
        "active_lock_reason": null,
        "sub_issues_summary": {
            "total": 0,
            "completed": 0,
            "percent_completed": 0
        },
        "body": "In the [Intro notebook](https://github.com/google/fedjax/blob/main/notebooks/fedjax_intro.ipynb), the `backward_pass_output` from `model.backward` has a `weight` feature.\r\nIt seems to me that this is used for performing a weighted averaging in FedAvg, but this is not clear to me how. Perhaps this can be renamed to `batch_size`?",
        "closed_by": {
            "login": "jaehunro",
            "id": 8787226,
            "node_id": "MDQ6VXNlcjg3ODcyMjY=",
            "avatar_url": "https://avatars.githubusercontent.com/u/8787226?v=4",
            "gravatar_id": "",
            "url": "https://api.github.com/users/jaehunro",
            "html_url": "https://github.com/jaehunro",
            "followers_url": "https://api.github.com/users/jaehunro/followers",
            "following_url": "https://api.github.com/users/jaehunro/following{/other_user}",
            "gists_url": "https://api.github.com/users/jaehunro/gists{/gist_id}",
            "starred_url": "https://api.github.com/users/jaehunro/starred{/owner}{/repo}",
            "subscriptions_url": "https://api.github.com/users/jaehunro/subscriptions",
            "organizations_url": "https://api.github.com/users/jaehunro/orgs",
            "repos_url": "https://api.github.com/users/jaehunro/repos",
            "events_url": "https://api.github.com/users/jaehunro/events{/privacy}",
            "received_events_url": "https://api.github.com/users/jaehunro/received_events",
            "type": "User",
            "user_view_type": "public",
            "site_admin": false
        },
        "reactions": {
            "url": "https://api.github.com/repos/google/fedjax/issues/12/reactions",
            "total_count": 0,
            "+1": 0,
            "-1": 0,
            "laugh": 0,
            "hooray": 0,
            "confused": 0,
            "heart": 0,
            "rocket": 0,
            "eyes": 0
        },
        "timeline_url": "https://api.github.com/repos/google/fedjax/issues/12/timeline",
        "performed_via_github_app": null,
        "state_reason": "completed"
    }
]