[
    {
        "url": "https://api.github.com/repos/huweibo/Awesome-Federated-Learning-on-Graph-and-GNN-papers/issues/9",
        "repository_url": "https://api.github.com/repos/huweibo/Awesome-Federated-Learning-on-Graph-and-GNN-papers",
        "labels_url": "https://api.github.com/repos/huweibo/Awesome-Federated-Learning-on-Graph-and-GNN-papers/issues/9/labels{/name}",
        "comments_url": "https://api.github.com/repos/huweibo/Awesome-Federated-Learning-on-Graph-and-GNN-papers/issues/9/comments",
        "events_url": "https://api.github.com/repos/huweibo/Awesome-Federated-Learning-on-Graph-and-GNN-papers/issues/9/events",
        "html_url": "https://github.com/huweibo/Awesome-Federated-Learning-on-Graph-and-GNN-papers/issues/9",
        "id": 1257733204,
        "node_id": "I_kwDOE6hWhs5K93xU",
        "number": 9,
        "title": "Another 'Awesome-Federated-Learning-on-Graph-and-Tabular-Data'  Repo",
        "user": {
            "login": "youngfish42",
            "id": 38998412,
            "node_id": "MDQ6VXNlcjM4OTk4NDEy",
            "avatar_url": "https://avatars.githubusercontent.com/u/38998412?v=4",
            "gravatar_id": "",
            "url": "https://api.github.com/users/youngfish42",
            "html_url": "https://github.com/youngfish42",
            "followers_url": "https://api.github.com/users/youngfish42/followers",
            "following_url": "https://api.github.com/users/youngfish42/following{/other_user}",
            "gists_url": "https://api.github.com/users/youngfish42/gists{/gist_id}",
            "starred_url": "https://api.github.com/users/youngfish42/starred{/owner}{/repo}",
            "subscriptions_url": "https://api.github.com/users/youngfish42/subscriptions",
            "organizations_url": "https://api.github.com/users/youngfish42/orgs",
            "repos_url": "https://api.github.com/users/youngfish42/repos",
            "events_url": "https://api.github.com/users/youngfish42/events{/privacy}",
            "received_events_url": "https://api.github.com/users/youngfish42/received_events",
            "type": "User",
            "user_view_type": "public",
            "site_admin": false
        },
        "labels": [],
        "state": "open",
        "locked": false,
        "assignee": null,
        "assignees": [],
        "milestone": null,
        "comments": 0,
        "created_at": "2022-06-02T06:13:31Z",
        "updated_at": "2022-06-02T06:13:31Z",
        "closed_at": null,
        "author_association": "CONTRIBUTOR",
        "active_lock_reason": null,
        "sub_issues_summary": {
            "total": 0,
            "completed": 0,
            "percent_completed": 0
        },
        "body": "Many thanks for sharing Federated learning on graph and GNN.\r\n\r\nInspired by your work, I have organized another repository [Awesome-Federated-Learning-on-Graph-and-Tabular-Data](https://github.com/youngfish42/Awesome-Federated-Learning-on-Graph-and-Tabular-Data) .\r\n\r\nAdded some new content on tabular data and open source frameworks, hope it will be helpful to you, looking forward to your visit, thanks! :smile:",
        "closed_by": null,
        "reactions": {
            "url": "https://api.github.com/repos/huweibo/Awesome-Federated-Learning-on-Graph-and-GNN-papers/issues/9/reactions",
            "total_count": 0,
            "+1": 0,
            "-1": 0,
            "laugh": 0,
            "hooray": 0,
            "confused": 0,
            "heart": 0,
            "rocket": 0,
            "eyes": 0
        },
        "timeline_url": "https://api.github.com/repos/huweibo/Awesome-Federated-Learning-on-Graph-and-GNN-papers/issues/9/timeline",
        "performed_via_github_app": null,
        "state_reason": null
    }
]