[
    {
        "url": "https://api.github.com/repos/IBM/adaptive-federated-learning/issues/10",
        "repository_url": "https://api.github.com/repos/IBM/adaptive-federated-learning",
        "labels_url": "https://api.github.com/repos/IBM/adaptive-federated-learning/issues/10/labels{/name}",
        "comments_url": "https://api.github.com/repos/IBM/adaptive-federated-learning/issues/10/comments",
        "events_url": "https://api.github.com/repos/IBM/adaptive-federated-learning/issues/10/events",
        "html_url": "https://github.com/IBM/adaptive-federated-learning/issues/10",
        "id": 2616459653,
        "node_id": "I_kwDODzKOb86b9AGF",
        "number": 10,
        "title": "MNIST\u6570\u636e\u96c6",
        "user": {
            "login": "wkyd",
            "id": 86562188,
            "node_id": "MDQ6VXNlcjg2NTYyMTg4",
            "avatar_url": "https://avatars.githubusercontent.com/u/86562188?v=4",
            "gravatar_id": "",
            "url": "https://api.github.com/users/wkyd",
            "html_url": "https://github.com/wkyd",
            "followers_url": "https://api.github.com/users/wkyd/followers",
            "following_url": "https://api.github.com/users/wkyd/following{/other_user}",
            "gists_url": "https://api.github.com/users/wkyd/gists{/gist_id}",
            "starred_url": "https://api.github.com/users/wkyd/starred{/owner}{/repo}",
            "subscriptions_url": "https://api.github.com/users/wkyd/subscriptions",
            "organizations_url": "https://api.github.com/users/wkyd/orgs",
            "repos_url": "https://api.github.com/users/wkyd/repos",
            "events_url": "https://api.github.com/users/wkyd/events{/privacy}",
            "received_events_url": "https://api.github.com/users/wkyd/received_events",
            "type": "User",
            "user_view_type": "public",
            "site_admin": false
        },
        "labels": [],
        "state": "open",
        "locked": false,
        "assignee": null,
        "assignees": [],
        "milestone": null,
        "comments": 0,
        "created_at": "2024-10-27T09:45:35Z",
        "updated_at": "2024-10-27T09:45:35Z",
        "closed_at": null,
        "author_association": "NONE",
        "type": null,
        "active_lock_reason": null,
        "sub_issues_summary": {
            "total": 0,
            "completed": 0,
            "percent_completed": 0
        },
        "body": "Forbidden\r\nYou don't have permission to access this resource.\r\n\r\nApache/2.4.18 (Ubuntu) Server at yann.lecun.com Port 443",
        "closed_by": null,
        "reactions": {
            "url": "https://api.github.com/repos/IBM/adaptive-federated-learning/issues/10/reactions",
            "total_count": 0,
            "+1": 0,
            "-1": 0,
            "laugh": 0,
            "hooray": 0,
            "confused": 0,
            "heart": 0,
            "rocket": 0,
            "eyes": 0
        },
        "timeline_url": "https://api.github.com/repos/IBM/adaptive-federated-learning/issues/10/timeline",
        "performed_via_github_app": null,
        "state_reason": null
    },
    {
        "url": "https://api.github.com/repos/IBM/adaptive-federated-learning/issues/7",
        "repository_url": "https://api.github.com/repos/IBM/adaptive-federated-learning",
        "labels_url": "https://api.github.com/repos/IBM/adaptive-federated-learning/issues/7/labels{/name}",
        "comments_url": "https://api.github.com/repos/IBM/adaptive-federated-learning/issues/7/comments",
        "events_url": "https://api.github.com/repos/IBM/adaptive-federated-learning/issues/7/events",
        "html_url": "https://github.com/IBM/adaptive-federated-learning/issues/7",
        "id": 2085761410,
        "node_id": "I_kwDODzKOb858UjGC",
        "number": 7,
        "title": "Does running client.py on five servers mean configuring the same Python environment on all five servers?",
        "user": {
            "login": "ckjaa",
            "id": 66015595,
            "node_id": "MDQ6VXNlcjY2MDE1NTk1",
            "avatar_url": "https://avatars.githubusercontent.com/u/66015595?v=4",
            "gravatar_id": "",
            "url": "https://api.github.com/users/ckjaa",
            "html_url": "https://github.com/ckjaa",
            "followers_url": "https://api.github.com/users/ckjaa/followers",
            "following_url": "https://api.github.com/users/ckjaa/following{/other_user}",
            "gists_url": "https://api.github.com/users/ckjaa/gists{/gist_id}",
            "starred_url": "https://api.github.com/users/ckjaa/starred{/owner}{/repo}",
            "subscriptions_url": "https://api.github.com/users/ckjaa/subscriptions",
            "organizations_url": "https://api.github.com/users/ckjaa/orgs",
            "repos_url": "https://api.github.com/users/ckjaa/repos",
            "events_url": "https://api.github.com/users/ckjaa/events{/privacy}",
            "received_events_url": "https://api.github.com/users/ckjaa/received_events",
            "type": "User",
            "user_view_type": "public",
            "site_admin": false
        },
        "labels": [],
        "state": "closed",
        "locked": false,
        "assignee": null,
        "assignees": [],
        "milestone": null,
        "comments": 1,
        "created_at": "2024-01-17T09:24:10Z",
        "updated_at": "2024-10-08T01:11:35Z",
        "closed_at": "2024-10-08T01:11:34Z",
        "author_association": "NONE",
        "type": null,
        "active_lock_reason": null,
        "sub_issues_summary": {
            "total": 0,
            "completed": 0,
            "percent_completed": 0
        },
        "body": null,
        "closed_by": {
            "login": "shiqiangw",
            "id": 17449890,
            "node_id": "MDQ6VXNlcjE3NDQ5ODkw",
            "avatar_url": "https://avatars.githubusercontent.com/u/17449890?v=4",
            "gravatar_id": "",
            "url": "https://api.github.com/users/shiqiangw",
            "html_url": "https://github.com/shiqiangw",
            "followers_url": "https://api.github.com/users/shiqiangw/followers",
            "following_url": "https://api.github.com/users/shiqiangw/following{/other_user}",
            "gists_url": "https://api.github.com/users/shiqiangw/gists{/gist_id}",
            "starred_url": "https://api.github.com/users/shiqiangw/starred{/owner}{/repo}",
            "subscriptions_url": "https://api.github.com/users/shiqiangw/subscriptions",
            "organizations_url": "https://api.github.com/users/shiqiangw/orgs",
            "repos_url": "https://api.github.com/users/shiqiangw/repos",
            "events_url": "https://api.github.com/users/shiqiangw/events{/privacy}",
            "received_events_url": "https://api.github.com/users/shiqiangw/received_events",
            "type": "User",
            "user_view_type": "public",
            "site_admin": false
        },
        "reactions": {
            "url": "https://api.github.com/repos/IBM/adaptive-federated-learning/issues/7/reactions",
            "total_count": 0,
            "+1": 0,
            "-1": 0,
            "laugh": 0,
            "hooray": 0,
            "confused": 0,
            "heart": 0,
            "rocket": 0,
            "eyes": 0
        },
        "timeline_url": "https://api.github.com/repos/IBM/adaptive-federated-learning/issues/7/timeline",
        "performed_via_github_app": null,
        "state_reason": "completed"
    },
    {
        "url": "https://api.github.com/repos/IBM/adaptive-federated-learning/issues/6",
        "repository_url": "https://api.github.com/repos/IBM/adaptive-federated-learning",
        "labels_url": "https://api.github.com/repos/IBM/adaptive-federated-learning/issues/6/labels{/name}",
        "comments_url": "https://api.github.com/repos/IBM/adaptive-federated-learning/issues/6/comments",
        "events_url": "https://api.github.com/repos/IBM/adaptive-federated-learning/issues/6/events",
        "html_url": "https://github.com/IBM/adaptive-federated-learning/issues/6",
        "id": 2041099289,
        "node_id": "I_kwDODzKOb855qLQZ",
        "number": 6,
        "title": "the issue of cnncifar-10",
        "user": {
            "login": "changshaa",
            "id": 82135088,
            "node_id": "MDQ6VXNlcjgyMTM1MDg4",
            "avatar_url": "https://avatars.githubusercontent.com/u/82135088?v=4",
            "gravatar_id": "",
            "url": "https://api.github.com/users/changshaa",
            "html_url": "https://github.com/changshaa",
            "followers_url": "https://api.github.com/users/changshaa/followers",
            "following_url": "https://api.github.com/users/changshaa/following{/other_user}",
            "gists_url": "https://api.github.com/users/changshaa/gists{/gist_id}",
            "starred_url": "https://api.github.com/users/changshaa/starred{/owner}{/repo}",
            "subscriptions_url": "https://api.github.com/users/changshaa/subscriptions",
            "organizations_url": "https://api.github.com/users/changshaa/orgs",
            "repos_url": "https://api.github.com/users/changshaa/repos",
            "events_url": "https://api.github.com/users/changshaa/events{/privacy}",
            "received_events_url": "https://api.github.com/users/changshaa/received_events",
            "type": "User",
            "user_view_type": "public",
            "site_admin": false
        },
        "labels": [],
        "state": "closed",
        "locked": false,
        "assignee": null,
        "assignees": [],
        "milestone": null,
        "comments": 0,
        "created_at": "2023-12-14T07:27:42Z",
        "updated_at": "2023-12-14T07:46:59Z",
        "closed_at": "2023-12-14T07:46:59Z",
        "author_association": "NONE",
        "type": null,
        "active_lock_reason": null,
        "sub_issues_summary": {
            "total": 0,
            "completed": 0,
            "percent_completed": 0
        },
        "body": "Traceback (most recent call last):\r\n  File \"C:\\FL\\adaptive-federated-learning-master\\server.py\", line 25, in <module>\r\n    train_image, train_label, test_image, test_label, train_label_orig = get_data(dataset, total_data, dataset_file_path)\r\n  File \"C:\\FL\\adaptive-federated-learning-master\\data_reader\\data_reader.py\", line 60, in get_data\r\n    train_image, train_label = cifar_10_extract(0, total_data_train, True, dataset_file_path)\r\n  File \"C:\\FL\\adaptive-federated-learning-master\\data_reader\\cifar_10_extractor.py\", line 62, in cifar_10_extract\r\n    return cifar_10_extract_samples(sample_list, is_train, file_path)\r\n  File \"C:\\FL\\adaptive-federated-learning-master\\data_reader\\cifar_10_extractor.py\", line 35, in cifar_10_extract_samples\r\n    y = get_one_hot_from_label_index(label)\r\n  File \"C:\\FL\\adaptive-federated-learning-master\\util\\utils.py\", line 24, in get_one_hot_from_label_index\r\n    one_hot[label] = 1\r\nIndexError: index 128 is out of bounds for axis 0 with size 10",
        "closed_by": {
            "login": "changshaa",
            "id": 82135088,
            "node_id": "MDQ6VXNlcjgyMTM1MDg4",
            "avatar_url": "https://avatars.githubusercontent.com/u/82135088?v=4",
            "gravatar_id": "",
            "url": "https://api.github.com/users/changshaa",
            "html_url": "https://github.com/changshaa",
            "followers_url": "https://api.github.com/users/changshaa/followers",
            "following_url": "https://api.github.com/users/changshaa/following{/other_user}",
            "gists_url": "https://api.github.com/users/changshaa/gists{/gist_id}",
            "starred_url": "https://api.github.com/users/changshaa/starred{/owner}{/repo}",
            "subscriptions_url": "https://api.github.com/users/changshaa/subscriptions",
            "organizations_url": "https://api.github.com/users/changshaa/orgs",
            "repos_url": "https://api.github.com/users/changshaa/repos",
            "events_url": "https://api.github.com/users/changshaa/events{/privacy}",
            "received_events_url": "https://api.github.com/users/changshaa/received_events",
            "type": "User",
            "user_view_type": "public",
            "site_admin": false
        },
        "reactions": {
            "url": "https://api.github.com/repos/IBM/adaptive-federated-learning/issues/6/reactions",
            "total_count": 0,
            "+1": 0,
            "-1": 0,
            "laugh": 0,
            "hooray": 0,
            "confused": 0,
            "heart": 0,
            "rocket": 0,
            "eyes": 0
        },
        "timeline_url": "https://api.github.com/repos/IBM/adaptive-federated-learning/issues/6/timeline",
        "performed_via_github_app": null,
        "state_reason": "completed"
    },
    {
        "url": "https://api.github.com/repos/IBM/adaptive-federated-learning/issues/5",
        "repository_url": "https://api.github.com/repos/IBM/adaptive-federated-learning",
        "labels_url": "https://api.github.com/repos/IBM/adaptive-federated-learning/issues/5/labels{/name}",
        "comments_url": "https://api.github.com/repos/IBM/adaptive-federated-learning/issues/5/comments",
        "events_url": "https://api.github.com/repos/IBM/adaptive-federated-learning/issues/5/events",
        "html_url": "https://github.com/IBM/adaptive-federated-learning/issues/5",
        "id": 1439075857,
        "node_id": "I_kwDODzKOb85Vxo4R",
        "number": 5,
        "title": "It is getting memory error with the MNIST dataset.",
        "user": {
            "login": "rohnitt",
            "id": 44682451,
            "node_id": "MDQ6VXNlcjQ0NjgyNDUx",
            "avatar_url": "https://avatars.githubusercontent.com/u/44682451?v=4",
            "gravatar_id": "",
            "url": "https://api.github.com/users/rohnitt",
            "html_url": "https://github.com/rohnitt",
            "followers_url": "https://api.github.com/users/rohnitt/followers",
            "following_url": "https://api.github.com/users/rohnitt/following{/other_user}",
            "gists_url": "https://api.github.com/users/rohnitt/gists{/gist_id}",
            "starred_url": "https://api.github.com/users/rohnitt/starred{/owner}{/repo}",
            "subscriptions_url": "https://api.github.com/users/rohnitt/subscriptions",
            "organizations_url": "https://api.github.com/users/rohnitt/orgs",
            "repos_url": "https://api.github.com/users/rohnitt/repos",
            "events_url": "https://api.github.com/users/rohnitt/events{/privacy}",
            "received_events_url": "https://api.github.com/users/rohnitt/received_events",
            "type": "User",
            "user_view_type": "public",
            "site_admin": false
        },
        "labels": [],
        "state": "closed",
        "locked": false,
        "assignee": null,
        "assignees": [],
        "milestone": null,
        "comments": 4,
        "created_at": "2022-11-07T22:13:03Z",
        "updated_at": "2023-03-25T04:02:19Z",
        "closed_at": "2023-03-25T04:02:19Z",
        "author_association": "NONE",
        "type": null,
        "active_lock_reason": null,
        "sub_issues_summary": {
            "total": 0,
            "completed": 0,
            "percent_completed": 0
        },
        "body": "While I am running the server with the MNIST dataset, it is getting memory error. The stacktrace is mentioned below. Please help me fixing this.\r\nTraceback (most recent call last):\r\n  File \"C:\\Users\\Rohit\\AppData\\Local\\Programs\\Python\\Python37\\adaptive-federated-learning\\server.py\", line 25, in <module>\r\n    train_image, train_label, test_image, test_label, train_label_orig = get_data(dataset, total_data, dataset_file_path)\r\n  File \"C:\\Users\\Rohit\\AppData\\Local\\Programs\\Python\\Python37\\adaptive-federated-learning\\data_reader\\data_reader.py\", line 30, in get_data\r\n    train_image, train_label = mnist_extract(start_index_train, total_data_train, True, dataset_file_path)\r\n  File \"C:\\Users\\Rohit\\AppData\\Local\\Programs\\Python\\Python37\\adaptive-federated-learning\\data_reader\\mnist_extractor.py\", line 54, in mnist_extract\r\n    return mnist_extract_samples(sample_list, is_train, file_path)\r\n  File \"C:\\Users\\Rohit\\AppData\\Local\\Programs\\Python\\Python37\\adaptive-federated-learning\\data_reader\\mnist_extractor.py\", line 38, in mnist_extract_samples\r\n    x = np.array(list(f_images.read(rows_im * cols_im)))/255.0\r\nMemoryError",
        "closed_by": {
            "login": "shiqiangw",
            "id": 17449890,
            "node_id": "MDQ6VXNlcjE3NDQ5ODkw",
            "avatar_url": "https://avatars.githubusercontent.com/u/17449890?v=4",
            "gravatar_id": "",
            "url": "https://api.github.com/users/shiqiangw",
            "html_url": "https://github.com/shiqiangw",
            "followers_url": "https://api.github.com/users/shiqiangw/followers",
            "following_url": "https://api.github.com/users/shiqiangw/following{/other_user}",
            "gists_url": "https://api.github.com/users/shiqiangw/gists{/gist_id}",
            "starred_url": "https://api.github.com/users/shiqiangw/starred{/owner}{/repo}",
            "subscriptions_url": "https://api.github.com/users/shiqiangw/subscriptions",
            "organizations_url": "https://api.github.com/users/shiqiangw/orgs",
            "repos_url": "https://api.github.com/users/shiqiangw/repos",
            "events_url": "https://api.github.com/users/shiqiangw/events{/privacy}",
            "received_events_url": "https://api.github.com/users/shiqiangw/received_events",
            "type": "User",
            "user_view_type": "public",
            "site_admin": false
        },
        "reactions": {
            "url": "https://api.github.com/repos/IBM/adaptive-federated-learning/issues/5/reactions",
            "total_count": 0,
            "+1": 0,
            "-1": 0,
            "laugh": 0,
            "hooray": 0,
            "confused": 0,
            "heart": 0,
            "rocket": 0,
            "eyes": 0
        },
        "timeline_url": "https://api.github.com/repos/IBM/adaptive-federated-learning/issues/5/timeline",
        "performed_via_github_app": null,
        "state_reason": "completed"
    },
    {
        "url": "https://api.github.com/repos/IBM/adaptive-federated-learning/issues/4",
        "repository_url": "https://api.github.com/repos/IBM/adaptive-federated-learning",
        "labels_url": "https://api.github.com/repos/IBM/adaptive-federated-learning/issues/4/labels{/name}",
        "comments_url": "https://api.github.com/repos/IBM/adaptive-federated-learning/issues/4/comments",
        "events_url": "https://api.github.com/repos/IBM/adaptive-federated-learning/issues/4/events",
        "html_url": "https://github.com/IBM/adaptive-federated-learning/issues/4",
        "id": 1338079209,
        "node_id": "I_kwDODzKOb85PwXfp",
        "number": 4,
        "title": "Help to change this repository!",
        "user": {
            "login": "sankopay",
            "id": 53657528,
            "node_id": "MDQ6VXNlcjUzNjU3NTI4",
            "avatar_url": "https://avatars.githubusercontent.com/u/53657528?v=4",
            "gravatar_id": "",
            "url": "https://api.github.com/users/sankopay",
            "html_url": "https://github.com/sankopay",
            "followers_url": "https://api.github.com/users/sankopay/followers",
            "following_url": "https://api.github.com/users/sankopay/following{/other_user}",
            "gists_url": "https://api.github.com/users/sankopay/gists{/gist_id}",
            "starred_url": "https://api.github.com/users/sankopay/starred{/owner}{/repo}",
            "subscriptions_url": "https://api.github.com/users/sankopay/subscriptions",
            "organizations_url": "https://api.github.com/users/sankopay/orgs",
            "repos_url": "https://api.github.com/users/sankopay/repos",
            "events_url": "https://api.github.com/users/sankopay/events{/privacy}",
            "received_events_url": "https://api.github.com/users/sankopay/received_events",
            "type": "User",
            "user_view_type": "public",
            "site_admin": false
        },
        "labels": [],
        "state": "closed",
        "locked": false,
        "assignee": null,
        "assignees": [],
        "milestone": null,
        "comments": 1,
        "created_at": "2022-08-13T23:03:18Z",
        "updated_at": "2022-08-13T23:28:07Z",
        "closed_at": "2022-08-13T23:28:07Z",
        "author_association": "NONE",
        "type": null,
        "active_lock_reason": null,
        "sub_issues_summary": {
            "total": 0,
            "completed": 0,
            "percent_completed": 0
        },
        "body": "Hello there!\r\nI\u2019m writing to you regarding a github repository you have made, which is of interest to me. \r\nThe repository I\u2019m talking about is the current one and I\u2019m doing a project which consists of this one\u201dhttps://github.com/qub-blesson/FedAdapt\" but i made some changes to yours like i wanted to run it for 3 virtual machines (windows 10) with 1Gb of Ram, 20Gb of hard disk, and this project is so important to me, but i wanted to only use SVM and CNN with stochastic gradient descent and the dataset is also just MNIST dataset. So now i want to use and add the part where you have done the online cloud offloading.\r\n\r\nSo would you please please please help me merge your code with the later repository for the offloading part? and also is it possible to do all that in python or jupyter notebook? i really am so desperate please please help a student in need, I know you must be so busy but i\u2019m so mentally down that i can\u2019t function well and the deadline for this project is approaching please help me merge the offloading part of your project with my customized project with the mentioned features above. it\u2019s the exact federated learning with resource-constrained algorithms but it need the offloading part which i cant wrap up my mind around it.",
        "closed_by": {
            "login": "shiqiangw",
            "id": 17449890,
            "node_id": "MDQ6VXNlcjE3NDQ5ODkw",
            "avatar_url": "https://avatars.githubusercontent.com/u/17449890?v=4",
            "gravatar_id": "",
            "url": "https://api.github.com/users/shiqiangw",
            "html_url": "https://github.com/shiqiangw",
            "followers_url": "https://api.github.com/users/shiqiangw/followers",
            "following_url": "https://api.github.com/users/shiqiangw/following{/other_user}",
            "gists_url": "https://api.github.com/users/shiqiangw/gists{/gist_id}",
            "starred_url": "https://api.github.com/users/shiqiangw/starred{/owner}{/repo}",
            "subscriptions_url": "https://api.github.com/users/shiqiangw/subscriptions",
            "organizations_url": "https://api.github.com/users/shiqiangw/orgs",
            "repos_url": "https://api.github.com/users/shiqiangw/repos",
            "events_url": "https://api.github.com/users/shiqiangw/events{/privacy}",
            "received_events_url": "https://api.github.com/users/shiqiangw/received_events",
            "type": "User",
            "user_view_type": "public",
            "site_admin": false
        },
        "reactions": {
            "url": "https://api.github.com/repos/IBM/adaptive-federated-learning/issues/4/reactions",
            "total_count": 0,
            "+1": 0,
            "-1": 0,
            "laugh": 0,
            "hooray": 0,
            "confused": 0,
            "heart": 0,
            "rocket": 0,
            "eyes": 0
        },
        "timeline_url": "https://api.github.com/repos/IBM/adaptive-federated-learning/issues/4/timeline",
        "performed_via_github_app": null,
        "state_reason": "completed"
    },
    {
        "url": "https://api.github.com/repos/IBM/adaptive-federated-learning/issues/3",
        "repository_url": "https://api.github.com/repos/IBM/adaptive-federated-learning",
        "labels_url": "https://api.github.com/repos/IBM/adaptive-federated-learning/issues/3/labels{/name}",
        "comments_url": "https://api.github.com/repos/IBM/adaptive-federated-learning/issues/3/comments",
        "events_url": "https://api.github.com/repos/IBM/adaptive-federated-learning/issues/3/events",
        "html_url": "https://github.com/IBM/adaptive-federated-learning/issues/3",
        "id": 1192534359,
        "node_id": "I_kwDODzKOb85HFKFX",
        "number": 3,
        "title": "\u81ea\u9002\u5e94\u8054\u90a6\u5b66\u4e60",
        "user": {
            "login": "li200005",
            "id": 58905357,
            "node_id": "MDQ6VXNlcjU4OTA1MzU3",
            "avatar_url": "https://avatars.githubusercontent.com/u/58905357?v=4",
            "gravatar_id": "",
            "url": "https://api.github.com/users/li200005",
            "html_url": "https://github.com/li200005",
            "followers_url": "https://api.github.com/users/li200005/followers",
            "following_url": "https://api.github.com/users/li200005/following{/other_user}",
            "gists_url": "https://api.github.com/users/li200005/gists{/gist_id}",
            "starred_url": "https://api.github.com/users/li200005/starred{/owner}{/repo}",
            "subscriptions_url": "https://api.github.com/users/li200005/subscriptions",
            "organizations_url": "https://api.github.com/users/li200005/orgs",
            "repos_url": "https://api.github.com/users/li200005/repos",
            "events_url": "https://api.github.com/users/li200005/events{/privacy}",
            "received_events_url": "https://api.github.com/users/li200005/received_events",
            "type": "User",
            "user_view_type": "public",
            "site_admin": false
        },
        "labels": [],
        "state": "closed",
        "locked": false,
        "assignee": null,
        "assignees": [],
        "milestone": null,
        "comments": 2,
        "created_at": "2022-04-05T02:42:49Z",
        "updated_at": "2022-04-05T02:51:50Z",
        "closed_at": "2022-04-05T02:51:50Z",
        "author_association": "NONE",
        "type": null,
        "active_lock_reason": null,
        "sub_issues_summary": {
            "total": 0,
            "completed": 0,
            "percent_completed": 0
        },
        "body": "\u60a8\u597d\uff01\u6211\u5728\u62dc\u8bfb\u60a8\u8fd9\u7bc7\u8bba\u6587\u65f6\u6709\u4e9b\u5730\u65b9\u611f\u5230\u4e0d\u89e3\uff0c\u867d\u7136\u60a8\u7684\u6807\u9898\u662f\u57fa\u4e8e\u8d44\u6e90\u53d7\u9650\u8fb9\u7f18\u8ba1\u7b97\u7cfb\u7edf\u4e0b\u7684\u81ea\u9002\u5e94\u8054\u90a6\u5b66\u4e60\uff0c\u4f46\u6211\u611f\u89c9\u4f60\u7684\u6a21\u578b\u6784\u9020\u5e76\u4e0d\u662f\u57fa\u4e8e\u8fb9\u7f18\u8ba1\u7b97\u7cfb\u7edf\u3002\r\n![image](https://user-images.githubusercontent.com/58905357/161667952-41fc38ae-c32a-4a3f-ab92-c0c0aa9df838.png)\r\n\u6211\u7406\u89e3\u4e2d\u7684\u57fa\u4e8e\u8fb9\u7f18\u8ba1\u7b97\u7cfb\u7edf\u7684\u8054\u90a6\u5b66\u4e60\u5e94\u5982\u4e0a\u56fe\u6709\u8fb9\u7f18\u805a\u5408\u548c\u5168\u5c40\u805a\u5408\uff0c\u4f46\u60a8\u7684\u7b97\u6cd52\u548c\u7b97\u6cd53\u4e2d\u53ea\u6709\u8282\u70b9\u548c\u805a\u5408\uff0c\u8fd9\u66f4\u50cf\u662f\u8054\u90a6\u5b66\u4e60\u7684\u7ecf\u5178\u6a21\u578b\u3002\u80fd\u5426\u8bf7\u60a8\u5206\u4eab\u4e00\u4e0b\u60a8\u5f53\u65f6\u662f\u600e\u4e48\u601d\u8003\u7684\uff1f\u53c8\u6216\u8005\u80fd\u4e0d\u80fd\u9ebb\u70e6\u60a8\u6307\u51fa\u6211\u7406\u89e3\u4e0a\u7684\u95ee\u9898\uff1f",
        "closed_by": {
            "login": "shiqiangw",
            "id": 17449890,
            "node_id": "MDQ6VXNlcjE3NDQ5ODkw",
            "avatar_url": "https://avatars.githubusercontent.com/u/17449890?v=4",
            "gravatar_id": "",
            "url": "https://api.github.com/users/shiqiangw",
            "html_url": "https://github.com/shiqiangw",
            "followers_url": "https://api.github.com/users/shiqiangw/followers",
            "following_url": "https://api.github.com/users/shiqiangw/following{/other_user}",
            "gists_url": "https://api.github.com/users/shiqiangw/gists{/gist_id}",
            "starred_url": "https://api.github.com/users/shiqiangw/starred{/owner}{/repo}",
            "subscriptions_url": "https://api.github.com/users/shiqiangw/subscriptions",
            "organizations_url": "https://api.github.com/users/shiqiangw/orgs",
            "repos_url": "https://api.github.com/users/shiqiangw/repos",
            "events_url": "https://api.github.com/users/shiqiangw/events{/privacy}",
            "received_events_url": "https://api.github.com/users/shiqiangw/received_events",
            "type": "User",
            "user_view_type": "public",
            "site_admin": false
        },
        "reactions": {
            "url": "https://api.github.com/repos/IBM/adaptive-federated-learning/issues/3/reactions",
            "total_count": 0,
            "+1": 0,
            "-1": 0,
            "laugh": 0,
            "hooray": 0,
            "confused": 0,
            "heart": 0,
            "rocket": 0,
            "eyes": 0
        },
        "timeline_url": "https://api.github.com/repos/IBM/adaptive-federated-learning/issues/3/timeline",
        "performed_via_github_app": null,
        "state_reason": "completed"
    },
    {
        "url": "https://api.github.com/repos/IBM/adaptive-federated-learning/issues/2",
        "repository_url": "https://api.github.com/repos/IBM/adaptive-federated-learning",
        "labels_url": "https://api.github.com/repos/IBM/adaptive-federated-learning/issues/2/labels{/name}",
        "comments_url": "https://api.github.com/repos/IBM/adaptive-federated-learning/issues/2/comments",
        "events_url": "https://api.github.com/repos/IBM/adaptive-federated-learning/issues/2/events",
        "html_url": "https://github.com/IBM/adaptive-federated-learning/issues/2",
        "id": 1084495878,
        "node_id": "I_kwDODzKOb85ApBgG",
        "number": 2,
        "title": "Run 5 parallel instances of client.py on the same machine as the server",
        "user": {
            "login": "li200005",
            "id": 58905357,
            "node_id": "MDQ6VXNlcjU4OTA1MzU3",
            "avatar_url": "https://avatars.githubusercontent.com/u/58905357?v=4",
            "gravatar_id": "",
            "url": "https://api.github.com/users/li200005",
            "html_url": "https://github.com/li200005",
            "followers_url": "https://api.github.com/users/li200005/followers",
            "following_url": "https://api.github.com/users/li200005/following{/other_user}",
            "gists_url": "https://api.github.com/users/li200005/gists{/gist_id}",
            "starred_url": "https://api.github.com/users/li200005/starred{/owner}{/repo}",
            "subscriptions_url": "https://api.github.com/users/li200005/subscriptions",
            "organizations_url": "https://api.github.com/users/li200005/orgs",
            "repos_url": "https://api.github.com/users/li200005/repos",
            "events_url": "https://api.github.com/users/li200005/events{/privacy}",
            "received_events_url": "https://api.github.com/users/li200005/received_events",
            "type": "User",
            "user_view_type": "public",
            "site_admin": false
        },
        "labels": [],
        "state": "closed",
        "locked": false,
        "assignee": null,
        "assignees": [],
        "milestone": null,
        "comments": 2,
        "created_at": "2021-12-20T08:24:35Z",
        "updated_at": "2022-01-19T23:39:30Z",
        "closed_at": "2022-01-19T23:39:30Z",
        "author_association": "NONE",
        "type": null,
        "active_lock_reason": null,
        "sub_issues_summary": {
            "total": 0,
            "completed": 0,
            "percent_completed": 0
        },
        "body": "I don't know how to run 5 parallel instances of client.py on the same machine as the server.\r\nI've tried multithreading and multi-process, but still stuck at this step \"Waiting for incoming connections...\".\r\nCould you please teach me how to do this?",
        "closed_by": {
            "login": "shiqiangw",
            "id": 17449890,
            "node_id": "MDQ6VXNlcjE3NDQ5ODkw",
            "avatar_url": "https://avatars.githubusercontent.com/u/17449890?v=4",
            "gravatar_id": "",
            "url": "https://api.github.com/users/shiqiangw",
            "html_url": "https://github.com/shiqiangw",
            "followers_url": "https://api.github.com/users/shiqiangw/followers",
            "following_url": "https://api.github.com/users/shiqiangw/following{/other_user}",
            "gists_url": "https://api.github.com/users/shiqiangw/gists{/gist_id}",
            "starred_url": "https://api.github.com/users/shiqiangw/starred{/owner}{/repo}",
            "subscriptions_url": "https://api.github.com/users/shiqiangw/subscriptions",
            "organizations_url": "https://api.github.com/users/shiqiangw/orgs",
            "repos_url": "https://api.github.com/users/shiqiangw/repos",
            "events_url": "https://api.github.com/users/shiqiangw/events{/privacy}",
            "received_events_url": "https://api.github.com/users/shiqiangw/received_events",
            "type": "User",
            "user_view_type": "public",
            "site_admin": false
        },
        "reactions": {
            "url": "https://api.github.com/repos/IBM/adaptive-federated-learning/issues/2/reactions",
            "total_count": 0,
            "+1": 0,
            "-1": 0,
            "laugh": 0,
            "hooray": 0,
            "confused": 0,
            "heart": 0,
            "rocket": 0,
            "eyes": 0
        },
        "timeline_url": "https://api.github.com/repos/IBM/adaptive-federated-learning/issues/2/timeline",
        "performed_via_github_app": null,
        "state_reason": "completed"
    },
    {
        "url": "https://api.github.com/repos/IBM/adaptive-federated-learning/issues/1",
        "repository_url": "https://api.github.com/repos/IBM/adaptive-federated-learning",
        "labels_url": "https://api.github.com/repos/IBM/adaptive-federated-learning/issues/1/labels{/name}",
        "comments_url": "https://api.github.com/repos/IBM/adaptive-federated-learning/issues/1/comments",
        "events_url": "https://api.github.com/repos/IBM/adaptive-federated-learning/issues/1/events",
        "html_url": "https://github.com/IBM/adaptive-federated-learning/issues/1",
        "id": 1076537789,
        "node_id": "I_kwDODzKOb85AKqm9",
        "number": 1,
        "title": "I have found a problem, can you help me solve it?",
        "user": {
            "login": "Boye-Z",
            "id": 67536281,
            "node_id": "MDQ6VXNlcjY3NTM2Mjgx",
            "avatar_url": "https://avatars.githubusercontent.com/u/67536281?v=4",
            "gravatar_id": "",
            "url": "https://api.github.com/users/Boye-Z",
            "html_url": "https://github.com/Boye-Z",
            "followers_url": "https://api.github.com/users/Boye-Z/followers",
            "following_url": "https://api.github.com/users/Boye-Z/following{/other_user}",
            "gists_url": "https://api.github.com/users/Boye-Z/gists{/gist_id}",
            "starred_url": "https://api.github.com/users/Boye-Z/starred{/owner}{/repo}",
            "subscriptions_url": "https://api.github.com/users/Boye-Z/subscriptions",
            "organizations_url": "https://api.github.com/users/Boye-Z/orgs",
            "repos_url": "https://api.github.com/users/Boye-Z/repos",
            "events_url": "https://api.github.com/users/Boye-Z/events{/privacy}",
            "received_events_url": "https://api.github.com/users/Boye-Z/received_events",
            "type": "User",
            "user_view_type": "public",
            "site_admin": false
        },
        "labels": [],
        "state": "closed",
        "locked": false,
        "assignee": null,
        "assignees": [],
        "milestone": null,
        "comments": 4,
        "created_at": "2021-12-10T07:46:44Z",
        "updated_at": "2022-01-19T23:39:30Z",
        "closed_at": "2022-01-19T23:39:30Z",
        "author_association": "NONE",
        "type": null,
        "active_lock_reason": null,
        "sub_issues_summary": {
            "total": 0,
            "completed": 0,
            "percent_completed": 0
        },
        "body": "I have found a problem, can you help me solve it?\r\nFor \uff1a     \r\nlabel = unpack('>B', f_labels.read(1))[0]\r\nstruct.error: unpack requires a buffer of 1 bytes\r\n\r\n",
        "closed_by": {
            "login": "shiqiangw",
            "id": 17449890,
            "node_id": "MDQ6VXNlcjE3NDQ5ODkw",
            "avatar_url": "https://avatars.githubusercontent.com/u/17449890?v=4",
            "gravatar_id": "",
            "url": "https://api.github.com/users/shiqiangw",
            "html_url": "https://github.com/shiqiangw",
            "followers_url": "https://api.github.com/users/shiqiangw/followers",
            "following_url": "https://api.github.com/users/shiqiangw/following{/other_user}",
            "gists_url": "https://api.github.com/users/shiqiangw/gists{/gist_id}",
            "starred_url": "https://api.github.com/users/shiqiangw/starred{/owner}{/repo}",
            "subscriptions_url": "https://api.github.com/users/shiqiangw/subscriptions",
            "organizations_url": "https://api.github.com/users/shiqiangw/orgs",
            "repos_url": "https://api.github.com/users/shiqiangw/repos",
            "events_url": "https://api.github.com/users/shiqiangw/events{/privacy}",
            "received_events_url": "https://api.github.com/users/shiqiangw/received_events",
            "type": "User",
            "user_view_type": "public",
            "site_admin": false
        },
        "reactions": {
            "url": "https://api.github.com/repos/IBM/adaptive-federated-learning/issues/1/reactions",
            "total_count": 0,
            "+1": 0,
            "-1": 0,
            "laugh": 0,
            "hooray": 0,
            "confused": 0,
            "heart": 0,
            "rocket": 0,
            "eyes": 0
        },
        "timeline_url": "https://api.github.com/repos/IBM/adaptive-federated-learning/issues/1/timeline",
        "performed_via_github_app": null,
        "state_reason": "completed"
    }
]