[
    {
        "url": "https://api.github.com/repos/iQua/flsim/issues/13",
        "repository_url": "https://api.github.com/repos/iQua/flsim",
        "labels_url": "https://api.github.com/repos/iQua/flsim/issues/13/labels{/name}",
        "comments_url": "https://api.github.com/repos/iQua/flsim/issues/13/comments",
        "events_url": "https://api.github.com/repos/iQua/flsim/issues/13/events",
        "html_url": "https://github.com/iQua/flsim/issues/13",
        "id": 2087735856,
        "node_id": "I_kwDODSp3e858cFIw",
        "number": 13,
        "title": "Can you share the complete code",
        "user": {
            "login": "Lectorrr",
            "id": 33307595,
            "node_id": "MDQ6VXNlcjMzMzA3NTk1",
            "avatar_url": "https://avatars.githubusercontent.com/u/33307595?v=4",
            "gravatar_id": "",
            "url": "https://api.github.com/users/Lectorrr",
            "html_url": "https://github.com/Lectorrr",
            "followers_url": "https://api.github.com/users/Lectorrr/followers",
            "following_url": "https://api.github.com/users/Lectorrr/following{/other_user}",
            "gists_url": "https://api.github.com/users/Lectorrr/gists{/gist_id}",
            "starred_url": "https://api.github.com/users/Lectorrr/starred{/owner}{/repo}",
            "subscriptions_url": "https://api.github.com/users/Lectorrr/subscriptions",
            "organizations_url": "https://api.github.com/users/Lectorrr/orgs",
            "repos_url": "https://api.github.com/users/Lectorrr/repos",
            "events_url": "https://api.github.com/users/Lectorrr/events{/privacy}",
            "received_events_url": "https://api.github.com/users/Lectorrr/received_events",
            "type": "User",
            "user_view_type": "public",
            "site_admin": false
        },
        "labels": [],
        "state": "open",
        "locked": false,
        "assignee": null,
        "assignees": [],
        "milestone": null,
        "comments": 0,
        "created_at": "2024-01-18T08:05:16Z",
        "updated_at": "2024-01-18T08:05:16Z",
        "closed_at": null,
        "author_association": "NONE",
        "type": null,
        "active_lock_reason": null,
        "sub_issues_summary": {
            "total": 0,
            "completed": 0,
            "percent_completed": 0
        },
        "body": null,
        "closed_by": null,
        "reactions": {
            "url": "https://api.github.com/repos/iQua/flsim/issues/13/reactions",
            "total_count": 0,
            "+1": 0,
            "-1": 0,
            "laugh": 0,
            "hooray": 0,
            "confused": 0,
            "heart": 0,
            "rocket": 0,
            "eyes": 0
        },
        "timeline_url": "https://api.github.com/repos/iQua/flsim/issues/13/timeline",
        "performed_via_github_app": null,
        "state_reason": null
    },
    {
        "url": "https://api.github.com/repos/iQua/flsim/issues/12",
        "repository_url": "https://api.github.com/repos/iQua/flsim",
        "labels_url": "https://api.github.com/repos/iQua/flsim/issues/12/labels{/name}",
        "comments_url": "https://api.github.com/repos/iQua/flsim/issues/12/comments",
        "events_url": "https://api.github.com/repos/iQua/flsim/issues/12/events",
        "html_url": "https://github.com/iQua/flsim/issues/12",
        "id": 1377280632,
        "node_id": "I_kwDODSp3e85SF6J4",
        "number": 12,
        "title": "My DQN implementation based on flsim",
        "user": {
            "login": "tian1327",
            "id": 65430862,
            "node_id": "MDQ6VXNlcjY1NDMwODYy",
            "avatar_url": "https://avatars.githubusercontent.com/u/65430862?v=4",
            "gravatar_id": "",
            "url": "https://api.github.com/users/tian1327",
            "html_url": "https://github.com/tian1327",
            "followers_url": "https://api.github.com/users/tian1327/followers",
            "following_url": "https://api.github.com/users/tian1327/following{/other_user}",
            "gists_url": "https://api.github.com/users/tian1327/gists{/gist_id}",
            "starred_url": "https://api.github.com/users/tian1327/starred{/owner}{/repo}",
            "subscriptions_url": "https://api.github.com/users/tian1327/subscriptions",
            "organizations_url": "https://api.github.com/users/tian1327/orgs",
            "repos_url": "https://api.github.com/users/tian1327/repos",
            "events_url": "https://api.github.com/users/tian1327/events{/privacy}",
            "received_events_url": "https://api.github.com/users/tian1327/received_events",
            "type": "User",
            "user_view_type": "public",
            "site_admin": false
        },
        "labels": [],
        "state": "open",
        "locked": false,
        "assignee": null,
        "assignees": [],
        "milestone": null,
        "comments": 1,
        "created_at": "2022-09-19T01:53:28Z",
        "updated_at": "2023-06-27T19:20:21Z",
        "closed_at": null,
        "author_association": "NONE",
        "type": null,
        "active_lock_reason": null,
        "sub_issues_summary": {
            "total": 0,
            "completed": 0,
            "percent_completed": 0
        },
        "body": "Hi there,\r\n\r\nThanks for the good work! Just a question, is the DQN model trained (by selecting 1 participating device as mentioned in the paper) before being deployed to the server for FL communications? Or does it trained in parallel with the FL communications?  If so, how? Because in FL communications you are using DQN to select top k devices for training right?\r\n\r\nAnyone else can help me understand this? Thanks! ",
        "closed_by": null,
        "reactions": {
            "url": "https://api.github.com/repos/iQua/flsim/issues/12/reactions",
            "total_count": 0,
            "+1": 0,
            "-1": 0,
            "laugh": 0,
            "hooray": 0,
            "confused": 0,
            "heart": 0,
            "rocket": 0,
            "eyes": 0
        },
        "timeline_url": "https://api.github.com/repos/iQua/flsim/issues/12/timeline",
        "performed_via_github_app": null,
        "state_reason": null
    },
    {
        "url": "https://api.github.com/repos/iQua/flsim/issues/10",
        "repository_url": "https://api.github.com/repos/iQua/flsim",
        "labels_url": "https://api.github.com/repos/iQua/flsim/issues/10/labels{/name}",
        "comments_url": "https://api.github.com/repos/iQua/flsim/issues/10/comments",
        "events_url": "https://api.github.com/repos/iQua/flsim/issues/10/events",
        "html_url": "https://github.com/iQua/flsim/issues/10",
        "id": 1181980414,
        "node_id": "I_kwDODSp3e85Gc5b-",
        "number": 10,
        "title": "DQN Code Release",
        "user": {
            "login": "usamazf",
            "id": 14904689,
            "node_id": "MDQ6VXNlcjE0OTA0Njg5",
            "avatar_url": "https://avatars.githubusercontent.com/u/14904689?v=4",
            "gravatar_id": "",
            "url": "https://api.github.com/users/usamazf",
            "html_url": "https://github.com/usamazf",
            "followers_url": "https://api.github.com/users/usamazf/followers",
            "following_url": "https://api.github.com/users/usamazf/following{/other_user}",
            "gists_url": "https://api.github.com/users/usamazf/gists{/gist_id}",
            "starred_url": "https://api.github.com/users/usamazf/starred{/owner}{/repo}",
            "subscriptions_url": "https://api.github.com/users/usamazf/subscriptions",
            "organizations_url": "https://api.github.com/users/usamazf/orgs",
            "repos_url": "https://api.github.com/users/usamazf/repos",
            "events_url": "https://api.github.com/users/usamazf/events{/privacy}",
            "received_events_url": "https://api.github.com/users/usamazf/received_events",
            "type": "User",
            "user_view_type": "public",
            "site_admin": false
        },
        "labels": [],
        "state": "closed",
        "locked": false,
        "assignee": null,
        "assignees": [],
        "milestone": null,
        "comments": 1,
        "created_at": "2022-03-26T18:48:27Z",
        "updated_at": "2022-11-28T20:43:22Z",
        "closed_at": "2022-11-28T20:43:21Z",
        "author_association": "NONE",
        "type": null,
        "active_lock_reason": null,
        "sub_issues_summary": {
            "total": 0,
            "completed": 0,
            "percent_completed": 0
        },
        "body": "Hi there, I have a quick question, is there any plan of releasing the DQN code? Would love to evaluate this work and extend it further.",
        "closed_by": {
            "login": "chapter09",
            "id": 696726,
            "node_id": "MDQ6VXNlcjY5NjcyNg==",
            "avatar_url": "https://avatars.githubusercontent.com/u/696726?v=4",
            "gravatar_id": "",
            "url": "https://api.github.com/users/chapter09",
            "html_url": "https://github.com/chapter09",
            "followers_url": "https://api.github.com/users/chapter09/followers",
            "following_url": "https://api.github.com/users/chapter09/following{/other_user}",
            "gists_url": "https://api.github.com/users/chapter09/gists{/gist_id}",
            "starred_url": "https://api.github.com/users/chapter09/starred{/owner}{/repo}",
            "subscriptions_url": "https://api.github.com/users/chapter09/subscriptions",
            "organizations_url": "https://api.github.com/users/chapter09/orgs",
            "repos_url": "https://api.github.com/users/chapter09/repos",
            "events_url": "https://api.github.com/users/chapter09/events{/privacy}",
            "received_events_url": "https://api.github.com/users/chapter09/received_events",
            "type": "User",
            "user_view_type": "public",
            "site_admin": false
        },
        "reactions": {
            "url": "https://api.github.com/repos/iQua/flsim/issues/10/reactions",
            "total_count": 0,
            "+1": 0,
            "-1": 0,
            "laugh": 0,
            "hooray": 0,
            "confused": 0,
            "heart": 0,
            "rocket": 0,
            "eyes": 0
        },
        "timeline_url": "https://api.github.com/repos/iQua/flsim/issues/10/timeline",
        "performed_via_github_app": null,
        "state_reason": "completed"
    },
    {
        "url": "https://api.github.com/repos/iQua/flsim/issues/9",
        "repository_url": "https://api.github.com/repos/iQua/flsim",
        "labels_url": "https://api.github.com/repos/iQua/flsim/issues/9/labels{/name}",
        "comments_url": "https://api.github.com/repos/iQua/flsim/issues/9/comments",
        "events_url": "https://api.github.com/repos/iQua/flsim/issues/9/events",
        "html_url": "https://github.com/iQua/flsim/issues/9",
        "id": 1041439067,
        "node_id": "I_kwDODSp3e84-Exlb",
        "number": 9,
        "title": "Not performing PCA - pref is not define",
        "user": {
            "login": "Dipeshtamboli",
            "id": 34067296,
            "node_id": "MDQ6VXNlcjM0MDY3Mjk2",
            "avatar_url": "https://avatars.githubusercontent.com/u/34067296?v=4",
            "gravatar_id": "",
            "url": "https://api.github.com/users/Dipeshtamboli",
            "html_url": "https://github.com/Dipeshtamboli",
            "followers_url": "https://api.github.com/users/Dipeshtamboli/followers",
            "following_url": "https://api.github.com/users/Dipeshtamboli/following{/other_user}",
            "gists_url": "https://api.github.com/users/Dipeshtamboli/gists{/gist_id}",
            "starred_url": "https://api.github.com/users/Dipeshtamboli/starred{/owner}{/repo}",
            "subscriptions_url": "https://api.github.com/users/Dipeshtamboli/subscriptions",
            "organizations_url": "https://api.github.com/users/Dipeshtamboli/orgs",
            "repos_url": "https://api.github.com/users/Dipeshtamboli/repos",
            "events_url": "https://api.github.com/users/Dipeshtamboli/events{/privacy}",
            "received_events_url": "https://api.github.com/users/Dipeshtamboli/received_events",
            "type": "User",
            "user_view_type": "public",
            "site_admin": false
        },
        "labels": [],
        "state": "open",
        "locked": false,
        "assignee": null,
        "assignees": [],
        "milestone": null,
        "comments": 0,
        "created_at": "2021-11-01T17:59:32Z",
        "updated_at": "2021-11-01T17:59:32Z",
        "closed_at": null,
        "author_association": "NONE",
        "type": null,
        "active_lock_reason": null,
        "sub_issues_summary": {
            "total": 0,
            "completed": 0,
            "percent_completed": 0
        },
        "body": "Code is not performing PCA.\r\n\r\nhttps://github.com/iQua/flsim/blob/59d39e6f50bd1af79aa114db8d87cb870e829d02/scripts/pca.py#L56\r\n\r\n`clients[i].pref` is not define.\r\n\r\n> AttributeError: 'Client' object has no attribute 'pref'",
        "closed_by": null,
        "reactions": {
            "url": "https://api.github.com/repos/iQua/flsim/issues/9/reactions",
            "total_count": 0,
            "+1": 0,
            "-1": 0,
            "laugh": 0,
            "hooray": 0,
            "confused": 0,
            "heart": 0,
            "rocket": 0,
            "eyes": 0
        },
        "timeline_url": "https://api.github.com/repos/iQua/flsim/issues/9/timeline",
        "performed_via_github_app": null,
        "state_reason": null
    },
    {
        "url": "https://api.github.com/repos/iQua/flsim/issues/8",
        "repository_url": "https://api.github.com/repos/iQua/flsim",
        "labels_url": "https://api.github.com/repos/iQua/flsim/issues/8/labels{/name}",
        "comments_url": "https://api.github.com/repos/iQua/flsim/issues/8/comments",
        "events_url": "https://api.github.com/repos/iQua/flsim/issues/8/events",
        "html_url": "https://github.com/iQua/flsim/issues/8",
        "id": 1041435777,
        "node_id": "I_kwDODSp3e84-EwyB",
        "number": 8,
        "title": "Syntax error",
        "user": {
            "login": "Dipeshtamboli",
            "id": 34067296,
            "node_id": "MDQ6VXNlcjM0MDY3Mjk2",
            "avatar_url": "https://avatars.githubusercontent.com/u/34067296?v=4",
            "gravatar_id": "",
            "url": "https://api.github.com/users/Dipeshtamboli",
            "html_url": "https://github.com/Dipeshtamboli",
            "followers_url": "https://api.github.com/users/Dipeshtamboli/followers",
            "following_url": "https://api.github.com/users/Dipeshtamboli/following{/other_user}",
            "gists_url": "https://api.github.com/users/Dipeshtamboli/gists{/gist_id}",
            "starred_url": "https://api.github.com/users/Dipeshtamboli/starred{/owner}{/repo}",
            "subscriptions_url": "https://api.github.com/users/Dipeshtamboli/subscriptions",
            "organizations_url": "https://api.github.com/users/Dipeshtamboli/orgs",
            "repos_url": "https://api.github.com/users/Dipeshtamboli/repos",
            "events_url": "https://api.github.com/users/Dipeshtamboli/events{/privacy}",
            "received_events_url": "https://api.github.com/users/Dipeshtamboli/received_events",
            "type": "User",
            "user_view_type": "public",
            "site_admin": false
        },
        "labels": [],
        "state": "open",
        "locked": false,
        "assignee": null,
        "assignees": [],
        "milestone": null,
        "comments": 0,
        "created_at": "2021-11-01T17:55:23Z",
        "updated_at": "2021-11-01T17:55:23Z",
        "closed_at": null,
        "author_association": "NONE",
        "type": null,
        "active_lock_reason": null,
        "sub_issues_summary": {
            "total": 0,
            "completed": 0,
            "percent_completed": 0
        },
        "body": "https://github.com/iQua/flsim/blob/59d39e6f50bd1af79aa114db8d87cb870e829d02/scripts/pca.py#L57\r\n\r\nIt should be `logging.info(.)` instead of `logging.into(.)`.\r\n\r\n",
        "closed_by": null,
        "reactions": {
            "url": "https://api.github.com/repos/iQua/flsim/issues/8/reactions",
            "total_count": 0,
            "+1": 0,
            "-1": 0,
            "laugh": 0,
            "hooray": 0,
            "confused": 0,
            "heart": 0,
            "rocket": 0,
            "eyes": 0
        },
        "timeline_url": "https://api.github.com/repos/iQua/flsim/issues/8/timeline",
        "performed_via_github_app": null,
        "state_reason": null
    },
    {
        "url": "https://api.github.com/repos/iQua/flsim/issues/7",
        "repository_url": "https://api.github.com/repos/iQua/flsim",
        "labels_url": "https://api.github.com/repos/iQua/flsim/issues/7/labels{/name}",
        "comments_url": "https://api.github.com/repos/iQua/flsim/issues/7/comments",
        "events_url": "https://api.github.com/repos/iQua/flsim/issues/7/events",
        "html_url": "https://github.com/iQua/flsim/issues/7",
        "id": 985574811,
        "node_id": "MDU6SXNzdWU5ODU1NzQ4MTE=",
        "number": 7,
        "title": "Some doubts and questions",
        "user": {
            "login": "fvarno",
            "id": 40249495,
            "node_id": "MDQ6VXNlcjQwMjQ5NDk1",
            "avatar_url": "https://avatars.githubusercontent.com/u/40249495?v=4",
            "gravatar_id": "",
            "url": "https://api.github.com/users/fvarno",
            "html_url": "https://github.com/fvarno",
            "followers_url": "https://api.github.com/users/fvarno/followers",
            "following_url": "https://api.github.com/users/fvarno/following{/other_user}",
            "gists_url": "https://api.github.com/users/fvarno/gists{/gist_id}",
            "starred_url": "https://api.github.com/users/fvarno/starred{/owner}{/repo}",
            "subscriptions_url": "https://api.github.com/users/fvarno/subscriptions",
            "organizations_url": "https://api.github.com/users/fvarno/orgs",
            "repos_url": "https://api.github.com/users/fvarno/repos",
            "events_url": "https://api.github.com/users/fvarno/events{/privacy}",
            "received_events_url": "https://api.github.com/users/fvarno/received_events",
            "type": "User",
            "user_view_type": "public",
            "site_admin": false
        },
        "labels": [],
        "state": "open",
        "locked": false,
        "assignee": null,
        "assignees": [],
        "milestone": null,
        "comments": 15,
        "created_at": "2021-09-01T19:45:49Z",
        "updated_at": "2022-12-09T18:26:37Z",
        "closed_at": null,
        "author_association": "NONE",
        "type": null,
        "active_lock_reason": null,
        "sub_issues_summary": {
            "total": 0,
            "completed": 0,
            "percent_completed": 0
        },
        "body": "I understand that for some reasons you might not have been able to release your complete code but I would highly appreciate if you could help me answering some questions about your implementation. \r\n\r\n1. The validation set on server, how much data it has and is it taken from original training (before partitioning) or test set?\r\n2. Do you train your DQN network with one optimization step after each communication round (after pushing the latest experience into replay memory) or multiple steps? Do you wait for the memory to collect some experience or train DQN even with 1 entry? What is the DQN training batch size?\r\n3. what is the optimization algorithm and learning rate used to train the DQN network?\r\n4. What is the frequency of updating the target network (from the learning DQN)?\r\n5. do you use learning rate decay as in FedAvg? Does it match their numbers? \r\n6. Do you use a discounting factor for reward (\\gamma in your paper)?\r\n\r\nThank you in advance!",
        "closed_by": null,
        "reactions": {
            "url": "https://api.github.com/repos/iQua/flsim/issues/7/reactions",
            "total_count": 0,
            "+1": 0,
            "-1": 0,
            "laugh": 0,
            "hooray": 0,
            "confused": 0,
            "heart": 0,
            "rocket": 0,
            "eyes": 0
        },
        "timeline_url": "https://api.github.com/repos/iQua/flsim/issues/7/timeline",
        "performed_via_github_app": null,
        "state_reason": null
    },
    {
        "url": "https://api.github.com/repos/iQua/flsim/issues/6",
        "repository_url": "https://api.github.com/repos/iQua/flsim",
        "labels_url": "https://api.github.com/repos/iQua/flsim/issues/6/labels{/name}",
        "comments_url": "https://api.github.com/repos/iQua/flsim/issues/6/comments",
        "events_url": "https://api.github.com/repos/iQua/flsim/issues/6/events",
        "html_url": "https://github.com/iQua/flsim/issues/6",
        "id": 933207573,
        "node_id": "MDU6SXNzdWU5MzMyMDc1NzM=",
        "number": 6,
        "title": "Can you please open source your code of FAVOR?",
        "user": {
            "login": "TianweiXing",
            "id": 17885178,
            "node_id": "MDQ6VXNlcjE3ODg1MTc4",
            "avatar_url": "https://avatars.githubusercontent.com/u/17885178?v=4",
            "gravatar_id": "",
            "url": "https://api.github.com/users/TianweiXing",
            "html_url": "https://github.com/TianweiXing",
            "followers_url": "https://api.github.com/users/TianweiXing/followers",
            "following_url": "https://api.github.com/users/TianweiXing/following{/other_user}",
            "gists_url": "https://api.github.com/users/TianweiXing/gists{/gist_id}",
            "starred_url": "https://api.github.com/users/TianweiXing/starred{/owner}{/repo}",
            "subscriptions_url": "https://api.github.com/users/TianweiXing/subscriptions",
            "organizations_url": "https://api.github.com/users/TianweiXing/orgs",
            "repos_url": "https://api.github.com/users/TianweiXing/repos",
            "events_url": "https://api.github.com/users/TianweiXing/events{/privacy}",
            "received_events_url": "https://api.github.com/users/TianweiXing/received_events",
            "type": "User",
            "user_view_type": "public",
            "site_admin": false
        },
        "labels": [],
        "state": "open",
        "locked": false,
        "assignee": null,
        "assignees": [],
        "milestone": null,
        "comments": 8,
        "created_at": "2021-06-30T00:40:08Z",
        "updated_at": "2022-03-13T08:44:58Z",
        "closed_at": null,
        "author_association": "NONE",
        "type": null,
        "active_lock_reason": null,
        "sub_issues_summary": {
            "total": 0,
            "completed": 0,
            "percent_completed": 0
        },
        "body": "Can you please open source your code of FAVOR?\r\nThe core part of codes is missing(RL agent) and the results couldn't be reproduced. \r\n",
        "closed_by": null,
        "reactions": {
            "url": "https://api.github.com/repos/iQua/flsim/issues/6/reactions",
            "total_count": 1,
            "+1": 0,
            "-1": 0,
            "laugh": 0,
            "hooray": 0,
            "confused": 1,
            "heart": 0,
            "rocket": 0,
            "eyes": 0
        },
        "timeline_url": "https://api.github.com/repos/iQua/flsim/issues/6/timeline",
        "performed_via_github_app": null,
        "state_reason": null
    },
    {
        "url": "https://api.github.com/repos/iQua/flsim/issues/5",
        "repository_url": "https://api.github.com/repos/iQua/flsim",
        "labels_url": "https://api.github.com/repos/iQua/flsim/issues/5/labels{/name}",
        "comments_url": "https://api.github.com/repos/iQua/flsim/issues/5/comments",
        "events_url": "https://api.github.com/repos/iQua/flsim/issues/5/events",
        "html_url": "https://github.com/iQua/flsim/issues/5",
        "id": 794343545,
        "node_id": "MDU6SXNzdWU3OTQzNDM1NDU=",
        "number": 5,
        "title": "how to reproduce your experimental results completely",
        "user": {
            "login": "Tzq2doc",
            "id": 44061449,
            "node_id": "MDQ6VXNlcjQ0MDYxNDQ5",
            "avatar_url": "https://avatars.githubusercontent.com/u/44061449?v=4",
            "gravatar_id": "",
            "url": "https://api.github.com/users/Tzq2doc",
            "html_url": "https://github.com/Tzq2doc",
            "followers_url": "https://api.github.com/users/Tzq2doc/followers",
            "following_url": "https://api.github.com/users/Tzq2doc/following{/other_user}",
            "gists_url": "https://api.github.com/users/Tzq2doc/gists{/gist_id}",
            "starred_url": "https://api.github.com/users/Tzq2doc/starred{/owner}{/repo}",
            "subscriptions_url": "https://api.github.com/users/Tzq2doc/subscriptions",
            "organizations_url": "https://api.github.com/users/Tzq2doc/orgs",
            "repos_url": "https://api.github.com/users/Tzq2doc/repos",
            "events_url": "https://api.github.com/users/Tzq2doc/events{/privacy}",
            "received_events_url": "https://api.github.com/users/Tzq2doc/received_events",
            "type": "User",
            "user_view_type": "public",
            "site_admin": false
        },
        "labels": [],
        "state": "open",
        "locked": false,
        "assignee": null,
        "assignees": [],
        "milestone": null,
        "comments": 3,
        "created_at": "2021-01-26T15:50:21Z",
        "updated_at": "2024-01-18T08:01:31Z",
        "closed_at": null,
        "author_association": "NONE",
        "type": null,
        "active_lock_reason": null,
        "sub_issues_summary": {
            "total": 0,
            "completed": 0,
            "percent_completed": 0
        },
        "body": "Thank you for your nice codes.",
        "closed_by": null,
        "reactions": {
            "url": "https://api.github.com/repos/iQua/flsim/issues/5/reactions",
            "total_count": 0,
            "+1": 0,
            "-1": 0,
            "laugh": 0,
            "hooray": 0,
            "confused": 0,
            "heart": 0,
            "rocket": 0,
            "eyes": 0
        },
        "timeline_url": "https://api.github.com/repos/iQua/flsim/issues/5/timeline",
        "performed_via_github_app": null,
        "state_reason": null
    },
    {
        "url": "https://api.github.com/repos/iQua/flsim/issues/3",
        "repository_url": "https://api.github.com/repos/iQua/flsim",
        "labels_url": "https://api.github.com/repos/iQua/flsim/issues/3/labels{/name}",
        "comments_url": "https://api.github.com/repos/iQua/flsim/issues/3/comments",
        "events_url": "https://api.github.com/repos/iQua/flsim/issues/3/events",
        "html_url": "https://github.com/iQua/flsim/issues/3",
        "id": 675826233,
        "node_id": "MDU6SXNzdWU2NzU4MjYyMzM=",
        "number": 3,
        "title": "RL code disable",
        "user": {
            "login": "zhang-xh95",
            "id": 46394627,
            "node_id": "MDQ6VXNlcjQ2Mzk0NjI3",
            "avatar_url": "https://avatars.githubusercontent.com/u/46394627?v=4",
            "gravatar_id": "",
            "url": "https://api.github.com/users/zhang-xh95",
            "html_url": "https://github.com/zhang-xh95",
            "followers_url": "https://api.github.com/users/zhang-xh95/followers",
            "following_url": "https://api.github.com/users/zhang-xh95/following{/other_user}",
            "gists_url": "https://api.github.com/users/zhang-xh95/gists{/gist_id}",
            "starred_url": "https://api.github.com/users/zhang-xh95/starred{/owner}{/repo}",
            "subscriptions_url": "https://api.github.com/users/zhang-xh95/subscriptions",
            "organizations_url": "https://api.github.com/users/zhang-xh95/orgs",
            "repos_url": "https://api.github.com/users/zhang-xh95/repos",
            "events_url": "https://api.github.com/users/zhang-xh95/events{/privacy}",
            "received_events_url": "https://api.github.com/users/zhang-xh95/received_events",
            "type": "User",
            "user_view_type": "public",
            "site_admin": false
        },
        "labels": [],
        "state": "closed",
        "locked": false,
        "assignee": null,
        "assignees": [],
        "milestone": null,
        "comments": 2,
        "created_at": "2020-08-10T02:28:13Z",
        "updated_at": "2021-09-01T19:20:41Z",
        "closed_at": "2020-08-17T20:24:10Z",
        "author_association": "NONE",
        "type": null,
        "active_lock_reason": null,
        "sub_issues_summary": {
            "total": 0,
            "completed": 0,
            "percent_completed": 0
        },
        "body": "I am curious about the work in your paper, but I found that it is unavailable to the DQN implementation. Could you share the code about server.dqn and server.train?",
        "closed_by": {
            "login": "chapter09",
            "id": 696726,
            "node_id": "MDQ6VXNlcjY5NjcyNg==",
            "avatar_url": "https://avatars.githubusercontent.com/u/696726?v=4",
            "gravatar_id": "",
            "url": "https://api.github.com/users/chapter09",
            "html_url": "https://github.com/chapter09",
            "followers_url": "https://api.github.com/users/chapter09/followers",
            "following_url": "https://api.github.com/users/chapter09/following{/other_user}",
            "gists_url": "https://api.github.com/users/chapter09/gists{/gist_id}",
            "starred_url": "https://api.github.com/users/chapter09/starred{/owner}{/repo}",
            "subscriptions_url": "https://api.github.com/users/chapter09/subscriptions",
            "organizations_url": "https://api.github.com/users/chapter09/orgs",
            "repos_url": "https://api.github.com/users/chapter09/repos",
            "events_url": "https://api.github.com/users/chapter09/events{/privacy}",
            "received_events_url": "https://api.github.com/users/chapter09/received_events",
            "type": "User",
            "user_view_type": "public",
            "site_admin": false
        },
        "reactions": {
            "url": "https://api.github.com/repos/iQua/flsim/issues/3/reactions",
            "total_count": 0,
            "+1": 0,
            "-1": 0,
            "laugh": 0,
            "hooray": 0,
            "confused": 0,
            "heart": 0,
            "rocket": 0,
            "eyes": 0
        },
        "timeline_url": "https://api.github.com/repos/iQua/flsim/issues/3/timeline",
        "performed_via_github_app": null,
        "state_reason": "completed"
    },
    {
        "url": "https://api.github.com/repos/iQua/flsim/issues/2",
        "repository_url": "https://api.github.com/repos/iQua/flsim",
        "labels_url": "https://api.github.com/repos/iQua/flsim/issues/2/labels{/name}",
        "comments_url": "https://api.github.com/repos/iQua/flsim/issues/2/comments",
        "events_url": "https://api.github.com/repos/iQua/flsim/issues/2/events",
        "html_url": "https://github.com/iQua/flsim/issues/2",
        "id": 665512130,
        "node_id": "MDU6SXNzdWU2NjU1MTIxMzA=",
        "number": 2,
        "title": "about RL in the Paper",
        "user": {
            "login": "EugeneSoph",
            "id": 68765872,
            "node_id": "MDQ6VXNlcjY4NzY1ODcy",
            "avatar_url": "https://avatars.githubusercontent.com/u/68765872?v=4",
            "gravatar_id": "",
            "url": "https://api.github.com/users/EugeneSoph",
            "html_url": "https://github.com/EugeneSoph",
            "followers_url": "https://api.github.com/users/EugeneSoph/followers",
            "following_url": "https://api.github.com/users/EugeneSoph/following{/other_user}",
            "gists_url": "https://api.github.com/users/EugeneSoph/gists{/gist_id}",
            "starred_url": "https://api.github.com/users/EugeneSoph/starred{/owner}{/repo}",
            "subscriptions_url": "https://api.github.com/users/EugeneSoph/subscriptions",
            "organizations_url": "https://api.github.com/users/EugeneSoph/orgs",
            "repos_url": "https://api.github.com/users/EugeneSoph/repos",
            "events_url": "https://api.github.com/users/EugeneSoph/events{/privacy}",
            "received_events_url": "https://api.github.com/users/EugeneSoph/received_events",
            "type": "User",
            "user_view_type": "public",
            "site_admin": false
        },
        "labels": [],
        "state": "closed",
        "locked": false,
        "assignee": null,
        "assignees": [],
        "milestone": null,
        "comments": 1,
        "created_at": "2020-07-25T04:27:41Z",
        "updated_at": "2020-07-26T06:20:28Z",
        "closed_at": "2020-07-26T06:20:28Z",
        "author_association": "NONE",
        "type": null,
        "active_lock_reason": null,
        "sub_issues_summary": {
            "total": 0,
            "completed": 0,
            "percent_completed": 0
        },
        "body": "Hello Sir,\r\n\r\nI have read your paper and I am curious about the time to train an RL agent for MNIST dataset by using 80% no-iid dataset. Do you mind to tell that?\r\n\r\nBest wishes",
        "closed_by": {
            "login": "chapter09",
            "id": 696726,
            "node_id": "MDQ6VXNlcjY5NjcyNg==",
            "avatar_url": "https://avatars.githubusercontent.com/u/696726?v=4",
            "gravatar_id": "",
            "url": "https://api.github.com/users/chapter09",
            "html_url": "https://github.com/chapter09",
            "followers_url": "https://api.github.com/users/chapter09/followers",
            "following_url": "https://api.github.com/users/chapter09/following{/other_user}",
            "gists_url": "https://api.github.com/users/chapter09/gists{/gist_id}",
            "starred_url": "https://api.github.com/users/chapter09/starred{/owner}{/repo}",
            "subscriptions_url": "https://api.github.com/users/chapter09/subscriptions",
            "organizations_url": "https://api.github.com/users/chapter09/orgs",
            "repos_url": "https://api.github.com/users/chapter09/repos",
            "events_url": "https://api.github.com/users/chapter09/events{/privacy}",
            "received_events_url": "https://api.github.com/users/chapter09/received_events",
            "type": "User",
            "user_view_type": "public",
            "site_admin": false
        },
        "reactions": {
            "url": "https://api.github.com/repos/iQua/flsim/issues/2/reactions",
            "total_count": 0,
            "+1": 0,
            "-1": 0,
            "laugh": 0,
            "hooray": 0,
            "confused": 0,
            "heart": 0,
            "rocket": 0,
            "eyes": 0
        },
        "timeline_url": "https://api.github.com/repos/iQua/flsim/issues/2/timeline",
        "performed_via_github_app": null,
        "state_reason": "completed"
    },
    {
        "url": "https://api.github.com/repos/iQua/flsim/issues/1",
        "repository_url": "https://api.github.com/repos/iQua/flsim",
        "labels_url": "https://api.github.com/repos/iQua/flsim/issues/1/labels{/name}",
        "comments_url": "https://api.github.com/repos/iQua/flsim/issues/1/comments",
        "events_url": "https://api.github.com/repos/iQua/flsim/issues/1/events",
        "html_url": "https://github.com/iQua/flsim/issues/1",
        "id": 665176270,
        "node_id": "MDU6SXNzdWU2NjUxNzYyNzA=",
        "number": 1,
        "title": "Problem of code",
        "user": {
            "login": "xuyin218",
            "id": 30367499,
            "node_id": "MDQ6VXNlcjMwMzY3NDk5",
            "avatar_url": "https://avatars.githubusercontent.com/u/30367499?v=4",
            "gravatar_id": "",
            "url": "https://api.github.com/users/xuyin218",
            "html_url": "https://github.com/xuyin218",
            "followers_url": "https://api.github.com/users/xuyin218/followers",
            "following_url": "https://api.github.com/users/xuyin218/following{/other_user}",
            "gists_url": "https://api.github.com/users/xuyin218/gists{/gist_id}",
            "starred_url": "https://api.github.com/users/xuyin218/starred{/owner}{/repo}",
            "subscriptions_url": "https://api.github.com/users/xuyin218/subscriptions",
            "organizations_url": "https://api.github.com/users/xuyin218/orgs",
            "repos_url": "https://api.github.com/users/xuyin218/repos",
            "events_url": "https://api.github.com/users/xuyin218/events{/privacy}",
            "received_events_url": "https://api.github.com/users/xuyin218/received_events",
            "type": "User",
            "user_view_type": "public",
            "site_admin": false
        },
        "labels": [],
        "state": "closed",
        "locked": false,
        "assignee": null,
        "assignees": [],
        "milestone": null,
        "comments": 6,
        "created_at": "2020-07-24T13:40:00Z",
        "updated_at": "2022-10-05T01:56:52Z",
        "closed_at": "2020-07-24T13:56:32Z",
        "author_association": "NONE",
        "type": null,
        "active_lock_reason": null,
        "sub_issues_summary": {
            "total": 0,
            "completed": 0,
            "percent_completed": 0
        },
        "body": "Hello! I'm sorry to bother you. In your paper, you said that you need use the PCA to achieve Dimension Reduction, but I cannot find in your codes. Could you tell me where is this part in your codes? Thank you very much!",
        "closed_by": {
            "login": "kaplanz",
            "id": 50176264,
            "node_id": "MDQ6VXNlcjUwMTc2MjY0",
            "avatar_url": "https://avatars.githubusercontent.com/u/50176264?v=4",
            "gravatar_id": "",
            "url": "https://api.github.com/users/kaplanz",
            "html_url": "https://github.com/kaplanz",
            "followers_url": "https://api.github.com/users/kaplanz/followers",
            "following_url": "https://api.github.com/users/kaplanz/following{/other_user}",
            "gists_url": "https://api.github.com/users/kaplanz/gists{/gist_id}",
            "starred_url": "https://api.github.com/users/kaplanz/starred{/owner}{/repo}",
            "subscriptions_url": "https://api.github.com/users/kaplanz/subscriptions",
            "organizations_url": "https://api.github.com/users/kaplanz/orgs",
            "repos_url": "https://api.github.com/users/kaplanz/repos",
            "events_url": "https://api.github.com/users/kaplanz/events{/privacy}",
            "received_events_url": "https://api.github.com/users/kaplanz/received_events",
            "type": "User",
            "user_view_type": "public",
            "site_admin": false
        },
        "reactions": {
            "url": "https://api.github.com/repos/iQua/flsim/issues/1/reactions",
            "total_count": 0,
            "+1": 0,
            "-1": 0,
            "laugh": 0,
            "hooray": 0,
            "confused": 0,
            "heart": 0,
            "rocket": 0,
            "eyes": 0
        },
        "timeline_url": "https://api.github.com/repos/iQua/flsim/issues/1/timeline",
        "performed_via_github_app": null,
        "state_reason": "completed"
    }
]