[
    {
        "url": "https://api.github.com/repos/JonasGeiping/breaching/issues/14",
        "repository_url": "https://api.github.com/repos/JonasGeiping/breaching",
        "labels_url": "https://api.github.com/repos/JonasGeiping/breaching/issues/14/labels{/name}",
        "comments_url": "https://api.github.com/repos/JonasGeiping/breaching/issues/14/comments",
        "events_url": "https://api.github.com/repos/JonasGeiping/breaching/issues/14/events",
        "html_url": "https://github.com/JonasGeiping/breaching/issues/14",
        "id": 2179812900,
        "node_id": "I_kwDOG2fJXs6B7U4k",
        "number": 14,
        "title": "hardcoded wrong md5 checksum",
        "user": {
            "login": "h2th3k",
            "id": 33063404,
            "node_id": "MDQ6VXNlcjMzMDYzNDA0",
            "avatar_url": "https://avatars.githubusercontent.com/u/33063404?v=4",
            "gravatar_id": "",
            "url": "https://api.github.com/users/h2th3k",
            "html_url": "https://github.com/h2th3k",
            "followers_url": "https://api.github.com/users/h2th3k/followers",
            "following_url": "https://api.github.com/users/h2th3k/following{/other_user}",
            "gists_url": "https://api.github.com/users/h2th3k/gists{/gist_id}",
            "starred_url": "https://api.github.com/users/h2th3k/starred{/owner}{/repo}",
            "subscriptions_url": "https://api.github.com/users/h2th3k/subscriptions",
            "organizations_url": "https://api.github.com/users/h2th3k/orgs",
            "repos_url": "https://api.github.com/users/h2th3k/repos",
            "events_url": "https://api.github.com/users/h2th3k/events{/privacy}",
            "received_events_url": "https://api.github.com/users/h2th3k/received_events",
            "type": "User",
            "user_view_type": "public",
            "site_admin": false
        },
        "labels": [],
        "state": "open",
        "locked": false,
        "assignee": null,
        "assignees": [],
        "milestone": null,
        "comments": 2,
        "created_at": "2024-03-11T17:53:16Z",
        "updated_at": "2024-03-15T03:12:36Z",
        "closed_at": null,
        "author_association": "NONE",
        "active_lock_reason": null,
        "sub_issues_summary": {
            "total": 0,
            "completed": 0,
            "percent_completed": 0
        },
        "body": "[Here](https://github.com/JonasGeiping/breaching/blob/a51fba6b637207adbfbbde3a117eed2391c515ce/breaching/cases/data/datasets_vision.py#L280) uses wrong hardcoded md5, e.g. for tinyimagenet, md5 for val dataset is: c5d7f7e71e4c0fc882b9ca5ce70ffed2, this results re-extracting every time when loading the dataset.",
        "closed_by": null,
        "reactions": {
            "url": "https://api.github.com/repos/JonasGeiping/breaching/issues/14/reactions",
            "total_count": 0,
            "+1": 0,
            "-1": 0,
            "laugh": 0,
            "hooray": 0,
            "confused": 0,
            "heart": 0,
            "rocket": 0,
            "eyes": 0
        },
        "timeline_url": "https://api.github.com/repos/JonasGeiping/breaching/issues/14/timeline",
        "performed_via_github_app": null,
        "state_reason": null
    },
    {
        "url": "https://api.github.com/repos/JonasGeiping/breaching/issues/13",
        "repository_url": "https://api.github.com/repos/JonasGeiping/breaching",
        "labels_url": "https://api.github.com/repos/JonasGeiping/breaching/issues/13/labels{/name}",
        "comments_url": "https://api.github.com/repos/JonasGeiping/breaching/issues/13/comments",
        "events_url": "https://api.github.com/repos/JonasGeiping/breaching/issues/13/events",
        "html_url": "https://github.com/JonasGeiping/breaching/issues/13",
        "id": 2178305313,
        "node_id": "I_kwDOG2fJXs6B1k0h",
        "number": 13,
        "title": "Split Name Mismatch For TinyImageNet Loading",
        "user": {
            "login": "h2th3k",
            "id": 33063404,
            "node_id": "MDQ6VXNlcjMzMDYzNDA0",
            "avatar_url": "https://avatars.githubusercontent.com/u/33063404?v=4",
            "gravatar_id": "",
            "url": "https://api.github.com/users/h2th3k",
            "html_url": "https://github.com/h2th3k",
            "followers_url": "https://api.github.com/users/h2th3k/followers",
            "following_url": "https://api.github.com/users/h2th3k/following{/other_user}",
            "gists_url": "https://api.github.com/users/h2th3k/gists{/gist_id}",
            "starred_url": "https://api.github.com/users/h2th3k/starred{/owner}{/repo}",
            "subscriptions_url": "https://api.github.com/users/h2th3k/subscriptions",
            "organizations_url": "https://api.github.com/users/h2th3k/orgs",
            "repos_url": "https://api.github.com/users/h2th3k/repos",
            "events_url": "https://api.github.com/users/h2th3k/events{/privacy}",
            "received_events_url": "https://api.github.com/users/h2th3k/received_events",
            "type": "User",
            "user_view_type": "public",
            "site_admin": false
        },
        "labels": [],
        "state": "open",
        "locked": false,
        "assignee": null,
        "assignees": [],
        "milestone": null,
        "comments": 1,
        "created_at": "2024-03-11T06:09:13Z",
        "updated_at": "2024-04-10T14:32:28Z",
        "closed_at": null,
        "author_association": "NONE",
        "active_lock_reason": null,
        "sub_issues_summary": {
            "total": 0,
            "completed": 0,
            "percent_completed": 0
        },
        "body": "[Here](https://github.com/JonasGeiping/breaching/blob/main/breaching/config/case/data/TinyImageNet.yaml#L35) you would need to change 'validation' to 'val' to match [here](https://github.com/JonasGeiping/breaching/blob/main/breaching/cases/data/datasets_vision.py#L286). Otherwise the load will fail.",
        "closed_by": null,
        "reactions": {
            "url": "https://api.github.com/repos/JonasGeiping/breaching/issues/13/reactions",
            "total_count": 0,
            "+1": 0,
            "-1": 0,
            "laugh": 0,
            "hooray": 0,
            "confused": 0,
            "heart": 0,
            "rocket": 0,
            "eyes": 0
        },
        "timeline_url": "https://api.github.com/repos/JonasGeiping/breaching/issues/13/timeline",
        "performed_via_github_app": null,
        "state_reason": null
    },
    {
        "url": "https://api.github.com/repos/JonasGeiping/breaching/issues/10",
        "repository_url": "https://api.github.com/repos/JonasGeiping/breaching",
        "labels_url": "https://api.github.com/repos/JonasGeiping/breaching/issues/10/labels{/name}",
        "comments_url": "https://api.github.com/repos/JonasGeiping/breaching/issues/10/comments",
        "events_url": "https://api.github.com/repos/JonasGeiping/breaching/issues/10/events",
        "html_url": "https://github.com/JonasGeiping/breaching/issues/10",
        "id": 1814560686,
        "node_id": "I_kwDOG2fJXs5sJ_-u",
        "number": 10,
        "title": "Implementing too long time using 4090",
        "user": {
            "login": "MarkDeng1",
            "id": 114970603,
            "node_id": "U_kgDOBtpP6w",
            "avatar_url": "https://avatars.githubusercontent.com/u/114970603?v=4",
            "gravatar_id": "",
            "url": "https://api.github.com/users/MarkDeng1",
            "html_url": "https://github.com/MarkDeng1",
            "followers_url": "https://api.github.com/users/MarkDeng1/followers",
            "following_url": "https://api.github.com/users/MarkDeng1/following{/other_user}",
            "gists_url": "https://api.github.com/users/MarkDeng1/gists{/gist_id}",
            "starred_url": "https://api.github.com/users/MarkDeng1/starred{/owner}{/repo}",
            "subscriptions_url": "https://api.github.com/users/MarkDeng1/subscriptions",
            "organizations_url": "https://api.github.com/users/MarkDeng1/orgs",
            "repos_url": "https://api.github.com/users/MarkDeng1/repos",
            "events_url": "https://api.github.com/users/MarkDeng1/events{/privacy}",
            "received_events_url": "https://api.github.com/users/MarkDeng1/received_events",
            "type": "User",
            "user_view_type": "public",
            "site_admin": false
        },
        "labels": [],
        "state": "closed",
        "locked": false,
        "assignee": null,
        "assignees": [],
        "milestone": null,
        "comments": 5,
        "created_at": "2023-07-20T18:19:52Z",
        "updated_at": "2023-08-03T15:40:04Z",
        "closed_at": "2023-08-03T15:40:04Z",
        "author_association": "NONE",
        "active_lock_reason": null,
        "sub_issues_summary": {
            "total": 0,
            "completed": 0,
            "percent_completed": 0
        },
        "body": "When I implemented following code, it would last very long time (more than 2 hours, still no output ):\r\n\r\n**user, server, model, loss_fn = breaching.cases.construct_case(cfg.case, setup)**\r\n\r\nI use 4090 for executing a TAG attack by the jupyter notebook provided by you. \r\n\r\nIs this situation normal and common? \r\n\r\n",
        "closed_by": {
            "login": "JonasGeiping",
            "id": 22680696,
            "node_id": "MDQ6VXNlcjIyNjgwNjk2",
            "avatar_url": "https://avatars.githubusercontent.com/u/22680696?v=4",
            "gravatar_id": "",
            "url": "https://api.github.com/users/JonasGeiping",
            "html_url": "https://github.com/JonasGeiping",
            "followers_url": "https://api.github.com/users/JonasGeiping/followers",
            "following_url": "https://api.github.com/users/JonasGeiping/following{/other_user}",
            "gists_url": "https://api.github.com/users/JonasGeiping/gists{/gist_id}",
            "starred_url": "https://api.github.com/users/JonasGeiping/starred{/owner}{/repo}",
            "subscriptions_url": "https://api.github.com/users/JonasGeiping/subscriptions",
            "organizations_url": "https://api.github.com/users/JonasGeiping/orgs",
            "repos_url": "https://api.github.com/users/JonasGeiping/repos",
            "events_url": "https://api.github.com/users/JonasGeiping/events{/privacy}",
            "received_events_url": "https://api.github.com/users/JonasGeiping/received_events",
            "type": "User",
            "user_view_type": "public",
            "site_admin": false
        },
        "reactions": {
            "url": "https://api.github.com/repos/JonasGeiping/breaching/issues/10/reactions",
            "total_count": 0,
            "+1": 0,
            "-1": 0,
            "laugh": 0,
            "hooray": 0,
            "confused": 0,
            "heart": 0,
            "rocket": 0,
            "eyes": 0
        },
        "timeline_url": "https://api.github.com/repos/JonasGeiping/breaching/issues/10/timeline",
        "performed_via_github_app": null,
        "state_reason": "completed"
    },
    {
        "url": "https://api.github.com/repos/JonasGeiping/breaching/issues/9",
        "repository_url": "https://api.github.com/repos/JonasGeiping/breaching",
        "labels_url": "https://api.github.com/repos/JonasGeiping/breaching/issues/9/labels{/name}",
        "comments_url": "https://api.github.com/repos/JonasGeiping/breaching/issues/9/comments",
        "events_url": "https://api.github.com/repos/JonasGeiping/breaching/issues/9/events",
        "html_url": "https://github.com/JonasGeiping/breaching/issues/9",
        "id": 1713855783,
        "node_id": "I_kwDOG2fJXs5mJ10n",
        "number": 9,
        "title": "Robbing The Fed produces 0 hits on custom model",
        "user": {
            "login": "anirban-nath",
            "id": 43962986,
            "node_id": "MDQ6VXNlcjQzOTYyOTg2",
            "avatar_url": "https://avatars.githubusercontent.com/u/43962986?v=4",
            "gravatar_id": "",
            "url": "https://api.github.com/users/anirban-nath",
            "html_url": "https://github.com/anirban-nath",
            "followers_url": "https://api.github.com/users/anirban-nath/followers",
            "following_url": "https://api.github.com/users/anirban-nath/following{/other_user}",
            "gists_url": "https://api.github.com/users/anirban-nath/gists{/gist_id}",
            "starred_url": "https://api.github.com/users/anirban-nath/starred{/owner}{/repo}",
            "subscriptions_url": "https://api.github.com/users/anirban-nath/subscriptions",
            "organizations_url": "https://api.github.com/users/anirban-nath/orgs",
            "repos_url": "https://api.github.com/users/anirban-nath/repos",
            "events_url": "https://api.github.com/users/anirban-nath/events{/privacy}",
            "received_events_url": "https://api.github.com/users/anirban-nath/received_events",
            "type": "User",
            "user_view_type": "public",
            "site_admin": false
        },
        "labels": [],
        "state": "closed",
        "locked": false,
        "assignee": null,
        "assignees": [],
        "milestone": null,
        "comments": 4,
        "created_at": "2023-05-17T12:59:30Z",
        "updated_at": "2023-06-13T22:21:57Z",
        "closed_at": "2023-06-13T22:21:57Z",
        "author_association": "NONE",
        "active_lock_reason": null,
        "sub_issues_summary": {
            "total": 0,
            "completed": 0,
            "percent_completed": 0
        },
        "body": "My model is a multi-output model where I combine losses from segmentation and classification for final loss and back-prop. I have been working to get my model fitted to Robbing the Fed attack. All my parameters seem the same as that of the given example except that I am performing segmentation+classification instead of just classification and my images are 1x512x512 (single channel images) instead of 3x224x224. \r\n\r\nWhat could be the reason that I am not getting any hits?\r\n\r\nedit: I was comparing my model with the one that is used in the example file and I noticed that my model.buffer values are very very large, some going upto 10^9. What could be the reason for this?  ",
        "closed_by": {
            "login": "JonasGeiping",
            "id": 22680696,
            "node_id": "MDQ6VXNlcjIyNjgwNjk2",
            "avatar_url": "https://avatars.githubusercontent.com/u/22680696?v=4",
            "gravatar_id": "",
            "url": "https://api.github.com/users/JonasGeiping",
            "html_url": "https://github.com/JonasGeiping",
            "followers_url": "https://api.github.com/users/JonasGeiping/followers",
            "following_url": "https://api.github.com/users/JonasGeiping/following{/other_user}",
            "gists_url": "https://api.github.com/users/JonasGeiping/gists{/gist_id}",
            "starred_url": "https://api.github.com/users/JonasGeiping/starred{/owner}{/repo}",
            "subscriptions_url": "https://api.github.com/users/JonasGeiping/subscriptions",
            "organizations_url": "https://api.github.com/users/JonasGeiping/orgs",
            "repos_url": "https://api.github.com/users/JonasGeiping/repos",
            "events_url": "https://api.github.com/users/JonasGeiping/events{/privacy}",
            "received_events_url": "https://api.github.com/users/JonasGeiping/received_events",
            "type": "User",
            "user_view_type": "public",
            "site_admin": false
        },
        "reactions": {
            "url": "https://api.github.com/repos/JonasGeiping/breaching/issues/9/reactions",
            "total_count": 0,
            "+1": 0,
            "-1": 0,
            "laugh": 0,
            "hooray": 0,
            "confused": 0,
            "heart": 0,
            "rocket": 0,
            "eyes": 0
        },
        "timeline_url": "https://api.github.com/repos/JonasGeiping/breaching/issues/9/timeline",
        "performed_via_github_app": null,
        "state_reason": "completed"
    },
    {
        "url": "https://api.github.com/repos/JonasGeiping/breaching/issues/8",
        "repository_url": "https://api.github.com/repos/JonasGeiping/breaching",
        "labels_url": "https://api.github.com/repos/JonasGeiping/breaching/issues/8/labels{/name}",
        "comments_url": "https://api.github.com/repos/JonasGeiping/breaching/issues/8/comments",
        "events_url": "https://api.github.com/repos/JonasGeiping/breaching/issues/8/events",
        "html_url": "https://github.com/JonasGeiping/breaching/issues/8",
        "id": 1712020046,
        "node_id": "I_kwDOG2fJXs5mC1pO",
        "number": 8,
        "title": "Getting positions",
        "user": {
            "login": "shanefeng123",
            "id": 69003666,
            "node_id": "MDQ6VXNlcjY5MDAzNjY2",
            "avatar_url": "https://avatars.githubusercontent.com/u/69003666?v=4",
            "gravatar_id": "",
            "url": "https://api.github.com/users/shanefeng123",
            "html_url": "https://github.com/shanefeng123",
            "followers_url": "https://api.github.com/users/shanefeng123/followers",
            "following_url": "https://api.github.com/users/shanefeng123/following{/other_user}",
            "gists_url": "https://api.github.com/users/shanefeng123/gists{/gist_id}",
            "starred_url": "https://api.github.com/users/shanefeng123/starred{/owner}{/repo}",
            "subscriptions_url": "https://api.github.com/users/shanefeng123/subscriptions",
            "organizations_url": "https://api.github.com/users/shanefeng123/orgs",
            "repos_url": "https://api.github.com/users/shanefeng123/repos",
            "events_url": "https://api.github.com/users/shanefeng123/events{/privacy}",
            "received_events_url": "https://api.github.com/users/shanefeng123/received_events",
            "type": "User",
            "user_view_type": "public",
            "site_admin": false
        },
        "labels": [],
        "state": "closed",
        "locked": false,
        "assignee": null,
        "assignees": [],
        "milestone": null,
        "comments": 2,
        "created_at": "2023-05-16T13:20:58Z",
        "updated_at": "2023-05-29T11:23:06Z",
        "closed_at": "2023-05-29T11:23:06Z",
        "author_association": "NONE",
        "active_lock_reason": null,
        "sub_issues_summary": {
            "total": 0,
            "completed": 0,
            "percent_completed": 0
        },
        "body": "Hi,\r\n\r\nThanks for providing the implementation for DECEPTICONS: CORRUPTED TRANSFORMERS BREACH PRIVACY IN FEDERATED LEARNING FOR LANGUAGE MODELS. \r\n\r\nI tried to look for the code in where they extract the positional information for the extracted tokens but with no luck. Can you please help me point out where is it? Thanks a lot.",
        "closed_by": {
            "login": "shanefeng123",
            "id": 69003666,
            "node_id": "MDQ6VXNlcjY5MDAzNjY2",
            "avatar_url": "https://avatars.githubusercontent.com/u/69003666?v=4",
            "gravatar_id": "",
            "url": "https://api.github.com/users/shanefeng123",
            "html_url": "https://github.com/shanefeng123",
            "followers_url": "https://api.github.com/users/shanefeng123/followers",
            "following_url": "https://api.github.com/users/shanefeng123/following{/other_user}",
            "gists_url": "https://api.github.com/users/shanefeng123/gists{/gist_id}",
            "starred_url": "https://api.github.com/users/shanefeng123/starred{/owner}{/repo}",
            "subscriptions_url": "https://api.github.com/users/shanefeng123/subscriptions",
            "organizations_url": "https://api.github.com/users/shanefeng123/orgs",
            "repos_url": "https://api.github.com/users/shanefeng123/repos",
            "events_url": "https://api.github.com/users/shanefeng123/events{/privacy}",
            "received_events_url": "https://api.github.com/users/shanefeng123/received_events",
            "type": "User",
            "user_view_type": "public",
            "site_admin": false
        },
        "reactions": {
            "url": "https://api.github.com/repos/JonasGeiping/breaching/issues/8/reactions",
            "total_count": 0,
            "+1": 0,
            "-1": 0,
            "laugh": 0,
            "hooray": 0,
            "confused": 0,
            "heart": 0,
            "rocket": 0,
            "eyes": 0
        },
        "timeline_url": "https://api.github.com/repos/JonasGeiping/breaching/issues/8/timeline",
        "performed_via_github_app": null,
        "state_reason": "completed"
    },
    {
        "url": "https://api.github.com/repos/JonasGeiping/breaching/issues/7",
        "repository_url": "https://api.github.com/repos/JonasGeiping/breaching",
        "labels_url": "https://api.github.com/repos/JonasGeiping/breaching/issues/7/labels{/name}",
        "comments_url": "https://api.github.com/repos/JonasGeiping/breaching/issues/7/comments",
        "events_url": "https://api.github.com/repos/JonasGeiping/breaching/issues/7/events",
        "html_url": "https://github.com/JonasGeiping/breaching/issues/7",
        "id": 1674124631,
        "node_id": "I_kwDOG2fJXs5jyR1X",
        "number": 7,
        "title": "Examples for text + classification task",
        "user": {
            "login": "phfaustini",
            "id": 8069807,
            "node_id": "MDQ6VXNlcjgwNjk4MDc=",
            "avatar_url": "https://avatars.githubusercontent.com/u/8069807?v=4",
            "gravatar_id": "",
            "url": "https://api.github.com/users/phfaustini",
            "html_url": "https://github.com/phfaustini",
            "followers_url": "https://api.github.com/users/phfaustini/followers",
            "following_url": "https://api.github.com/users/phfaustini/following{/other_user}",
            "gists_url": "https://api.github.com/users/phfaustini/gists{/gist_id}",
            "starred_url": "https://api.github.com/users/phfaustini/starred{/owner}{/repo}",
            "subscriptions_url": "https://api.github.com/users/phfaustini/subscriptions",
            "organizations_url": "https://api.github.com/users/phfaustini/orgs",
            "repos_url": "https://api.github.com/users/phfaustini/repos",
            "events_url": "https://api.github.com/users/phfaustini/events{/privacy}",
            "received_events_url": "https://api.github.com/users/phfaustini/received_events",
            "type": "User",
            "user_view_type": "public",
            "site_admin": false
        },
        "labels": [],
        "state": "closed",
        "locked": false,
        "assignee": null,
        "assignees": [],
        "milestone": null,
        "comments": 5,
        "created_at": "2023-04-19T03:47:17Z",
        "updated_at": "2023-06-13T22:21:48Z",
        "closed_at": "2023-06-13T22:21:47Z",
        "author_association": "NONE",
        "active_lock_reason": null,
        "sub_issues_summary": {
            "total": 0,
            "completed": 0,
            "percent_completed": 0
        },
        "body": "All text examples cover MLM task. What should I do to, for example, run an attack against Bert in a classification task using the Cola dataset?\r\n\r\nI tried to change the **[Decepticons - Analytic Attack - BERT on Wikitext.ipynb](https://github.com/JonasGeiping/breaching/blob/main/examples/Decepticons%20-%20%20Analytic%20Attack%20-%20BERT%20on%20Wikitext.ipynb)** example by adding\r\n\r\n```python\r\ncfg.case.data.name = 'cola'\r\ncfg.case.data.task = 'classification'\r\n```\r\n\r\nBut then when I run it I get the following error when the dataset is loaded\r\n\r\n```\r\nraw_dataset = Dataset.from_dict({k: [v] for k, v in raw_datapoint.items()})\r\nAttributeError: 'Dataset' object has no attribute 'items'. Did you mean: 'iter'?\r\n```\r\n\r\nIs there something else I need to set?",
        "closed_by": {
            "login": "JonasGeiping",
            "id": 22680696,
            "node_id": "MDQ6VXNlcjIyNjgwNjk2",
            "avatar_url": "https://avatars.githubusercontent.com/u/22680696?v=4",
            "gravatar_id": "",
            "url": "https://api.github.com/users/JonasGeiping",
            "html_url": "https://github.com/JonasGeiping",
            "followers_url": "https://api.github.com/users/JonasGeiping/followers",
            "following_url": "https://api.github.com/users/JonasGeiping/following{/other_user}",
            "gists_url": "https://api.github.com/users/JonasGeiping/gists{/gist_id}",
            "starred_url": "https://api.github.com/users/JonasGeiping/starred{/owner}{/repo}",
            "subscriptions_url": "https://api.github.com/users/JonasGeiping/subscriptions",
            "organizations_url": "https://api.github.com/users/JonasGeiping/orgs",
            "repos_url": "https://api.github.com/users/JonasGeiping/repos",
            "events_url": "https://api.github.com/users/JonasGeiping/events{/privacy}",
            "received_events_url": "https://api.github.com/users/JonasGeiping/received_events",
            "type": "User",
            "user_view_type": "public",
            "site_admin": false
        },
        "reactions": {
            "url": "https://api.github.com/repos/JonasGeiping/breaching/issues/7/reactions",
            "total_count": 0,
            "+1": 0,
            "-1": 0,
            "laugh": 0,
            "hooray": 0,
            "confused": 0,
            "heart": 0,
            "rocket": 0,
            "eyes": 0
        },
        "timeline_url": "https://api.github.com/repos/JonasGeiping/breaching/issues/7/timeline",
        "performed_via_github_app": null,
        "state_reason": "completed"
    },
    {
        "url": "https://api.github.com/repos/JonasGeiping/breaching/issues/6",
        "repository_url": "https://api.github.com/repos/JonasGeiping/breaching",
        "labels_url": "https://api.github.com/repos/JonasGeiping/breaching/issues/6/labels{/name}",
        "comments_url": "https://api.github.com/repos/JonasGeiping/breaching/issues/6/comments",
        "events_url": "https://api.github.com/repos/JonasGeiping/breaching/issues/6/events",
        "html_url": "https://github.com/JonasGeiping/breaching/issues/6",
        "id": 1651960222,
        "node_id": "I_kwDOG2fJXs5idume",
        "number": 6,
        "title": "Questions about dataset configuration and attack initialization",
        "user": {
            "login": "anirban-nath",
            "id": 43962986,
            "node_id": "MDQ6VXNlcjQzOTYyOTg2",
            "avatar_url": "https://avatars.githubusercontent.com/u/43962986?v=4",
            "gravatar_id": "",
            "url": "https://api.github.com/users/anirban-nath",
            "html_url": "https://github.com/anirban-nath",
            "followers_url": "https://api.github.com/users/anirban-nath/followers",
            "following_url": "https://api.github.com/users/anirban-nath/following{/other_user}",
            "gists_url": "https://api.github.com/users/anirban-nath/gists{/gist_id}",
            "starred_url": "https://api.github.com/users/anirban-nath/starred{/owner}{/repo}",
            "subscriptions_url": "https://api.github.com/users/anirban-nath/subscriptions",
            "organizations_url": "https://api.github.com/users/anirban-nath/orgs",
            "repos_url": "https://api.github.com/users/anirban-nath/repos",
            "events_url": "https://api.github.com/users/anirban-nath/events{/privacy}",
            "received_events_url": "https://api.github.com/users/anirban-nath/received_events",
            "type": "User",
            "user_view_type": "public",
            "site_admin": false
        },
        "labels": [],
        "state": "closed",
        "locked": false,
        "assignee": null,
        "assignees": [],
        "milestone": null,
        "comments": 6,
        "created_at": "2023-04-03T12:19:17Z",
        "updated_at": "2023-04-17T05:57:16Z",
        "closed_at": "2023-04-17T05:57:15Z",
        "author_association": "NONE",
        "active_lock_reason": null,
        "sub_issues_summary": {
            "total": 0,
            "completed": 0,
            "percent_completed": 0
        },
        "body": "In my use case, all aspects of my model are custom and I used a medical image dataset to train my model. I am using the `minimal_example.py` file as a template for designing the attack but I have a few trivial questions: -\r\n\r\n1. In the mean and std sections of `data_cfg_default`, what are the three numbers supposed to mean?\r\n2. For a custom model, what other parameters am I supposed to change (other than model definition, dataset, and loss function)? ",
        "closed_by": {
            "login": "anirban-nath",
            "id": 43962986,
            "node_id": "MDQ6VXNlcjQzOTYyOTg2",
            "avatar_url": "https://avatars.githubusercontent.com/u/43962986?v=4",
            "gravatar_id": "",
            "url": "https://api.github.com/users/anirban-nath",
            "html_url": "https://github.com/anirban-nath",
            "followers_url": "https://api.github.com/users/anirban-nath/followers",
            "following_url": "https://api.github.com/users/anirban-nath/following{/other_user}",
            "gists_url": "https://api.github.com/users/anirban-nath/gists{/gist_id}",
            "starred_url": "https://api.github.com/users/anirban-nath/starred{/owner}{/repo}",
            "subscriptions_url": "https://api.github.com/users/anirban-nath/subscriptions",
            "organizations_url": "https://api.github.com/users/anirban-nath/orgs",
            "repos_url": "https://api.github.com/users/anirban-nath/repos",
            "events_url": "https://api.github.com/users/anirban-nath/events{/privacy}",
            "received_events_url": "https://api.github.com/users/anirban-nath/received_events",
            "type": "User",
            "user_view_type": "public",
            "site_admin": false
        },
        "reactions": {
            "url": "https://api.github.com/repos/JonasGeiping/breaching/issues/6/reactions",
            "total_count": 0,
            "+1": 0,
            "-1": 0,
            "laugh": 0,
            "hooray": 0,
            "confused": 0,
            "heart": 0,
            "rocket": 0,
            "eyes": 0
        },
        "timeline_url": "https://api.github.com/repos/JonasGeiping/breaching/issues/6/timeline",
        "performed_via_github_app": null,
        "state_reason": "completed"
    },
    {
        "url": "https://api.github.com/repos/JonasGeiping/breaching/issues/5",
        "repository_url": "https://api.github.com/repos/JonasGeiping/breaching",
        "labels_url": "https://api.github.com/repos/JonasGeiping/breaching/issues/5/labels{/name}",
        "comments_url": "https://api.github.com/repos/JonasGeiping/breaching/issues/5/comments",
        "events_url": "https://api.github.com/repos/JonasGeiping/breaching/issues/5/events",
        "html_url": "https://github.com/JonasGeiping/breaching/issues/5",
        "id": 1607907425,
        "node_id": "I_kwDOG2fJXs5f1rhh",
        "number": 5,
        "title": "Questions about federated learning in Inverting Gradients",
        "user": {
            "login": "Rahn80643",
            "id": 8951991,
            "node_id": "MDQ6VXNlcjg5NTE5OTE=",
            "avatar_url": "https://avatars.githubusercontent.com/u/8951991?v=4",
            "gravatar_id": "",
            "url": "https://api.github.com/users/Rahn80643",
            "html_url": "https://github.com/Rahn80643",
            "followers_url": "https://api.github.com/users/Rahn80643/followers",
            "following_url": "https://api.github.com/users/Rahn80643/following{/other_user}",
            "gists_url": "https://api.github.com/users/Rahn80643/gists{/gist_id}",
            "starred_url": "https://api.github.com/users/Rahn80643/starred{/owner}{/repo}",
            "subscriptions_url": "https://api.github.com/users/Rahn80643/subscriptions",
            "organizations_url": "https://api.github.com/users/Rahn80643/orgs",
            "repos_url": "https://api.github.com/users/Rahn80643/repos",
            "events_url": "https://api.github.com/users/Rahn80643/events{/privacy}",
            "received_events_url": "https://api.github.com/users/Rahn80643/received_events",
            "type": "User",
            "user_view_type": "public",
            "site_admin": false
        },
        "labels": [],
        "state": "closed",
        "locked": false,
        "assignee": null,
        "assignees": [],
        "milestone": null,
        "comments": 6,
        "created_at": "2023-03-03T04:08:41Z",
        "updated_at": "2023-04-13T20:09:23Z",
        "closed_at": "2023-03-29T13:52:37Z",
        "author_association": "NONE",
        "active_lock_reason": null,
        "sub_issues_summary": {
            "total": 0,
            "completed": 0,
            "percent_completed": 0
        },
        "body": "Dear Geiping,\r\n\r\nThank you for providing the implementation of paper [\"Inverting Gradients - How easy is it to brak privacy in federated learning?\"](https://arxiv.org/pdf/2003.14053.pdf). After reading the paper and code, I have some questions regarding to the implementation:\r\n\r\n1. The paper mentions if a neural network contains a fully-connected layer, it is possible to reconstruct the input of the network from the network's gradients. I'm confuse about the description, does this means for any neural network containing fully-connected layer in the last, the input can be calculated by the overall gradients of the entire model, instead of only using the gradient of the last fully-connected layer?\r\n\r\n2. In the experiment of trained VS. untrained networks in page 6 of the paper, may I ask that the untrained model is a pretrained model rather than the model with the weights randomly initialized? For example, in the experiment in Table 1, the untrained models means the models' weight values are initialized randomly, while the trained models were trained with CIFAR-10 dataset?\r\n\r\n3. I tried to apply the federated learning part in inverting gradient, I do the following modification:\r\n    1) change user to multiuser_aggregate in breaching/config/case/4_fedavg_small_scale.yaml\r\n    2) set default_clients to 10 in breaching/case/data/CIFAR10.yaml\r\n\r\n    However, I got the following error message after generating the dataset for training:\r\n    \"This user would have no data under the chosen partition, user id and number of clients.\", which maybe caused the dataset is split more than 10 clients. Apart from the settings above, which files should I modify to apply multiple clients in federated learning combined with inverting gradients?\r\n\r\n![image](https://user-images.githubusercontent.com/8951991/222628922-c24c4f44-765c-4254-ac25-48aacc2e127b.png)\r\n\r\n\r\nBest Regards,\r\nRahn\r\n",
        "closed_by": {
            "login": "JonasGeiping",
            "id": 22680696,
            "node_id": "MDQ6VXNlcjIyNjgwNjk2",
            "avatar_url": "https://avatars.githubusercontent.com/u/22680696?v=4",
            "gravatar_id": "",
            "url": "https://api.github.com/users/JonasGeiping",
            "html_url": "https://github.com/JonasGeiping",
            "followers_url": "https://api.github.com/users/JonasGeiping/followers",
            "following_url": "https://api.github.com/users/JonasGeiping/following{/other_user}",
            "gists_url": "https://api.github.com/users/JonasGeiping/gists{/gist_id}",
            "starred_url": "https://api.github.com/users/JonasGeiping/starred{/owner}{/repo}",
            "subscriptions_url": "https://api.github.com/users/JonasGeiping/subscriptions",
            "organizations_url": "https://api.github.com/users/JonasGeiping/orgs",
            "repos_url": "https://api.github.com/users/JonasGeiping/repos",
            "events_url": "https://api.github.com/users/JonasGeiping/events{/privacy}",
            "received_events_url": "https://api.github.com/users/JonasGeiping/received_events",
            "type": "User",
            "user_view_type": "public",
            "site_admin": false
        },
        "reactions": {
            "url": "https://api.github.com/repos/JonasGeiping/breaching/issues/5/reactions",
            "total_count": 0,
            "+1": 0,
            "-1": 0,
            "laugh": 0,
            "hooray": 0,
            "confused": 0,
            "heart": 0,
            "rocket": 0,
            "eyes": 0
        },
        "timeline_url": "https://api.github.com/repos/JonasGeiping/breaching/issues/5/timeline",
        "performed_via_github_app": null,
        "state_reason": "completed"
    },
    {
        "url": "https://api.github.com/repos/JonasGeiping/breaching/issues/4",
        "repository_url": "https://api.github.com/repos/JonasGeiping/breaching",
        "labels_url": "https://api.github.com/repos/JonasGeiping/breaching/issues/4/labels{/name}",
        "comments_url": "https://api.github.com/repos/JonasGeiping/breaching/issues/4/comments",
        "events_url": "https://api.github.com/repos/JonasGeiping/breaching/issues/4/events",
        "html_url": "https://github.com/JonasGeiping/breaching/issues/4",
        "id": 1462088218,
        "node_id": "I_kwDOG2fJXs5XJbIa",
        "number": 4,
        "title": "attacks against secure aggregation used for FL",
        "user": {
            "login": "ghost",
            "id": 10137,
            "node_id": "MDQ6VXNlcjEwMTM3",
            "avatar_url": "https://avatars.githubusercontent.com/u/10137?v=4",
            "gravatar_id": "",
            "url": "https://api.github.com/users/ghost",
            "html_url": "https://github.com/ghost",
            "followers_url": "https://api.github.com/users/ghost/followers",
            "following_url": "https://api.github.com/users/ghost/following{/other_user}",
            "gists_url": "https://api.github.com/users/ghost/gists{/gist_id}",
            "starred_url": "https://api.github.com/users/ghost/starred{/owner}{/repo}",
            "subscriptions_url": "https://api.github.com/users/ghost/subscriptions",
            "organizations_url": "https://api.github.com/users/ghost/orgs",
            "repos_url": "https://api.github.com/users/ghost/repos",
            "events_url": "https://api.github.com/users/ghost/events{/privacy}",
            "received_events_url": "https://api.github.com/users/ghost/received_events",
            "type": "User",
            "user_view_type": "public",
            "site_admin": false
        },
        "labels": [],
        "state": "closed",
        "locked": false,
        "assignee": null,
        "assignees": [],
        "milestone": null,
        "comments": 2,
        "created_at": "2022-11-23T16:49:43Z",
        "updated_at": "2022-12-06T23:08:02Z",
        "closed_at": "2022-12-06T23:08:01Z",
        "author_association": "NONE",
        "active_lock_reason": null,
        "sub_issues_summary": {
            "total": 0,
            "completed": 0,
            "percent_completed": 0
        },
        "body": null,
        "closed_by": {
            "login": "JonasGeiping",
            "id": 22680696,
            "node_id": "MDQ6VXNlcjIyNjgwNjk2",
            "avatar_url": "https://avatars.githubusercontent.com/u/22680696?v=4",
            "gravatar_id": "",
            "url": "https://api.github.com/users/JonasGeiping",
            "html_url": "https://github.com/JonasGeiping",
            "followers_url": "https://api.github.com/users/JonasGeiping/followers",
            "following_url": "https://api.github.com/users/JonasGeiping/following{/other_user}",
            "gists_url": "https://api.github.com/users/JonasGeiping/gists{/gist_id}",
            "starred_url": "https://api.github.com/users/JonasGeiping/starred{/owner}{/repo}",
            "subscriptions_url": "https://api.github.com/users/JonasGeiping/subscriptions",
            "organizations_url": "https://api.github.com/users/JonasGeiping/orgs",
            "repos_url": "https://api.github.com/users/JonasGeiping/repos",
            "events_url": "https://api.github.com/users/JonasGeiping/events{/privacy}",
            "received_events_url": "https://api.github.com/users/JonasGeiping/received_events",
            "type": "User",
            "user_view_type": "public",
            "site_admin": false
        },
        "reactions": {
            "url": "https://api.github.com/repos/JonasGeiping/breaching/issues/4/reactions",
            "total_count": 0,
            "+1": 0,
            "-1": 0,
            "laugh": 0,
            "hooray": 0,
            "confused": 0,
            "heart": 0,
            "rocket": 0,
            "eyes": 0
        },
        "timeline_url": "https://api.github.com/repos/JonasGeiping/breaching/issues/4/timeline",
        "performed_via_github_app": null,
        "state_reason": "completed"
    },
    {
        "url": "https://api.github.com/repos/JonasGeiping/breaching/issues/3",
        "repository_url": "https://api.github.com/repos/JonasGeiping/breaching",
        "labels_url": "https://api.github.com/repos/JonasGeiping/breaching/issues/3/labels{/name}",
        "comments_url": "https://api.github.com/repos/JonasGeiping/breaching/issues/3/comments",
        "events_url": "https://api.github.com/repos/JonasGeiping/breaching/issues/3/events",
        "html_url": "https://github.com/JonasGeiping/breaching/issues/3",
        "id": 1374033535,
        "node_id": "I_kwDOG2fJXs5R5hZ_",
        "number": 3,
        "title": "Unexpected change to server model in benchmark",
        "user": {
            "login": "LuckMonkeys",
            "id": 34481971,
            "node_id": "MDQ6VXNlcjM0NDgxOTcx",
            "avatar_url": "https://avatars.githubusercontent.com/u/34481971?v=4",
            "gravatar_id": "",
            "url": "https://api.github.com/users/LuckMonkeys",
            "html_url": "https://github.com/LuckMonkeys",
            "followers_url": "https://api.github.com/users/LuckMonkeys/followers",
            "following_url": "https://api.github.com/users/LuckMonkeys/following{/other_user}",
            "gists_url": "https://api.github.com/users/LuckMonkeys/gists{/gist_id}",
            "starred_url": "https://api.github.com/users/LuckMonkeys/starred{/owner}{/repo}",
            "subscriptions_url": "https://api.github.com/users/LuckMonkeys/subscriptions",
            "organizations_url": "https://api.github.com/users/LuckMonkeys/orgs",
            "repos_url": "https://api.github.com/users/LuckMonkeys/repos",
            "events_url": "https://api.github.com/users/LuckMonkeys/events{/privacy}",
            "received_events_url": "https://api.github.com/users/LuckMonkeys/received_events",
            "type": "User",
            "user_view_type": "public",
            "site_admin": false
        },
        "labels": [],
        "state": "closed",
        "locked": false,
        "assignee": null,
        "assignees": [],
        "milestone": null,
        "comments": 1,
        "created_at": "2022-09-15T07:03:57Z",
        "updated_at": "2022-09-15T18:07:46Z",
        "closed_at": "2022-09-15T18:07:46Z",
        "author_association": "NONE",
        "active_lock_reason": null,
        "sub_issues_summary": {
            "total": 0,
            "completed": 0,
            "percent_completed": 0
        },
        "body": "Hi\r\n\r\nIn `breaching.analysis.report()` function, it directly uses the `server.model` to load the parameters and buffers. However, this may cause wrong modification to `server.model` and influences the next run in benchmark. It may be possible to resolve the problem by adding `model=copy.deepcopy(model)` before `model.to(**setup)`\r\n\r\n```python\r\n    model = copy.deepcopy(model)\r\n    model.to(**setup) \r\n```\r\n",
        "closed_by": {
            "login": "JonasGeiping",
            "id": 22680696,
            "node_id": "MDQ6VXNlcjIyNjgwNjk2",
            "avatar_url": "https://avatars.githubusercontent.com/u/22680696?v=4",
            "gravatar_id": "",
            "url": "https://api.github.com/users/JonasGeiping",
            "html_url": "https://github.com/JonasGeiping",
            "followers_url": "https://api.github.com/users/JonasGeiping/followers",
            "following_url": "https://api.github.com/users/JonasGeiping/following{/other_user}",
            "gists_url": "https://api.github.com/users/JonasGeiping/gists{/gist_id}",
            "starred_url": "https://api.github.com/users/JonasGeiping/starred{/owner}{/repo}",
            "subscriptions_url": "https://api.github.com/users/JonasGeiping/subscriptions",
            "organizations_url": "https://api.github.com/users/JonasGeiping/orgs",
            "repos_url": "https://api.github.com/users/JonasGeiping/repos",
            "events_url": "https://api.github.com/users/JonasGeiping/events{/privacy}",
            "received_events_url": "https://api.github.com/users/JonasGeiping/received_events",
            "type": "User",
            "user_view_type": "public",
            "site_admin": false
        },
        "reactions": {
            "url": "https://api.github.com/repos/JonasGeiping/breaching/issues/3/reactions",
            "total_count": 0,
            "+1": 0,
            "-1": 0,
            "laugh": 0,
            "hooray": 0,
            "confused": 0,
            "heart": 0,
            "rocket": 0,
            "eyes": 0
        },
        "timeline_url": "https://api.github.com/repos/JonasGeiping/breaching/issues/3/timeline",
        "performed_via_github_app": null,
        "state_reason": "completed"
    },
    {
        "url": "https://api.github.com/repos/JonasGeiping/breaching/issues/2",
        "repository_url": "https://api.github.com/repos/JonasGeiping/breaching",
        "labels_url": "https://api.github.com/repos/JonasGeiping/breaching/issues/2/labels{/name}",
        "comments_url": "https://api.github.com/repos/JonasGeiping/breaching/issues/2/comments",
        "events_url": "https://api.github.com/repos/JonasGeiping/breaching/issues/2/events",
        "html_url": "https://github.com/JonasGeiping/breaching/issues/2",
        "id": 1358810341,
        "node_id": "I_kwDOG2fJXs5Q_czl",
        "number": 2,
        "title": "Wrong index of buffers in analysis.py ",
        "user": {
            "login": "LuckMonkeys",
            "id": 34481971,
            "node_id": "MDQ6VXNlcjM0NDgxOTcx",
            "avatar_url": "https://avatars.githubusercontent.com/u/34481971?v=4",
            "gravatar_id": "",
            "url": "https://api.github.com/users/LuckMonkeys",
            "html_url": "https://github.com/LuckMonkeys",
            "followers_url": "https://api.github.com/users/LuckMonkeys/followers",
            "following_url": "https://api.github.com/users/LuckMonkeys/following{/other_user}",
            "gists_url": "https://api.github.com/users/LuckMonkeys/gists{/gist_id}",
            "starred_url": "https://api.github.com/users/LuckMonkeys/starred{/owner}{/repo}",
            "subscriptions_url": "https://api.github.com/users/LuckMonkeys/subscriptions",
            "organizations_url": "https://api.github.com/users/LuckMonkeys/orgs",
            "repos_url": "https://api.github.com/users/LuckMonkeys/repos",
            "events_url": "https://api.github.com/users/LuckMonkeys/events{/privacy}",
            "received_events_url": "https://api.github.com/users/LuckMonkeys/received_events",
            "type": "User",
            "user_view_type": "public",
            "site_admin": false
        },
        "labels": [],
        "state": "closed",
        "locked": false,
        "assignee": null,
        "assignees": [],
        "milestone": null,
        "comments": 1,
        "created_at": "2022-09-01T13:00:22Z",
        "updated_at": "2022-09-01T16:37:10Z",
        "closed_at": "2022-09-01T16:37:09Z",
        "author_association": "NONE",
        "active_lock_reason": null,
        "sub_issues_summary": {
            "total": 0,
            "completed": 0,
            "percent_completed": 0
        },
        "body": "When set `user.provide_buffers=True`, the user adds model buffers in `true_user_data[\"buffers\"]->[Tensors]`.\r\nHowever, in analysis.py, it iterates through `true_user_data[\"buffers\"][idx]->Tensor`. The `[idx]` does not needed and should be removed.\r\nhttps://github.com/JonasGeiping/breaching/blob/85c37cf2d45dc291edd98ae5b386e0a3dafeceec/breaching/analysis/analysis.py#L64\r\n\r\n`for buffer, user_state in zip(model.buffers(), true_user_data[\"buffers\"]): `",
        "closed_by": {
            "login": "JonasGeiping",
            "id": 22680696,
            "node_id": "MDQ6VXNlcjIyNjgwNjk2",
            "avatar_url": "https://avatars.githubusercontent.com/u/22680696?v=4",
            "gravatar_id": "",
            "url": "https://api.github.com/users/JonasGeiping",
            "html_url": "https://github.com/JonasGeiping",
            "followers_url": "https://api.github.com/users/JonasGeiping/followers",
            "following_url": "https://api.github.com/users/JonasGeiping/following{/other_user}",
            "gists_url": "https://api.github.com/users/JonasGeiping/gists{/gist_id}",
            "starred_url": "https://api.github.com/users/JonasGeiping/starred{/owner}{/repo}",
            "subscriptions_url": "https://api.github.com/users/JonasGeiping/subscriptions",
            "organizations_url": "https://api.github.com/users/JonasGeiping/orgs",
            "repos_url": "https://api.github.com/users/JonasGeiping/repos",
            "events_url": "https://api.github.com/users/JonasGeiping/events{/privacy}",
            "received_events_url": "https://api.github.com/users/JonasGeiping/received_events",
            "type": "User",
            "user_view_type": "public",
            "site_admin": false
        },
        "reactions": {
            "url": "https://api.github.com/repos/JonasGeiping/breaching/issues/2/reactions",
            "total_count": 0,
            "+1": 0,
            "-1": 0,
            "laugh": 0,
            "hooray": 0,
            "confused": 0,
            "heart": 0,
            "rocket": 0,
            "eyes": 0
        },
        "timeline_url": "https://api.github.com/repos/JonasGeiping/breaching/issues/2/timeline",
        "performed_via_github_app": null,
        "state_reason": "completed"
    },
    {
        "url": "https://api.github.com/repos/JonasGeiping/breaching/issues/1",
        "repository_url": "https://api.github.com/repos/JonasGeiping/breaching",
        "labels_url": "https://api.github.com/repos/JonasGeiping/breaching/issues/1/labels{/name}",
        "comments_url": "https://api.github.com/repos/JonasGeiping/breaching/issues/1/comments",
        "events_url": "https://api.github.com/repos/JonasGeiping/breaching/issues/1/events",
        "html_url": "https://github.com/JonasGeiping/breaching/issues/1",
        "id": 1345529688,
        "node_id": "I_kwDOG2fJXs5QMydY",
        "number": 1,
        "title": "adding the GroupRegistration regularization term for \"See through gradients\" attack ",
        "user": {
            "login": "philipjk",
            "id": 6997551,
            "node_id": "MDQ6VXNlcjY5OTc1NTE=",
            "avatar_url": "https://avatars.githubusercontent.com/u/6997551?v=4",
            "gravatar_id": "",
            "url": "https://api.github.com/users/philipjk",
            "html_url": "https://github.com/philipjk",
            "followers_url": "https://api.github.com/users/philipjk/followers",
            "following_url": "https://api.github.com/users/philipjk/following{/other_user}",
            "gists_url": "https://api.github.com/users/philipjk/gists{/gist_id}",
            "starred_url": "https://api.github.com/users/philipjk/starred{/owner}{/repo}",
            "subscriptions_url": "https://api.github.com/users/philipjk/subscriptions",
            "organizations_url": "https://api.github.com/users/philipjk/orgs",
            "repos_url": "https://api.github.com/users/philipjk/repos",
            "events_url": "https://api.github.com/users/philipjk/events{/privacy}",
            "received_events_url": "https://api.github.com/users/philipjk/received_events",
            "type": "User",
            "user_view_type": "public",
            "site_admin": false
        },
        "labels": [],
        "state": "closed",
        "locked": false,
        "assignee": null,
        "assignees": [],
        "milestone": null,
        "comments": 2,
        "created_at": "2022-08-21T16:13:59Z",
        "updated_at": "2022-11-23T19:33:18Z",
        "closed_at": "2022-11-23T19:33:18Z",
        "author_association": "NONE",
        "active_lock_reason": null,
        "sub_issues_summary": {
            "total": 0,
            "completed": 0,
            "percent_completed": 0
        },
        "body": "# Problem and context\r\nAs I am working on extending gradient inversion attacks, I came across this wonderful library. In an attempt to reproduce Yin. et al paper, I found out about the missing regularization term (as per title) in the final Notes of the `breaching/examples/See through gradients [...].ipynb`. I would like to try and reproduce the results of Yin et al. in order to provide baselines for comparison against other regularization metrics. The main obstacle in implementing this term seems to be a cluttered description of it in Section 3.4 of the above mentioned paper.\r\n\r\n\r\n# Steps towards solution\r\nRegardless of the actual value of \\alpha_{group} (not disclosed by the authors, as far as I know) I believe a possible implementation of the GroupRegistration regularization term can be achieved in the following few steps:\r\n\r\n1. Create a dummy image x_g, for all g in G\r\n2. Compute the per-pixel average over |G| and call it _target image_ x_t\r\n3. Compute the registration F(x_g, x_t), i.e.  the linear transformation that matches certain features of x_g with x_t. Do it for every g in G. The feature matching/transformation function F is based on [RANSAC-flow](http://imagine.enpc.fr/~shenx/RANSAC-Flow/).\r\n4. Average all the F(x_g, x_t) over g in G and call it E[x_g]\r\n5. Compute the 2-norm of the difference between x_g and E[x_g]. \r\n\r\nTo my understanding, this is the meaning of Section 3.4 and the plot in Figure 3 of the above mentioned paper.\r\n\r\n# Additional comments\r\nMy research would benefit from having this component implemented, and I believe it could have a broader impact in giving the possibility to reproduce one of the SOTA results in gradient inversion attacks to other researchers as well. For this reason I would like to take on this issue. *Disclaimer*: This would be my first contribution to a public, research repository.\r\n\r\n",
        "closed_by": {
            "login": "JonasGeiping",
            "id": 22680696,
            "node_id": "MDQ6VXNlcjIyNjgwNjk2",
            "avatar_url": "https://avatars.githubusercontent.com/u/22680696?v=4",
            "gravatar_id": "",
            "url": "https://api.github.com/users/JonasGeiping",
            "html_url": "https://github.com/JonasGeiping",
            "followers_url": "https://api.github.com/users/JonasGeiping/followers",
            "following_url": "https://api.github.com/users/JonasGeiping/following{/other_user}",
            "gists_url": "https://api.github.com/users/JonasGeiping/gists{/gist_id}",
            "starred_url": "https://api.github.com/users/JonasGeiping/starred{/owner}{/repo}",
            "subscriptions_url": "https://api.github.com/users/JonasGeiping/subscriptions",
            "organizations_url": "https://api.github.com/users/JonasGeiping/orgs",
            "repos_url": "https://api.github.com/users/JonasGeiping/repos",
            "events_url": "https://api.github.com/users/JonasGeiping/events{/privacy}",
            "received_events_url": "https://api.github.com/users/JonasGeiping/received_events",
            "type": "User",
            "user_view_type": "public",
            "site_admin": false
        },
        "reactions": {
            "url": "https://api.github.com/repos/JonasGeiping/breaching/issues/1/reactions",
            "total_count": 0,
            "+1": 0,
            "-1": 0,
            "laugh": 0,
            "hooray": 0,
            "confused": 0,
            "heart": 0,
            "rocket": 0,
            "eyes": 0
        },
        "timeline_url": "https://api.github.com/repos/JonasGeiping/breaching/issues/1/timeline",
        "performed_via_github_app": null,
        "state_reason": "completed"
    }
]