[
    {
        "url": "https://api.github.com/repos/kaapana/kaapana/issues/27",
        "repository_url": "https://api.github.com/repos/kaapana/kaapana",
        "labels_url": "https://api.github.com/repos/kaapana/kaapana/issues/27/labels{/name}",
        "comments_url": "https://api.github.com/repos/kaapana/kaapana/issues/27/comments",
        "events_url": "https://api.github.com/repos/kaapana/kaapana/issues/27/events",
        "html_url": "https://github.com/kaapana/kaapana/issues/27",
        "id": 2764407244,
        "node_id": "I_kwDOEQTU_M6kxYHM",
        "number": 27,
        "title": "An error occurred during the build.",
        "user": {
            "login": "MS793917946",
            "id": 51151920,
            "node_id": "MDQ6VXNlcjUxMTUxOTIw",
            "avatar_url": "https://avatars.githubusercontent.com/u/51151920?v=4",
            "gravatar_id": "",
            "url": "https://api.github.com/users/MS793917946",
            "html_url": "https://github.com/MS793917946",
            "followers_url": "https://api.github.com/users/MS793917946/followers",
            "following_url": "https://api.github.com/users/MS793917946/following{/other_user}",
            "gists_url": "https://api.github.com/users/MS793917946/gists{/gist_id}",
            "starred_url": "https://api.github.com/users/MS793917946/starred{/owner}{/repo}",
            "subscriptions_url": "https://api.github.com/users/MS793917946/subscriptions",
            "organizations_url": "https://api.github.com/users/MS793917946/orgs",
            "repos_url": "https://api.github.com/users/MS793917946/repos",
            "events_url": "https://api.github.com/users/MS793917946/events{/privacy}",
            "received_events_url": "https://api.github.com/users/MS793917946/received_events",
            "type": "User",
            "user_view_type": "public",
            "site_admin": false
        },
        "labels": [],
        "state": "open",
        "locked": false,
        "assignee": null,
        "assignees": [],
        "milestone": null,
        "comments": 1,
        "created_at": "2024-12-31T14:00:27Z",
        "updated_at": "2025-01-09T16:31:08Z",
        "closed_at": null,
        "author_association": "NONE",
        "type": null,
        "active_lock_reason": null,
        "sub_issues_summary": {
            "total": 0,
            "completed": 0,
            "percent_completed": 0
        },
        "body": "An error occurred during the build.\r\n![Snipaste_2024-12-31_21-59-10](https://github.com/user-attachments/assets/1b6daa2b-bd0b-400a-b6d7-95650afdaf27)\r\n",
        "closed_by": null,
        "reactions": {
            "url": "https://api.github.com/repos/kaapana/kaapana/issues/27/reactions",
            "total_count": 0,
            "+1": 0,
            "-1": 0,
            "laugh": 0,
            "hooray": 0,
            "confused": 0,
            "heart": 0,
            "rocket": 0,
            "eyes": 0
        },
        "timeline_url": "https://api.github.com/repos/kaapana/kaapana/issues/27/timeline",
        "performed_via_github_app": null,
        "state_reason": null
    },
    {
        "url": "https://api.github.com/repos/kaapana/kaapana/issues/26",
        "repository_url": "https://api.github.com/repos/kaapana/kaapana",
        "labels_url": "https://api.github.com/repos/kaapana/kaapana/issues/26/labels{/name}",
        "comments_url": "https://api.github.com/repos/kaapana/kaapana/issues/26/comments",
        "events_url": "https://api.github.com/repos/kaapana/kaapana/issues/26/events",
        "html_url": "https://github.com/kaapana/kaapana/issues/26",
        "id": 2753574367,
        "node_id": "I_kwDOEQTU_M6kIDXf",
        "number": 26,
        "title": "Deploy script not working  - syntax error",
        "user": {
            "login": "Stinosko",
            "id": 43827063,
            "node_id": "MDQ6VXNlcjQzODI3MDYz",
            "avatar_url": "https://avatars.githubusercontent.com/u/43827063?v=4",
            "gravatar_id": "",
            "url": "https://api.github.com/users/Stinosko",
            "html_url": "https://github.com/Stinosko",
            "followers_url": "https://api.github.com/users/Stinosko/followers",
            "following_url": "https://api.github.com/users/Stinosko/following{/other_user}",
            "gists_url": "https://api.github.com/users/Stinosko/gists{/gist_id}",
            "starred_url": "https://api.github.com/users/Stinosko/starred{/owner}{/repo}",
            "subscriptions_url": "https://api.github.com/users/Stinosko/subscriptions",
            "organizations_url": "https://api.github.com/users/Stinosko/orgs",
            "repos_url": "https://api.github.com/users/Stinosko/repos",
            "events_url": "https://api.github.com/users/Stinosko/events{/privacy}",
            "received_events_url": "https://api.github.com/users/Stinosko/received_events",
            "type": "User",
            "user_view_type": "public",
            "site_admin": false
        },
        "labels": [],
        "state": "closed",
        "locked": false,
        "assignee": null,
        "assignees": [],
        "milestone": null,
        "comments": 1,
        "created_at": "2024-12-20T22:26:10Z",
        "updated_at": "2024-12-30T00:22:57Z",
        "closed_at": "2024-12-30T00:22:57Z",
        "author_association": "NONE",
        "type": null,
        "active_lock_reason": null,
        "sub_issues_summary": {
            "total": 0,
            "completed": 0,
            "percent_completed": 0
        },
        "body": "Hey,\r\n\r\nI saw your boot at the RSNA and was intrigued to use it. I installed an Ubuntu server 22.04 and the Nvidia drivers. Then I followed the installation by cloning the repo, ran the server-installation script. \r\nThen I want to deploy the default configuration (https://github.com/kaapana/kaapana/blob/develop/platforms/deploy_platform_template.sh) without any modification. When I ran the script, it throws a syntax error at line 22 `syntax error near unexpected token `true' `. \r\n\r\nI tried encapsulating the syntax error lines with quotes (ex. line 22 was turned into `DEV_MODE=\"{{dev_mode|default(true)}}\"` with quote before and after the curly brackets.\r\nBut than I entered a new syntax error: `./deploy_platform_template.sh: line 101: {%: command not found`\r\n\r\nSomehow my bash (version 5.1.16(1)-release) is not interpreting the script correctly or what am i doing wrong?",
        "closed_by": {
            "login": "Stinosko",
            "id": 43827063,
            "node_id": "MDQ6VXNlcjQzODI3MDYz",
            "avatar_url": "https://avatars.githubusercontent.com/u/43827063?v=4",
            "gravatar_id": "",
            "url": "https://api.github.com/users/Stinosko",
            "html_url": "https://github.com/Stinosko",
            "followers_url": "https://api.github.com/users/Stinosko/followers",
            "following_url": "https://api.github.com/users/Stinosko/following{/other_user}",
            "gists_url": "https://api.github.com/users/Stinosko/gists{/gist_id}",
            "starred_url": "https://api.github.com/users/Stinosko/starred{/owner}{/repo}",
            "subscriptions_url": "https://api.github.com/users/Stinosko/subscriptions",
            "organizations_url": "https://api.github.com/users/Stinosko/orgs",
            "repos_url": "https://api.github.com/users/Stinosko/repos",
            "events_url": "https://api.github.com/users/Stinosko/events{/privacy}",
            "received_events_url": "https://api.github.com/users/Stinosko/received_events",
            "type": "User",
            "user_view_type": "public",
            "site_admin": false
        },
        "reactions": {
            "url": "https://api.github.com/repos/kaapana/kaapana/issues/26/reactions",
            "total_count": 0,
            "+1": 0,
            "-1": 0,
            "laugh": 0,
            "hooray": 0,
            "confused": 0,
            "heart": 0,
            "rocket": 0,
            "eyes": 0
        },
        "timeline_url": "https://api.github.com/repos/kaapana/kaapana/issues/26/timeline",
        "performed_via_github_app": null,
        "state_reason": "completed"
    },
    {
        "url": "https://api.github.com/repos/kaapana/kaapana/issues/23",
        "repository_url": "https://api.github.com/repos/kaapana/kaapana",
        "labels_url": "https://api.github.com/repos/kaapana/kaapana/issues/23/labels{/name}",
        "comments_url": "https://api.github.com/repos/kaapana/kaapana/issues/23/comments",
        "events_url": "https://api.github.com/repos/kaapana/kaapana/issues/23/events",
        "html_url": "https://github.com/kaapana/kaapana/issues/23",
        "id": 2099937436,
        "node_id": "I_kwDOEQTU_M59KoCc",
        "number": 23,
        "title": "DNS_PROBE_FINISHED_NXDOMAIN error",
        "user": {
            "login": "enew72",
            "id": 69085341,
            "node_id": "MDQ6VXNlcjY5MDg1MzQx",
            "avatar_url": "https://avatars.githubusercontent.com/u/69085341?v=4",
            "gravatar_id": "",
            "url": "https://api.github.com/users/enew72",
            "html_url": "https://github.com/enew72",
            "followers_url": "https://api.github.com/users/enew72/followers",
            "following_url": "https://api.github.com/users/enew72/following{/other_user}",
            "gists_url": "https://api.github.com/users/enew72/gists{/gist_id}",
            "starred_url": "https://api.github.com/users/enew72/starred{/owner}{/repo}",
            "subscriptions_url": "https://api.github.com/users/enew72/subscriptions",
            "organizations_url": "https://api.github.com/users/enew72/orgs",
            "repos_url": "https://api.github.com/users/enew72/repos",
            "events_url": "https://api.github.com/users/enew72/events{/privacy}",
            "received_events_url": "https://api.github.com/users/enew72/received_events",
            "type": "User",
            "user_view_type": "public",
            "site_admin": false
        },
        "labels": [],
        "state": "open",
        "locked": false,
        "assignee": null,
        "assignees": [],
        "milestone": null,
        "comments": 2,
        "created_at": "2024-01-25T09:24:20Z",
        "updated_at": "2025-01-09T16:34:25Z",
        "closed_at": null,
        "author_association": "NONE",
        "type": null,
        "active_lock_reason": null,
        "sub_issues_summary": {
            "total": 0,
            "completed": 0,
            "percent_completed": 0
        },
        "body": "Hi, I managed to succesfully deploy kaapana on a virtual machine created with virtualbox and yesterday I logged in without any problem. However today when I try to load the page `https://kaapana:443` I get the error `DNS_PROBE_FINISHED_NXDOMAIN`. The netwrok I am using is differentand even the ip address of the virtual machine has changed, do you have any idea why am I getting a DNS error?",
        "closed_by": null,
        "reactions": {
            "url": "https://api.github.com/repos/kaapana/kaapana/issues/23/reactions",
            "total_count": 0,
            "+1": 0,
            "-1": 0,
            "laugh": 0,
            "hooray": 0,
            "confused": 0,
            "heart": 0,
            "rocket": 0,
            "eyes": 0
        },
        "timeline_url": "https://api.github.com/repos/kaapana/kaapana/issues/23/timeline",
        "performed_via_github_app": null,
        "state_reason": null
    },
    {
        "url": "https://api.github.com/repos/kaapana/kaapana/issues/20",
        "repository_url": "https://api.github.com/repos/kaapana/kaapana",
        "labels_url": "https://api.github.com/repos/kaapana/kaapana/issues/20/labels{/name}",
        "comments_url": "https://api.github.com/repos/kaapana/kaapana/issues/20/comments",
        "events_url": "https://api.github.com/repos/kaapana/kaapana/issues/20/events",
        "html_url": "https://github.com/kaapana/kaapana/issues/20",
        "id": 2074233902,
        "node_id": "I_kwDOEQTU_M57okwu",
        "number": 20,
        "title": "Pods never finish",
        "user": {
            "login": "alemolteni",
            "id": 80054055,
            "node_id": "MDQ6VXNlcjgwMDU0MDU1",
            "avatar_url": "https://avatars.githubusercontent.com/u/80054055?v=4",
            "gravatar_id": "",
            "url": "https://api.github.com/users/alemolteni",
            "html_url": "https://github.com/alemolteni",
            "followers_url": "https://api.github.com/users/alemolteni/followers",
            "following_url": "https://api.github.com/users/alemolteni/following{/other_user}",
            "gists_url": "https://api.github.com/users/alemolteni/gists{/gist_id}",
            "starred_url": "https://api.github.com/users/alemolteni/starred{/owner}{/repo}",
            "subscriptions_url": "https://api.github.com/users/alemolteni/subscriptions",
            "organizations_url": "https://api.github.com/users/alemolteni/orgs",
            "repos_url": "https://api.github.com/users/alemolteni/repos",
            "events_url": "https://api.github.com/users/alemolteni/events{/privacy}",
            "received_events_url": "https://api.github.com/users/alemolteni/received_events",
            "type": "User",
            "user_view_type": "public",
            "site_admin": false
        },
        "labels": [],
        "state": "open",
        "locked": false,
        "assignee": null,
        "assignees": [],
        "milestone": null,
        "comments": 3,
        "created_at": "2024-01-10T12:07:04Z",
        "updated_at": "2025-01-09T16:37:24Z",
        "closed_at": null,
        "author_association": "NONE",
        "type": null,
        "active_lock_reason": null,
        "sub_issues_summary": {
            "total": 0,
            "completed": 0,
            "percent_completed": 0
        },
        "body": "Hi, I am having troubles finishing kaapna platform deployment. The script to deploy kaapana finishes without any problem, however when I try to watch the pods most of them either end up in error or in an unknown status. If I try to connect anyway to \"https://kaapana:443/\" as stated in the output of the script, it won't connect. I will leave below the output of the command \"microk8s.kubectl get pods -A \"\r\n```\r\nNAMESPACE     NAME                                                            READY   STATUS                        RESTARTS       AGE\r\nadmin         kubernetes-dashboard-5df6dbd458-rtsbh      0/1     ContainerStatusUnknown        0 (27h ago)    27h\r\nadmin         init-collections-cgl7v                     0/1     ErrImagePull                  0              27h\r\nadmin         init-extensions-45mnd                      0/1     Init:ContainerStatusUnknown   0              27h\r\nadmin         kube-state-metrics-6d895fbf67-jb5g9        0/1     ContainerStatusUnknown        1              27h\r\nadmin         cert-init-ss8-4dw5x                        0/1     ContainerStatusUnknown        1              27h\r\nadmin         kubernetes-dashboard-5df6dbd458-nx2sl      0/1     ContainerStatusUnknown        1              26h\r\nadmin         init-collections-gg2kd                     0/1     ContainerStatusUnknown        0              26h\r\nadmin         kube-state-metrics-6d895fbf67-gk682        0/1     ContainerStatusUnknown        0              26h\r\nadmin         keycloak-init-fcgd2                        0/1     Init:ContainerStatusUnknown   0              27h\r\nadmin         init-collections-nbsm4                     0/1     ContainerStatusUnknown        0              25h\r\nadmin         cert-init-ss8-k92c6                        0/1     ContainerStatusUnknown        0              25h\r\nadmin         keycloak-init-tnfvs                        0/1     Init:ContainerStatusUnknown   0              25h\r\nadmin         init-extensions-kf6fg                      0/1     Init:ContainerStatusUnknown   0              26h\r\nadmin         cert-init-ss8-wcz7d                        0/1     Completed                     0              24h\r\nadmin         keycloak-init-dmcfd                        0/1     Init:ContainerStatusUnknown   0              24h\r\nadmin         init-extensions-8n2hx                      0/1     Init:ContainerStatusUnknown   0              24h\r\nadmin         traefik-79bb5f87d-2zlbr                    1/1     Running                       3 (11m ago)    27h\r\nkube-system   calico-kube-controllers-79568db7f8-skhrf   1/1     Running                       13 (11m ago)   5d21h\r\nkube-system   calico-node-g4zg6                          1/1     Running                       14 (11m ago)   5d21h\r\nadmin         postgres-keycloak-6895559649-dslkz         1/1     Running                       3 (21h ago)    27h\r\nadmin         kube-state-metrics-6d895fbf67-mfpjl        1/1     Running                       1 (21h ago)    25h\r\nadmin         oauth2-proxy-6ff865c577-z9pxp              0/1     Init:ImagePullBackOff         0              27h\r\nadmin         keycloak-df4797c47-lq4xm                   0/1     Init:ImagePullBackOff         0              27h\r\nadmin         maintenancepage-6b46c5fb85-j9d7t           1/1     Running                       3 (21h ago)    27h\r\nadmin         kubernetes-dashboard-5df6dbd458-7tjmj      1/1     Running                       2 (22h ago)    25h\r\nadmin         keycloak-init-zx4bb                        0/1     Init:ImagePullBackOff         0              21h\r\nadmin         kube-helm-deployment-c9bc64f64-jttk4       0/1     ImagePullBackOff              0              27h\r\nadmin         auth-backend-5ff86b4dd9-shc5r              0/1     ImagePullBackOff              0              27h\r\n```\r\n",
        "closed_by": null,
        "reactions": {
            "url": "https://api.github.com/repos/kaapana/kaapana/issues/20/reactions",
            "total_count": 0,
            "+1": 0,
            "-1": 0,
            "laugh": 0,
            "hooray": 0,
            "confused": 0,
            "heart": 0,
            "rocket": 0,
            "eyes": 0
        },
        "timeline_url": "https://api.github.com/repos/kaapana/kaapana/issues/20/timeline",
        "performed_via_github_app": null,
        "state_reason": null
    },
    {
        "url": "https://api.github.com/repos/kaapana/kaapana/issues/19",
        "repository_url": "https://api.github.com/repos/kaapana/kaapana",
        "labels_url": "https://api.github.com/repos/kaapana/kaapana/issues/19/labels{/name}",
        "comments_url": "https://api.github.com/repos/kaapana/kaapana/issues/19/comments",
        "events_url": "https://api.github.com/repos/kaapana/kaapana/issues/19/events",
        "html_url": "https://github.com/kaapana/kaapana/issues/19",
        "id": 1963955355,
        "node_id": "I_kwDOEQTU_M51D5Sb",
        "number": 19,
        "title": "Request to Cite Our Software in Your Recent Publication",
        "user": {
            "login": "Sikerdebaard",
            "id": 801853,
            "node_id": "MDQ6VXNlcjgwMTg1Mw==",
            "avatar_url": "https://avatars.githubusercontent.com/u/801853?v=4",
            "gravatar_id": "",
            "url": "https://api.github.com/users/Sikerdebaard",
            "html_url": "https://github.com/Sikerdebaard",
            "followers_url": "https://api.github.com/users/Sikerdebaard/followers",
            "following_url": "https://api.github.com/users/Sikerdebaard/following{/other_user}",
            "gists_url": "https://api.github.com/users/Sikerdebaard/gists{/gist_id}",
            "starred_url": "https://api.github.com/users/Sikerdebaard/starred{/owner}{/repo}",
            "subscriptions_url": "https://api.github.com/users/Sikerdebaard/subscriptions",
            "organizations_url": "https://api.github.com/users/Sikerdebaard/orgs",
            "repos_url": "https://api.github.com/users/Sikerdebaard/repos",
            "events_url": "https://api.github.com/users/Sikerdebaard/events{/privacy}",
            "received_events_url": "https://api.github.com/users/Sikerdebaard/received_events",
            "type": "User",
            "user_view_type": "public",
            "site_admin": false
        },
        "labels": [],
        "state": "closed",
        "locked": false,
        "assignee": null,
        "assignees": [],
        "milestone": null,
        "comments": 4,
        "created_at": "2023-10-26T16:45:46Z",
        "updated_at": "2024-04-18T15:20:05Z",
        "closed_at": "2024-04-18T08:11:29Z",
        "author_association": "NONE",
        "type": null,
        "active_lock_reason": null,
        "sub_issues_summary": {
            "total": 0,
            "completed": 0,
            "percent_completed": 0
        },
        "body": "I recently came across Kaapana and its related research papers, and I noticed that you used our software dcmrtstruct2nii but didn't cite it. We put a lot of effort into creating and maintaining this software to assist the research community, and proper citation helps support our work and give credit where it's due.\r\n\r\nCould you please update your papers to include the following citation:\r\n\r\n`Thomas Phil, Thomas Albrecht, Skylar Gay, & Mathis Ersted Rasmussen. (2023). Sikerdebaard/dcmrtstruct2nii: dcmrtstruct2nii v5 (Version v5). Zenodo. https://doi.org/10.5281/zenodo.4037864`\r\n\r\nThanks!",
        "closed_by": {
            "login": "unalakunal",
            "id": 16197349,
            "node_id": "MDQ6VXNlcjE2MTk3MzQ5",
            "avatar_url": "https://avatars.githubusercontent.com/u/16197349?v=4",
            "gravatar_id": "",
            "url": "https://api.github.com/users/unalakunal",
            "html_url": "https://github.com/unalakunal",
            "followers_url": "https://api.github.com/users/unalakunal/followers",
            "following_url": "https://api.github.com/users/unalakunal/following{/other_user}",
            "gists_url": "https://api.github.com/users/unalakunal/gists{/gist_id}",
            "starred_url": "https://api.github.com/users/unalakunal/starred{/owner}{/repo}",
            "subscriptions_url": "https://api.github.com/users/unalakunal/subscriptions",
            "organizations_url": "https://api.github.com/users/unalakunal/orgs",
            "repos_url": "https://api.github.com/users/unalakunal/repos",
            "events_url": "https://api.github.com/users/unalakunal/events{/privacy}",
            "received_events_url": "https://api.github.com/users/unalakunal/received_events",
            "type": "User",
            "user_view_type": "public",
            "site_admin": false
        },
        "reactions": {
            "url": "https://api.github.com/repos/kaapana/kaapana/issues/19/reactions",
            "total_count": 0,
            "+1": 0,
            "-1": 0,
            "laugh": 0,
            "hooray": 0,
            "confused": 0,
            "heart": 0,
            "rocket": 0,
            "eyes": 0
        },
        "timeline_url": "https://api.github.com/repos/kaapana/kaapana/issues/19/timeline",
        "performed_via_github_app": null,
        "state_reason": "completed"
    },
    {
        "url": "https://api.github.com/repos/kaapana/kaapana/issues/18",
        "repository_url": "https://api.github.com/repos/kaapana/kaapana",
        "labels_url": "https://api.github.com/repos/kaapana/kaapana/issues/18/labels{/name}",
        "comments_url": "https://api.github.com/repos/kaapana/kaapana/issues/18/comments",
        "events_url": "https://api.github.com/repos/kaapana/kaapana/issues/18/events",
        "html_url": "https://github.com/kaapana/kaapana/issues/18",
        "id": 1782322873,
        "node_id": "I_kwDOEQTU_M5qPBa5",
        "number": 18,
        "title": "Difference between kaapana and QuantImage V2",
        "user": {
            "login": "kretes",
            "id": 1224887,
            "node_id": "MDQ6VXNlcjEyMjQ4ODc=",
            "avatar_url": "https://avatars.githubusercontent.com/u/1224887?v=4",
            "gravatar_id": "",
            "url": "https://api.github.com/users/kretes",
            "html_url": "https://github.com/kretes",
            "followers_url": "https://api.github.com/users/kretes/followers",
            "following_url": "https://api.github.com/users/kretes/following{/other_user}",
            "gists_url": "https://api.github.com/users/kretes/gists{/gist_id}",
            "starred_url": "https://api.github.com/users/kretes/starred{/owner}{/repo}",
            "subscriptions_url": "https://api.github.com/users/kretes/subscriptions",
            "organizations_url": "https://api.github.com/users/kretes/orgs",
            "repos_url": "https://api.github.com/users/kretes/repos",
            "events_url": "https://api.github.com/users/kretes/events{/privacy}",
            "received_events_url": "https://api.github.com/users/kretes/received_events",
            "type": "User",
            "user_view_type": "public",
            "site_admin": false
        },
        "labels": [],
        "state": "open",
        "locked": false,
        "assignee": null,
        "assignees": [],
        "milestone": null,
        "comments": 0,
        "created_at": "2023-06-30T10:51:57Z",
        "updated_at": "2023-07-03T08:42:34Z",
        "closed_at": null,
        "author_association": "NONE",
        "type": null,
        "active_lock_reason": null,
        "sub_issues_summary": {
            "total": 0,
            "completed": 0,
            "percent_completed": 0
        },
        "body": "Hello,\r\n\r\nJust found kaapana and looks like very important project & big effort!\r\n\r\nI previously stumbled upon a platform that seems similarly impressive and for a similar target: https://medgift.github.io/quantimage-v2-info/\r\n\r\nHave you ever compared those two in terms of functionality & target usage. Such comparison would be of some help for potential adopters.\r\n\r\nCC creators of QuantImage: @roger-schaer @danielabler @ThomVett ",
        "closed_by": null,
        "reactions": {
            "url": "https://api.github.com/repos/kaapana/kaapana/issues/18/reactions",
            "total_count": 0,
            "+1": 0,
            "-1": 0,
            "laugh": 0,
            "hooray": 0,
            "confused": 0,
            "heart": 0,
            "rocket": 0,
            "eyes": 0
        },
        "timeline_url": "https://api.github.com/repos/kaapana/kaapana/issues/18/timeline",
        "performed_via_github_app": null,
        "state_reason": null
    },
    {
        "url": "https://api.github.com/repos/kaapana/kaapana/issues/16",
        "repository_url": "https://api.github.com/repos/kaapana/kaapana",
        "labels_url": "https://api.github.com/repos/kaapana/kaapana/issues/16/labels{/name}",
        "comments_url": "https://api.github.com/repos/kaapana/kaapana/issues/16/comments",
        "events_url": "https://api.github.com/repos/kaapana/kaapana/issues/16/events",
        "html_url": "https://github.com/kaapana/kaapana/issues/16",
        "id": 1654198591,
        "node_id": "I_kwDOEQTU_M5imRE_",
        "number": 16,
        "title": "Docker with BuildKit uses the wrong cache",
        "user": {
            "login": "enasca",
            "id": 10253958,
            "node_id": "MDQ6VXNlcjEwMjUzOTU4",
            "avatar_url": "https://avatars.githubusercontent.com/u/10253958?v=4",
            "gravatar_id": "",
            "url": "https://api.github.com/users/enasca",
            "html_url": "https://github.com/enasca",
            "followers_url": "https://api.github.com/users/enasca/followers",
            "following_url": "https://api.github.com/users/enasca/following{/other_user}",
            "gists_url": "https://api.github.com/users/enasca/gists{/gist_id}",
            "starred_url": "https://api.github.com/users/enasca/starred{/owner}{/repo}",
            "subscriptions_url": "https://api.github.com/users/enasca/subscriptions",
            "organizations_url": "https://api.github.com/users/enasca/orgs",
            "repos_url": "https://api.github.com/users/enasca/repos",
            "events_url": "https://api.github.com/users/enasca/events{/privacy}",
            "received_events_url": "https://api.github.com/users/enasca/received_events",
            "type": "User",
            "user_view_type": "public",
            "site_admin": false
        },
        "labels": [],
        "state": "open",
        "locked": false,
        "assignee": null,
        "assignees": [],
        "milestone": null,
        "comments": 1,
        "created_at": "2023-04-04T16:24:19Z",
        "updated_at": "2023-04-05T08:24:07Z",
        "closed_at": null,
        "author_association": "NONE",
        "type": null,
        "active_lock_reason": null,
        "sub_issues_summary": {
            "total": 0,
            "completed": 0,
            "percent_completed": 0
        },
        "body": "https://github.com/moby/buildkit/issues/1368\r\n\r\nThere are two Dockerfiles with the same size and timestamp in this repository:\r\n\r\n- https://github.com/kaapana/kaapana/blob/9e206e5688052170791909946db24f3dc6b6fe41/services/monitoring/node-exporter/docker/Dockerfile\r\n- https://github.com/kaapana/kaapana/blob/9e206e5688052170791909946db24f3dc6b6fe41/services/monitoring/alert-manager/docker/Dockerfile\r\n\r\nThis triggers a subtle bug in BuildKit whereby the same base image is used for both builds. As a result, one image with two tags is produced instead of two different images. The build completes successfully, then one of the two container fails to run when deployed.\r\n\r\nThis is apparently fixed in Docker Engine 23 (https://github.com/moby/buildkit/issues/1368). I haven't verified. I simply worked around it by disabling BuildKit. Perhaps a check could be added to the build scripts to disable BuildKit if Docker is not recent enough.",
        "closed_by": null,
        "reactions": {
            "url": "https://api.github.com/repos/kaapana/kaapana/issues/16/reactions",
            "total_count": 0,
            "+1": 0,
            "-1": 0,
            "laugh": 0,
            "hooray": 0,
            "confused": 0,
            "heart": 0,
            "rocket": 0,
            "eyes": 0
        },
        "timeline_url": "https://api.github.com/repos/kaapana/kaapana/issues/16/timeline",
        "performed_via_github_app": null,
        "state_reason": null
    },
    {
        "url": "https://api.github.com/repos/kaapana/kaapana/issues/8",
        "repository_url": "https://api.github.com/repos/kaapana/kaapana",
        "labels_url": "https://api.github.com/repos/kaapana/kaapana/issues/8/labels{/name}",
        "comments_url": "https://api.github.com/repos/kaapana/kaapana/issues/8/comments",
        "events_url": "https://api.github.com/repos/kaapana/kaapana/issues/8/events",
        "html_url": "https://github.com/kaapana/kaapana/issues/8",
        "id": 1140356245,
        "node_id": "I_kwDOEQTU_M5D-HSV",
        "number": 8,
        "title": "Error Local build",
        "user": {
            "login": "kmilouh",
            "id": 13699090,
            "node_id": "MDQ6VXNlcjEzNjk5MDkw",
            "avatar_url": "https://avatars.githubusercontent.com/u/13699090?v=4",
            "gravatar_id": "",
            "url": "https://api.github.com/users/kmilouh",
            "html_url": "https://github.com/kmilouh",
            "followers_url": "https://api.github.com/users/kmilouh/followers",
            "following_url": "https://api.github.com/users/kmilouh/following{/other_user}",
            "gists_url": "https://api.github.com/users/kmilouh/gists{/gist_id}",
            "starred_url": "https://api.github.com/users/kmilouh/starred{/owner}{/repo}",
            "subscriptions_url": "https://api.github.com/users/kmilouh/subscriptions",
            "organizations_url": "https://api.github.com/users/kmilouh/orgs",
            "repos_url": "https://api.github.com/users/kmilouh/repos",
            "events_url": "https://api.github.com/users/kmilouh/events{/privacy}",
            "received_events_url": "https://api.github.com/users/kmilouh/received_events",
            "type": "User",
            "user_view_type": "public",
            "site_admin": false
        },
        "labels": [],
        "state": "closed",
        "locked": false,
        "assignee": null,
        "assignees": [],
        "milestone": null,
        "comments": 1,
        "created_at": "2022-02-16T17:40:00Z",
        "updated_at": "2022-03-02T09:34:29Z",
        "closed_at": "2022-03-02T09:34:29Z",
        "author_association": "NONE",
        "type": null,
        "active_lock_reason": null,
        "sub_issues_summary": {
            "total": 0,
            "completed": 0,
            "percent_completed": 0
        },
        "body": "The airflow docker image don't build. When I execute \r\n`python3 kaapana/build-scripts/start_build.py\r\n`\r\nThe following error appear:\r\n```bash\r\n       \"1312\": \"ERROR: #10 3.509   Downloading pathlib-1.0.1.tar.gz (49 kB)\",\r\n        \"1313\": \"ERROR: #10 3.515       \r\n        ...\r\n        \"1314\": \"ERROR: #10 3.523   Preparing metadata (setup.py): started\",\r\n        \"1315\": \"ERROR: #10 3.672   Preparing metadata (setup.py): finished with status 'error'\",\r\n        \"1316\": \"ERROR: #10 3.678   error: subprocess-exited-with-error\",\r\n        \"1317\": \"ERROR: #10 3.678   \",\r\n        \"1318\": \"ERROR: #10 3.678   \\u00d7 python setup.py egg_info did not run successfully.\",\r\n        \"1319\": \"ERROR: #10 3.678   \\u2502 exit code: 1\",\r\n        \"1320\": \"ERROR: #10 3.678   \\u2570\\u2500> [20 lines of output]\",\r\n        \"1321\": \"ERROR: #10 3.678       Traceback (most recent call last):\",\r\n        \"1322\": \"ERROR: #10 3.678         File \\\"<string>\\\", line 2, in <module>\",\r\n        \"1323\": \"ERROR: #10 3.678         File \\\"<pip-setuptools-caller>\\\", line 34, in <module>\",\r\n        \"1324\": \"ERROR: #10 3.678         File \\\"/tmp/pip-install-xv11tksa/pathlib_77ae98b3d79449c8af88fe30d81e712f/setup.py\\\", line 6, in <module>\",\r\n        \"1325\": \"ERROR: #10 3.678           setup(\",\r\n        \"1326\": \"ERROR: #10 3.678         File \\\"/usr/local/lib/python3.8/dist-packages/setuptools/_distutils/core.py\\\", line 109, in setup\",\r\n        \"1327\": \"ERROR: #10 3.678           _setup_distribution = dist = klass(attrs)\",\r\n        \"1328\": \"ERROR: #10 3.678         File \\\"/usr/local/lib/python3.8/dist-packages/setuptools/dist.py\\\", line 456, in __init__\",\r\n        \"1329\": \"ERROR: #10 3.678           for ep in metadata.entry_points(group='distutils.setup_keywords'):\",\r\n        \"1330\": \"ERROR: #10 3.678         File \\\"/usr/local/lib/python3.8/dist-packages/setuptools/_vendor/importlib_metadata/__init__.py\\\", line 999, in entry_points\",\r\n        \"1331\": \"ERROR: #10 3.678           return SelectableGroups.load(eps).select(**params)\",\r\n        \"1332\": \"ERROR: #10 3.678         File \\\"/usr/local/lib/python3.8/dist-packages/setuptools/_vendor/importlib_metadata/__init__.py\\\", line 449, in load\",\r\n        \"1333\": \"ERROR: #10 3.678           ordered = sorted(eps, key=by_group)\",\r\n        \"1334\": \"ERROR: #10 3.678         File \\\"/usr/local/lib/python3.8/dist-packages/setuptools/_vendor/importlib_metadata/__init__.py\\\", line 997, in <genexpr>\",\r\n        \"1335\": \"ERROR: #10 3.678           dist.entry_points for dist in unique(distributions())\",\r\n        \"1336\": \"ERROR: #10 3.678         File \\\"/usr/local/lib/python3.8/dist-packages/setuptools/_vendor/importlib_metadata/__init__.py\\\", line 609, in entry_points\",\r\n        \"1337\": \"ERROR: #10 3.678           return EntryPoints._from_text_for(self.read_text('entry_points.txt'), self)\",\r\n        \"1338\": \"ERROR: #10 3.678         File \\\"/usr/local/lib/python3.8/dist-packages/setuptools/_vendor/importlib_metadata/__init__.py\\\", line 917, in read_text\",\r\n        \"1339\": \"ERROR: #10 3.678           return self._path.joinpath(filename).read_text(encoding='utf-8')\",\r\n        \"1340\": \"ERROR: #10 3.678       AttributeError: 'PosixPath' object has no attribute 'read_text'\",\r\n```\r\n        \r\nI successfully  build the image removing the  reference pathlib from : \r\n`services/flow/airflow/docker/files/requirements.txt`\r\n\r\nThis change break something later ?\r\n",
        "closed_by": {
            "login": "kmilouh",
            "id": 13699090,
            "node_id": "MDQ6VXNlcjEzNjk5MDkw",
            "avatar_url": "https://avatars.githubusercontent.com/u/13699090?v=4",
            "gravatar_id": "",
            "url": "https://api.github.com/users/kmilouh",
            "html_url": "https://github.com/kmilouh",
            "followers_url": "https://api.github.com/users/kmilouh/followers",
            "following_url": "https://api.github.com/users/kmilouh/following{/other_user}",
            "gists_url": "https://api.github.com/users/kmilouh/gists{/gist_id}",
            "starred_url": "https://api.github.com/users/kmilouh/starred{/owner}{/repo}",
            "subscriptions_url": "https://api.github.com/users/kmilouh/subscriptions",
            "organizations_url": "https://api.github.com/users/kmilouh/orgs",
            "repos_url": "https://api.github.com/users/kmilouh/repos",
            "events_url": "https://api.github.com/users/kmilouh/events{/privacy}",
            "received_events_url": "https://api.github.com/users/kmilouh/received_events",
            "type": "User",
            "user_view_type": "public",
            "site_admin": false
        },
        "reactions": {
            "url": "https://api.github.com/repos/kaapana/kaapana/issues/8/reactions",
            "total_count": 0,
            "+1": 0,
            "-1": 0,
            "laugh": 0,
            "hooray": 0,
            "confused": 0,
            "heart": 0,
            "rocket": 0,
            "eyes": 0
        },
        "timeline_url": "https://api.github.com/repos/kaapana/kaapana/issues/8/timeline",
        "performed_via_github_app": null,
        "state_reason": "completed"
    },
    {
        "url": "https://api.github.com/repos/kaapana/kaapana/issues/7",
        "repository_url": "https://api.github.com/repos/kaapana/kaapana",
        "labels_url": "https://api.github.com/repos/kaapana/kaapana/issues/7/labels{/name}",
        "comments_url": "https://api.github.com/repos/kaapana/kaapana/issues/7/comments",
        "events_url": "https://api.github.com/repos/kaapana/kaapana/issues/7/events",
        "html_url": "https://github.com/kaapana/kaapana/issues/7",
        "id": 1005136711,
        "node_id": "I_kwDOEQTU_M476StH",
        "number": 7,
        "title": "after local install some images are tried to be pulled from registry",
        "user": {
            "login": "vsaase",
            "id": 378021,
            "node_id": "MDQ6VXNlcjM3ODAyMQ==",
            "avatar_url": "https://avatars.githubusercontent.com/u/378021?v=4",
            "gravatar_id": "",
            "url": "https://api.github.com/users/vsaase",
            "html_url": "https://github.com/vsaase",
            "followers_url": "https://api.github.com/users/vsaase/followers",
            "following_url": "https://api.github.com/users/vsaase/following{/other_user}",
            "gists_url": "https://api.github.com/users/vsaase/gists{/gist_id}",
            "starred_url": "https://api.github.com/users/vsaase/starred{/owner}{/repo}",
            "subscriptions_url": "https://api.github.com/users/vsaase/subscriptions",
            "organizations_url": "https://api.github.com/users/vsaase/orgs",
            "repos_url": "https://api.github.com/users/vsaase/repos",
            "events_url": "https://api.github.com/users/vsaase/events{/privacy}",
            "received_events_url": "https://api.github.com/users/vsaase/received_events",
            "type": "User",
            "user_view_type": "public",
            "site_admin": false
        },
        "labels": [],
        "state": "open",
        "locked": false,
        "assignee": null,
        "assignees": [],
        "milestone": null,
        "comments": 5,
        "created_at": "2021-09-23T08:12:02Z",
        "updated_at": "2022-04-20T15:10:41Z",
        "closed_at": null,
        "author_association": "NONE",
        "type": null,
        "active_lock_reason": null,
        "sub_issues_summary": {
            "total": 0,
            "completed": 0,
            "percent_completed": 0
        },
        "body": "I followed the instructions for the local install, which finished without errors.\r\nNow with the command\r\n`microk8s.kubectl get pods --all-namespaces`\r\nI get the following output:\r\n\r\n```\r\nNAMESPACE     NAME                                    READY   STATUS                  RESTARTS   AGE\r\nbase          landingpage-bc44bdccc-2rdbc             1/1     Running                 0          33m\r\nflow          airflow-fc8658bfd-2lcjt                 0/2     Init:0/2                0          33m\r\nflow          ctp-5774599964-qjjp2                    0/1     ImagePullBackOff        0          33m\r\nflow          postgres-airflow-b6f5d88d9-4tvxt        0/1     ImagePullBackOff        0          33m\r\nkube-system   coredns-588fd544bf-vhqzx                1/1     Running                 1          18h\r\nkube-system   error-pages-6c76f58767-tpfvb            1/1     Running                 0          33m\r\nkube-system   keycloak-6d58c4749-pdjz7                0/1     Init:0/1                0          33m\r\nkube-system   kube-helm-deployment-7c549dccc4-2nj24   0/1     Init:ImagePullBackOff   0          33m\r\nkube-system   kube-state-metrics-658b4868bd-bvpkg     1/1     Running                 0          33m\r\nkube-system   kubernetes-dashboard-7d4df94679-lhlp2   1/1     Running                 0          33m\r\nkube-system   louketo-74667d46ff-8vjj9                0/1     Init:0/1                0          33m\r\nkube-system   postgres-keycloak-8898ddfc6-7btd8       0/1     ImagePullBackOff        0          33m\r\nkube-system   preinstall-extensions-init-7s6l2        0/2     Init:0/2                0          33m\r\nkube-system   traefik-796f6f9564-9dr2q                1/1     Running                 0          33m\r\nkube-system   update-extensions-init-74xw6            0/1     Init:0/1                0          33m\r\nmeta          elastic-meta-de-885cbb85d-65t74         1/1     Running                 0          33m\r\nmeta          init-meta-7t8jx                         0/1     Completed               0          33m\r\nmeta          kibana-meta-de-65c4ff78-jsnhc           1/1     Running                 0          33m\r\nmonitoring    alertmanager-c44dd9669-fdtc5            1/1     Running                 0          33m\r\nmonitoring    grafana-5f4c5f5ffd-6xrhr                1/1     Running                 0          33m\r\nmonitoring    prometheus-f58db5bff-bgvgk              1/1     Running                 0          33m\r\nstore         dcm4chee-7bddb8776c-mcm9z               1/1     Running                 0          33m\r\nstore         dicom-init-ksbtw                        0/1     Init:0/1                0          33m\r\nstore         ldap-d95dbcc74-wff5m                    1/1     Running                 0          33m\r\nstore         minio-deployment-76d8b4d49-gxnqm        0/1     Init:0/1                0          33m\r\nstore         minio-init-7k2xf                        0/1     Init:0/1                0          33m\r\nstore         ohif-c7b7d8b76-688fb                    0/1     ImagePullBackOff        0          33m\r\nstore         postgres-dcm4che-f85d85f56-48t6w        1/1     Running                 0          33m\r\n```\r\n\r\nFor example with `kubectl describe pod --namespace flow ctp-5774599964-qjjp2` I see:\r\n`Failed to pull image \"local/ctp:0.1.2-vdev\": rpc error: code = Unknown desc = failed to resolve image \"docker.io/local/ctp:0.1.2-vdev\": no available registry endpoint: pull access denied, repository does not exist or may require authorization: server message: insufficient_scope: authorization failed`\r\nThis image is already available locally, so shouldn't be pulled.",
        "closed_by": null,
        "reactions": {
            "url": "https://api.github.com/repos/kaapana/kaapana/issues/7/reactions",
            "total_count": 0,
            "+1": 0,
            "-1": 0,
            "laugh": 0,
            "hooray": 0,
            "confused": 0,
            "heart": 0,
            "rocket": 0,
            "eyes": 0
        },
        "timeline_url": "https://api.github.com/repos/kaapana/kaapana/issues/7/timeline",
        "performed_via_github_app": null,
        "state_reason": null
    },
    {
        "url": "https://api.github.com/repos/kaapana/kaapana/issues/5",
        "repository_url": "https://api.github.com/repos/kaapana/kaapana",
        "labels_url": "https://api.github.com/repos/kaapana/kaapana/issues/5/labels{/name}",
        "comments_url": "https://api.github.com/repos/kaapana/kaapana/issues/5/comments",
        "events_url": "https://api.github.com/repos/kaapana/kaapana/issues/5/events",
        "html_url": "https://github.com/kaapana/kaapana/issues/5",
        "id": 978768728,
        "node_id": "MDU6SXNzdWU5Nzg3Njg3Mjg=",
        "number": 5,
        "title": "Local build fails with error messages in kaapana-documentation",
        "user": {
            "login": "vsaase",
            "id": 378021,
            "node_id": "MDQ6VXNlcjM3ODAyMQ==",
            "avatar_url": "https://avatars.githubusercontent.com/u/378021?v=4",
            "gravatar_id": "",
            "url": "https://api.github.com/users/vsaase",
            "html_url": "https://github.com/vsaase",
            "followers_url": "https://api.github.com/users/vsaase/followers",
            "following_url": "https://api.github.com/users/vsaase/following{/other_user}",
            "gists_url": "https://api.github.com/users/vsaase/gists{/gist_id}",
            "starred_url": "https://api.github.com/users/vsaase/starred{/owner}{/repo}",
            "subscriptions_url": "https://api.github.com/users/vsaase/subscriptions",
            "organizations_url": "https://api.github.com/users/vsaase/orgs",
            "repos_url": "https://api.github.com/users/vsaase/repos",
            "events_url": "https://api.github.com/users/vsaase/events{/privacy}",
            "received_events_url": "https://api.github.com/users/vsaase/received_events",
            "type": "User",
            "user_view_type": "public",
            "site_admin": false
        },
        "labels": [],
        "state": "closed",
        "locked": false,
        "assignee": null,
        "assignees": [],
        "milestone": null,
        "comments": 1,
        "created_at": "2021-08-25T06:29:04Z",
        "updated_at": "2021-08-25T07:00:21Z",
        "closed_at": "2021-08-25T07:00:21Z",
        "author_association": "NONE",
        "type": null,
        "active_lock_reason": null,
        "sub_issues_summary": {
            "total": 0,
            "completed": 0,
            "percent_completed": 0
        },
        "body": "Hi,\r\njust tried to follow the instructions for a local build. Here is an excerpt from the error messages:\r\n\r\n```Container: kaapana-documentation:0.1.1-vdev\r\n52/83\r\n\r\n############################ Build Container: local/kaapana-documentation:0.1.1-vdev\r\n-----------------------------------------------------------\r\nLog: kaapana-documentation:0.1.1-vdev\r\nStep: Docker build\r\nMessage: Build failed!\r\n-----------------------------------------------------------\r\nSkipException: SKIP kaapana-documentation:0.1.1-vdev: build() failed!\r\n{\r\n    \"log\": {\r\n        \"0\": \"\",\r\n        \"2\": \"ERROR: #1 [internal] load build definition from Dockerfile\",\r\n        \"3\": \"ERROR: #1 sha256:e15e00ae5d742381c1961cdca5b2f2f03bb1a6f944fa54450f6905d7dba34862\",\r\n        \"4\": \"ERROR: #1 transferring dockerfile: 578B done\",\r\n        \"5\": \"ERROR: #1 DONE 0.0s\",\r\n        \"6\": \"ERROR: #2 [internal] load .dockerignore\",\r\n        \"7\": \"ERROR: #2 sha256:e192f263ea47327e7c57168e95838e2a883c3d7e7429a845cb356a9526dea6d2\",\r\n        \"8\": \"ERROR: #2 transferring context: 2B done\",\r\n        \"9\": \"ERROR: #2 DONE 0.0s\",\r\n        \"10\": \"ERROR: #4 [internal] load metadata for docker.io/library/python:3.9-alpine3.12\",\r\n        \"11\": \"ERROR: #4 sha256:dc5b7989c75acfe9dff2dc38244ba2e8e21fc1060ad4c33e17f781d0f8b65fa2\",\r\n        \"12\": \"ERROR: #4 DONE 1.2s\",\r\n        \"13\": \"ERROR: #3 [internal] load metadata for docker.io/library/nginx:1.19.3-alpine\",\r\n        \"14\": \"ERROR: #3 sha256:d63781114e8b7acaf44b05fe8e11215b5d78d90d2f3ed378a05ab830d19e9d63\",\r\n        \"15\": \"ERROR: #3 DONE 1.7s\",\r\n        \"16\": \"ERROR: #5 [stage-1 1/2] FROM docker.io/library/nginx:1.19.3-alpine@sha256:5aa44b407756b274a600c7399418bdfb1d02c33317ae27fd5e8a333afb115db1\",\r\n        \"17\": \"ERROR: #5 sha256:fcbce9f8e16404dbe70813ed33c99a8471dd8ec6a2908e7bf7822944cb28c806\",\r\n        \"18\": \"ERROR: #5 CACHED\",\r\n        \"19\": \"ERROR: #6 [build-stage 1/6] FROM docker.io/library/python:3.9-alpine3.12@sha256:7f73901e568630443fc50e358b76603492e89c9bf330caf689e856a018f135f0\",\r\n        \"20\": \"ERROR: #6 sha256:3e39a0805dfc9ffefbdf620fdb1aa8f1bc345fbd6f3d2376ef8e9da60cd29480\",\r\n        \"21\": \"ERROR: #6 CACHED\",\r\n        \"22\": \"ERROR: #13 [internal] load build context\",\r\n        \"23\": \"ERROR: #13 sha256:5866e8b61fcbcffe8e8645ca0e6c6ceee9cc1d936ac7b46a2726e55f0e1c34fe\",\r\n        \"24\": \"ERROR: #13 transferring context: 1.58MB 0.0s done\",\r\n        \"25\": \"ERROR: #13 DONE 0.1s\",\r\n        \"26\": \"ERROR: #7 [build-stage 2/6] COPY ./ /src\",\r\n        \"27\": \"ERROR: #7 sha256:2f9a7e5ea280fa60f285467bdd0b8ecb9bc76f4f27ef82b8d3de29b66811cf19\",\r\n        \"28\": \"ERROR: #7 DONE 0.1s\",\r\n        \"29\": \"ERROR: #8 [build-stage 3/6] WORKDIR /src\",\r\n        \"30\": \"ERROR: #8 sha256:cf900bd8e3005953646cd2215420e63957b5ee630cf0002d6b8012b08b4dd902\",\r\n        \"31\": \"ERROR: #8 DONE 0.1s\",\r\n        \"32\": \"ERROR: #9 [build-stage 4/6] RUN apk add --update alpine-sdk zlib-dev jpeg-dev freetype-dev lcms2-dev openjpeg-dev tiff-dev tk-dev tcl-dev\",\r\n        \"33\": \"ERROR: #9 sha256:77878f328ebcea98781f6f27b633535a8e086fbdc0b598cd62f40b5de39fe649\",\r\n        \"34\": \"ERROR: #9 0.607 fetch http://dl-cdn.alpinelinux.org/alpine/v3.12/main/x86_64/APKINDEX.tar.gz\",\r\n        \"35\": \"ERROR: #9 0.969 fetch http://dl-cdn.alpinelinux.org/alpine/v3.12/community/x86_64/APKINDEX.tar.gz\",\r\n        \"36\": \"ERROR: #9 1.617 (1/90) Installing fakeroot (1.24-r0)\",\r\n        \"37\": \"ERROR: #9 1.641 (2/90) Installing openssl (1.1.1k-r0)\",\r\n        \"38\": \"ERROR: #9 1.721 (3/90) Installing libattr (2.4.48-r0)\",\r\n        \"39\": \"ERROR: #9 1.738 (4/90) Installing attr (2.4.48-r0)\",\r\n        \"40\": \"ERROR: #9 1.760 (5/90) Installing libacl (2.2.53-r0)\",\r\n        \"41\": \"ERROR: #9 1.787 (6/90) Installing tar (1.32-r2)\",\r\n        \"42\": \"ERROR: #9 1.882 (7/90) Installing pkgconf (1.7.2-r0)\",\r\n        \"43\": \"ERROR: #9 1.914 (8/90) Installing patch (2.7.6-r7)\",\r\n        \"44\": \"ERROR: #9 1.954 (9/90) Installing libgcc (9.3.0-r2)\",\r\n        \"45\": \"ERROR: #9 1.977 (10/90) Installing libstdc++ (9.3.0-r2)\",\r\n        \"46\": \"ERROR: #9 2.106 (11/90) Installing lzip (1.21-r0)\",\r\n        \"47\": \"ERROR: #9 2.135 (12/90) Installing nghttp2-libs (1.41.0-r0)\",\r\n        \"48\": \"ERROR: #9 2.170 (13/90) Installing libcurl (7.78.0-r0)\",\r\n        \"49\": \"ERROR: #9 2.254 (14/90) Installing curl (7.78.0-r0)\",\r\n        \"50\": \"ERROR: #9 2.318 (15/90) Installing abuild (3.6.0-r1)\",\r\n        \"51\": \"ERROR: #9 2.344 Executing abuild-3.6.0-r1.pre-install\",\r\n        \"52\": \"ERROR: #9 2.396 (16/90) Installing binutils (2.34-r2)\",\r\n        \"53\": \"ERROR: #9 3.250 (17/90) Installing libmagic (5.38-r0)\",\r\n        \"54\": \"ERROR: #9 3.403 (18/90) Installing file (5.38-r0)\",\r\n        \"55\": \"ERROR: #9 3.425 (19/90) Installing gmp (6.2.0-r0)\",\r\n        \"56\": \"ERROR: #9 3.501 (20/90) Installing isl (0.18-r0)\",\r\n        \"57\": \"ERROR: #9 3.677 (21/90) Installing libgomp (9.3.0-r2)\",\r\n        \"58\": \"ERROR: #9 3.710 (22/90) Installing libatomic (9.3.0-r2)\",\r\n        \"59\": \"ERROR: #9 3.729 (23/90) Installing libgphobos (9.3.0-r2)\",\r\n        \"60\": \"ERROR: #9 4.229 (24/90) Installing mpfr4 (4.0.2-r4)\",\r\n        \"61\": \"ERROR: #9 4.318 (25/90) Installing mpc1 (1.1.0-r1)\",\r\n        \"62\": \"ERROR: #9 4.346 (26/90) Installing gcc (9.3.0-r2)\",\r\n        \"63\": \"ERROR: #9 10.34 ERROR: Failed to create usr/libexec/gcc/x86_64-alpine-linux-musl/9.3.0/cc1: I/O error\",\r\n        \"64\": \"ERROR: #9 10.34 ERROR: gcc-9.3.0-r2: IO ERROR\",\r\n        \"65\": \"ERROR: #9 10.43 (27/90) Installing musl-dev (1.1.24-r10)\",\r\n        \"66\": \"ERROR: #9 21.61 (28/90) Installing libc-dev (0.7.2-r3)\",\r\n        \"67\": \"ERROR: #9 21.67 (29/90) Installing g++ (9.3.0-r2)\",\r\n        \"68\": \"ERROR: #9 42.30 ERROR: Failed to create usr/libexec/gcc/x86_64-alpine-linux-musl/9.3.0/cc1plus: I/O error\",\r\n        \"69\": \"ERROR: #9 42.30 ERROR: g++-9.3.0-r2: IO ERROR\",\r\n        \"70\": \"ERROR: #9 47338.3 (30/90) Installing make (4.3-r0)\",\r\n        \"71\": \"ERROR: #9 47339.4 (31/90) Installing fortify-headers (1.1-r0)\",\r\n        \"72\": \"ERROR: #9 47339.5 (32/90) Installing build-base (0.5-r2)\",\r\n        \"73\": \"ERROR: #9 47339.6 (33/90) Installing pcre2 (10.35-r0)\",\r\n        \"74\": \"ERROR: #9 47339.8 (34/90) Installing git (2.26.3-r0)\",\r\n        \"75\": \"ERROR: #9 47343.5 (35/90) Installing alpine-sdk (1.0-r0)\",\r\n        \"76\": \"ERROR: #9 47343.5 (36/90) Installing brotli-libs (1.0.9-r1)\",\r\n        \"77\": \"ERROR: #9 47343.6 (37/90) Installing libpng (1.6.37-r1)\",\r\n        \"78\": \"ERROR: #9 47343.7 (38/90) Installing freetype (2.10.4-r0)\",\r\n        \"79\": \"ERROR: #9 47343.9 (39/90) Installing brotli-dev (1.0.9-r1)\",\r\n        \"80\": \"ERROR: #9 47344.0 (40/90) Installing zlib-dev (1.2.11-r3)\",\r\n        \"81\": \"ERROR: #9 47344.1 (41/90) Installing libpng-dev (1.6.37-r1)\",\r\n        \"82\": \"ERROR: #9 47344.3 (42/90) Installing freetype-dev (2.10.4-r0)\",\r\n        \"83\": \"ERROR: #9 47344.4 (43/90) Installing libjpeg-turbo (2.1.0-r0)\",\r\n        \"84\": \"ERROR: #9 47344.7 (44/90) Installing libjpeg-turbo-dev (2.1.0-r0)\",\r\n        \"85\": \"ERROR: #9 47344.8 (45/90) Installing jpeg-dev (9d-r0)\",\r\n        \"86\": \"ERROR: #9 47345.0 (46/90) Installing tiff (4.1.0-r0)\",\r\n        \"87\": \"ERROR: #9 47345.3 (47/90) Installing libtiffxx (4.1.0-r0)\",\r\n        \"88\": \"ERROR: #9 47345.6 (48/90) Installing tiff-dev (4.1.0-r0)\",\r\n        \"89\": \"ERROR: #9 47345.9 (49/90) Installing lcms2 (2.9-r1)\",\r\n        \"90\": \"ERROR: #9 47346.6 (50/90) Installing lcms2-dev (2.9-r1)\",\r\n        \"91\": \"ERROR: #9 47346.7 (51/90) Installing openjpeg (2.4.0-r1)\",\r\n        \"92\": \"ERROR: #9 47346.9 (52/90) Installing openjpeg-dev (2.4.0-r1)\",\r\n        \"93\": \"ERROR: #9 47347.0 (53/90) Installing tcl (8.6.10-r0)\",\r\n        \"94\": \"ERROR: #9 47348.6 (54/90) Installing tcl-dev (8.6.10-r0)\",\r\n        \"95\": \"ERROR: #9 47348.7 (55/90) Installing libxau (1.0.9-r0)\",\r\n        \"96\": \"ERROR: #9 47348.7 (56/90) Installing xorgproto (2020.1-r0)\",\r\n        \"97\": \"ERROR: #9 47348.8 (57/90) Installing libxau-dev (1.0.9-r0)\",\r\n        \"98\": \"ERROR: #9 47348.8 (58/90) Installing xcb-proto (1.14-r0)\",\r\n        \"99\": \"ERROR: #9 47348.9 (59/90) Installing libbsd (0.10.0-r0)\",\r\n        \"100\": \"ERROR: #9 47348.9 (60/90) Installing libxdmcp (1.1.3-r0)\",\r\n        \"101\": \"ERROR: #9 47348.9 (61/90) Installing libxcb (1.14-r1)\",\r\n        \"102\": \"ERROR: #9 47349.0 (62/90) Installing libxdmcp-dev (1.1.3-r0)\",\r\n        \"103\": \"ERROR: #9 47349.0 (63/90) Installing libxcb-dev (1.14-r1)\",\r\n        \"104\": \"ERROR: #9 47349.1 (64/90) Installing xtrans (1.4.0-r1)\",\r\n        \"105\": \"ERROR: #9 47349.1 (65/90) Installing libx11 (1.6.12-r1)\",\r\n        \"106\": \"ERROR: #9 47349.4 (66/90) Installing libx11-dev (1.6.12-r1)\",\r\n        \"107\": \"ERROR: #9 47349.4 (67/90) Installing libxrender (0.9.10-r3)\",\r\n        \"108\": \"ERROR: #9 47349.4 (68/90) Installing fontconfig (2.13.1-r2)\",\r\n        \"109\": \"ERROR: #9 47349.5 (69/90) Installing libxft (2.3.3-r0)\",\r\n        \"110\": \"ERROR: #9 47349.5 (70/90) Installing expat-dev (2.2.9-r1)\",\r\n        \"111\": \"ERROR: #9 47349.5 (71/90) Installing libblkid (2.35.2-r0)\",\r\n        \"112\": \"ERROR: #9 47349.5 (72/90) Installing blkid (2.35.2-r0)\",\r\n        \"113\": \"ERROR: #9 47349.6 (73/90) Installing libcap-ng (0.7.10-r1)\",\r\n        \"114\": \"ERROR: #9 47349.6 (74/90) Installing setpriv (2.35.2-r0)\",\r\n        \"115\": \"ERROR: #9 47349.6 (75/90) Installing libmount (2.35.2-r0)\",\r\n        \"116\": \"ERROR: #9 47349.6 (76/90) Installing libsmartcols (2.35.2-r0)\",\r\n        \"117\": \"ERROR: #9 47349.7 (77/90) Installing findmnt (2.35.2-r0)\",\r\n        \"118\": \"ERROR: #9 47349.7 (78/90) Installing mcookie (2.35.2-r0)\",\r\n        \"119\": \"ERROR: #9 47349.7 (79/90) Installing hexdump (2.35.2-r0)\",\r\n        \"120\": \"ERROR: #9 47349.7 (80/90) Installing lsblk (2.35.2-r0)\",\r\n        \"121\": \"ERROR: #9 47349.7 (81/90) Installing libfdisk (2.35.2-r0)\",\r\n        \"122\": \"ERROR: #9 47349.8 (82/90) Installing sfdisk (2.35.2-r0)\",\r\n        \"123\": \"ERROR: #9 47349.8 (83/90) Installing cfdisk (2.35.2-r0)\",\r\n        \"124\": \"ERROR: #9 47349.8 (84/90) Installing util-linux (2.35.2-r0)\",\r\n        \"125\": \"ERROR: #9 47350.3 (85/90) Installing util-linux-dev (2.35.2-r0)\",\r\n        \"126\": \"ERROR: #9 47351.4 (86/90) Installing fontconfig-dev (2.13.1-r2)\",\r\n        \"127\": \"ERROR: #9 47351.5 (87/90) Installing libxrender-dev (0.9.10-r3)\",\r\n        \"128\": \"ERROR: #9 47351.6 (88/90) Installing libxft-dev (2.3.3-r0)\",\r\n        \"129\": \"ERROR: #9 47351.6 (89/90) Installing tk (8.6.10-r1)\",\r\n        \"130\": \"ERROR: #9 47352.2 (90/90) Installing tk-dev (8.6.10-r1)\",\r\n        \"131\": \"ERROR: #9 47352.3 Executing busybox-1.31.1-r20.trigger\",\r\n        \"132\": \"ERROR: #9 47352.3 2 errors; 107 MiB in 124 packages\",\r\n        \"133\": \"ERROR: #9 ERROR: executor failed running [/bin/sh -c apk add --update alpine-sdk zlib-dev jpeg-dev freetype-dev lcms2-dev openjpeg-dev tiff-dev tk-dev tcl-dev]: exit code: 2\",\r\n        \"134\": \"ERROR: ------\",\r\n        \"135\": \"ERROR:  > [build-stage 4/6] RUN apk add --update alpine-sdk zlib-dev jpeg-dev freetype-dev lcms2-dev openjpeg-dev tiff-dev tk-dev tcl-dev:\",\r\n        \"136\": \"ERROR: ------\",\r\n        \"137\": \"ERROR: executor failed running [/bin/sh -c apk add --update alpine-sdk zlib-dev jpeg-dev freetype-dev lcms2-dev openjpeg-dev tiff-dev tk-dev tcl-dev]: exit code: 2\"\r\n    },\r\n    \"loglevel\": \"ERROR\",\r\n    \"message\": \"Build failed!\",\r\n    \"rel_file\": \"/home/vsaase/src/kaapana/docs/Dockerfile\",\r\n    \"step\": \"Docker build\",\r\n    \"suite\": \"Docker Container\",\r\n    \"test\": \"kaapana-documentation:0.1.1-vdev\",\r\n    \"test_done\": true,\r\n    \"timestamp\": \"1629869168896\"\r\n} ```\r\n\r\n\r\n",
        "closed_by": {
            "login": "vsaase",
            "id": 378021,
            "node_id": "MDQ6VXNlcjM3ODAyMQ==",
            "avatar_url": "https://avatars.githubusercontent.com/u/378021?v=4",
            "gravatar_id": "",
            "url": "https://api.github.com/users/vsaase",
            "html_url": "https://github.com/vsaase",
            "followers_url": "https://api.github.com/users/vsaase/followers",
            "following_url": "https://api.github.com/users/vsaase/following{/other_user}",
            "gists_url": "https://api.github.com/users/vsaase/gists{/gist_id}",
            "starred_url": "https://api.github.com/users/vsaase/starred{/owner}{/repo}",
            "subscriptions_url": "https://api.github.com/users/vsaase/subscriptions",
            "organizations_url": "https://api.github.com/users/vsaase/orgs",
            "repos_url": "https://api.github.com/users/vsaase/repos",
            "events_url": "https://api.github.com/users/vsaase/events{/privacy}",
            "received_events_url": "https://api.github.com/users/vsaase/received_events",
            "type": "User",
            "user_view_type": "public",
            "site_admin": false
        },
        "reactions": {
            "url": "https://api.github.com/repos/kaapana/kaapana/issues/5/reactions",
            "total_count": 0,
            "+1": 0,
            "-1": 0,
            "laugh": 0,
            "hooray": 0,
            "confused": 0,
            "heart": 0,
            "rocket": 0,
            "eyes": 0
        },
        "timeline_url": "https://api.github.com/repos/kaapana/kaapana/issues/5/timeline",
        "performed_via_github_app": null,
        "state_reason": "completed"
    }
]