[
    {
        "url": "https://api.github.com/repos/krishnap25/RFA/issues/3",
        "repository_url": "https://api.github.com/repos/krishnap25/RFA",
        "labels_url": "https://api.github.com/repos/krishnap25/RFA/issues/3/labels{/name}",
        "comments_url": "https://api.github.com/repos/krishnap25/RFA/issues/3/comments",
        "events_url": "https://api.github.com/repos/krishnap25/RFA/issues/3/events",
        "html_url": "https://github.com/krishnap25/RFA/issues/3",
        "id": 1307121756,
        "node_id": "I_kwDOCrZ5As5N6Rhc",
        "number": 3,
        "title": "how to start?",
        "user": {
            "login": "b856741",
            "id": 22851308,
            "node_id": "MDQ6VXNlcjIyODUxMzA4",
            "avatar_url": "https://avatars.githubusercontent.com/u/22851308?v=4",
            "gravatar_id": "",
            "url": "https://api.github.com/users/b856741",
            "html_url": "https://github.com/b856741",
            "followers_url": "https://api.github.com/users/b856741/followers",
            "following_url": "https://api.github.com/users/b856741/following{/other_user}",
            "gists_url": "https://api.github.com/users/b856741/gists{/gist_id}",
            "starred_url": "https://api.github.com/users/b856741/starred{/owner}{/repo}",
            "subscriptions_url": "https://api.github.com/users/b856741/subscriptions",
            "organizations_url": "https://api.github.com/users/b856741/orgs",
            "repos_url": "https://api.github.com/users/b856741/repos",
            "events_url": "https://api.github.com/users/b856741/events{/privacy}",
            "received_events_url": "https://api.github.com/users/b856741/received_events",
            "type": "User",
            "user_view_type": "public",
            "site_admin": false
        },
        "labels": [],
        "state": "open",
        "locked": false,
        "assignee": null,
        "assignees": [],
        "milestone": null,
        "comments": 0,
        "created_at": "2022-07-17T15:01:13Z",
        "updated_at": "2022-07-17T15:01:13Z",
        "closed_at": null,
        "author_association": "NONE",
        "active_lock_reason": null,
        "sub_issues_summary": {
            "total": 0,
            "completed": 0,
            "percent_completed": 0
        },
        "body": "hello,when I tried to run data setup at anaconda ,I encountered problem \"ObjectNotFound\" when typing` time ./preprocess.sh -s niid --sf 1.0 -k 100 -t sample` .\r\n![err](https://user-images.githubusercontent.com/22851308/179404234-1cc19ab8-0a0e-46eb-9caf-2c42f2229f13.PNG)\r\nand plus, when I ran `./experiments/main/shakespeare_lstm.sh` in Reproducing Experiments in the Paper part, it just showed up the code shakespeare_lstm.sh and nothing more, what step did I miss? \r\n",
        "closed_by": null,
        "reactions": {
            "url": "https://api.github.com/repos/krishnap25/RFA/issues/3/reactions",
            "total_count": 0,
            "+1": 0,
            "-1": 0,
            "laugh": 0,
            "hooray": 0,
            "confused": 0,
            "heart": 0,
            "rocket": 0,
            "eyes": 0
        },
        "timeline_url": "https://api.github.com/repos/krishnap25/RFA/issues/3/timeline",
        "performed_via_github_app": null,
        "state_reason": null
    },
    {
        "url": "https://api.github.com/repos/krishnap25/RFA/issues/2",
        "repository_url": "https://api.github.com/repos/krishnap25/RFA",
        "labels_url": "https://api.github.com/repos/krishnap25/RFA/issues/2/labels{/name}",
        "comments_url": "https://api.github.com/repos/krishnap25/RFA/issues/2/comments",
        "events_url": "https://api.github.com/repos/krishnap25/RFA/issues/2/events",
        "html_url": "https://github.com/krishnap25/RFA/issues/2",
        "id": 708115677,
        "node_id": "MDU6SXNzdWU3MDgxMTU2Nzc=",
        "number": 2,
        "title": "Excuse me, I wonder which layer have you been used to run PCA?",
        "user": {
            "login": "DemoAllan",
            "id": 30597816,
            "node_id": "MDQ6VXNlcjMwNTk3ODE2",
            "avatar_url": "https://avatars.githubusercontent.com/u/30597816?v=4",
            "gravatar_id": "",
            "url": "https://api.github.com/users/DemoAllan",
            "html_url": "https://github.com/DemoAllan",
            "followers_url": "https://api.github.com/users/DemoAllan/followers",
            "following_url": "https://api.github.com/users/DemoAllan/following{/other_user}",
            "gists_url": "https://api.github.com/users/DemoAllan/gists{/gist_id}",
            "starred_url": "https://api.github.com/users/DemoAllan/starred{/owner}{/repo}",
            "subscriptions_url": "https://api.github.com/users/DemoAllan/subscriptions",
            "organizations_url": "https://api.github.com/users/DemoAllan/orgs",
            "repos_url": "https://api.github.com/users/DemoAllan/repos",
            "events_url": "https://api.github.com/users/DemoAllan/events{/privacy}",
            "received_events_url": "https://api.github.com/users/DemoAllan/received_events",
            "type": "User",
            "user_view_type": "public",
            "site_admin": false
        },
        "labels": [],
        "state": "closed",
        "locked": false,
        "assignee": null,
        "assignees": [],
        "milestone": null,
        "comments": 1,
        "created_at": "2020-09-24T12:08:32Z",
        "updated_at": "2020-09-24T17:22:44Z",
        "closed_at": "2020-09-24T17:22:44Z",
        "author_association": "NONE",
        "active_lock_reason": null,
        "sub_issues_summary": {
            "total": 0,
            "completed": 0,
            "percent_completed": 0
        },
        "body": "Excuse me, sir. When I was reading the paper of RFA, I tried to figure out which layer's weights were you used to run PCA, and how did you do it?\r\nThank you for answering my question.",
        "closed_by": {
            "login": "krishnap25",
            "id": 6386753,
            "node_id": "MDQ6VXNlcjYzODY3NTM=",
            "avatar_url": "https://avatars.githubusercontent.com/u/6386753?v=4",
            "gravatar_id": "",
            "url": "https://api.github.com/users/krishnap25",
            "html_url": "https://github.com/krishnap25",
            "followers_url": "https://api.github.com/users/krishnap25/followers",
            "following_url": "https://api.github.com/users/krishnap25/following{/other_user}",
            "gists_url": "https://api.github.com/users/krishnap25/gists{/gist_id}",
            "starred_url": "https://api.github.com/users/krishnap25/starred{/owner}{/repo}",
            "subscriptions_url": "https://api.github.com/users/krishnap25/subscriptions",
            "organizations_url": "https://api.github.com/users/krishnap25/orgs",
            "repos_url": "https://api.github.com/users/krishnap25/repos",
            "events_url": "https://api.github.com/users/krishnap25/events{/privacy}",
            "received_events_url": "https://api.github.com/users/krishnap25/received_events",
            "type": "User",
            "user_view_type": "public",
            "site_admin": false
        },
        "reactions": {
            "url": "https://api.github.com/repos/krishnap25/RFA/issues/2/reactions",
            "total_count": 0,
            "+1": 0,
            "-1": 0,
            "laugh": 0,
            "hooray": 0,
            "confused": 0,
            "heart": 0,
            "rocket": 0,
            "eyes": 0
        },
        "timeline_url": "https://api.github.com/repos/krishnap25/RFA/issues/2/timeline",
        "performed_via_github_app": null,
        "state_reason": "completed"
    },
    {
        "url": "https://api.github.com/repos/krishnap25/RFA/issues/1",
        "repository_url": "https://api.github.com/repos/krishnap25/RFA",
        "labels_url": "https://api.github.com/repos/krishnap25/RFA/issues/1/labels{/name}",
        "comments_url": "https://api.github.com/repos/krishnap25/RFA/issues/1/comments",
        "events_url": "https://api.github.com/repos/krishnap25/RFA/issues/1/events",
        "html_url": "https://github.com/krishnap25/RFA/issues/1",
        "id": 476529140,
        "node_id": "MDU6SXNzdWU0NzY1MjkxNDA=",
        "number": 1,
        "title": "\"division by zero\" when running shakespeare experiments",
        "user": {
            "login": "amitport",
            "id": 1131991,
            "node_id": "MDQ6VXNlcjExMzE5OTE=",
            "avatar_url": "https://avatars.githubusercontent.com/u/1131991?v=4",
            "gravatar_id": "",
            "url": "https://api.github.com/users/amitport",
            "html_url": "https://github.com/amitport",
            "followers_url": "https://api.github.com/users/amitport/followers",
            "following_url": "https://api.github.com/users/amitport/following{/other_user}",
            "gists_url": "https://api.github.com/users/amitport/gists{/gist_id}",
            "starred_url": "https://api.github.com/users/amitport/starred{/owner}{/repo}",
            "subscriptions_url": "https://api.github.com/users/amitport/subscriptions",
            "organizations_url": "https://api.github.com/users/amitport/orgs",
            "repos_url": "https://api.github.com/users/amitport/repos",
            "events_url": "https://api.github.com/users/amitport/events{/privacy}",
            "received_events_url": "https://api.github.com/users/amitport/received_events",
            "type": "User",
            "user_view_type": "public",
            "site_admin": false
        },
        "labels": [],
        "state": "open",
        "locked": false,
        "assignee": null,
        "assignees": [],
        "milestone": null,
        "comments": 2,
        "created_at": "2019-08-04T08:35:10Z",
        "updated_at": "2022-11-06T05:47:59Z",
        "closed_at": null,
        "author_association": "NONE",
        "active_lock_reason": null,
        "sub_issues_summary": {
            "total": 0,
            "completed": 0,
            "percent_completed": 0
        },
        "body": "Hi I'm trying to reproduce some of the results but I get the following error when following the readme (after data/shakespeare/preprocess.sh, in all shakespeare experiment logs)\r\n\r\nthank you\r\n\r\n```\r\nTraceback (most recent call last):\r\n  File \"models/main.py\", line 174, in <module>\r\n    main()\r\n  File \"models/main.py\", line 63, in main\r\n    fraction_corrupt=args.fraction_corrupt)\r\n  File \"RFA\\models\\utils\\main_utils.py\", line 171, in setup_clients\r\n    corrupted_clients = apply_corruption_all(all_clients, dataset, corruption, fraction_corrupt, seed)\r\n  File \"RFA\\models\\utils\\main_utils.py\", line 242, in apply_corruption_all\r\n    print('Corrupting {:0.4f} fraction of data'.format(num_corrupted_data_pts / total_num_data_pts))\r\nZeroDivisionError: division by zero\r\n```",
        "closed_by": null,
        "reactions": {
            "url": "https://api.github.com/repos/krishnap25/RFA/issues/1/reactions",
            "total_count": 0,
            "+1": 0,
            "-1": 0,
            "laugh": 0,
            "hooray": 0,
            "confused": 0,
            "heart": 0,
            "rocket": 0,
            "eyes": 0
        },
        "timeline_url": "https://api.github.com/repos/krishnap25/RFA/issues/1/timeline",
        "performed_via_github_app": null,
        "state_reason": null
    }
]