[
    {
        "url": "https://api.github.com/repos/lishenghui/blades/issues/82",
        "repository_url": "https://api.github.com/repos/lishenghui/blades",
        "labels_url": "https://api.github.com/repos/lishenghui/blades/issues/82/labels{/name}",
        "comments_url": "https://api.github.com/repos/lishenghui/blades/issues/82/comments",
        "events_url": "https://api.github.com/repos/lishenghui/blades/issues/82/events",
        "html_url": "https://github.com/lishenghui/blades/issues/82",
        "id": 2645494363,
        "node_id": "I_kwDOHK75qc6drwpb",
        "number": 82,
        "title": "Add a new aggregation algorithm.",
        "user": {
            "login": "king-buming",
            "id": 65585837,
            "node_id": "MDQ6VXNlcjY1NTg1ODM3",
            "avatar_url": "https://avatars.githubusercontent.com/u/65585837?v=4",
            "gravatar_id": "",
            "url": "https://api.github.com/users/king-buming",
            "html_url": "https://github.com/king-buming",
            "followers_url": "https://api.github.com/users/king-buming/followers",
            "following_url": "https://api.github.com/users/king-buming/following{/other_user}",
            "gists_url": "https://api.github.com/users/king-buming/gists{/gist_id}",
            "starred_url": "https://api.github.com/users/king-buming/starred{/owner}{/repo}",
            "subscriptions_url": "https://api.github.com/users/king-buming/subscriptions",
            "organizations_url": "https://api.github.com/users/king-buming/orgs",
            "repos_url": "https://api.github.com/users/king-buming/repos",
            "events_url": "https://api.github.com/users/king-buming/events{/privacy}",
            "received_events_url": "https://api.github.com/users/king-buming/received_events",
            "type": "User",
            "user_view_type": "public",
            "site_admin": false
        },
        "labels": [],
        "state": "closed",
        "locked": false,
        "assignee": null,
        "assignees": [],
        "milestone": null,
        "comments": 0,
        "created_at": "2024-11-09T02:24:36Z",
        "updated_at": "2024-11-21T08:18:15Z",
        "closed_at": "2024-11-21T08:18:14Z",
        "author_association": "NONE",
        "active_lock_reason": null,
        "sub_issues_summary": {
            "total": 0,
            "completed": 0,
            "percent_completed": 0
        },
        "body": "Hello, I would like to add a self-designed aggregation algorithm. Where should I put the code in the project?",
        "closed_by": {
            "login": "king-buming",
            "id": 65585837,
            "node_id": "MDQ6VXNlcjY1NTg1ODM3",
            "avatar_url": "https://avatars.githubusercontent.com/u/65585837?v=4",
            "gravatar_id": "",
            "url": "https://api.github.com/users/king-buming",
            "html_url": "https://github.com/king-buming",
            "followers_url": "https://api.github.com/users/king-buming/followers",
            "following_url": "https://api.github.com/users/king-buming/following{/other_user}",
            "gists_url": "https://api.github.com/users/king-buming/gists{/gist_id}",
            "starred_url": "https://api.github.com/users/king-buming/starred{/owner}{/repo}",
            "subscriptions_url": "https://api.github.com/users/king-buming/subscriptions",
            "organizations_url": "https://api.github.com/users/king-buming/orgs",
            "repos_url": "https://api.github.com/users/king-buming/repos",
            "events_url": "https://api.github.com/users/king-buming/events{/privacy}",
            "received_events_url": "https://api.github.com/users/king-buming/received_events",
            "type": "User",
            "user_view_type": "public",
            "site_admin": false
        },
        "reactions": {
            "url": "https://api.github.com/repos/lishenghui/blades/issues/82/reactions",
            "total_count": 0,
            "+1": 0,
            "-1": 0,
            "laugh": 0,
            "hooray": 0,
            "confused": 0,
            "heart": 0,
            "rocket": 0,
            "eyes": 0
        },
        "timeline_url": "https://api.github.com/repos/lishenghui/blades/issues/82/timeline",
        "performed_via_github_app": null,
        "state_reason": "completed"
    },
    {
        "url": "https://api.github.com/repos/lishenghui/blades/issues/78",
        "repository_url": "https://api.github.com/repos/lishenghui/blades",
        "labels_url": "https://api.github.com/repos/lishenghui/blades/issues/78/labels{/name}",
        "comments_url": "https://api.github.com/repos/lishenghui/blades/issues/78/comments",
        "events_url": "https://api.github.com/repos/lishenghui/blades/issues/78/events",
        "html_url": "https://github.com/lishenghui/blades/issues/78",
        "id": 2070331135,
        "node_id": "I_kwDOHK75qc57Zr7_",
        "number": 78,
        "title": "Difference between the two versions of signflipping?",
        "user": {
            "login": "imamtom",
            "id": 35050208,
            "node_id": "MDQ6VXNlcjM1MDUwMjA4",
            "avatar_url": "https://avatars.githubusercontent.com/u/35050208?v=4",
            "gravatar_id": "",
            "url": "https://api.github.com/users/imamtom",
            "html_url": "https://github.com/imamtom",
            "followers_url": "https://api.github.com/users/imamtom/followers",
            "following_url": "https://api.github.com/users/imamtom/following{/other_user}",
            "gists_url": "https://api.github.com/users/imamtom/gists{/gist_id}",
            "starred_url": "https://api.github.com/users/imamtom/starred{/owner}{/repo}",
            "subscriptions_url": "https://api.github.com/users/imamtom/subscriptions",
            "organizations_url": "https://api.github.com/users/imamtom/orgs",
            "repos_url": "https://api.github.com/users/imamtom/repos",
            "events_url": "https://api.github.com/users/imamtom/events{/privacy}",
            "received_events_url": "https://api.github.com/users/imamtom/received_events",
            "type": "User",
            "user_view_type": "public",
            "site_admin": false
        },
        "labels": [],
        "state": "closed",
        "locked": false,
        "assignee": null,
        "assignees": [],
        "milestone": null,
        "comments": 0,
        "created_at": "2024-01-08T12:15:24Z",
        "updated_at": "2024-01-19T09:18:32Z",
        "closed_at": "2024-01-19T09:18:32Z",
        "author_association": "NONE",
        "active_lock_reason": null,
        "sub_issues_summary": {
            "total": 0,
            "completed": 0,
            "percent_completed": 0
        },
        "body": "When I ran Mean under the previous version of the signflipping attack, the attack was very effective. The accuracy of the global model aggregated by Mean is only 10%. Here is the code for the previous signflipping attack.\r\n```\r\nclass SignflippingClient(ByzantineClient):\r\n    def __init__(self, *args, **kwargs):\r\n        super().__init__(*args, **kwargs)\r\n    \r\n    def local_training(self, data_batches):\r\n        for data, target in data_batches:\r\n            data, target = data.to(self.device), target.to(self.device)\r\n            data, target = self.on_train_batch_begin(data=data, target=target)\r\n            self.optimizer.zero_grad()\r\n            \r\n            output = self.model(data)\r\n            loss = torch.clamp(self.loss_func(output, target), 0, 1e5)\r\n            loss.backward()\r\n            for name, p in self.model.named_parameters():\r\n                p.grad.data = -p.grad.data\r\n            self.optimizer.step()\r\n```\r\n\r\nBut when I am running the signflipping attack on the current version, mean is convergent. I'm not sure what the problem is.\r\n\r\n```\r\nclass SignFlipAdversary(Adversary):\r\n    def on_algorithm_start(self, algorithm: Algorithm):\r\n        class SignFlipCallback(ClientCallback):\r\n            def on_backward_end(self, task):\r\n                model = task.model\r\n                for _, para in model.named_parameters():\r\n                    para.grad.data = -para.grad.data\r\n\r\n        for client in self.clients:\r\n            client.to_malicious(callbacks_cls=SignFlipCallback, local_training=True)\r\n```\r\nMy config is\r\n```\r\nfedavg_blades:\r\n  run: FEDAVG\r\n  stop:\r\n    training_iteration: 200\r\n    # train_loss: 100000\r\n\r\n  config:\r\n    random_seed:\r\n        # grid_search: [122, 123]\r\n      grid_search: [111]\r\n      # grid_search: [111, 112, 123, 124, 125]\r\n    dataset_config:\r\n      type: MNIST\r\n      num_clients: 20\r\n      train_batch_size: 128\r\n\r\n    evaluation_interval: 5\r\n\r\n\r\n    num_remote_workers: 0\r\n    num_gpus_per_worker: 0.6\r\n    num_cpus_per_worker: 0\r\n    num_cpus_for_driver: 8\r\n    num_gpus_for_driver: 0.3\r\n\r\n    global_model: mlp\r\n\r\n    client_config:\r\n        lr: 0.1\r\n        momentum:\r\n          grid_search: [0.9]\r\n\r\n    server_config:\r\n      aggregator:\r\n        grid_search: [\r\n          type: Mean,\r\n          ]\r\n\r\n      optimizer:\r\n        type: SGD\r\n        lr: 1\r\n        # lr_schedule: [[0, 0.1], [1500, 0.1], [1501, 0.01], [2000, 0.01]]\r\n        momentum:\r\n          grid_search: [0.0]\r\n          # grid_search: [0.0, 0.5, 0.9]\r\n\r\n    num_malicious_clients:\r\n      grid_search: [8 ]\r\n\r\n    adversary_config:\r\n\r\n      grid_search:\r\n\r\n        - type: blades.adversaries.SignFlipAdversary\r\n```\r\n\r\nMy guess is that the current version of signflipping was written incorrectly, and it should have inverted the sign of the gradient for all malicious users by `def on_local_round_end()`.",
        "closed_by": {
            "login": "imamtom",
            "id": 35050208,
            "node_id": "MDQ6VXNlcjM1MDUwMjA4",
            "avatar_url": "https://avatars.githubusercontent.com/u/35050208?v=4",
            "gravatar_id": "",
            "url": "https://api.github.com/users/imamtom",
            "html_url": "https://github.com/imamtom",
            "followers_url": "https://api.github.com/users/imamtom/followers",
            "following_url": "https://api.github.com/users/imamtom/following{/other_user}",
            "gists_url": "https://api.github.com/users/imamtom/gists{/gist_id}",
            "starred_url": "https://api.github.com/users/imamtom/starred{/owner}{/repo}",
            "subscriptions_url": "https://api.github.com/users/imamtom/subscriptions",
            "organizations_url": "https://api.github.com/users/imamtom/orgs",
            "repos_url": "https://api.github.com/users/imamtom/repos",
            "events_url": "https://api.github.com/users/imamtom/events{/privacy}",
            "received_events_url": "https://api.github.com/users/imamtom/received_events",
            "type": "User",
            "user_view_type": "public",
            "site_admin": false
        },
        "reactions": {
            "url": "https://api.github.com/repos/lishenghui/blades/issues/78/reactions",
            "total_count": 0,
            "+1": 0,
            "-1": 0,
            "laugh": 0,
            "hooray": 0,
            "confused": 0,
            "heart": 0,
            "rocket": 0,
            "eyes": 0
        },
        "timeline_url": "https://api.github.com/repos/lishenghui/blades/issues/78/timeline",
        "performed_via_github_app": null,
        "state_reason": "completed"
    },
    {
        "url": "https://api.github.com/repos/lishenghui/blades/issues/77",
        "repository_url": "https://api.github.com/repos/lishenghui/blades",
        "labels_url": "https://api.github.com/repos/lishenghui/blades/issues/77/labels{/name}",
        "comments_url": "https://api.github.com/repos/lishenghui/blades/issues/77/comments",
        "events_url": "https://api.github.com/repos/lishenghui/blades/issues/77/events",
        "html_url": "https://github.com/lishenghui/blades/issues/77",
        "id": 2022393952,
        "node_id": "I_kwDOHK75qc54i0hg",
        "number": 77,
        "title": "Configuration file dataset config always uses IID splitter",
        "user": {
            "login": "MarkHolmstrom",
            "id": 78830817,
            "node_id": "MDQ6VXNlcjc4ODMwODE3",
            "avatar_url": "https://avatars.githubusercontent.com/u/78830817?v=4",
            "gravatar_id": "",
            "url": "https://api.github.com/users/MarkHolmstrom",
            "html_url": "https://github.com/MarkHolmstrom",
            "followers_url": "https://api.github.com/users/MarkHolmstrom/followers",
            "following_url": "https://api.github.com/users/MarkHolmstrom/following{/other_user}",
            "gists_url": "https://api.github.com/users/MarkHolmstrom/gists{/gist_id}",
            "starred_url": "https://api.github.com/users/MarkHolmstrom/starred{/owner}{/repo}",
            "subscriptions_url": "https://api.github.com/users/MarkHolmstrom/subscriptions",
            "organizations_url": "https://api.github.com/users/MarkHolmstrom/orgs",
            "repos_url": "https://api.github.com/users/MarkHolmstrom/repos",
            "events_url": "https://api.github.com/users/MarkHolmstrom/events{/privacy}",
            "received_events_url": "https://api.github.com/users/MarkHolmstrom/received_events",
            "type": "User",
            "user_view_type": "public",
            "site_admin": false
        },
        "labels": [],
        "state": "closed",
        "locked": false,
        "assignee": null,
        "assignees": [],
        "milestone": null,
        "comments": 3,
        "created_at": "2023-12-03T06:42:34Z",
        "updated_at": "2024-05-03T02:15:42Z",
        "closed_at": "2024-05-02T21:33:13Z",
        "author_association": "CONTRIBUTOR",
        "active_lock_reason": null,
        "sub_issues_summary": {
            "total": 0,
            "completed": 0,
            "percent_completed": 0
        },
        "body": "It is not possible to test non-IID data splits by editing the .yaml configuration files as the IID splitter is always used. \r\n\r\nTo replicate, run `blades/tuned_examples/fedavg_cifar10_resnet_noniid.yaml` where \r\n```\r\n       iid:\r\n        grid_search: [False]\r\n       alpha:\r\n        grid_search: [0.1, 0.5, 1, 100]\r\n```\r\nThe resulting trials use the IID data splitter and have the same results for different alpha values.",
        "closed_by": {
            "login": "lishenghui",
            "id": 56755658,
            "node_id": "MDQ6VXNlcjU2NzU1NjU4",
            "avatar_url": "https://avatars.githubusercontent.com/u/56755658?v=4",
            "gravatar_id": "",
            "url": "https://api.github.com/users/lishenghui",
            "html_url": "https://github.com/lishenghui",
            "followers_url": "https://api.github.com/users/lishenghui/followers",
            "following_url": "https://api.github.com/users/lishenghui/following{/other_user}",
            "gists_url": "https://api.github.com/users/lishenghui/gists{/gist_id}",
            "starred_url": "https://api.github.com/users/lishenghui/starred{/owner}{/repo}",
            "subscriptions_url": "https://api.github.com/users/lishenghui/subscriptions",
            "organizations_url": "https://api.github.com/users/lishenghui/orgs",
            "repos_url": "https://api.github.com/users/lishenghui/repos",
            "events_url": "https://api.github.com/users/lishenghui/events{/privacy}",
            "received_events_url": "https://api.github.com/users/lishenghui/received_events",
            "type": "User",
            "user_view_type": "public",
            "site_admin": false
        },
        "reactions": {
            "url": "https://api.github.com/repos/lishenghui/blades/issues/77/reactions",
            "total_count": 0,
            "+1": 0,
            "-1": 0,
            "laugh": 0,
            "hooray": 0,
            "confused": 0,
            "heart": 0,
            "rocket": 0,
            "eyes": 0
        },
        "timeline_url": "https://api.github.com/repos/lishenghui/blades/issues/77/timeline",
        "performed_via_github_app": null,
        "state_reason": "completed"
    },
    {
        "url": "https://api.github.com/repos/lishenghui/blades/issues/76",
        "repository_url": "https://api.github.com/repos/lishenghui/blades",
        "labels_url": "https://api.github.com/repos/lishenghui/blades/issues/76/labels{/name}",
        "comments_url": "https://api.github.com/repos/lishenghui/blades/issues/76/comments",
        "events_url": "https://api.github.com/repos/lishenghui/blades/issues/76/events",
        "html_url": "https://github.com/lishenghui/blades/issues/76",
        "id": 2004208372,
        "node_id": "I_kwDOHK75qc53dcr0",
        "number": 76,
        "title": "runtime error",
        "user": {
            "login": "derp404",
            "id": 89378555,
            "node_id": "MDQ6VXNlcjg5Mzc4NTU1",
            "avatar_url": "https://avatars.githubusercontent.com/u/89378555?v=4",
            "gravatar_id": "",
            "url": "https://api.github.com/users/derp404",
            "html_url": "https://github.com/derp404",
            "followers_url": "https://api.github.com/users/derp404/followers",
            "following_url": "https://api.github.com/users/derp404/following{/other_user}",
            "gists_url": "https://api.github.com/users/derp404/gists{/gist_id}",
            "starred_url": "https://api.github.com/users/derp404/starred{/owner}{/repo}",
            "subscriptions_url": "https://api.github.com/users/derp404/subscriptions",
            "organizations_url": "https://api.github.com/users/derp404/orgs",
            "repos_url": "https://api.github.com/users/derp404/repos",
            "events_url": "https://api.github.com/users/derp404/events{/privacy}",
            "received_events_url": "https://api.github.com/users/derp404/received_events",
            "type": "User",
            "user_view_type": "public",
            "site_admin": false
        },
        "labels": [],
        "state": "open",
        "locked": false,
        "assignee": null,
        "assignees": [],
        "milestone": null,
        "comments": 1,
        "created_at": "2023-11-21T12:44:11Z",
        "updated_at": "2025-01-16T09:15:03Z",
        "closed_at": null,
        "author_association": "NONE",
        "active_lock_reason": null,
        "sub_issues_summary": {
            "total": 0,
            "completed": 0,
            "percent_completed": 0
        },
        "body": "### can you list out all the requiremented python modules with its proper version",
        "closed_by": null,
        "reactions": {
            "url": "https://api.github.com/repos/lishenghui/blades/issues/76/reactions",
            "total_count": 0,
            "+1": 0,
            "-1": 0,
            "laugh": 0,
            "hooray": 0,
            "confused": 0,
            "heart": 0,
            "rocket": 0,
            "eyes": 0
        },
        "timeline_url": "https://api.github.com/repos/lishenghui/blades/issues/76/timeline",
        "performed_via_github_app": null,
        "state_reason": null
    },
    {
        "url": "https://api.github.com/repos/lishenghui/blades/issues/73",
        "repository_url": "https://api.github.com/repos/lishenghui/blades",
        "labels_url": "https://api.github.com/repos/lishenghui/blades/issues/73/labels{/name}",
        "comments_url": "https://api.github.com/repos/lishenghui/blades/issues/73/comments",
        "events_url": "https://api.github.com/repos/lishenghui/blades/issues/73/events",
        "html_url": "https://github.com/lishenghui/blades/issues/73",
        "id": 1885345224,
        "node_id": "I_kwDOHK75qc5wYBXI",
        "number": 73,
        "title": "about the experiments' result",
        "user": {
            "login": "LeeMac24",
            "id": 98208634,
            "node_id": "U_kgDOBdqLeg",
            "avatar_url": "https://avatars.githubusercontent.com/u/98208634?v=4",
            "gravatar_id": "",
            "url": "https://api.github.com/users/LeeMac24",
            "html_url": "https://github.com/LeeMac24",
            "followers_url": "https://api.github.com/users/LeeMac24/followers",
            "following_url": "https://api.github.com/users/LeeMac24/following{/other_user}",
            "gists_url": "https://api.github.com/users/LeeMac24/gists{/gist_id}",
            "starred_url": "https://api.github.com/users/LeeMac24/starred{/owner}{/repo}",
            "subscriptions_url": "https://api.github.com/users/LeeMac24/subscriptions",
            "organizations_url": "https://api.github.com/users/LeeMac24/orgs",
            "repos_url": "https://api.github.com/users/LeeMac24/repos",
            "events_url": "https://api.github.com/users/LeeMac24/events{/privacy}",
            "received_events_url": "https://api.github.com/users/LeeMac24/received_events",
            "type": "User",
            "user_view_type": "public",
            "site_admin": false
        },
        "labels": [],
        "state": "closed",
        "locked": false,
        "assignee": null,
        "assignees": [],
        "milestone": null,
        "comments": 4,
        "created_at": "2023-09-07T08:10:54Z",
        "updated_at": "2023-09-09T01:27:44Z",
        "closed_at": "2023-09-09T01:27:44Z",
        "author_association": "NONE",
        "active_lock_reason": null,
        "sub_issues_summary": {
            "total": 0,
            "completed": 0,
            "percent_completed": 0
        },
        "body": "First and foremost, I would like to express my support and appreciation for your work on poisoning attack on federated learning.\r\nAdditionally, I'm curious to know whether you can reproduce the similar result as the original paper.\r\nBest regards\r\n",
        "closed_by": {
            "login": "LeeMac24",
            "id": 98208634,
            "node_id": "U_kgDOBdqLeg",
            "avatar_url": "https://avatars.githubusercontent.com/u/98208634?v=4",
            "gravatar_id": "",
            "url": "https://api.github.com/users/LeeMac24",
            "html_url": "https://github.com/LeeMac24",
            "followers_url": "https://api.github.com/users/LeeMac24/followers",
            "following_url": "https://api.github.com/users/LeeMac24/following{/other_user}",
            "gists_url": "https://api.github.com/users/LeeMac24/gists{/gist_id}",
            "starred_url": "https://api.github.com/users/LeeMac24/starred{/owner}{/repo}",
            "subscriptions_url": "https://api.github.com/users/LeeMac24/subscriptions",
            "organizations_url": "https://api.github.com/users/LeeMac24/orgs",
            "repos_url": "https://api.github.com/users/LeeMac24/repos",
            "events_url": "https://api.github.com/users/LeeMac24/events{/privacy}",
            "received_events_url": "https://api.github.com/users/LeeMac24/received_events",
            "type": "User",
            "user_view_type": "public",
            "site_admin": false
        },
        "reactions": {
            "url": "https://api.github.com/repos/lishenghui/blades/issues/73/reactions",
            "total_count": 0,
            "+1": 0,
            "-1": 0,
            "laugh": 0,
            "hooray": 0,
            "confused": 0,
            "heart": 0,
            "rocket": 0,
            "eyes": 0
        },
        "timeline_url": "https://api.github.com/repos/lishenghui/blades/issues/73/timeline",
        "performed_via_github_app": null,
        "state_reason": "completed"
    },
    {
        "url": "https://api.github.com/repos/lishenghui/blades/issues/72",
        "repository_url": "https://api.github.com/repos/lishenghui/blades",
        "labels_url": "https://api.github.com/repos/lishenghui/blades/issues/72/labels{/name}",
        "comments_url": "https://api.github.com/repos/lishenghui/blades/issues/72/comments",
        "events_url": "https://api.github.com/repos/lishenghui/blades/issues/72/events",
        "html_url": "https://github.com/lishenghui/blades/issues/72",
        "id": 1813534310,
        "node_id": "I_kwDOHK75qc5sGFZm",
        "number": 72,
        "title": "How to run fltrust based on fedavg",
        "user": {
            "login": "worshipone",
            "id": 59354339,
            "node_id": "MDQ6VXNlcjU5MzU0MzM5",
            "avatar_url": "https://avatars.githubusercontent.com/u/59354339?v=4",
            "gravatar_id": "",
            "url": "https://api.github.com/users/worshipone",
            "html_url": "https://github.com/worshipone",
            "followers_url": "https://api.github.com/users/worshipone/followers",
            "following_url": "https://api.github.com/users/worshipone/following{/other_user}",
            "gists_url": "https://api.github.com/users/worshipone/gists{/gist_id}",
            "starred_url": "https://api.github.com/users/worshipone/starred{/owner}{/repo}",
            "subscriptions_url": "https://api.github.com/users/worshipone/subscriptions",
            "organizations_url": "https://api.github.com/users/worshipone/orgs",
            "repos_url": "https://api.github.com/users/worshipone/repos",
            "events_url": "https://api.github.com/users/worshipone/events{/privacy}",
            "received_events_url": "https://api.github.com/users/worshipone/received_events",
            "type": "User",
            "user_view_type": "public",
            "site_admin": false
        },
        "labels": [],
        "state": "closed",
        "locked": false,
        "assignee": null,
        "assignees": [],
        "milestone": null,
        "comments": 1,
        "created_at": "2023-07-20T09:14:27Z",
        "updated_at": "2024-04-20T09:50:40Z",
        "closed_at": "2024-04-20T09:50:40Z",
        "author_association": "NONE",
        "active_lock_reason": null,
        "sub_issues_summary": {
            "total": 0,
            "completed": 0,
            "percent_completed": 0
        },
        "body": "When I specify trusted_id as 0, it throws assert len(trusted_clients) == 1, and when I specify fedavg, it throws TypeError: run() got an unexpected keyword argument 'global_model'.",
        "closed_by": {
            "login": "worshipone",
            "id": 59354339,
            "node_id": "MDQ6VXNlcjU5MzU0MzM5",
            "avatar_url": "https://avatars.githubusercontent.com/u/59354339?v=4",
            "gravatar_id": "",
            "url": "https://api.github.com/users/worshipone",
            "html_url": "https://github.com/worshipone",
            "followers_url": "https://api.github.com/users/worshipone/followers",
            "following_url": "https://api.github.com/users/worshipone/following{/other_user}",
            "gists_url": "https://api.github.com/users/worshipone/gists{/gist_id}",
            "starred_url": "https://api.github.com/users/worshipone/starred{/owner}{/repo}",
            "subscriptions_url": "https://api.github.com/users/worshipone/subscriptions",
            "organizations_url": "https://api.github.com/users/worshipone/orgs",
            "repos_url": "https://api.github.com/users/worshipone/repos",
            "events_url": "https://api.github.com/users/worshipone/events{/privacy}",
            "received_events_url": "https://api.github.com/users/worshipone/received_events",
            "type": "User",
            "user_view_type": "public",
            "site_admin": false
        },
        "reactions": {
            "url": "https://api.github.com/repos/lishenghui/blades/issues/72/reactions",
            "total_count": 0,
            "+1": 0,
            "-1": 0,
            "laugh": 0,
            "hooray": 0,
            "confused": 0,
            "heart": 0,
            "rocket": 0,
            "eyes": 0
        },
        "timeline_url": "https://api.github.com/repos/lishenghui/blades/issues/72/timeline",
        "performed_via_github_app": null,
        "state_reason": "completed"
    },
    {
        "url": "https://api.github.com/repos/lishenghui/blades/issues/71",
        "repository_url": "https://api.github.com/repos/lishenghui/blades",
        "labels_url": "https://api.github.com/repos/lishenghui/blades/issues/71/labels{/name}",
        "comments_url": "https://api.github.com/repos/lishenghui/blades/issues/71/comments",
        "events_url": "https://api.github.com/repos/lishenghui/blades/issues/71/events",
        "html_url": "https://github.com/lishenghui/blades/issues/71",
        "id": 1809938478,
        "node_id": "I_kwDOHK75qc5r4Xgu",
        "number": 71,
        "title": "example question",
        "user": {
            "login": "Phqqq",
            "id": 37296195,
            "node_id": "MDQ6VXNlcjM3Mjk2MTk1",
            "avatar_url": "https://avatars.githubusercontent.com/u/37296195?v=4",
            "gravatar_id": "",
            "url": "https://api.github.com/users/Phqqq",
            "html_url": "https://github.com/Phqqq",
            "followers_url": "https://api.github.com/users/Phqqq/followers",
            "following_url": "https://api.github.com/users/Phqqq/following{/other_user}",
            "gists_url": "https://api.github.com/users/Phqqq/gists{/gist_id}",
            "starred_url": "https://api.github.com/users/Phqqq/starred{/owner}{/repo}",
            "subscriptions_url": "https://api.github.com/users/Phqqq/subscriptions",
            "organizations_url": "https://api.github.com/users/Phqqq/orgs",
            "repos_url": "https://api.github.com/users/Phqqq/repos",
            "events_url": "https://api.github.com/users/Phqqq/events{/privacy}",
            "received_events_url": "https://api.github.com/users/Phqqq/received_events",
            "type": "User",
            "user_view_type": "public",
            "site_admin": false
        },
        "labels": [],
        "state": "open",
        "locked": false,
        "assignee": null,
        "assignees": [],
        "milestone": null,
        "comments": 2,
        "created_at": "2023-07-18T13:27:26Z",
        "updated_at": "2023-07-24T05:31:56Z",
        "closed_at": null,
        "author_association": "NONE",
        "active_lock_reason": null,
        "sub_issues_summary": {
            "total": 0,
            "completed": 0,
            "percent_completed": 0
        },
        "body": "when I run the example \uff0cit's shows  \uff1a Error: No available node types can fulfill resource request {'CPU': 1.0, 'GPU': 0.2}. Add suitable node types to this cluster to resolve this issue.\r\n This is a problem of  ray\uff1f",
        "closed_by": null,
        "reactions": {
            "url": "https://api.github.com/repos/lishenghui/blades/issues/71/reactions",
            "total_count": 0,
            "+1": 0,
            "-1": 0,
            "laugh": 0,
            "hooray": 0,
            "confused": 0,
            "heart": 0,
            "rocket": 0,
            "eyes": 0
        },
        "timeline_url": "https://api.github.com/repos/lishenghui/blades/issues/71/timeline",
        "performed_via_github_app": null,
        "state_reason": null
    },
    {
        "url": "https://api.github.com/repos/lishenghui/blades/issues/69",
        "repository_url": "https://api.github.com/repos/lishenghui/blades",
        "labels_url": "https://api.github.com/repos/lishenghui/blades/issues/69/labels{/name}",
        "comments_url": "https://api.github.com/repos/lishenghui/blades/issues/69/comments",
        "events_url": "https://api.github.com/repos/lishenghui/blades/issues/69/events",
        "html_url": "https://github.com/lishenghui/blades/issues/69",
        "id": 1606146260,
        "node_id": "I_kwDOHK75qc5fu9jU",
        "number": 69,
        "title": "can u upload the new version or new simulation example?",
        "user": {
            "login": "J0knK3ats",
            "id": 46599554,
            "node_id": "MDQ6VXNlcjQ2NTk5NTU0",
            "avatar_url": "https://avatars.githubusercontent.com/u/46599554?v=4",
            "gravatar_id": "",
            "url": "https://api.github.com/users/J0knK3ats",
            "html_url": "https://github.com/J0knK3ats",
            "followers_url": "https://api.github.com/users/J0knK3ats/followers",
            "following_url": "https://api.github.com/users/J0knK3ats/following{/other_user}",
            "gists_url": "https://api.github.com/users/J0knK3ats/gists{/gist_id}",
            "starred_url": "https://api.github.com/users/J0knK3ats/starred{/owner}{/repo}",
            "subscriptions_url": "https://api.github.com/users/J0knK3ats/subscriptions",
            "organizations_url": "https://api.github.com/users/J0knK3ats/orgs",
            "repos_url": "https://api.github.com/users/J0knK3ats/repos",
            "events_url": "https://api.github.com/users/J0knK3ats/events{/privacy}",
            "received_events_url": "https://api.github.com/users/J0knK3ats/received_events",
            "type": "User",
            "user_view_type": "public",
            "site_admin": false
        },
        "labels": [],
        "state": "closed",
        "locked": false,
        "assignee": null,
        "assignees": [],
        "milestone": null,
        "comments": 0,
        "created_at": "2023-03-02T05:43:33Z",
        "updated_at": "2023-11-08T22:40:40Z",
        "closed_at": "2023-11-08T22:40:40Z",
        "author_association": "NONE",
        "active_lock_reason": null,
        "sub_issues_summary": {
            "total": 0,
            "completed": 0,
            "percent_completed": 0
        },
        "body": "so pleasure to find your word but can u upload the new version or new simulation example?\r\nsince i cant run the mini-example.py and simulation on Mnist.py",
        "closed_by": {
            "login": "lishenghui",
            "id": 56755658,
            "node_id": "MDQ6VXNlcjU2NzU1NjU4",
            "avatar_url": "https://avatars.githubusercontent.com/u/56755658?v=4",
            "gravatar_id": "",
            "url": "https://api.github.com/users/lishenghui",
            "html_url": "https://github.com/lishenghui",
            "followers_url": "https://api.github.com/users/lishenghui/followers",
            "following_url": "https://api.github.com/users/lishenghui/following{/other_user}",
            "gists_url": "https://api.github.com/users/lishenghui/gists{/gist_id}",
            "starred_url": "https://api.github.com/users/lishenghui/starred{/owner}{/repo}",
            "subscriptions_url": "https://api.github.com/users/lishenghui/subscriptions",
            "organizations_url": "https://api.github.com/users/lishenghui/orgs",
            "repos_url": "https://api.github.com/users/lishenghui/repos",
            "events_url": "https://api.github.com/users/lishenghui/events{/privacy}",
            "received_events_url": "https://api.github.com/users/lishenghui/received_events",
            "type": "User",
            "user_view_type": "public",
            "site_admin": false
        },
        "reactions": {
            "url": "https://api.github.com/repos/lishenghui/blades/issues/69/reactions",
            "total_count": 0,
            "+1": 0,
            "-1": 0,
            "laugh": 0,
            "hooray": 0,
            "confused": 0,
            "heart": 0,
            "rocket": 0,
            "eyes": 0
        },
        "timeline_url": "https://api.github.com/repos/lishenghui/blades/issues/69/timeline",
        "performed_via_github_app": null,
        "state_reason": "completed"
    },
    {
        "url": "https://api.github.com/repos/lishenghui/blades/issues/68",
        "repository_url": "https://api.github.com/repos/lishenghui/blades",
        "labels_url": "https://api.github.com/repos/lishenghui/blades/issues/68/labels{/name}",
        "comments_url": "https://api.github.com/repos/lishenghui/blades/issues/68/comments",
        "events_url": "https://api.github.com/repos/lishenghui/blades/issues/68/events",
        "html_url": "https://github.com/lishenghui/blades/issues/68",
        "id": 1596237898,
        "node_id": "I_kwDOHK75qc5fJKhK",
        "number": 68,
        "title": "Can python 3.8 install blades?",
        "user": {
            "login": "deepdarkfans",
            "id": 33440182,
            "node_id": "MDQ6VXNlcjMzNDQwMTgy",
            "avatar_url": "https://avatars.githubusercontent.com/u/33440182?v=4",
            "gravatar_id": "",
            "url": "https://api.github.com/users/deepdarkfans",
            "html_url": "https://github.com/deepdarkfans",
            "followers_url": "https://api.github.com/users/deepdarkfans/followers",
            "following_url": "https://api.github.com/users/deepdarkfans/following{/other_user}",
            "gists_url": "https://api.github.com/users/deepdarkfans/gists{/gist_id}",
            "starred_url": "https://api.github.com/users/deepdarkfans/starred{/owner}{/repo}",
            "subscriptions_url": "https://api.github.com/users/deepdarkfans/subscriptions",
            "organizations_url": "https://api.github.com/users/deepdarkfans/orgs",
            "repos_url": "https://api.github.com/users/deepdarkfans/repos",
            "events_url": "https://api.github.com/users/deepdarkfans/events{/privacy}",
            "received_events_url": "https://api.github.com/users/deepdarkfans/received_events",
            "type": "User",
            "user_view_type": "public",
            "site_admin": false
        },
        "labels": [],
        "state": "closed",
        "locked": false,
        "assignee": null,
        "assignees": [],
        "milestone": null,
        "comments": 1,
        "created_at": "2023-02-23T05:14:09Z",
        "updated_at": "2023-11-01T22:42:46Z",
        "closed_at": "2023-11-01T22:42:46Z",
        "author_association": "NONE",
        "active_lock_reason": null,
        "sub_issues_summary": {
            "total": 0,
            "completed": 0,
            "percent_completed": 0
        },
        "body": "My Configuration\uff1a\r\n```\r\npython 3.8.3\r\nCUDA 11.3\r\ntorch 1.10\r\n```",
        "closed_by": {
            "login": "lishenghui",
            "id": 56755658,
            "node_id": "MDQ6VXNlcjU2NzU1NjU4",
            "avatar_url": "https://avatars.githubusercontent.com/u/56755658?v=4",
            "gravatar_id": "",
            "url": "https://api.github.com/users/lishenghui",
            "html_url": "https://github.com/lishenghui",
            "followers_url": "https://api.github.com/users/lishenghui/followers",
            "following_url": "https://api.github.com/users/lishenghui/following{/other_user}",
            "gists_url": "https://api.github.com/users/lishenghui/gists{/gist_id}",
            "starred_url": "https://api.github.com/users/lishenghui/starred{/owner}{/repo}",
            "subscriptions_url": "https://api.github.com/users/lishenghui/subscriptions",
            "organizations_url": "https://api.github.com/users/lishenghui/orgs",
            "repos_url": "https://api.github.com/users/lishenghui/repos",
            "events_url": "https://api.github.com/users/lishenghui/events{/privacy}",
            "received_events_url": "https://api.github.com/users/lishenghui/received_events",
            "type": "User",
            "user_view_type": "public",
            "site_admin": false
        },
        "reactions": {
            "url": "https://api.github.com/repos/lishenghui/blades/issues/68/reactions",
            "total_count": 0,
            "+1": 0,
            "-1": 0,
            "laugh": 0,
            "hooray": 0,
            "confused": 0,
            "heart": 0,
            "rocket": 0,
            "eyes": 0
        },
        "timeline_url": "https://api.github.com/repos/lishenghui/blades/issues/68/timeline",
        "performed_via_github_app": null,
        "state_reason": "completed"
    },
    {
        "url": "https://api.github.com/repos/lishenghui/blades/issues/65",
        "repository_url": "https://api.github.com/repos/lishenghui/blades",
        "labels_url": "https://api.github.com/repos/lishenghui/blades/issues/65/labels{/name}",
        "comments_url": "https://api.github.com/repos/lishenghui/blades/issues/65/comments",
        "events_url": "https://api.github.com/repos/lishenghui/blades/issues/65/events",
        "html_url": "https://github.com/lishenghui/blades/issues/65",
        "id": 1522309151,
        "node_id": "I_kwDOHK75qc5avJgf",
        "number": 65,
        "title": "Adaptive Attacks: FangAttack",
        "user": {
            "login": "Karlywang",
            "id": 63827694,
            "node_id": "MDQ6VXNlcjYzODI3Njk0",
            "avatar_url": "https://avatars.githubusercontent.com/u/63827694?v=4",
            "gravatar_id": "",
            "url": "https://api.github.com/users/Karlywang",
            "html_url": "https://github.com/Karlywang",
            "followers_url": "https://api.github.com/users/Karlywang/followers",
            "following_url": "https://api.github.com/users/Karlywang/following{/other_user}",
            "gists_url": "https://api.github.com/users/Karlywang/gists{/gist_id}",
            "starred_url": "https://api.github.com/users/Karlywang/starred{/owner}{/repo}",
            "subscriptions_url": "https://api.github.com/users/Karlywang/subscriptions",
            "organizations_url": "https://api.github.com/users/Karlywang/orgs",
            "repos_url": "https://api.github.com/users/Karlywang/repos",
            "events_url": "https://api.github.com/users/Karlywang/events{/privacy}",
            "received_events_url": "https://api.github.com/users/Karlywang/received_events",
            "type": "User",
            "user_view_type": "public",
            "site_admin": false
        },
        "labels": [],
        "state": "closed",
        "locked": false,
        "assignee": null,
        "assignees": [],
        "milestone": null,
        "comments": 0,
        "created_at": "2023-01-06T10:06:13Z",
        "updated_at": "2023-01-16T10:33:48Z",
        "closed_at": "2023-01-16T10:33:48Z",
        "author_association": "NONE",
        "active_lock_reason": null,
        "sub_issues_summary": {
            "total": 0,
            "completed": 0,
            "percent_completed": 0
        },
        "body": "In `attack_multikrum` function, [Fang's adaptive attack](https://github.com/bladesteam/blades/blob/master/src/blades/attackers/fangattackclient.py), Line 124-126\r\n`term_1 = min_score / ((n_benign - n_attackers - 1) * torch.sqrt(torch.Tensor([d]))[0])`\r\nshould be\r\n`term_1 = min_score / ((n_benign - 2 * n_attackers - 1) * torch.sqrt(torch.Tensor([d]))[0])`\r\nbased on equation 3 from the [original paper](https://www.usenix.org/system/files/sec20summer_fang_prepub.pdf)\r\n\r\nPlease correct me if I am wrong :)",
        "closed_by": {
            "login": "Karlywang",
            "id": 63827694,
            "node_id": "MDQ6VXNlcjYzODI3Njk0",
            "avatar_url": "https://avatars.githubusercontent.com/u/63827694?v=4",
            "gravatar_id": "",
            "url": "https://api.github.com/users/Karlywang",
            "html_url": "https://github.com/Karlywang",
            "followers_url": "https://api.github.com/users/Karlywang/followers",
            "following_url": "https://api.github.com/users/Karlywang/following{/other_user}",
            "gists_url": "https://api.github.com/users/Karlywang/gists{/gist_id}",
            "starred_url": "https://api.github.com/users/Karlywang/starred{/owner}{/repo}",
            "subscriptions_url": "https://api.github.com/users/Karlywang/subscriptions",
            "organizations_url": "https://api.github.com/users/Karlywang/orgs",
            "repos_url": "https://api.github.com/users/Karlywang/repos",
            "events_url": "https://api.github.com/users/Karlywang/events{/privacy}",
            "received_events_url": "https://api.github.com/users/Karlywang/received_events",
            "type": "User",
            "user_view_type": "public",
            "site_admin": false
        },
        "reactions": {
            "url": "https://api.github.com/repos/lishenghui/blades/issues/65/reactions",
            "total_count": 0,
            "+1": 0,
            "-1": 0,
            "laugh": 0,
            "hooray": 0,
            "confused": 0,
            "heart": 0,
            "rocket": 0,
            "eyes": 0
        },
        "timeline_url": "https://api.github.com/repos/lishenghui/blades/issues/65/timeline",
        "performed_via_github_app": null,
        "state_reason": "completed"
    },
    {
        "url": "https://api.github.com/repos/lishenghui/blades/issues/62",
        "repository_url": "https://api.github.com/repos/lishenghui/blades",
        "labels_url": "https://api.github.com/repos/lishenghui/blades/issues/62/labels{/name}",
        "comments_url": "https://api.github.com/repos/lishenghui/blades/issues/62/comments",
        "events_url": "https://api.github.com/repos/lishenghui/blades/issues/62/events",
        "html_url": "https://github.com/lishenghui/blades/issues/62",
        "id": 1464740045,
        "node_id": "I_kwDOHK75qc5XTijN",
        "number": 62,
        "title": "Outdated Examples",
        "user": {
            "login": "castortroy05",
            "id": 44813655,
            "node_id": "MDQ6VXNlcjQ0ODEzNjU1",
            "avatar_url": "https://avatars.githubusercontent.com/u/44813655?v=4",
            "gravatar_id": "",
            "url": "https://api.github.com/users/castortroy05",
            "html_url": "https://github.com/castortroy05",
            "followers_url": "https://api.github.com/users/castortroy05/followers",
            "following_url": "https://api.github.com/users/castortroy05/following{/other_user}",
            "gists_url": "https://api.github.com/users/castortroy05/gists{/gist_id}",
            "starred_url": "https://api.github.com/users/castortroy05/starred{/owner}{/repo}",
            "subscriptions_url": "https://api.github.com/users/castortroy05/subscriptions",
            "organizations_url": "https://api.github.com/users/castortroy05/orgs",
            "repos_url": "https://api.github.com/users/castortroy05/repos",
            "events_url": "https://api.github.com/users/castortroy05/events{/privacy}",
            "received_events_url": "https://api.github.com/users/castortroy05/received_events",
            "type": "User",
            "user_view_type": "public",
            "site_admin": false
        },
        "labels": [
            {
                "id": 4031334655,
                "node_id": "LA_kwDOHK75qc7wSUj_",
                "url": "https://api.github.com/repos/lishenghui/blades/labels/bug",
                "name": "bug",
                "color": "d73a4a",
                "default": true,
                "description": "Something isn't working"
            }
        ],
        "state": "closed",
        "locked": false,
        "assignee": null,
        "assignees": [],
        "milestone": null,
        "comments": 3,
        "created_at": "2022-11-25T16:24:16Z",
        "updated_at": "2022-12-17T15:31:22Z",
        "closed_at": "2022-12-17T15:31:22Z",
        "author_association": "NONE",
        "active_lock_reason": null,
        "sub_issues_summary": {
            "total": 0,
            "completed": 0,
            "percent_completed": 0
        },
        "body": "I'm not sure if you're aware, or if this situation only exists on the multiple OS's I have run the simulation suite on, but the example files you have and even the main code, simply do not work.\r\n\r\nThere are many references which may be python version specific, as they simply prevent the program from running at all,\r\nfor example, to import the simulator, you constantly refer to blades.core.simulator, however this only works when it's called as blades.simulator not .core. \r\n![image](https://user-images.githubusercontent.com/44813655/204024666-55d59c7c-5a03-4d33-8794-39e10ac26081.png)\r\n\r\n\r\nThe import of options from args does not work, and appears to be a python2 file.\r\n![image](https://user-images.githubusercontent.com/44813655/204024558-21516b61-3f80-43bf-9028-49cf93d01a9a.png)\r\n\r\nI have created brand new environments including only the files needed for this project and the problems remain. I have also tried this on various python 3 platforms, in windows and linux, and each time I am unable to have things operate in the methods you have identified.\r\n\r\nI was desperate to use this suite as it fit the needs of my research paper, but my lack of ability to operate it, made this a frustrating exercise. ",
        "closed_by": {
            "login": "lishenghui",
            "id": 56755658,
            "node_id": "MDQ6VXNlcjU2NzU1NjU4",
            "avatar_url": "https://avatars.githubusercontent.com/u/56755658?v=4",
            "gravatar_id": "",
            "url": "https://api.github.com/users/lishenghui",
            "html_url": "https://github.com/lishenghui",
            "followers_url": "https://api.github.com/users/lishenghui/followers",
            "following_url": "https://api.github.com/users/lishenghui/following{/other_user}",
            "gists_url": "https://api.github.com/users/lishenghui/gists{/gist_id}",
            "starred_url": "https://api.github.com/users/lishenghui/starred{/owner}{/repo}",
            "subscriptions_url": "https://api.github.com/users/lishenghui/subscriptions",
            "organizations_url": "https://api.github.com/users/lishenghui/orgs",
            "repos_url": "https://api.github.com/users/lishenghui/repos",
            "events_url": "https://api.github.com/users/lishenghui/events{/privacy}",
            "received_events_url": "https://api.github.com/users/lishenghui/received_events",
            "type": "User",
            "user_view_type": "public",
            "site_admin": false
        },
        "reactions": {
            "url": "https://api.github.com/repos/lishenghui/blades/issues/62/reactions",
            "total_count": 0,
            "+1": 0,
            "-1": 0,
            "laugh": 0,
            "hooray": 0,
            "confused": 0,
            "heart": 0,
            "rocket": 0,
            "eyes": 0
        },
        "timeline_url": "https://api.github.com/repos/lishenghui/blades/issues/62/timeline",
        "performed_via_github_app": null,
        "state_reason": "completed"
    },
    {
        "url": "https://api.github.com/repos/lishenghui/blades/issues/55",
        "repository_url": "https://api.github.com/repos/lishenghui/blades",
        "labels_url": "https://api.github.com/repos/lishenghui/blades/issues/55/labels{/name}",
        "comments_url": "https://api.github.com/repos/lishenghui/blades/issues/55/comments",
        "events_url": "https://api.github.com/repos/lishenghui/blades/issues/55/events",
        "html_url": "https://github.com/lishenghui/blades/issues/55",
        "id": 1405503185,
        "node_id": "I_kwDOHK75qc5TxkbR",
        "number": 55,
        "title": "Awesome work\uff01\uff01",
        "user": {
            "login": "deepdarkfans",
            "id": 33440182,
            "node_id": "MDQ6VXNlcjMzNDQwMTgy",
            "avatar_url": "https://avatars.githubusercontent.com/u/33440182?v=4",
            "gravatar_id": "",
            "url": "https://api.github.com/users/deepdarkfans",
            "html_url": "https://github.com/deepdarkfans",
            "followers_url": "https://api.github.com/users/deepdarkfans/followers",
            "following_url": "https://api.github.com/users/deepdarkfans/following{/other_user}",
            "gists_url": "https://api.github.com/users/deepdarkfans/gists{/gist_id}",
            "starred_url": "https://api.github.com/users/deepdarkfans/starred{/owner}{/repo}",
            "subscriptions_url": "https://api.github.com/users/deepdarkfans/subscriptions",
            "organizations_url": "https://api.github.com/users/deepdarkfans/orgs",
            "repos_url": "https://api.github.com/users/deepdarkfans/repos",
            "events_url": "https://api.github.com/users/deepdarkfans/events{/privacy}",
            "received_events_url": "https://api.github.com/users/deepdarkfans/received_events",
            "type": "User",
            "user_view_type": "public",
            "site_admin": false
        },
        "labels": [],
        "state": "closed",
        "locked": false,
        "assignee": null,
        "assignees": [],
        "milestone": null,
        "comments": 2,
        "created_at": "2022-10-12T03:34:23Z",
        "updated_at": "2022-11-08T14:33:55Z",
        "closed_at": "2022-11-08T14:33:55Z",
        "author_association": "NONE",
        "active_lock_reason": null,
        "sub_issues_summary": {
            "total": 0,
            "completed": 0,
            "percent_completed": 0
        },
        "body": "Hello author. Is it your team that implemented all these defense algorithms? Because I want to add a comparison experiment to my code, but it is not compatible with Blades, so I would like to ask if there is a source code for the defense algorithms. Thank you very much!",
        "closed_by": {
            "login": "deepdarkfans",
            "id": 33440182,
            "node_id": "MDQ6VXNlcjMzNDQwMTgy",
            "avatar_url": "https://avatars.githubusercontent.com/u/33440182?v=4",
            "gravatar_id": "",
            "url": "https://api.github.com/users/deepdarkfans",
            "html_url": "https://github.com/deepdarkfans",
            "followers_url": "https://api.github.com/users/deepdarkfans/followers",
            "following_url": "https://api.github.com/users/deepdarkfans/following{/other_user}",
            "gists_url": "https://api.github.com/users/deepdarkfans/gists{/gist_id}",
            "starred_url": "https://api.github.com/users/deepdarkfans/starred{/owner}{/repo}",
            "subscriptions_url": "https://api.github.com/users/deepdarkfans/subscriptions",
            "organizations_url": "https://api.github.com/users/deepdarkfans/orgs",
            "repos_url": "https://api.github.com/users/deepdarkfans/repos",
            "events_url": "https://api.github.com/users/deepdarkfans/events{/privacy}",
            "received_events_url": "https://api.github.com/users/deepdarkfans/received_events",
            "type": "User",
            "user_view_type": "public",
            "site_admin": false
        },
        "reactions": {
            "url": "https://api.github.com/repos/lishenghui/blades/issues/55/reactions",
            "total_count": 0,
            "+1": 0,
            "-1": 0,
            "laugh": 0,
            "hooray": 0,
            "confused": 0,
            "heart": 0,
            "rocket": 0,
            "eyes": 0
        },
        "timeline_url": "https://api.github.com/repos/lishenghui/blades/issues/55/timeline",
        "performed_via_github_app": null,
        "state_reason": "completed"
    },
    {
        "url": "https://api.github.com/repos/lishenghui/blades/issues/39",
        "repository_url": "https://api.github.com/repos/lishenghui/blades",
        "labels_url": "https://api.github.com/repos/lishenghui/blades/issues/39/labels{/name}",
        "comments_url": "https://api.github.com/repos/lishenghui/blades/issues/39/comments",
        "events_url": "https://api.github.com/repos/lishenghui/blades/issues/39/events",
        "html_url": "https://github.com/lishenghui/blades/issues/39",
        "id": 1377662572,
        "node_id": "I_kwDOHK75qc5SHXZs",
        "number": 39,
        "title": "about the problem running the todo_cifar10_gpu.py ",
        "user": {
            "login": "bz2233",
            "id": 67300948,
            "node_id": "MDQ6VXNlcjY3MzAwOTQ4",
            "avatar_url": "https://avatars.githubusercontent.com/u/67300948?v=4",
            "gravatar_id": "",
            "url": "https://api.github.com/users/bz2233",
            "html_url": "https://github.com/bz2233",
            "followers_url": "https://api.github.com/users/bz2233/followers",
            "following_url": "https://api.github.com/users/bz2233/following{/other_user}",
            "gists_url": "https://api.github.com/users/bz2233/gists{/gist_id}",
            "starred_url": "https://api.github.com/users/bz2233/starred{/owner}{/repo}",
            "subscriptions_url": "https://api.github.com/users/bz2233/subscriptions",
            "organizations_url": "https://api.github.com/users/bz2233/orgs",
            "repos_url": "https://api.github.com/users/bz2233/repos",
            "events_url": "https://api.github.com/users/bz2233/events{/privacy}",
            "received_events_url": "https://api.github.com/users/bz2233/received_events",
            "type": "User",
            "user_view_type": "public",
            "site_admin": false
        },
        "labels": [],
        "state": "closed",
        "locked": false,
        "assignee": null,
        "assignees": [],
        "milestone": null,
        "comments": 2,
        "created_at": "2022-09-19T09:25:27Z",
        "updated_at": "2022-10-05T21:04:36Z",
        "closed_at": "2022-10-05T21:04:36Z",
        "author_association": "NONE",
        "active_lock_reason": null,
        "sub_issues_summary": {
            "total": 0,
            "completed": 0,
            "percent_completed": 0
        },
        "body": "dear prof, when i run todo_cifar10_gpu.py , it sends the error \"Expected all tensors to be on the same device, but found at least two devices, cuda:0 and cpu!\" and i don't know how to debug it. Could you please give me some advise?",
        "closed_by": {
            "login": "lishenghui",
            "id": 56755658,
            "node_id": "MDQ6VXNlcjU2NzU1NjU4",
            "avatar_url": "https://avatars.githubusercontent.com/u/56755658?v=4",
            "gravatar_id": "",
            "url": "https://api.github.com/users/lishenghui",
            "html_url": "https://github.com/lishenghui",
            "followers_url": "https://api.github.com/users/lishenghui/followers",
            "following_url": "https://api.github.com/users/lishenghui/following{/other_user}",
            "gists_url": "https://api.github.com/users/lishenghui/gists{/gist_id}",
            "starred_url": "https://api.github.com/users/lishenghui/starred{/owner}{/repo}",
            "subscriptions_url": "https://api.github.com/users/lishenghui/subscriptions",
            "organizations_url": "https://api.github.com/users/lishenghui/orgs",
            "repos_url": "https://api.github.com/users/lishenghui/repos",
            "events_url": "https://api.github.com/users/lishenghui/events{/privacy}",
            "received_events_url": "https://api.github.com/users/lishenghui/received_events",
            "type": "User",
            "user_view_type": "public",
            "site_admin": false
        },
        "reactions": {
            "url": "https://api.github.com/repos/lishenghui/blades/issues/39/reactions",
            "total_count": 0,
            "+1": 0,
            "-1": 0,
            "laugh": 0,
            "hooray": 0,
            "confused": 0,
            "heart": 0,
            "rocket": 0,
            "eyes": 0
        },
        "timeline_url": "https://api.github.com/repos/lishenghui/blades/issues/39/timeline",
        "performed_via_github_app": null,
        "state_reason": "completed"
    },
    {
        "url": "https://api.github.com/repos/lishenghui/blades/issues/38",
        "repository_url": "https://api.github.com/repos/lishenghui/blades",
        "labels_url": "https://api.github.com/repos/lishenghui/blades/issues/38/labels{/name}",
        "comments_url": "https://api.github.com/repos/lishenghui/blades/issues/38/comments",
        "events_url": "https://api.github.com/repos/lishenghui/blades/issues/38/events",
        "html_url": "https://github.com/lishenghui/blades/issues/38",
        "id": 1372182654,
        "node_id": "I_kwDOHK75qc5Rydh-",
        "number": 38,
        "title": "Please add LFR and UNION of Fang's paper",
        "user": {
            "login": "yjlee22",
            "id": 53357983,
            "node_id": "MDQ6VXNlcjUzMzU3OTgz",
            "avatar_url": "https://avatars.githubusercontent.com/u/53357983?v=4",
            "gravatar_id": "",
            "url": "https://api.github.com/users/yjlee22",
            "html_url": "https://github.com/yjlee22",
            "followers_url": "https://api.github.com/users/yjlee22/followers",
            "following_url": "https://api.github.com/users/yjlee22/following{/other_user}",
            "gists_url": "https://api.github.com/users/yjlee22/gists{/gist_id}",
            "starred_url": "https://api.github.com/users/yjlee22/starred{/owner}{/repo}",
            "subscriptions_url": "https://api.github.com/users/yjlee22/subscriptions",
            "organizations_url": "https://api.github.com/users/yjlee22/orgs",
            "repos_url": "https://api.github.com/users/yjlee22/repos",
            "events_url": "https://api.github.com/users/yjlee22/events{/privacy}",
            "received_events_url": "https://api.github.com/users/yjlee22/received_events",
            "type": "User",
            "user_view_type": "public",
            "site_admin": false
        },
        "labels": [],
        "state": "closed",
        "locked": false,
        "assignee": null,
        "assignees": [],
        "milestone": null,
        "comments": 0,
        "created_at": "2022-09-14T01:10:18Z",
        "updated_at": "2022-11-07T01:42:09Z",
        "closed_at": "2022-11-07T01:42:09Z",
        "author_association": "NONE",
        "active_lock_reason": null,
        "sub_issues_summary": {
            "total": 0,
            "completed": 0,
            "percent_completed": 0
        },
        "body": "Please add LFR and UNION of Fang's paper",
        "closed_by": {
            "login": "yjlee22",
            "id": 53357983,
            "node_id": "MDQ6VXNlcjUzMzU3OTgz",
            "avatar_url": "https://avatars.githubusercontent.com/u/53357983?v=4",
            "gravatar_id": "",
            "url": "https://api.github.com/users/yjlee22",
            "html_url": "https://github.com/yjlee22",
            "followers_url": "https://api.github.com/users/yjlee22/followers",
            "following_url": "https://api.github.com/users/yjlee22/following{/other_user}",
            "gists_url": "https://api.github.com/users/yjlee22/gists{/gist_id}",
            "starred_url": "https://api.github.com/users/yjlee22/starred{/owner}{/repo}",
            "subscriptions_url": "https://api.github.com/users/yjlee22/subscriptions",
            "organizations_url": "https://api.github.com/users/yjlee22/orgs",
            "repos_url": "https://api.github.com/users/yjlee22/repos",
            "events_url": "https://api.github.com/users/yjlee22/events{/privacy}",
            "received_events_url": "https://api.github.com/users/yjlee22/received_events",
            "type": "User",
            "user_view_type": "public",
            "site_admin": false
        },
        "reactions": {
            "url": "https://api.github.com/repos/lishenghui/blades/issues/38/reactions",
            "total_count": 0,
            "+1": 0,
            "-1": 0,
            "laugh": 0,
            "hooray": 0,
            "confused": 0,
            "heart": 0,
            "rocket": 0,
            "eyes": 0
        },
        "timeline_url": "https://api.github.com/repos/lishenghui/blades/issues/38/timeline",
        "performed_via_github_app": null,
        "state_reason": "completed"
    },
    {
        "url": "https://api.github.com/repos/lishenghui/blades/issues/31",
        "repository_url": "https://api.github.com/repos/lishenghui/blades",
        "labels_url": "https://api.github.com/repos/lishenghui/blades/issues/31/labels{/name}",
        "comments_url": "https://api.github.com/repos/lishenghui/blades/issues/31/comments",
        "events_url": "https://api.github.com/repos/lishenghui/blades/issues/31/events",
        "html_url": "https://github.com/lishenghui/blades/issues/31",
        "id": 1352910623,
        "node_id": "I_kwDOHK75qc5Qo8cf",
        "number": 31,
        "title": " How to install blades",
        "user": {
            "login": "chenxiao120660",
            "id": 48954134,
            "node_id": "MDQ6VXNlcjQ4OTU0MTM0",
            "avatar_url": "https://avatars.githubusercontent.com/u/48954134?v=4",
            "gravatar_id": "",
            "url": "https://api.github.com/users/chenxiao120660",
            "html_url": "https://github.com/chenxiao120660",
            "followers_url": "https://api.github.com/users/chenxiao120660/followers",
            "following_url": "https://api.github.com/users/chenxiao120660/following{/other_user}",
            "gists_url": "https://api.github.com/users/chenxiao120660/gists{/gist_id}",
            "starred_url": "https://api.github.com/users/chenxiao120660/starred{/owner}{/repo}",
            "subscriptions_url": "https://api.github.com/users/chenxiao120660/subscriptions",
            "organizations_url": "https://api.github.com/users/chenxiao120660/orgs",
            "repos_url": "https://api.github.com/users/chenxiao120660/repos",
            "events_url": "https://api.github.com/users/chenxiao120660/events{/privacy}",
            "received_events_url": "https://api.github.com/users/chenxiao120660/received_events",
            "type": "User",
            "user_view_type": "public",
            "site_admin": false
        },
        "labels": [],
        "state": "closed",
        "locked": false,
        "assignee": null,
        "assignees": [],
        "milestone": null,
        "comments": 1,
        "created_at": "2022-08-27T01:59:58Z",
        "updated_at": "2022-08-30T09:42:24Z",
        "closed_at": "2022-08-30T09:42:24Z",
        "author_association": "NONE",
        "active_lock_reason": null,
        "sub_issues_summary": {
            "total": 0,
            "completed": 0,
            "percent_completed": 0
        },
        "body": "Hello, I have been having problems when I use pip to install blades, and I can't use blades. Is there any problem with the project recently?",
        "closed_by": {
            "login": "lishenghui",
            "id": 56755658,
            "node_id": "MDQ6VXNlcjU2NzU1NjU4",
            "avatar_url": "https://avatars.githubusercontent.com/u/56755658?v=4",
            "gravatar_id": "",
            "url": "https://api.github.com/users/lishenghui",
            "html_url": "https://github.com/lishenghui",
            "followers_url": "https://api.github.com/users/lishenghui/followers",
            "following_url": "https://api.github.com/users/lishenghui/following{/other_user}",
            "gists_url": "https://api.github.com/users/lishenghui/gists{/gist_id}",
            "starred_url": "https://api.github.com/users/lishenghui/starred{/owner}{/repo}",
            "subscriptions_url": "https://api.github.com/users/lishenghui/subscriptions",
            "organizations_url": "https://api.github.com/users/lishenghui/orgs",
            "repos_url": "https://api.github.com/users/lishenghui/repos",
            "events_url": "https://api.github.com/users/lishenghui/events{/privacy}",
            "received_events_url": "https://api.github.com/users/lishenghui/received_events",
            "type": "User",
            "user_view_type": "public",
            "site_admin": false
        },
        "reactions": {
            "url": "https://api.github.com/repos/lishenghui/blades/issues/31/reactions",
            "total_count": 0,
            "+1": 0,
            "-1": 0,
            "laugh": 0,
            "hooray": 0,
            "confused": 0,
            "heart": 0,
            "rocket": 0,
            "eyes": 0
        },
        "timeline_url": "https://api.github.com/repos/lishenghui/blades/issues/31/timeline",
        "performed_via_github_app": null,
        "state_reason": "completed"
    },
    {
        "url": "https://api.github.com/repos/lishenghui/blades/issues/27",
        "repository_url": "https://api.github.com/repos/lishenghui/blades",
        "labels_url": "https://api.github.com/repos/lishenghui/blades/issues/27/labels{/name}",
        "comments_url": "https://api.github.com/repos/lishenghui/blades/issues/27/comments",
        "events_url": "https://api.github.com/repos/lishenghui/blades/issues/27/events",
        "html_url": "https://github.com/lishenghui/blades/issues/27",
        "id": 1349488740,
        "node_id": "I_kwDOHK75qc5Qb5Bk",
        "number": 27,
        "title": "Consine Distance  OR Consine Similarity?",
        "user": {
            "login": "imamtom",
            "id": 35050208,
            "node_id": "MDQ6VXNlcjM1MDUwMjA4",
            "avatar_url": "https://avatars.githubusercontent.com/u/35050208?v=4",
            "gravatar_id": "",
            "url": "https://api.github.com/users/imamtom",
            "html_url": "https://github.com/imamtom",
            "followers_url": "https://api.github.com/users/imamtom/followers",
            "following_url": "https://api.github.com/users/imamtom/following{/other_user}",
            "gists_url": "https://api.github.com/users/imamtom/gists{/gist_id}",
            "starred_url": "https://api.github.com/users/imamtom/starred{/owner}{/repo}",
            "subscriptions_url": "https://api.github.com/users/imamtom/subscriptions",
            "organizations_url": "https://api.github.com/users/imamtom/orgs",
            "repos_url": "https://api.github.com/users/imamtom/repos",
            "events_url": "https://api.github.com/users/imamtom/events{/privacy}",
            "received_events_url": "https://api.github.com/users/imamtom/received_events",
            "type": "User",
            "user_view_type": "public",
            "site_admin": false
        },
        "labels": [],
        "state": "closed",
        "locked": false,
        "assignee": null,
        "assignees": [],
        "milestone": null,
        "comments": 2,
        "created_at": "2022-08-24T13:54:03Z",
        "updated_at": "2022-08-24T14:21:02Z",
        "closed_at": "2022-08-24T14:21:02Z",
        "author_association": "NONE",
        "active_lock_reason": null,
        "sub_issues_summary": {
            "total": 0,
            "completed": 0,
            "percent_completed": 0
        },
        "body": "https://github.com/bladesteam/blades/blob/master/src/blades/aggregators/clustering.py",
        "closed_by": {
            "login": "lishenghui",
            "id": 56755658,
            "node_id": "MDQ6VXNlcjU2NzU1NjU4",
            "avatar_url": "https://avatars.githubusercontent.com/u/56755658?v=4",
            "gravatar_id": "",
            "url": "https://api.github.com/users/lishenghui",
            "html_url": "https://github.com/lishenghui",
            "followers_url": "https://api.github.com/users/lishenghui/followers",
            "following_url": "https://api.github.com/users/lishenghui/following{/other_user}",
            "gists_url": "https://api.github.com/users/lishenghui/gists{/gist_id}",
            "starred_url": "https://api.github.com/users/lishenghui/starred{/owner}{/repo}",
            "subscriptions_url": "https://api.github.com/users/lishenghui/subscriptions",
            "organizations_url": "https://api.github.com/users/lishenghui/orgs",
            "repos_url": "https://api.github.com/users/lishenghui/repos",
            "events_url": "https://api.github.com/users/lishenghui/events{/privacy}",
            "received_events_url": "https://api.github.com/users/lishenghui/received_events",
            "type": "User",
            "user_view_type": "public",
            "site_admin": false
        },
        "reactions": {
            "url": "https://api.github.com/repos/lishenghui/blades/issues/27/reactions",
            "total_count": 0,
            "+1": 0,
            "-1": 0,
            "laugh": 0,
            "hooray": 0,
            "confused": 0,
            "heart": 0,
            "rocket": 0,
            "eyes": 0
        },
        "timeline_url": "https://api.github.com/repos/lishenghui/blades/issues/27/timeline",
        "performed_via_github_app": null,
        "state_reason": "completed"
    },
    {
        "url": "https://api.github.com/repos/lishenghui/blades/issues/22",
        "repository_url": "https://api.github.com/repos/lishenghui/blades",
        "labels_url": "https://api.github.com/repos/lishenghui/blades/issues/22/labels{/name}",
        "comments_url": "https://api.github.com/repos/lishenghui/blades/issues/22/comments",
        "events_url": "https://api.github.com/repos/lishenghui/blades/issues/22/events",
        "html_url": "https://github.com/lishenghui/blades/issues/22",
        "id": 1320425401,
        "node_id": "I_kwDOHK75qc5OtBe5",
        "number": 22,
        "title": "How to change the number of clients, the \"num_clients\" parameter does not work\uff1f",
        "user": {
            "login": "niecf",
            "id": 48872082,
            "node_id": "MDQ6VXNlcjQ4ODcyMDgy",
            "avatar_url": "https://avatars.githubusercontent.com/u/48872082?v=4",
            "gravatar_id": "",
            "url": "https://api.github.com/users/niecf",
            "html_url": "https://github.com/niecf",
            "followers_url": "https://api.github.com/users/niecf/followers",
            "following_url": "https://api.github.com/users/niecf/following{/other_user}",
            "gists_url": "https://api.github.com/users/niecf/gists{/gist_id}",
            "starred_url": "https://api.github.com/users/niecf/starred{/owner}{/repo}",
            "subscriptions_url": "https://api.github.com/users/niecf/subscriptions",
            "organizations_url": "https://api.github.com/users/niecf/orgs",
            "repos_url": "https://api.github.com/users/niecf/repos",
            "events_url": "https://api.github.com/users/niecf/events{/privacy}",
            "received_events_url": "https://api.github.com/users/niecf/received_events",
            "type": "User",
            "user_view_type": "public",
            "site_admin": false
        },
        "labels": [],
        "state": "closed",
        "locked": false,
        "assignee": null,
        "assignees": [],
        "milestone": null,
        "comments": 3,
        "created_at": "2022-07-28T05:47:48Z",
        "updated_at": "2022-08-27T10:07:21Z",
        "closed_at": "2022-08-27T10:07:21Z",
        "author_association": "NONE",
        "active_lock_reason": null,
        "sub_issues_summary": {
            "total": 0,
            "completed": 0,
            "percent_completed": 0
        },
        "body": "Hello, your code helped me a lot, but I found a problem during my use: how to change the total number of clients. I set both the \"num_clients\" parameter when generating the dataset and specifying \"num_clients\" in \"aggregator_kws\" (I'm using krum), but they don't work, there are always only 10 clients. Please how can I solve this problem, thanks.",
        "closed_by": {
            "login": "lishenghui",
            "id": 56755658,
            "node_id": "MDQ6VXNlcjU2NzU1NjU4",
            "avatar_url": "https://avatars.githubusercontent.com/u/56755658?v=4",
            "gravatar_id": "",
            "url": "https://api.github.com/users/lishenghui",
            "html_url": "https://github.com/lishenghui",
            "followers_url": "https://api.github.com/users/lishenghui/followers",
            "following_url": "https://api.github.com/users/lishenghui/following{/other_user}",
            "gists_url": "https://api.github.com/users/lishenghui/gists{/gist_id}",
            "starred_url": "https://api.github.com/users/lishenghui/starred{/owner}{/repo}",
            "subscriptions_url": "https://api.github.com/users/lishenghui/subscriptions",
            "organizations_url": "https://api.github.com/users/lishenghui/orgs",
            "repos_url": "https://api.github.com/users/lishenghui/repos",
            "events_url": "https://api.github.com/users/lishenghui/events{/privacy}",
            "received_events_url": "https://api.github.com/users/lishenghui/received_events",
            "type": "User",
            "user_view_type": "public",
            "site_admin": false
        },
        "reactions": {
            "url": "https://api.github.com/repos/lishenghui/blades/issues/22/reactions",
            "total_count": 0,
            "+1": 0,
            "-1": 0,
            "laugh": 0,
            "hooray": 0,
            "confused": 0,
            "heart": 0,
            "rocket": 0,
            "eyes": 0
        },
        "timeline_url": "https://api.github.com/repos/lishenghui/blades/issues/22/timeline",
        "performed_via_github_app": null,
        "state_reason": "completed"
    },
    {
        "url": "https://api.github.com/repos/lishenghui/blades/issues/20",
        "repository_url": "https://api.github.com/repos/lishenghui/blades",
        "labels_url": "https://api.github.com/repos/lishenghui/blades/issues/20/labels{/name}",
        "comments_url": "https://api.github.com/repos/lishenghui/blades/issues/20/comments",
        "events_url": "https://api.github.com/repos/lishenghui/blades/issues/20/events",
        "html_url": "https://github.com/lishenghui/blades/issues/20",
        "id": 1316685936,
        "node_id": "I_kwDOHK75qc5Oewhw",
        "number": 20,
        "title": "Example for Custom Attacker?",
        "user": {
            "login": "gauenk",
            "id": 13396493,
            "node_id": "MDQ6VXNlcjEzMzk2NDkz",
            "avatar_url": "https://avatars.githubusercontent.com/u/13396493?v=4",
            "gravatar_id": "",
            "url": "https://api.github.com/users/gauenk",
            "html_url": "https://github.com/gauenk",
            "followers_url": "https://api.github.com/users/gauenk/followers",
            "following_url": "https://api.github.com/users/gauenk/following{/other_user}",
            "gists_url": "https://api.github.com/users/gauenk/gists{/gist_id}",
            "starred_url": "https://api.github.com/users/gauenk/starred{/owner}{/repo}",
            "subscriptions_url": "https://api.github.com/users/gauenk/subscriptions",
            "organizations_url": "https://api.github.com/users/gauenk/orgs",
            "repos_url": "https://api.github.com/users/gauenk/repos",
            "events_url": "https://api.github.com/users/gauenk/events{/privacy}",
            "received_events_url": "https://api.github.com/users/gauenk/received_events",
            "type": "User",
            "user_view_type": "public",
            "site_admin": false
        },
        "labels": [],
        "state": "closed",
        "locked": false,
        "assignee": null,
        "assignees": [],
        "milestone": null,
        "comments": 1,
        "created_at": "2022-07-25T11:25:59Z",
        "updated_at": "2022-08-02T14:02:19Z",
        "closed_at": "2022-08-02T14:02:19Z",
        "author_association": "NONE",
        "active_lock_reason": null,
        "sub_issues_summary": {
            "total": 0,
            "completed": 0,
            "percent_completed": 0
        },
        "body": "Would you mind helping me make a MWE for a custom attacker? I loved your code so far btw -- it is great. I think the custom aggregator seems easy -- I just pass in my aggregation object. I do not know how to add my own attack code though.\r\n\r\nEven if your attack example is super simple, say replacing all compromised gradients with zero, I would love to see an example in a single python file.\r\n\r\nThank you for considering!",
        "closed_by": {
            "login": "lishenghui",
            "id": 56755658,
            "node_id": "MDQ6VXNlcjU2NzU1NjU4",
            "avatar_url": "https://avatars.githubusercontent.com/u/56755658?v=4",
            "gravatar_id": "",
            "url": "https://api.github.com/users/lishenghui",
            "html_url": "https://github.com/lishenghui",
            "followers_url": "https://api.github.com/users/lishenghui/followers",
            "following_url": "https://api.github.com/users/lishenghui/following{/other_user}",
            "gists_url": "https://api.github.com/users/lishenghui/gists{/gist_id}",
            "starred_url": "https://api.github.com/users/lishenghui/starred{/owner}{/repo}",
            "subscriptions_url": "https://api.github.com/users/lishenghui/subscriptions",
            "organizations_url": "https://api.github.com/users/lishenghui/orgs",
            "repos_url": "https://api.github.com/users/lishenghui/repos",
            "events_url": "https://api.github.com/users/lishenghui/events{/privacy}",
            "received_events_url": "https://api.github.com/users/lishenghui/received_events",
            "type": "User",
            "user_view_type": "public",
            "site_admin": false
        },
        "reactions": {
            "url": "https://api.github.com/repos/lishenghui/blades/issues/20/reactions",
            "total_count": 0,
            "+1": 0,
            "-1": 0,
            "laugh": 0,
            "hooray": 0,
            "confused": 0,
            "heart": 0,
            "rocket": 0,
            "eyes": 0
        },
        "timeline_url": "https://api.github.com/repos/lishenghui/blades/issues/20/timeline",
        "performed_via_github_app": null,
        "state_reason": "completed"
    },
    {
        "url": "https://api.github.com/repos/lishenghui/blades/issues/16",
        "repository_url": "https://api.github.com/repos/lishenghui/blades",
        "labels_url": "https://api.github.com/repos/lishenghui/blades/issues/16/labels{/name}",
        "comments_url": "https://api.github.com/repos/lishenghui/blades/issues/16/comments",
        "events_url": "https://api.github.com/repos/lishenghui/blades/issues/16/events",
        "html_url": "https://github.com/lishenghui/blades/issues/16",
        "id": 1285145535,
        "node_id": "I_kwDOHK75qc5MmcO_",
        "number": 16,
        "title": "example/mnist_example.py ",
        "user": {
            "login": "mrsky007",
            "id": 56989210,
            "node_id": "MDQ6VXNlcjU2OTg5MjEw",
            "avatar_url": "https://avatars.githubusercontent.com/u/56989210?v=4",
            "gravatar_id": "",
            "url": "https://api.github.com/users/mrsky007",
            "html_url": "https://github.com/mrsky007",
            "followers_url": "https://api.github.com/users/mrsky007/followers",
            "following_url": "https://api.github.com/users/mrsky007/following{/other_user}",
            "gists_url": "https://api.github.com/users/mrsky007/gists{/gist_id}",
            "starred_url": "https://api.github.com/users/mrsky007/starred{/owner}{/repo}",
            "subscriptions_url": "https://api.github.com/users/mrsky007/subscriptions",
            "organizations_url": "https://api.github.com/users/mrsky007/orgs",
            "repos_url": "https://api.github.com/users/mrsky007/repos",
            "events_url": "https://api.github.com/users/mrsky007/events{/privacy}",
            "received_events_url": "https://api.github.com/users/mrsky007/received_events",
            "type": "User",
            "user_view_type": "public",
            "site_admin": false
        },
        "labels": [],
        "state": "closed",
        "locked": false,
        "assignee": null,
        "assignees": [],
        "milestone": null,
        "comments": 2,
        "created_at": "2022-06-27T02:29:26Z",
        "updated_at": "2022-08-02T14:01:12Z",
        "closed_at": "2022-08-02T14:01:12Z",
        "author_association": "NONE",
        "active_lock_reason": null,
        "sub_issues_summary": {
            "total": 0,
            "completed": 0,
            "percent_completed": 0
        },
        "body": "hi, i am running mnist_examples.py and confusized about the aggregation and attack strategy parameter settings. Both aggregator and attacker parameter have \"num_clients\" and \"num_byzantine\".  Should aggregation and attack strategy parameter set the same or there is other meaning i didn't figure out?\r\nAnd how can we set a aggregator parameter using no defence strategy which can make a compare about the result of using and not using defence strategy?",
        "closed_by": {
            "login": "lishenghui",
            "id": 56755658,
            "node_id": "MDQ6VXNlcjU2NzU1NjU4",
            "avatar_url": "https://avatars.githubusercontent.com/u/56755658?v=4",
            "gravatar_id": "",
            "url": "https://api.github.com/users/lishenghui",
            "html_url": "https://github.com/lishenghui",
            "followers_url": "https://api.github.com/users/lishenghui/followers",
            "following_url": "https://api.github.com/users/lishenghui/following{/other_user}",
            "gists_url": "https://api.github.com/users/lishenghui/gists{/gist_id}",
            "starred_url": "https://api.github.com/users/lishenghui/starred{/owner}{/repo}",
            "subscriptions_url": "https://api.github.com/users/lishenghui/subscriptions",
            "organizations_url": "https://api.github.com/users/lishenghui/orgs",
            "repos_url": "https://api.github.com/users/lishenghui/repos",
            "events_url": "https://api.github.com/users/lishenghui/events{/privacy}",
            "received_events_url": "https://api.github.com/users/lishenghui/received_events",
            "type": "User",
            "user_view_type": "public",
            "site_admin": false
        },
        "reactions": {
            "url": "https://api.github.com/repos/lishenghui/blades/issues/16/reactions",
            "total_count": 0,
            "+1": 0,
            "-1": 0,
            "laugh": 0,
            "hooray": 0,
            "confused": 0,
            "heart": 0,
            "rocket": 0,
            "eyes": 0
        },
        "timeline_url": "https://api.github.com/repos/lishenghui/blades/issues/16/timeline",
        "performed_via_github_app": null,
        "state_reason": "completed"
    },
    {
        "url": "https://api.github.com/repos/lishenghui/blades/issues/15",
        "repository_url": "https://api.github.com/repos/lishenghui/blades",
        "labels_url": "https://api.github.com/repos/lishenghui/blades/issues/15/labels{/name}",
        "comments_url": "https://api.github.com/repos/lishenghui/blades/issues/15/comments",
        "events_url": "https://api.github.com/repos/lishenghui/blades/issues/15/events",
        "html_url": "https://github.com/lishenghui/blades/issues/15",
        "id": 1276871409,
        "node_id": "I_kwDOHK75qc5MG4Lx",
        "number": 15,
        "title": "Thanks for this AWESMOE platform",
        "user": {
            "login": "imamtom",
            "id": 35050208,
            "node_id": "MDQ6VXNlcjM1MDUwMjA4",
            "avatar_url": "https://avatars.githubusercontent.com/u/35050208?v=4",
            "gravatar_id": "",
            "url": "https://api.github.com/users/imamtom",
            "html_url": "https://github.com/imamtom",
            "followers_url": "https://api.github.com/users/imamtom/followers",
            "following_url": "https://api.github.com/users/imamtom/following{/other_user}",
            "gists_url": "https://api.github.com/users/imamtom/gists{/gist_id}",
            "starred_url": "https://api.github.com/users/imamtom/starred{/owner}{/repo}",
            "subscriptions_url": "https://api.github.com/users/imamtom/subscriptions",
            "organizations_url": "https://api.github.com/users/imamtom/orgs",
            "repos_url": "https://api.github.com/users/imamtom/repos",
            "events_url": "https://api.github.com/users/imamtom/events{/privacy}",
            "received_events_url": "https://api.github.com/users/imamtom/received_events",
            "type": "User",
            "user_view_type": "public",
            "site_admin": false
        },
        "labels": [],
        "state": "closed",
        "locked": false,
        "assignee": null,
        "assignees": [],
        "milestone": null,
        "comments": 1,
        "created_at": "2022-06-20T12:42:22Z",
        "updated_at": "2022-06-21T23:34:10Z",
        "closed_at": "2022-06-21T23:34:10Z",
        "author_association": "NONE",
        "active_lock_reason": null,
        "sub_issues_summary": {
            "total": 0,
            "completed": 0,
            "percent_completed": 0
        },
        "body": "Love from xdu",
        "closed_by": {
            "login": "lishenghui",
            "id": 56755658,
            "node_id": "MDQ6VXNlcjU2NzU1NjU4",
            "avatar_url": "https://avatars.githubusercontent.com/u/56755658?v=4",
            "gravatar_id": "",
            "url": "https://api.github.com/users/lishenghui",
            "html_url": "https://github.com/lishenghui",
            "followers_url": "https://api.github.com/users/lishenghui/followers",
            "following_url": "https://api.github.com/users/lishenghui/following{/other_user}",
            "gists_url": "https://api.github.com/users/lishenghui/gists{/gist_id}",
            "starred_url": "https://api.github.com/users/lishenghui/starred{/owner}{/repo}",
            "subscriptions_url": "https://api.github.com/users/lishenghui/subscriptions",
            "organizations_url": "https://api.github.com/users/lishenghui/orgs",
            "repos_url": "https://api.github.com/users/lishenghui/repos",
            "events_url": "https://api.github.com/users/lishenghui/events{/privacy}",
            "received_events_url": "https://api.github.com/users/lishenghui/received_events",
            "type": "User",
            "user_view_type": "public",
            "site_admin": false
        },
        "reactions": {
            "url": "https://api.github.com/repos/lishenghui/blades/issues/15/reactions",
            "total_count": 0,
            "+1": 0,
            "-1": 0,
            "laugh": 0,
            "hooray": 0,
            "confused": 0,
            "heart": 0,
            "rocket": 0,
            "eyes": 0
        },
        "timeline_url": "https://api.github.com/repos/lishenghui/blades/issues/15/timeline",
        "performed_via_github_app": null,
        "state_reason": "completed"
    },
    {
        "url": "https://api.github.com/repos/lishenghui/blades/issues/14",
        "repository_url": "https://api.github.com/repos/lishenghui/blades",
        "labels_url": "https://api.github.com/repos/lishenghui/blades/issues/14/labels{/name}",
        "comments_url": "https://api.github.com/repos/lishenghui/blades/issues/14/comments",
        "events_url": "https://api.github.com/repos/lishenghui/blades/issues/14/events",
        "html_url": "https://github.com/lishenghui/blades/issues/14",
        "id": 1270668309,
        "node_id": "I_kwDOHK75qc5LvNwV",
        "number": 14,
        "title": "[Feature] Support for configuration file",
        "user": {
            "login": "li-ju666",
            "id": 55688441,
            "node_id": "MDQ6VXNlcjU1Njg4NDQx",
            "avatar_url": "https://avatars.githubusercontent.com/u/55688441?v=4",
            "gravatar_id": "",
            "url": "https://api.github.com/users/li-ju666",
            "html_url": "https://github.com/li-ju666",
            "followers_url": "https://api.github.com/users/li-ju666/followers",
            "following_url": "https://api.github.com/users/li-ju666/following{/other_user}",
            "gists_url": "https://api.github.com/users/li-ju666/gists{/gist_id}",
            "starred_url": "https://api.github.com/users/li-ju666/starred{/owner}{/repo}",
            "subscriptions_url": "https://api.github.com/users/li-ju666/subscriptions",
            "organizations_url": "https://api.github.com/users/li-ju666/orgs",
            "repos_url": "https://api.github.com/users/li-ju666/repos",
            "events_url": "https://api.github.com/users/li-ju666/events{/privacy}",
            "received_events_url": "https://api.github.com/users/li-ju666/received_events",
            "type": "User",
            "user_view_type": "public",
            "site_admin": false
        },
        "labels": [],
        "state": "closed",
        "locked": false,
        "assignee": null,
        "assignees": [],
        "milestone": null,
        "comments": 0,
        "created_at": "2022-06-14T11:35:59Z",
        "updated_at": "2022-10-06T21:03:02Z",
        "closed_at": "2022-10-06T21:03:02Z",
        "author_association": "COLLABORATOR",
        "active_lock_reason": null,
        "sub_issues_summary": {
            "total": 0,
            "completed": 0,
            "percent_completed": 0
        },
        "body": "[New feature]\r\nSupport for configuration files for simulations",
        "closed_by": {
            "login": "lishenghui",
            "id": 56755658,
            "node_id": "MDQ6VXNlcjU2NzU1NjU4",
            "avatar_url": "https://avatars.githubusercontent.com/u/56755658?v=4",
            "gravatar_id": "",
            "url": "https://api.github.com/users/lishenghui",
            "html_url": "https://github.com/lishenghui",
            "followers_url": "https://api.github.com/users/lishenghui/followers",
            "following_url": "https://api.github.com/users/lishenghui/following{/other_user}",
            "gists_url": "https://api.github.com/users/lishenghui/gists{/gist_id}",
            "starred_url": "https://api.github.com/users/lishenghui/starred{/owner}{/repo}",
            "subscriptions_url": "https://api.github.com/users/lishenghui/subscriptions",
            "organizations_url": "https://api.github.com/users/lishenghui/orgs",
            "repos_url": "https://api.github.com/users/lishenghui/repos",
            "events_url": "https://api.github.com/users/lishenghui/events{/privacy}",
            "received_events_url": "https://api.github.com/users/lishenghui/received_events",
            "type": "User",
            "user_view_type": "public",
            "site_admin": false
        },
        "reactions": {
            "url": "https://api.github.com/repos/lishenghui/blades/issues/14/reactions",
            "total_count": 0,
            "+1": 0,
            "-1": 0,
            "laugh": 0,
            "hooray": 0,
            "confused": 0,
            "heart": 0,
            "rocket": 0,
            "eyes": 0
        },
        "timeline_url": "https://api.github.com/repos/lishenghui/blades/issues/14/timeline",
        "performed_via_github_app": null,
        "state_reason": "completed"
    }
]