[
    {
        "url": "https://api.github.com/repos/litian96/fair_flearn/issues/20",
        "repository_url": "https://api.github.com/repos/litian96/fair_flearn",
        "labels_url": "https://api.github.com/repos/litian96/fair_flearn/issues/20/labels{/name}",
        "comments_url": "https://api.github.com/repos/litian96/fair_flearn/issues/20/comments",
        "events_url": "https://api.github.com/repos/litian96/fair_flearn/issues/20/events",
        "html_url": "https://github.com/litian96/fair_flearn/issues/20",
        "id": 1466430980,
        "node_id": "I_kwDOCzmVCc5XZ_YE",
        "number": 20,
        "title": "the experiment (1) output files is empty",
        "user": {
            "login": "Sensorjang",
            "id": 68176949,
            "node_id": "MDQ6VXNlcjY4MTc2OTQ5",
            "avatar_url": "https://avatars.githubusercontent.com/u/68176949?v=4",
            "gravatar_id": "",
            "url": "https://api.github.com/users/Sensorjang",
            "html_url": "https://github.com/Sensorjang",
            "followers_url": "https://api.github.com/users/Sensorjang/followers",
            "following_url": "https://api.github.com/users/Sensorjang/following{/other_user}",
            "gists_url": "https://api.github.com/users/Sensorjang/gists{/gist_id}",
            "starred_url": "https://api.github.com/users/Sensorjang/starred{/owner}{/repo}",
            "subscriptions_url": "https://api.github.com/users/Sensorjang/subscriptions",
            "organizations_url": "https://api.github.com/users/Sensorjang/orgs",
            "repos_url": "https://api.github.com/users/Sensorjang/repos",
            "events_url": "https://api.github.com/users/Sensorjang/events{/privacy}",
            "received_events_url": "https://api.github.com/users/Sensorjang/received_events",
            "type": "User",
            "user_view_type": "public",
            "site_admin": false
        },
        "labels": [],
        "state": "closed",
        "locked": false,
        "assignee": null,
        "assignees": [],
        "milestone": null,
        "comments": 1,
        "created_at": "2022-11-28T13:28:25Z",
        "updated_at": "2022-11-30T08:59:25Z",
        "closed_at": "2022-11-30T08:59:25Z",
        "author_association": "NONE",
        "active_lock_reason": null,
        "sub_issues_summary": {
            "total": 0,
            "completed": 0,
            "percent_completed": 0
        },
        "body": "Hello, thanks for sharing your wonderful codes.\r\nMy host is based on Windows system. I try to reproduce the experiment by using the README file in your code **experiment : (1) Experiences to verify the fairness of the q-FFL objective, and compare with uniform sampling schemes**. However, after I execute the **run.sh** file, **the output is empty**. I checked my execution steps and found no problem at present. I hope you can confirm the cause of the problem for me.\r\nThanks again!\r\n\r\n![fig2](https://s1.ax1x.com/2022/11/28/za2k9J.png)\r\n\r\nThe names of the output files are: fedavg_uniform_run1\u3001ffedavg_run1_q0\u3001ffedavg_run1_q5\r\nSee the figure below:\r\n\r\n![fig1](https://s1.ax1x.com/2022/11/28/za2A39.png)",
        "closed_by": {
            "login": "Sensorjang",
            "id": 68176949,
            "node_id": "MDQ6VXNlcjY4MTc2OTQ5",
            "avatar_url": "https://avatars.githubusercontent.com/u/68176949?v=4",
            "gravatar_id": "",
            "url": "https://api.github.com/users/Sensorjang",
            "html_url": "https://github.com/Sensorjang",
            "followers_url": "https://api.github.com/users/Sensorjang/followers",
            "following_url": "https://api.github.com/users/Sensorjang/following{/other_user}",
            "gists_url": "https://api.github.com/users/Sensorjang/gists{/gist_id}",
            "starred_url": "https://api.github.com/users/Sensorjang/starred{/owner}{/repo}",
            "subscriptions_url": "https://api.github.com/users/Sensorjang/subscriptions",
            "organizations_url": "https://api.github.com/users/Sensorjang/orgs",
            "repos_url": "https://api.github.com/users/Sensorjang/repos",
            "events_url": "https://api.github.com/users/Sensorjang/events{/privacy}",
            "received_events_url": "https://api.github.com/users/Sensorjang/received_events",
            "type": "User",
            "user_view_type": "public",
            "site_admin": false
        },
        "reactions": {
            "url": "https://api.github.com/repos/litian96/fair_flearn/issues/20/reactions",
            "total_count": 1,
            "+1": 0,
            "-1": 0,
            "laugh": 0,
            "hooray": 0,
            "confused": 0,
            "heart": 1,
            "rocket": 0,
            "eyes": 0
        },
        "timeline_url": "https://api.github.com/repos/litian96/fair_flearn/issues/20/timeline",
        "performed_via_github_app": null,
        "state_reason": "completed"
    },
    {
        "url": "https://api.github.com/repos/litian96/fair_flearn/issues/15",
        "repository_url": "https://api.github.com/repos/litian96/fair_flearn",
        "labels_url": "https://api.github.com/repos/litian96/fair_flearn/issues/15/labels{/name}",
        "comments_url": "https://api.github.com/repos/litian96/fair_flearn/issues/15/comments",
        "events_url": "https://api.github.com/repos/litian96/fair_flearn/issues/15/events",
        "html_url": "https://github.com/litian96/fair_flearn/issues/15",
        "id": 1109102459,
        "node_id": "I_kwDOCzmVCc5CG497",
        "number": 15,
        "title": "An question about AFL algorithm",
        "user": {
            "login": "Zhg9300",
            "id": 90047908,
            "node_id": "MDQ6VXNlcjkwMDQ3OTA4",
            "avatar_url": "https://avatars.githubusercontent.com/u/90047908?v=4",
            "gravatar_id": "",
            "url": "https://api.github.com/users/Zhg9300",
            "html_url": "https://github.com/Zhg9300",
            "followers_url": "https://api.github.com/users/Zhg9300/followers",
            "following_url": "https://api.github.com/users/Zhg9300/following{/other_user}",
            "gists_url": "https://api.github.com/users/Zhg9300/gists{/gist_id}",
            "starred_url": "https://api.github.com/users/Zhg9300/starred{/owner}{/repo}",
            "subscriptions_url": "https://api.github.com/users/Zhg9300/subscriptions",
            "organizations_url": "https://api.github.com/users/Zhg9300/orgs",
            "repos_url": "https://api.github.com/users/Zhg9300/repos",
            "events_url": "https://api.github.com/users/Zhg9300/events{/privacy}",
            "received_events_url": "https://api.github.com/users/Zhg9300/received_events",
            "type": "User",
            "user_view_type": "public",
            "site_admin": false
        },
        "labels": [],
        "state": "open",
        "locked": false,
        "assignee": null,
        "assignees": [],
        "milestone": null,
        "comments": 0,
        "created_at": "2022-01-20T10:07:07Z",
        "updated_at": "2022-01-20T10:07:07Z",
        "closed_at": null,
        "author_association": "NONE",
        "active_lock_reason": null,
        "sub_issues_summary": {
            "total": 0,
            "completed": 0,
            "percent_completed": 0
        },
        "body": "Hello, thanks for sharing your wonderful codes.\r\nRecently I\u2019m trying to reproduce the results in the paper FAIRRESOURCEALLOCATION INFEDERATED LEARNING. While plotting the right figure on Figure 9(q-FFL is more efficient than AFL), I failed to get a similar plot as given. No matter how I tune the parameters, the lowest accuracy among all devices remains nearly 20% for AFL algorithm even after 80 rounds of training. Could you please tell me how to set the two parameters $\\gamma_w$ and $\\gamma_\\lambda$ ?",
        "closed_by": null,
        "reactions": {
            "url": "https://api.github.com/repos/litian96/fair_flearn/issues/15/reactions",
            "total_count": 0,
            "+1": 0,
            "-1": 0,
            "laugh": 0,
            "hooray": 0,
            "confused": 0,
            "heart": 0,
            "rocket": 0,
            "eyes": 0
        },
        "timeline_url": "https://api.github.com/repos/litian96/fair_flearn/issues/15/timeline",
        "performed_via_github_app": null,
        "state_reason": null
    },
    {
        "url": "https://api.github.com/repos/litian96/fair_flearn/issues/13",
        "repository_url": "https://api.github.com/repos/litian96/fair_flearn",
        "labels_url": "https://api.github.com/repos/litian96/fair_flearn/issues/13/labels{/name}",
        "comments_url": "https://api.github.com/repos/litian96/fair_flearn/issues/13/comments",
        "events_url": "https://api.github.com/repos/litian96/fair_flearn/issues/13/events",
        "html_url": "https://github.com/litian96/fair_flearn/issues/13",
        "id": 879309713,
        "node_id": "MDU6SXNzdWU4NzkzMDk3MTM=",
        "number": 13,
        "title": "qffedavg.py doesn't match with Alg 2. ",
        "user": {
            "login": "omarfoq",
            "id": 42912620,
            "node_id": "MDQ6VXNlcjQyOTEyNjIw",
            "avatar_url": "https://avatars.githubusercontent.com/u/42912620?v=4",
            "gravatar_id": "",
            "url": "https://api.github.com/users/omarfoq",
            "html_url": "https://github.com/omarfoq",
            "followers_url": "https://api.github.com/users/omarfoq/followers",
            "following_url": "https://api.github.com/users/omarfoq/following{/other_user}",
            "gists_url": "https://api.github.com/users/omarfoq/gists{/gist_id}",
            "starred_url": "https://api.github.com/users/omarfoq/starred{/owner}{/repo}",
            "subscriptions_url": "https://api.github.com/users/omarfoq/subscriptions",
            "organizations_url": "https://api.github.com/users/omarfoq/orgs",
            "repos_url": "https://api.github.com/users/omarfoq/repos",
            "events_url": "https://api.github.com/users/omarfoq/events{/privacy}",
            "received_events_url": "https://api.github.com/users/omarfoq/received_events",
            "type": "User",
            "user_view_type": "public",
            "site_admin": false
        },
        "labels": [],
        "state": "closed",
        "locked": false,
        "assignee": null,
        "assignees": [],
        "milestone": null,
        "comments": 1,
        "created_at": "2021-05-07T16:26:45Z",
        "updated_at": "2021-05-07T20:02:12Z",
        "closed_at": "2021-05-07T20:02:12Z",
        "author_association": "NONE",
        "active_lock_reason": null,
        "sub_issues_summary": {
            "total": 0,
            "completed": 0,
            "percent_completed": 0
        },
        "body": "Hello,\r\n\r\nI am not sure about this, but it seems that Alg. 2 (In [the paper](https://openreview.net/pdf?id=ByexElSYDr)) does not match exactly the implementation in `[flearn/trainers/qffedavg.py](https://github.com/litian96/fair_flearn/blob/master/flearn/trainers/qffedavg.py)`. Specifically, in Line 62 you have\r\n\r\n`hs.append(self.q * np.float_power(loss+1e-10, (self.q-1)) * norm_grad(grads) + (1.0/self.learning_rate) * np.float_power(loss+1e-10, self.q))` \r\n\r\nWhile Alg. 2 suggests that you should have\r\n\r\n`hs.append(self.q * np.float_power(loss+1e-10, (self.q-1)) * np.power(norm_grad(grads), 2) + (1.0/self.learning_rate) * np.float_power(loss+1e-10, self.q))` \r\n\r\n\r\n",
        "closed_by": {
            "login": "omarfoq",
            "id": 42912620,
            "node_id": "MDQ6VXNlcjQyOTEyNjIw",
            "avatar_url": "https://avatars.githubusercontent.com/u/42912620?v=4",
            "gravatar_id": "",
            "url": "https://api.github.com/users/omarfoq",
            "html_url": "https://github.com/omarfoq",
            "followers_url": "https://api.github.com/users/omarfoq/followers",
            "following_url": "https://api.github.com/users/omarfoq/following{/other_user}",
            "gists_url": "https://api.github.com/users/omarfoq/gists{/gist_id}",
            "starred_url": "https://api.github.com/users/omarfoq/starred{/owner}{/repo}",
            "subscriptions_url": "https://api.github.com/users/omarfoq/subscriptions",
            "organizations_url": "https://api.github.com/users/omarfoq/orgs",
            "repos_url": "https://api.github.com/users/omarfoq/repos",
            "events_url": "https://api.github.com/users/omarfoq/events{/privacy}",
            "received_events_url": "https://api.github.com/users/omarfoq/received_events",
            "type": "User",
            "user_view_type": "public",
            "site_admin": false
        },
        "reactions": {
            "url": "https://api.github.com/repos/litian96/fair_flearn/issues/13/reactions",
            "total_count": 0,
            "+1": 0,
            "-1": 0,
            "laugh": 0,
            "hooray": 0,
            "confused": 0,
            "heart": 0,
            "rocket": 0,
            "eyes": 0
        },
        "timeline_url": "https://api.github.com/repos/litian96/fair_flearn/issues/13/timeline",
        "performed_via_github_app": null,
        "state_reason": "completed"
    },
    {
        "url": "https://api.github.com/repos/litian96/fair_flearn/issues/10",
        "repository_url": "https://api.github.com/repos/litian96/fair_flearn",
        "labels_url": "https://api.github.com/repos/litian96/fair_flearn/issues/10/labels{/name}",
        "comments_url": "https://api.github.com/repos/litian96/fair_flearn/issues/10/comments",
        "events_url": "https://api.github.com/repos/litian96/fair_flearn/issues/10/events",
        "html_url": "https://github.com/litian96/fair_flearn/issues/10",
        "id": 739818658,
        "node_id": "MDU6SXNzdWU3Mzk4MTg2NTg=",
        "number": 10,
        "title": "An issue about the function flearn.utils.model_utils.project",
        "user": {
            "login": "WwZzz",
            "id": 20792079,
            "node_id": "MDQ6VXNlcjIwNzkyMDc5",
            "avatar_url": "https://avatars.githubusercontent.com/u/20792079?v=4",
            "gravatar_id": "",
            "url": "https://api.github.com/users/WwZzz",
            "html_url": "https://github.com/WwZzz",
            "followers_url": "https://api.github.com/users/WwZzz/followers",
            "following_url": "https://api.github.com/users/WwZzz/following{/other_user}",
            "gists_url": "https://api.github.com/users/WwZzz/gists{/gist_id}",
            "starred_url": "https://api.github.com/users/WwZzz/starred{/owner}{/repo}",
            "subscriptions_url": "https://api.github.com/users/WwZzz/subscriptions",
            "organizations_url": "https://api.github.com/users/WwZzz/orgs",
            "repos_url": "https://api.github.com/users/WwZzz/repos",
            "events_url": "https://api.github.com/users/WwZzz/events{/privacy}",
            "received_events_url": "https://api.github.com/users/WwZzz/received_events",
            "type": "User",
            "user_view_type": "public",
            "site_admin": false
        },
        "labels": [],
        "state": "closed",
        "locked": false,
        "assignee": null,
        "assignees": [],
        "milestone": null,
        "comments": 1,
        "created_at": "2020-11-10T11:15:27Z",
        "updated_at": "2020-11-10T15:36:23Z",
        "closed_at": "2020-11-10T15:36:23Z",
        "author_association": "NONE",
        "active_lock_reason": null,
        "sub_issues_summary": {
            "total": 0,
            "completed": 0,
            "percent_completed": 0
        },
        "body": "Dear author, sorry for bothering you again.\r\nWhen I use optimizer 'afl', I notice the function 'flearn.utils.model_utils.project' sometimes returns a result not in the probability simplex. \r\n![image](https://user-images.githubusercontent.com/20792079/98665176-45e29880-2386-11eb-96dd-1e2610e25380.png)\r\n![image](https://user-images.githubusercontent.com/20792079/98665187-4bd87980-2386-11eb-92c8-3416eb763e07.png)\r\nThen I read the article \"Projection onto the probability simplex: An efficient algorithm with a simple proof, and an application\" and compare the algorithm with your code.  I think 'np.asarray(u)[:i]' should be replaced by 'np.asarray(u)[:i+1]' in the red line.  \r\n![image](https://user-images.githubusercontent.com/20792079/98665528-c3a6a400-2386-11eb-8a50-cdbc1d95fb76.png)\r\n![image](https://user-images.githubusercontent.com/20792079/98665480-b1c50100-2386-11eb-869e-dd62f0b7701f.png)\r\nAnd after this change, it projects a result in the probability simplex. \r\n![image](https://user-images.githubusercontent.com/20792079/98666873-96f38c00-2388-11eb-87f8-8816775113cf.png)\r\n![image](https://user-images.githubusercontent.com/20792079/98666570-2ba9ba00-2388-11eb-8679-d57b999a2765.png)\r\n",
        "closed_by": {
            "login": "WwZzz",
            "id": 20792079,
            "node_id": "MDQ6VXNlcjIwNzkyMDc5",
            "avatar_url": "https://avatars.githubusercontent.com/u/20792079?v=4",
            "gravatar_id": "",
            "url": "https://api.github.com/users/WwZzz",
            "html_url": "https://github.com/WwZzz",
            "followers_url": "https://api.github.com/users/WwZzz/followers",
            "following_url": "https://api.github.com/users/WwZzz/following{/other_user}",
            "gists_url": "https://api.github.com/users/WwZzz/gists{/gist_id}",
            "starred_url": "https://api.github.com/users/WwZzz/starred{/owner}{/repo}",
            "subscriptions_url": "https://api.github.com/users/WwZzz/subscriptions",
            "organizations_url": "https://api.github.com/users/WwZzz/orgs",
            "repos_url": "https://api.github.com/users/WwZzz/repos",
            "events_url": "https://api.github.com/users/WwZzz/events{/privacy}",
            "received_events_url": "https://api.github.com/users/WwZzz/received_events",
            "type": "User",
            "user_view_type": "public",
            "site_admin": false
        },
        "reactions": {
            "url": "https://api.github.com/repos/litian96/fair_flearn/issues/10/reactions",
            "total_count": 0,
            "+1": 0,
            "-1": 0,
            "laugh": 0,
            "hooray": 0,
            "confused": 0,
            "heart": 0,
            "rocket": 0,
            "eyes": 0
        },
        "timeline_url": "https://api.github.com/repos/litian96/fair_flearn/issues/10/timeline",
        "performed_via_github_app": null,
        "state_reason": "completed"
    },
    {
        "url": "https://api.github.com/repos/litian96/fair_flearn/issues/9",
        "repository_url": "https://api.github.com/repos/litian96/fair_flearn",
        "labels_url": "https://api.github.com/repos/litian96/fair_flearn/issues/9/labels{/name}",
        "comments_url": "https://api.github.com/repos/litian96/fair_flearn/issues/9/comments",
        "events_url": "https://api.github.com/repos/litian96/fair_flearn/issues/9/events",
        "html_url": "https://github.com/litian96/fair_flearn/issues/9",
        "id": 739609222,
        "node_id": "MDU6SXNzdWU3Mzk2MDkyMjI=",
        "number": 9,
        "title": "Why the argument 'replacement' is set False as default when sampling? ",
        "user": {
            "login": "WwZzz",
            "id": 20792079,
            "node_id": "MDQ6VXNlcjIwNzkyMDc5",
            "avatar_url": "https://avatars.githubusercontent.com/u/20792079?v=4",
            "gravatar_id": "",
            "url": "https://api.github.com/users/WwZzz",
            "html_url": "https://github.com/WwZzz",
            "followers_url": "https://api.github.com/users/WwZzz/followers",
            "following_url": "https://api.github.com/users/WwZzz/following{/other_user}",
            "gists_url": "https://api.github.com/users/WwZzz/gists{/gist_id}",
            "starred_url": "https://api.github.com/users/WwZzz/starred{/owner}{/repo}",
            "subscriptions_url": "https://api.github.com/users/WwZzz/subscriptions",
            "organizations_url": "https://api.github.com/users/WwZzz/orgs",
            "repos_url": "https://api.github.com/users/WwZzz/repos",
            "events_url": "https://api.github.com/users/WwZzz/events{/privacy}",
            "received_events_url": "https://api.github.com/users/WwZzz/received_events",
            "type": "User",
            "user_view_type": "public",
            "site_admin": false
        },
        "labels": [],
        "state": "closed",
        "locked": false,
        "assignee": null,
        "assignees": [],
        "milestone": null,
        "comments": 2,
        "created_at": "2020-11-10T06:02:58Z",
        "updated_at": "2020-11-10T07:59:05Z",
        "closed_at": "2020-11-10T07:59:05Z",
        "author_association": "NONE",
        "active_lock_reason": null,
        "sub_issues_summary": {
            "total": 0,
            "completed": 0,
            "percent_completed": 0
        },
        "body": "Dear author, thanks for sharing your wonderful codes.\r\nI'm curious about the reason why the argument 'replacement' is set 'False' as default when sampling clients with proportion pk. And I've noticed that this item is usually set 'True' in other papers, like \u201cFEDERATED LEARNING\u2019S BLESSING: FEDAVG HAS LINEAR SPEEDUP\" and \"On the convergence of Fedavg on non-i.i.d. data\u201d.\r\n![image](https://user-images.githubusercontent.com/20792079/98634239-eb354680-235d-11eb-9755-8ff33942473a.png)\r\n![image](https://user-images.githubusercontent.com/20792079/98634210-d9ec3a00-235d-11eb-8076-a8979293eca0.png)\r\n I want to know whether it matters in experiments.\r\n",
        "closed_by": {
            "login": "WwZzz",
            "id": 20792079,
            "node_id": "MDQ6VXNlcjIwNzkyMDc5",
            "avatar_url": "https://avatars.githubusercontent.com/u/20792079?v=4",
            "gravatar_id": "",
            "url": "https://api.github.com/users/WwZzz",
            "html_url": "https://github.com/WwZzz",
            "followers_url": "https://api.github.com/users/WwZzz/followers",
            "following_url": "https://api.github.com/users/WwZzz/following{/other_user}",
            "gists_url": "https://api.github.com/users/WwZzz/gists{/gist_id}",
            "starred_url": "https://api.github.com/users/WwZzz/starred{/owner}{/repo}",
            "subscriptions_url": "https://api.github.com/users/WwZzz/subscriptions",
            "organizations_url": "https://api.github.com/users/WwZzz/orgs",
            "repos_url": "https://api.github.com/users/WwZzz/repos",
            "events_url": "https://api.github.com/users/WwZzz/events{/privacy}",
            "received_events_url": "https://api.github.com/users/WwZzz/received_events",
            "type": "User",
            "user_view_type": "public",
            "site_admin": false
        },
        "reactions": {
            "url": "https://api.github.com/repos/litian96/fair_flearn/issues/9/reactions",
            "total_count": 0,
            "+1": 0,
            "-1": 0,
            "laugh": 0,
            "hooray": 0,
            "confused": 0,
            "heart": 0,
            "rocket": 0,
            "eyes": 0
        },
        "timeline_url": "https://api.github.com/repos/litian96/fair_flearn/issues/9/timeline",
        "performed_via_github_app": null,
        "state_reason": "completed"
    },
    {
        "url": "https://api.github.com/repos/litian96/fair_flearn/issues/6",
        "repository_url": "https://api.github.com/repos/litian96/fair_flearn",
        "labels_url": "https://api.github.com/repos/litian96/fair_flearn/issues/6/labels{/name}",
        "comments_url": "https://api.github.com/repos/litian96/fair_flearn/issues/6/comments",
        "events_url": "https://api.github.com/repos/litian96/fair_flearn/issues/6/events",
        "html_url": "https://github.com/litian96/fair_flearn/issues/6",
        "id": 655047750,
        "node_id": "MDU6SXNzdWU2NTUwNDc3NTA=",
        "number": 6,
        "title": "Theoretical analysis of q-FFL",
        "user": {
            "login": "Abida16",
            "id": 18519982,
            "node_id": "MDQ6VXNlcjE4NTE5OTgy",
            "avatar_url": "https://avatars.githubusercontent.com/u/18519982?v=4",
            "gravatar_id": "",
            "url": "https://api.github.com/users/Abida16",
            "html_url": "https://github.com/Abida16",
            "followers_url": "https://api.github.com/users/Abida16/followers",
            "following_url": "https://api.github.com/users/Abida16/following{/other_user}",
            "gists_url": "https://api.github.com/users/Abida16/gists{/gist_id}",
            "starred_url": "https://api.github.com/users/Abida16/starred{/owner}{/repo}",
            "subscriptions_url": "https://api.github.com/users/Abida16/subscriptions",
            "organizations_url": "https://api.github.com/users/Abida16/orgs",
            "repos_url": "https://api.github.com/users/Abida16/repos",
            "events_url": "https://api.github.com/users/Abida16/events{/privacy}",
            "received_events_url": "https://api.github.com/users/Abida16/received_events",
            "type": "User",
            "user_view_type": "public",
            "site_admin": false
        },
        "labels": [],
        "state": "closed",
        "locked": false,
        "assignee": null,
        "assignees": [],
        "milestone": null,
        "comments": 3,
        "created_at": "2020-07-10T21:33:20Z",
        "updated_at": "2020-07-11T15:07:24Z",
        "closed_at": "2020-07-11T15:07:24Z",
        "author_association": "NONE",
        "active_lock_reason": null,
        "sub_issues_summary": {
            "total": 0,
            "completed": 0,
            "percent_completed": 0
        },
        "body": "Dear author\r\nI have a question on the theoretical analysis of q-FFL that I may not be understanding due to a lack of my knowledge. In first equation in the proof of lemma 7, can you explain the inequality? I mean how does this hold if I cancel out the identical terms from both sides. We may look into the attachment for the clarification of my question.  \r\n![Screen Shot 2020-07-10 at 4 11 36 PM](https://user-images.githubusercontent.com/18519982/87204555-c0ad8100-c2ca-11ea-988b-7578989c7ad8.png)\r\n\r\nAlso the same question for lemma 8. How does inequality hold in the marked section of the image? To me it seems like it contradicts the inequality condition of lemma 7.\r\n![Screen Shot 2020-07-10 at 4 11 55 PM](https://user-images.githubusercontent.com/18519982/87204681-066a4980-c2cb-11ea-806c-70c516df673e.png)\r\n \r\n",
        "closed_by": {
            "login": "Abida16",
            "id": 18519982,
            "node_id": "MDQ6VXNlcjE4NTE5OTgy",
            "avatar_url": "https://avatars.githubusercontent.com/u/18519982?v=4",
            "gravatar_id": "",
            "url": "https://api.github.com/users/Abida16",
            "html_url": "https://github.com/Abida16",
            "followers_url": "https://api.github.com/users/Abida16/followers",
            "following_url": "https://api.github.com/users/Abida16/following{/other_user}",
            "gists_url": "https://api.github.com/users/Abida16/gists{/gist_id}",
            "starred_url": "https://api.github.com/users/Abida16/starred{/owner}{/repo}",
            "subscriptions_url": "https://api.github.com/users/Abida16/subscriptions",
            "organizations_url": "https://api.github.com/users/Abida16/orgs",
            "repos_url": "https://api.github.com/users/Abida16/repos",
            "events_url": "https://api.github.com/users/Abida16/events{/privacy}",
            "received_events_url": "https://api.github.com/users/Abida16/received_events",
            "type": "User",
            "user_view_type": "public",
            "site_admin": false
        },
        "reactions": {
            "url": "https://api.github.com/repos/litian96/fair_flearn/issues/6/reactions",
            "total_count": 0,
            "+1": 0,
            "-1": 0,
            "laugh": 0,
            "hooray": 0,
            "confused": 0,
            "heart": 0,
            "rocket": 0,
            "eyes": 0
        },
        "timeline_url": "https://api.github.com/repos/litian96/fair_flearn/issues/6/timeline",
        "performed_via_github_app": null,
        "state_reason": "completed"
    },
    {
        "url": "https://api.github.com/repos/litian96/fair_flearn/issues/5",
        "repository_url": "https://api.github.com/repos/litian96/fair_flearn",
        "labels_url": "https://api.github.com/repos/litian96/fair_flearn/issues/5/labels{/name}",
        "comments_url": "https://api.github.com/repos/litian96/fair_flearn/issues/5/comments",
        "events_url": "https://api.github.com/repos/litian96/fair_flearn/issues/5/events",
        "html_url": "https://github.com/litian96/fair_flearn/issues/5",
        "id": 647822193,
        "node_id": "MDU6SXNzdWU2NDc4MjIxOTM=",
        "number": 5,
        "title": "q-FedSGD update",
        "user": {
            "login": "vcpudding",
            "id": 1277134,
            "node_id": "MDQ6VXNlcjEyNzcxMzQ=",
            "avatar_url": "https://avatars.githubusercontent.com/u/1277134?v=4",
            "gravatar_id": "",
            "url": "https://api.github.com/users/vcpudding",
            "html_url": "https://github.com/vcpudding",
            "followers_url": "https://api.github.com/users/vcpudding/followers",
            "following_url": "https://api.github.com/users/vcpudding/following{/other_user}",
            "gists_url": "https://api.github.com/users/vcpudding/gists{/gist_id}",
            "starred_url": "https://api.github.com/users/vcpudding/starred{/owner}{/repo}",
            "subscriptions_url": "https://api.github.com/users/vcpudding/subscriptions",
            "organizations_url": "https://api.github.com/users/vcpudding/orgs",
            "repos_url": "https://api.github.com/users/vcpudding/repos",
            "events_url": "https://api.github.com/users/vcpudding/events{/privacy}",
            "received_events_url": "https://api.github.com/users/vcpudding/received_events",
            "type": "User",
            "user_view_type": "public",
            "site_admin": false
        },
        "labels": [],
        "state": "closed",
        "locked": false,
        "assignee": null,
        "assignees": [],
        "milestone": null,
        "comments": 4,
        "created_at": "2020-06-30T03:17:56Z",
        "updated_at": "2020-07-04T01:14:46Z",
        "closed_at": "2020-07-04T01:14:46Z",
        "author_association": "NONE",
        "active_lock_reason": null,
        "sub_issues_summary": {
            "total": 0,
            "completed": 0,
            "percent_completed": 0
        },
        "body": "Dear author, thanks for sharing your wonderful codes.\r\n\r\nIn the ICLR paper Algorithm 1, the server updates w by (sum of deltas) / (sum of hs). As I understand from the paper, the h_k^t's are the upper bounds of the gradient on each device. So why is the summation not taken over the (delta_k^t / h_k^t)? What is the rationale in aggregating all the upper bounds and use the sum as a denominator?",
        "closed_by": {
            "login": "litian96",
            "id": 14993256,
            "node_id": "MDQ6VXNlcjE0OTkzMjU2",
            "avatar_url": "https://avatars.githubusercontent.com/u/14993256?v=4",
            "gravatar_id": "",
            "url": "https://api.github.com/users/litian96",
            "html_url": "https://github.com/litian96",
            "followers_url": "https://api.github.com/users/litian96/followers",
            "following_url": "https://api.github.com/users/litian96/following{/other_user}",
            "gists_url": "https://api.github.com/users/litian96/gists{/gist_id}",
            "starred_url": "https://api.github.com/users/litian96/starred{/owner}{/repo}",
            "subscriptions_url": "https://api.github.com/users/litian96/subscriptions",
            "organizations_url": "https://api.github.com/users/litian96/orgs",
            "repos_url": "https://api.github.com/users/litian96/repos",
            "events_url": "https://api.github.com/users/litian96/events{/privacy}",
            "received_events_url": "https://api.github.com/users/litian96/received_events",
            "type": "User",
            "user_view_type": "public",
            "site_admin": false
        },
        "reactions": {
            "url": "https://api.github.com/repos/litian96/fair_flearn/issues/5/reactions",
            "total_count": 0,
            "+1": 0,
            "-1": 0,
            "laugh": 0,
            "hooray": 0,
            "confused": 0,
            "heart": 0,
            "rocket": 0,
            "eyes": 0
        },
        "timeline_url": "https://api.github.com/repos/litian96/fair_flearn/issues/5/timeline",
        "performed_via_github_app": null,
        "state_reason": "completed"
    },
    {
        "url": "https://api.github.com/repos/litian96/fair_flearn/issues/4",
        "repository_url": "https://api.github.com/repos/litian96/fair_flearn",
        "labels_url": "https://api.github.com/repos/litian96/fair_flearn/issues/4/labels{/name}",
        "comments_url": "https://api.github.com/repos/litian96/fair_flearn/issues/4/comments",
        "events_url": "https://api.github.com/repos/litian96/fair_flearn/issues/4/events",
        "html_url": "https://github.com/litian96/fair_flearn/issues/4",
        "id": 646242546,
        "node_id": "MDU6SXNzdWU2NDYyNDI1NDY=",
        "number": 4,
        "title": "Got \"TypeError: select_clients() got multiple values for argument 'num_clients'\" error when run q-MAML",
        "user": {
            "login": "ddayzzz",
            "id": 22568844,
            "node_id": "MDQ6VXNlcjIyNTY4ODQ0",
            "avatar_url": "https://avatars.githubusercontent.com/u/22568844?v=4",
            "gravatar_id": "",
            "url": "https://api.github.com/users/ddayzzz",
            "html_url": "https://github.com/ddayzzz",
            "followers_url": "https://api.github.com/users/ddayzzz/followers",
            "following_url": "https://api.github.com/users/ddayzzz/following{/other_user}",
            "gists_url": "https://api.github.com/users/ddayzzz/gists{/gist_id}",
            "starred_url": "https://api.github.com/users/ddayzzz/starred{/owner}{/repo}",
            "subscriptions_url": "https://api.github.com/users/ddayzzz/subscriptions",
            "organizations_url": "https://api.github.com/users/ddayzzz/orgs",
            "repos_url": "https://api.github.com/users/ddayzzz/repos",
            "events_url": "https://api.github.com/users/ddayzzz/events{/privacy}",
            "received_events_url": "https://api.github.com/users/ddayzzz/received_events",
            "type": "User",
            "user_view_type": "public",
            "site_admin": false
        },
        "labels": [],
        "state": "closed",
        "locked": false,
        "assignee": null,
        "assignees": [],
        "milestone": null,
        "comments": 4,
        "created_at": "2020-06-26T12:53:15Z",
        "updated_at": "2020-07-04T12:51:32Z",
        "closed_at": "2020-06-29T01:32:10Z",
        "author_association": "NONE",
        "active_lock_reason": null,
        "sub_issues_summary": {
            "total": 0,
            "completed": 0,
            "percent_completed": 0
        },
        "body": "I got \"TypeError: select_clients() got multiple values for argument 'num_clients'\" error when run q-MAML.  I found that `select_clients` in [maml.py](https://github.com/litian96/fair_flearn/blob/610b458312559a5ce70203f23efeb0ab9963e765/flearn/trainers/maml.py#L34) passes four arguments: \r\n```python\r\nself.select_clients(i, pk, self.held_out, num_clients=self.clients_per_round)\r\n```\r\nHowever, the base method accepts only 3 arguments: [fedbase.py](https://github.com/litian96/fair_flearn/blob/610b458312559a5ce70203f23efeb0ab9963e765/flearn/trainers/fedbase.py#L116):\r\n```python\r\ndef select_clients(self, round, pk, num_clients=20):\r\n   ...\r\n```",
        "closed_by": {
            "login": "litian96",
            "id": 14993256,
            "node_id": "MDQ6VXNlcjE0OTkzMjU2",
            "avatar_url": "https://avatars.githubusercontent.com/u/14993256?v=4",
            "gravatar_id": "",
            "url": "https://api.github.com/users/litian96",
            "html_url": "https://github.com/litian96",
            "followers_url": "https://api.github.com/users/litian96/followers",
            "following_url": "https://api.github.com/users/litian96/following{/other_user}",
            "gists_url": "https://api.github.com/users/litian96/gists{/gist_id}",
            "starred_url": "https://api.github.com/users/litian96/starred{/owner}{/repo}",
            "subscriptions_url": "https://api.github.com/users/litian96/subscriptions",
            "organizations_url": "https://api.github.com/users/litian96/orgs",
            "repos_url": "https://api.github.com/users/litian96/repos",
            "events_url": "https://api.github.com/users/litian96/events{/privacy}",
            "received_events_url": "https://api.github.com/users/litian96/received_events",
            "type": "User",
            "user_view_type": "public",
            "site_admin": false
        },
        "reactions": {
            "url": "https://api.github.com/repos/litian96/fair_flearn/issues/4/reactions",
            "total_count": 0,
            "+1": 0,
            "-1": 0,
            "laugh": 0,
            "hooray": 0,
            "confused": 0,
            "heart": 0,
            "rocket": 0,
            "eyes": 0
        },
        "timeline_url": "https://api.github.com/repos/litian96/fair_flearn/issues/4/timeline",
        "performed_via_github_app": null,
        "state_reason": "completed"
    },
    {
        "url": "https://api.github.com/repos/litian96/fair_flearn/issues/2",
        "repository_url": "https://api.github.com/repos/litian96/fair_flearn",
        "labels_url": "https://api.github.com/repos/litian96/fair_flearn/issues/2/labels{/name}",
        "comments_url": "https://api.github.com/repos/litian96/fair_flearn/issues/2/comments",
        "events_url": "https://api.github.com/repos/litian96/fair_flearn/issues/2/events",
        "html_url": "https://github.com/litian96/fair_flearn/issues/2",
        "id": 508850781,
        "node_id": "MDU6SXNzdWU1MDg4NTA3ODE=",
        "number": 2,
        "title": "Where the .mat file?",
        "user": {
            "login": "NJUPTgodB",
            "id": 38241020,
            "node_id": "MDQ6VXNlcjM4MjQxMDIw",
            "avatar_url": "https://avatars.githubusercontent.com/u/38241020?v=4",
            "gravatar_id": "",
            "url": "https://api.github.com/users/NJUPTgodB",
            "html_url": "https://github.com/NJUPTgodB",
            "followers_url": "https://api.github.com/users/NJUPTgodB/followers",
            "following_url": "https://api.github.com/users/NJUPTgodB/following{/other_user}",
            "gists_url": "https://api.github.com/users/NJUPTgodB/gists{/gist_id}",
            "starred_url": "https://api.github.com/users/NJUPTgodB/starred{/owner}{/repo}",
            "subscriptions_url": "https://api.github.com/users/NJUPTgodB/subscriptions",
            "organizations_url": "https://api.github.com/users/NJUPTgodB/orgs",
            "repos_url": "https://api.github.com/users/NJUPTgodB/repos",
            "events_url": "https://api.github.com/users/NJUPTgodB/events{/privacy}",
            "received_events_url": "https://api.github.com/users/NJUPTgodB/received_events",
            "type": "User",
            "user_view_type": "public",
            "site_admin": false
        },
        "labels": [],
        "state": "closed",
        "locked": false,
        "assignee": null,
        "assignees": [],
        "milestone": null,
        "comments": 1,
        "created_at": "2019-10-18T04:42:00Z",
        "updated_at": "2019-10-24T15:06:55Z",
        "closed_at": "2019-10-24T15:06:55Z",
        "author_association": "NONE",
        "active_lock_reason": null,
        "sub_issues_summary": {
            "total": 0,
            "completed": 0,
            "percent_completed": 0
        },
        "body": "",
        "closed_by": {
            "login": "litian96",
            "id": 14993256,
            "node_id": "MDQ6VXNlcjE0OTkzMjU2",
            "avatar_url": "https://avatars.githubusercontent.com/u/14993256?v=4",
            "gravatar_id": "",
            "url": "https://api.github.com/users/litian96",
            "html_url": "https://github.com/litian96",
            "followers_url": "https://api.github.com/users/litian96/followers",
            "following_url": "https://api.github.com/users/litian96/following{/other_user}",
            "gists_url": "https://api.github.com/users/litian96/gists{/gist_id}",
            "starred_url": "https://api.github.com/users/litian96/starred{/owner}{/repo}",
            "subscriptions_url": "https://api.github.com/users/litian96/subscriptions",
            "organizations_url": "https://api.github.com/users/litian96/orgs",
            "repos_url": "https://api.github.com/users/litian96/repos",
            "events_url": "https://api.github.com/users/litian96/events{/privacy}",
            "received_events_url": "https://api.github.com/users/litian96/received_events",
            "type": "User",
            "user_view_type": "public",
            "site_admin": false
        },
        "reactions": {
            "url": "https://api.github.com/repos/litian96/fair_flearn/issues/2/reactions",
            "total_count": 0,
            "+1": 0,
            "-1": 0,
            "laugh": 0,
            "hooray": 0,
            "confused": 0,
            "heart": 0,
            "rocket": 0,
            "eyes": 0
        },
        "timeline_url": "https://api.github.com/repos/litian96/fair_flearn/issues/2/timeline",
        "performed_via_github_app": null,
        "state_reason": "completed"
    },
    {
        "url": "https://api.github.com/repos/litian96/fair_flearn/issues/1",
        "repository_url": "https://api.github.com/repos/litian96/fair_flearn",
        "labels_url": "https://api.github.com/repos/litian96/fair_flearn/issues/1/labels{/name}",
        "comments_url": "https://api.github.com/repos/litian96/fair_flearn/issues/1/comments",
        "events_url": "https://api.github.com/repos/litian96/fair_flearn/issues/1/events",
        "html_url": "https://github.com/litian96/fair_flearn/issues/1",
        "id": 461669086,
        "node_id": "MDU6SXNzdWU0NjE2NjkwODY=",
        "number": 1,
        "title": "Variance or weighted variance to measure the fairness?",
        "user": {
            "login": "cshjin",
            "id": 4164048,
            "node_id": "MDQ6VXNlcjQxNjQwNDg=",
            "avatar_url": "https://avatars.githubusercontent.com/u/4164048?v=4",
            "gravatar_id": "",
            "url": "https://api.github.com/users/cshjin",
            "html_url": "https://github.com/cshjin",
            "followers_url": "https://api.github.com/users/cshjin/followers",
            "following_url": "https://api.github.com/users/cshjin/following{/other_user}",
            "gists_url": "https://api.github.com/users/cshjin/gists{/gist_id}",
            "starred_url": "https://api.github.com/users/cshjin/starred{/owner}{/repo}",
            "subscriptions_url": "https://api.github.com/users/cshjin/subscriptions",
            "organizations_url": "https://api.github.com/users/cshjin/orgs",
            "repos_url": "https://api.github.com/users/cshjin/repos",
            "events_url": "https://api.github.com/users/cshjin/events{/privacy}",
            "received_events_url": "https://api.github.com/users/cshjin/received_events",
            "type": "User",
            "user_view_type": "public",
            "site_admin": false
        },
        "labels": [],
        "state": "closed",
        "locked": false,
        "assignee": null,
        "assignees": [],
        "milestone": null,
        "comments": 8,
        "created_at": "2019-06-27T17:57:15Z",
        "updated_at": "2020-07-27T04:52:12Z",
        "closed_at": "2020-07-27T04:52:11Z",
        "author_association": "NONE",
        "active_lock_reason": null,
        "sub_issues_summary": {
            "total": 0,
            "completed": 0,
            "percent_completed": 0
        },
        "body": "I see you have the fairness definition according to the variance of accuracies across m devices. \r\n\r\nHowever, the variance you compared \r\nhttps://github.com/litian96/fair_flearn/blob/5f174cba7521df606fc946f40a0b5fef09b546e3/plot_fairness.py#L51\r\nhas the assumption that the accuracies are equally like the same. \r\n\r\nMy question is, \r\ninstead of using the standard the variance, why not calculate the variance in a __weighted fashion__? \r\n\r\nA revised variance, either in the weights of the sample distributions or the q-federated weights makes much more sense to me. \r\nIs that true?",
        "closed_by": {
            "login": "cshjin",
            "id": 4164048,
            "node_id": "MDQ6VXNlcjQxNjQwNDg=",
            "avatar_url": "https://avatars.githubusercontent.com/u/4164048?v=4",
            "gravatar_id": "",
            "url": "https://api.github.com/users/cshjin",
            "html_url": "https://github.com/cshjin",
            "followers_url": "https://api.github.com/users/cshjin/followers",
            "following_url": "https://api.github.com/users/cshjin/following{/other_user}",
            "gists_url": "https://api.github.com/users/cshjin/gists{/gist_id}",
            "starred_url": "https://api.github.com/users/cshjin/starred{/owner}{/repo}",
            "subscriptions_url": "https://api.github.com/users/cshjin/subscriptions",
            "organizations_url": "https://api.github.com/users/cshjin/orgs",
            "repos_url": "https://api.github.com/users/cshjin/repos",
            "events_url": "https://api.github.com/users/cshjin/events{/privacy}",
            "received_events_url": "https://api.github.com/users/cshjin/received_events",
            "type": "User",
            "user_view_type": "public",
            "site_admin": false
        },
        "reactions": {
            "url": "https://api.github.com/repos/litian96/fair_flearn/issues/1/reactions",
            "total_count": 0,
            "+1": 0,
            "-1": 0,
            "laugh": 0,
            "hooray": 0,
            "confused": 0,
            "heart": 0,
            "rocket": 0,
            "eyes": 0
        },
        "timeline_url": "https://api.github.com/repos/litian96/fair_flearn/issues/1/timeline",
        "performed_via_github_app": null,
        "state_reason": "completed"
    }
]