[
    {
        "url": "https://api.github.com/repos/liuquande/FedDG-ELCFS/issues/18",
        "repository_url": "https://api.github.com/repos/liuquande/FedDG-ELCFS",
        "labels_url": "https://api.github.com/repos/liuquande/FedDG-ELCFS/issues/18/labels{/name}",
        "comments_url": "https://api.github.com/repos/liuquande/FedDG-ELCFS/issues/18/comments",
        "events_url": "https://api.github.com/repos/liuquande/FedDG-ELCFS/issues/18/events",
        "html_url": "https://github.com/liuquande/FedDG-ELCFS/issues/18",
        "id": 2150469122,
        "node_id": "I_kwDOFKNDSc6ALY4C",
        "number": 18,
        "title": "could you please provide the complete version of prepare_dataset.py",
        "user": {
            "login": "300id",
            "id": 77531278,
            "node_id": "MDQ6VXNlcjc3NTMxMjc4",
            "avatar_url": "https://avatars.githubusercontent.com/u/77531278?v=4",
            "gravatar_id": "",
            "url": "https://api.github.com/users/300id",
            "html_url": "https://github.com/300id",
            "followers_url": "https://api.github.com/users/300id/followers",
            "following_url": "https://api.github.com/users/300id/following{/other_user}",
            "gists_url": "https://api.github.com/users/300id/gists{/gist_id}",
            "starred_url": "https://api.github.com/users/300id/starred{/owner}{/repo}",
            "subscriptions_url": "https://api.github.com/users/300id/subscriptions",
            "organizations_url": "https://api.github.com/users/300id/orgs",
            "repos_url": "https://api.github.com/users/300id/repos",
            "events_url": "https://api.github.com/users/300id/events{/privacy}",
            "received_events_url": "https://api.github.com/users/300id/received_events",
            "type": "User",
            "user_view_type": "public",
            "site_admin": false
        },
        "labels": [],
        "state": "open",
        "locked": false,
        "assignee": null,
        "assignees": [],
        "milestone": null,
        "comments": 1,
        "created_at": "2024-02-23T06:50:51Z",
        "updated_at": "2024-05-11T03:19:35Z",
        "closed_at": null,
        "author_association": "NONE",
        "active_lock_reason": null,
        "sub_issues_summary": {
            "total": 0,
            "completed": 0,
            "percent_completed": 0
        },
        "body": "Hi\r\n\r\nI have successfully run the train file, but found that the total_loss is negative, I guess there might be a problem with the processing of the prepare_dataset.py file. Could you please provide me with the complete prepare_dataset.py for processing fundus?\r\n\r\nThank you very much!!!",
        "closed_by": null,
        "reactions": {
            "url": "https://api.github.com/repos/liuquande/FedDG-ELCFS/issues/18/reactions",
            "total_count": 0,
            "+1": 0,
            "-1": 0,
            "laugh": 0,
            "hooray": 0,
            "confused": 0,
            "heart": 0,
            "rocket": 0,
            "eyes": 0
        },
        "timeline_url": "https://api.github.com/repos/liuquande/FedDG-ELCFS/issues/18/timeline",
        "performed_via_github_app": null,
        "state_reason": null
    },
    {
        "url": "https://api.github.com/repos/liuquande/FedDG-ELCFS/issues/17",
        "repository_url": "https://api.github.com/repos/liuquande/FedDG-ELCFS",
        "labels_url": "https://api.github.com/repos/liuquande/FedDG-ELCFS/issues/17/labels{/name}",
        "comments_url": "https://api.github.com/repos/liuquande/FedDG-ELCFS/issues/17/comments",
        "events_url": "https://api.github.com/repos/liuquande/FedDG-ELCFS/issues/17/events",
        "html_url": "https://github.com/liuquande/FedDG-ELCFS/issues/17",
        "id": 1841123318,
        "node_id": "I_kwDOFKNDSc5tvU_2",
        "number": 17,
        "title": "could you please send the processing code of the prostate data set",
        "user": {
            "login": "wzh0328",
            "id": 75765408,
            "node_id": "MDQ6VXNlcjc1NzY1NDA4",
            "avatar_url": "https://avatars.githubusercontent.com/u/75765408?v=4",
            "gravatar_id": "",
            "url": "https://api.github.com/users/wzh0328",
            "html_url": "https://github.com/wzh0328",
            "followers_url": "https://api.github.com/users/wzh0328/followers",
            "following_url": "https://api.github.com/users/wzh0328/following{/other_user}",
            "gists_url": "https://api.github.com/users/wzh0328/gists{/gist_id}",
            "starred_url": "https://api.github.com/users/wzh0328/starred{/owner}{/repo}",
            "subscriptions_url": "https://api.github.com/users/wzh0328/subscriptions",
            "organizations_url": "https://api.github.com/users/wzh0328/orgs",
            "repos_url": "https://api.github.com/users/wzh0328/repos",
            "events_url": "https://api.github.com/users/wzh0328/events{/privacy}",
            "received_events_url": "https://api.github.com/users/wzh0328/received_events",
            "type": "User",
            "user_view_type": "public",
            "site_admin": false
        },
        "labels": [],
        "state": "open",
        "locked": false,
        "assignee": null,
        "assignees": [],
        "milestone": null,
        "comments": 0,
        "created_at": "2023-08-08T11:29:08Z",
        "updated_at": "2023-08-08T11:29:08Z",
        "closed_at": null,
        "author_association": "NONE",
        "active_lock_reason": null,
        "sub_issues_summary": {
            "total": 0,
            "completed": 0,
            "percent_completed": 0
        },
        "body": "Hello, I would like to ask the processing code of this fundus data set, and the data set is 2D, but I did not find the processing code of the prostate data set, and the prostate data set I found is 3D, could you please send the processing code of the prostate data set?",
        "closed_by": null,
        "reactions": {
            "url": "https://api.github.com/repos/liuquande/FedDG-ELCFS/issues/17/reactions",
            "total_count": 0,
            "+1": 0,
            "-1": 0,
            "laugh": 0,
            "hooray": 0,
            "confused": 0,
            "heart": 0,
            "rocket": 0,
            "eyes": 0
        },
        "timeline_url": "https://api.github.com/repos/liuquande/FedDG-ELCFS/issues/17/timeline",
        "performed_via_github_app": null,
        "state_reason": null
    },
    {
        "url": "https://api.github.com/repos/liuquande/FedDG-ELCFS/issues/16",
        "repository_url": "https://api.github.com/repos/liuquande/FedDG-ELCFS",
        "labels_url": "https://api.github.com/repos/liuquande/FedDG-ELCFS/issues/16/labels{/name}",
        "comments_url": "https://api.github.com/repos/liuquande/FedDG-ELCFS/issues/16/comments",
        "events_url": "https://api.github.com/repos/liuquande/FedDG-ELCFS/issues/16/events",
        "html_url": "https://github.com/liuquande/FedDG-ELCFS/issues/16",
        "id": 1704975981,
        "node_id": "I_kwDOFKNDSc5ln95t",
        "number": 16,
        "title": "test on other set\uff0cbut get unsatisfactory result",
        "user": {
            "login": "YYY-12138",
            "id": 73220184,
            "node_id": "MDQ6VXNlcjczMjIwMTg0",
            "avatar_url": "https://avatars.githubusercontent.com/u/73220184?v=4",
            "gravatar_id": "",
            "url": "https://api.github.com/users/YYY-12138",
            "html_url": "https://github.com/YYY-12138",
            "followers_url": "https://api.github.com/users/YYY-12138/followers",
            "following_url": "https://api.github.com/users/YYY-12138/following{/other_user}",
            "gists_url": "https://api.github.com/users/YYY-12138/gists{/gist_id}",
            "starred_url": "https://api.github.com/users/YYY-12138/starred{/owner}{/repo}",
            "subscriptions_url": "https://api.github.com/users/YYY-12138/subscriptions",
            "organizations_url": "https://api.github.com/users/YYY-12138/orgs",
            "repos_url": "https://api.github.com/users/YYY-12138/repos",
            "events_url": "https://api.github.com/users/YYY-12138/events{/privacy}",
            "received_events_url": "https://api.github.com/users/YYY-12138/received_events",
            "type": "User",
            "user_view_type": "public",
            "site_admin": false
        },
        "labels": [],
        "state": "closed",
        "locked": false,
        "assignee": null,
        "assignees": [],
        "milestone": null,
        "comments": 0,
        "created_at": "2023-05-11T03:06:45Z",
        "updated_at": "2023-05-17T05:58:28Z",
        "closed_at": "2023-05-17T05:57:27Z",
        "author_association": "NONE",
        "active_lock_reason": null,
        "sub_issues_summary": {
            "total": 0,
            "completed": 0,
            "percent_completed": 0
        },
        "body": null,
        "closed_by": {
            "login": "YYY-12138",
            "id": 73220184,
            "node_id": "MDQ6VXNlcjczMjIwMTg0",
            "avatar_url": "https://avatars.githubusercontent.com/u/73220184?v=4",
            "gravatar_id": "",
            "url": "https://api.github.com/users/YYY-12138",
            "html_url": "https://github.com/YYY-12138",
            "followers_url": "https://api.github.com/users/YYY-12138/followers",
            "following_url": "https://api.github.com/users/YYY-12138/following{/other_user}",
            "gists_url": "https://api.github.com/users/YYY-12138/gists{/gist_id}",
            "starred_url": "https://api.github.com/users/YYY-12138/starred{/owner}{/repo}",
            "subscriptions_url": "https://api.github.com/users/YYY-12138/subscriptions",
            "organizations_url": "https://api.github.com/users/YYY-12138/orgs",
            "repos_url": "https://api.github.com/users/YYY-12138/repos",
            "events_url": "https://api.github.com/users/YYY-12138/events{/privacy}",
            "received_events_url": "https://api.github.com/users/YYY-12138/received_events",
            "type": "User",
            "user_view_type": "public",
            "site_admin": false
        },
        "reactions": {
            "url": "https://api.github.com/repos/liuquande/FedDG-ELCFS/issues/16/reactions",
            "total_count": 0,
            "+1": 0,
            "-1": 0,
            "laugh": 0,
            "hooray": 0,
            "confused": 0,
            "heart": 0,
            "rocket": 0,
            "eyes": 0
        },
        "timeline_url": "https://api.github.com/repos/liuquande/FedDG-ELCFS/issues/16/timeline",
        "performed_via_github_app": null,
        "state_reason": "completed"
    },
    {
        "url": "https://api.github.com/repos/liuquande/FedDG-ELCFS/issues/15",
        "repository_url": "https://api.github.com/repos/liuquande/FedDG-ELCFS",
        "labels_url": "https://api.github.com/repos/liuquande/FedDG-ELCFS/issues/15/labels{/name}",
        "comments_url": "https://api.github.com/repos/liuquande/FedDG-ELCFS/issues/15/comments",
        "events_url": "https://api.github.com/repos/liuquande/FedDG-ELCFS/issues/15/events",
        "html_url": "https://github.com/liuquande/FedDG-ELCFS/issues/15",
        "id": 1575762478,
        "node_id": "I_kwDOFKNDSc5d7Dou",
        "number": 15,
        "title": "Want MRI pre-process methods Please",
        "user": {
            "login": "1170300814",
            "id": 33786218,
            "node_id": "MDQ6VXNlcjMzNzg2MjE4",
            "avatar_url": "https://avatars.githubusercontent.com/u/33786218?v=4",
            "gravatar_id": "",
            "url": "https://api.github.com/users/1170300814",
            "html_url": "https://github.com/1170300814",
            "followers_url": "https://api.github.com/users/1170300814/followers",
            "following_url": "https://api.github.com/users/1170300814/following{/other_user}",
            "gists_url": "https://api.github.com/users/1170300814/gists{/gist_id}",
            "starred_url": "https://api.github.com/users/1170300814/starred{/owner}{/repo}",
            "subscriptions_url": "https://api.github.com/users/1170300814/subscriptions",
            "organizations_url": "https://api.github.com/users/1170300814/orgs",
            "repos_url": "https://api.github.com/users/1170300814/repos",
            "events_url": "https://api.github.com/users/1170300814/events{/privacy}",
            "received_events_url": "https://api.github.com/users/1170300814/received_events",
            "type": "User",
            "user_view_type": "public",
            "site_admin": false
        },
        "labels": [],
        "state": "open",
        "locked": false,
        "assignee": null,
        "assignees": [],
        "milestone": null,
        "comments": 1,
        "created_at": "2023-02-08T09:18:27Z",
        "updated_at": "2023-05-03T13:11:42Z",
        "closed_at": null,
        "author_association": "NONE",
        "active_lock_reason": null,
        "sub_issues_summary": {
            "total": 0,
            "completed": 0,
            "percent_completed": 0
        },
        "body": "hi,thanks to share the excellent work ! But the dataloader doesn't contain the MRI loador,could you tell me about how to pre-process the MRIdatasets to fit the model?\r\n\r\nthank you very much",
        "closed_by": null,
        "reactions": {
            "url": "https://api.github.com/repos/liuquande/FedDG-ELCFS/issues/15/reactions",
            "total_count": 0,
            "+1": 0,
            "-1": 0,
            "laugh": 0,
            "hooray": 0,
            "confused": 0,
            "heart": 0,
            "rocket": 0,
            "eyes": 0
        },
        "timeline_url": "https://api.github.com/repos/liuquande/FedDG-ELCFS/issues/15/timeline",
        "performed_via_github_app": null,
        "state_reason": null
    },
    {
        "url": "https://api.github.com/repos/liuquande/FedDG-ELCFS/issues/14",
        "repository_url": "https://api.github.com/repos/liuquande/FedDG-ELCFS",
        "labels_url": "https://api.github.com/repos/liuquande/FedDG-ELCFS/issues/14/labels{/name}",
        "comments_url": "https://api.github.com/repos/liuquande/FedDG-ELCFS/issues/14/comments",
        "events_url": "https://api.github.com/repos/liuquande/FedDG-ELCFS/issues/14/events",
        "html_url": "https://github.com/liuquande/FedDG-ELCFS/issues/14",
        "id": 1267051061,
        "node_id": "I_kwDOFKNDSc5Lhao1",
        "number": 14,
        "title": "\u8bf7\u95ee\u8fd9\u91cc\u7684meta learning\u7528\u7684\u662f\u4e00\u9636\u8fd1\u4f3c\u5417\uff1f",
        "user": {
            "login": "Abner228",
            "id": 37471983,
            "node_id": "MDQ6VXNlcjM3NDcxOTgz",
            "avatar_url": "https://avatars.githubusercontent.com/u/37471983?v=4",
            "gravatar_id": "",
            "url": "https://api.github.com/users/Abner228",
            "html_url": "https://github.com/Abner228",
            "followers_url": "https://api.github.com/users/Abner228/followers",
            "following_url": "https://api.github.com/users/Abner228/following{/other_user}",
            "gists_url": "https://api.github.com/users/Abner228/gists{/gist_id}",
            "starred_url": "https://api.github.com/users/Abner228/starred{/owner}{/repo}",
            "subscriptions_url": "https://api.github.com/users/Abner228/subscriptions",
            "organizations_url": "https://api.github.com/users/Abner228/orgs",
            "repos_url": "https://api.github.com/users/Abner228/repos",
            "events_url": "https://api.github.com/users/Abner228/events{/privacy}",
            "received_events_url": "https://api.github.com/users/Abner228/received_events",
            "type": "User",
            "user_view_type": "public",
            "site_admin": false
        },
        "labels": [],
        "state": "closed",
        "locked": false,
        "assignee": null,
        "assignees": [],
        "milestone": null,
        "comments": 0,
        "created_at": "2022-06-10T05:34:46Z",
        "updated_at": "2022-06-11T02:39:11Z",
        "closed_at": "2022-06-11T02:39:11Z",
        "author_association": "NONE",
        "active_lock_reason": null,
        "sub_issues_summary": {
            "total": 0,
            "completed": 0,
            "percent_completed": 0
        },
        "body": null,
        "closed_by": {
            "login": "Abner228",
            "id": 37471983,
            "node_id": "MDQ6VXNlcjM3NDcxOTgz",
            "avatar_url": "https://avatars.githubusercontent.com/u/37471983?v=4",
            "gravatar_id": "",
            "url": "https://api.github.com/users/Abner228",
            "html_url": "https://github.com/Abner228",
            "followers_url": "https://api.github.com/users/Abner228/followers",
            "following_url": "https://api.github.com/users/Abner228/following{/other_user}",
            "gists_url": "https://api.github.com/users/Abner228/gists{/gist_id}",
            "starred_url": "https://api.github.com/users/Abner228/starred{/owner}{/repo}",
            "subscriptions_url": "https://api.github.com/users/Abner228/subscriptions",
            "organizations_url": "https://api.github.com/users/Abner228/orgs",
            "repos_url": "https://api.github.com/users/Abner228/repos",
            "events_url": "https://api.github.com/users/Abner228/events{/privacy}",
            "received_events_url": "https://api.github.com/users/Abner228/received_events",
            "type": "User",
            "user_view_type": "public",
            "site_admin": false
        },
        "reactions": {
            "url": "https://api.github.com/repos/liuquande/FedDG-ELCFS/issues/14/reactions",
            "total_count": 0,
            "+1": 0,
            "-1": 0,
            "laugh": 0,
            "hooray": 0,
            "confused": 0,
            "heart": 0,
            "rocket": 0,
            "eyes": 0
        },
        "timeline_url": "https://api.github.com/repos/liuquande/FedDG-ELCFS/issues/14/timeline",
        "performed_via_github_app": null,
        "state_reason": "completed"
    },
    {
        "url": "https://api.github.com/repos/liuquande/FedDG-ELCFS/issues/13",
        "repository_url": "https://api.github.com/repos/liuquande/FedDG-ELCFS",
        "labels_url": "https://api.github.com/repos/liuquande/FedDG-ELCFS/issues/13/labels{/name}",
        "comments_url": "https://api.github.com/repos/liuquande/FedDG-ELCFS/issues/13/comments",
        "events_url": "https://api.github.com/repos/liuquande/FedDG-ELCFS/issues/13/events",
        "html_url": "https://github.com/liuquande/FedDG-ELCFS/issues/13",
        "id": 995631348,
        "node_id": "I_kwDOFKNDSc47WCD0",
        "number": 13,
        "title": "The mask for some data in the prostate dataset is empty",
        "user": {
            "login": "yunpengt",
            "id": 49887854,
            "node_id": "MDQ6VXNlcjQ5ODg3ODU0",
            "avatar_url": "https://avatars.githubusercontent.com/u/49887854?v=4",
            "gravatar_id": "",
            "url": "https://api.github.com/users/yunpengt",
            "html_url": "https://github.com/yunpengt",
            "followers_url": "https://api.github.com/users/yunpengt/followers",
            "following_url": "https://api.github.com/users/yunpengt/following{/other_user}",
            "gists_url": "https://api.github.com/users/yunpengt/gists{/gist_id}",
            "starred_url": "https://api.github.com/users/yunpengt/starred{/owner}{/repo}",
            "subscriptions_url": "https://api.github.com/users/yunpengt/subscriptions",
            "organizations_url": "https://api.github.com/users/yunpengt/orgs",
            "repos_url": "https://api.github.com/users/yunpengt/repos",
            "events_url": "https://api.github.com/users/yunpengt/events{/privacy}",
            "received_events_url": "https://api.github.com/users/yunpengt/received_events",
            "type": "User",
            "user_view_type": "public",
            "site_admin": false
        },
        "labels": [],
        "state": "open",
        "locked": false,
        "assignee": null,
        "assignees": [],
        "milestone": null,
        "comments": 1,
        "created_at": "2021-09-14T06:13:54Z",
        "updated_at": "2022-10-13T13:27:50Z",
        "closed_at": null,
        "author_association": "NONE",
        "active_lock_reason": null,
        "sub_issues_summary": {
            "total": 0,
            "completed": 0,
            "percent_completed": 0
        },
        "body": "Hello, I would like to know that some masks in the data set of prostate are empty, which leads to nan appearing at the beginning of training. How to solve this situation",
        "closed_by": null,
        "reactions": {
            "url": "https://api.github.com/repos/liuquande/FedDG-ELCFS/issues/13/reactions",
            "total_count": 0,
            "+1": 0,
            "-1": 0,
            "laugh": 0,
            "hooray": 0,
            "confused": 0,
            "heart": 0,
            "rocket": 0,
            "eyes": 0
        },
        "timeline_url": "https://api.github.com/repos/liuquande/FedDG-ELCFS/issues/13/timeline",
        "performed_via_github_app": null,
        "state_reason": null
    },
    {
        "url": "https://api.github.com/repos/liuquande/FedDG-ELCFS/issues/12",
        "repository_url": "https://api.github.com/repos/liuquande/FedDG-ELCFS",
        "labels_url": "https://api.github.com/repos/liuquande/FedDG-ELCFS/issues/12/labels{/name}",
        "comments_url": "https://api.github.com/repos/liuquande/FedDG-ELCFS/issues/12/comments",
        "events_url": "https://api.github.com/repos/liuquande/FedDG-ELCFS/issues/12/events",
        "html_url": "https://github.com/liuquande/FedDG-ELCFS/issues/12",
        "id": 992969284,
        "node_id": "MDU6SXNzdWU5OTI5NjkyODQ=",
        "number": 12,
        "title": "Prostate dataset and dataloader",
        "user": {
            "login": "franciszchen",
            "id": 16402098,
            "node_id": "MDQ6VXNlcjE2NDAyMDk4",
            "avatar_url": "https://avatars.githubusercontent.com/u/16402098?v=4",
            "gravatar_id": "",
            "url": "https://api.github.com/users/franciszchen",
            "html_url": "https://github.com/franciszchen",
            "followers_url": "https://api.github.com/users/franciszchen/followers",
            "following_url": "https://api.github.com/users/franciszchen/following{/other_user}",
            "gists_url": "https://api.github.com/users/franciszchen/gists{/gist_id}",
            "starred_url": "https://api.github.com/users/franciszchen/starred{/owner}{/repo}",
            "subscriptions_url": "https://api.github.com/users/franciszchen/subscriptions",
            "organizations_url": "https://api.github.com/users/franciszchen/orgs",
            "repos_url": "https://api.github.com/users/franciszchen/repos",
            "events_url": "https://api.github.com/users/franciszchen/events{/privacy}",
            "received_events_url": "https://api.github.com/users/franciszchen/received_events",
            "type": "User",
            "user_view_type": "public",
            "site_admin": false
        },
        "labels": [],
        "state": "open",
        "locked": false,
        "assignee": null,
        "assignees": [],
        "milestone": null,
        "comments": 1,
        "created_at": "2021-09-10T07:33:30Z",
        "updated_at": "2022-10-13T13:28:26Z",
        "closed_at": null,
        "author_association": "NONE",
        "active_lock_reason": null,
        "sub_issues_summary": {
            "total": 0,
            "completed": 0,
            "percent_completed": 0
        },
        "body": "Hi Quande,\r\n\r\nThanks for sharing this exciting research work! Here I want to learn more details about the implementation of the prostate task. It seems the main scripts (including train_ELCFS.py, test_ELCFS.py and freq_space_interpolation_demo.py) are tailored for the Fundus dataset. Could it be possible for me to find the dataloader script of the prostate dataset? Or, Fundus dataset and prostate dataset share the same dataloader script and demand the same dataset preprocessing and folder structure?\r\nAnother concern is that, could it be possible for me to reproduce the prostate experiment with this repository?\r\n\r\nThanks very much for your time and attention!",
        "closed_by": null,
        "reactions": {
            "url": "https://api.github.com/repos/liuquande/FedDG-ELCFS/issues/12/reactions",
            "total_count": 4,
            "+1": 0,
            "-1": 0,
            "laugh": 0,
            "hooray": 0,
            "confused": 0,
            "heart": 0,
            "rocket": 0,
            "eyes": 4
        },
        "timeline_url": "https://api.github.com/repos/liuquande/FedDG-ELCFS/issues/12/timeline",
        "performed_via_github_app": null,
        "state_reason": null
    },
    {
        "url": "https://api.github.com/repos/liuquande/FedDG-ELCFS/issues/11",
        "repository_url": "https://api.github.com/repos/liuquande/FedDG-ELCFS",
        "labels_url": "https://api.github.com/repos/liuquande/FedDG-ELCFS/issues/11/labels{/name}",
        "comments_url": "https://api.github.com/repos/liuquande/FedDG-ELCFS/issues/11/comments",
        "events_url": "https://api.github.com/repos/liuquande/FedDG-ELCFS/issues/11/events",
        "html_url": "https://github.com/liuquande/FedDG-ELCFS/issues/11",
        "id": 972239430,
        "node_id": "MDU6SXNzdWU5NzIyMzk0MzA=",
        "number": 11,
        "title": "Frequency Space Interpolation",
        "user": {
            "login": "Z-TIANQI",
            "id": 53070291,
            "node_id": "MDQ6VXNlcjUzMDcwMjkx",
            "avatar_url": "https://avatars.githubusercontent.com/u/53070291?v=4",
            "gravatar_id": "",
            "url": "https://api.github.com/users/Z-TIANQI",
            "html_url": "https://github.com/Z-TIANQI",
            "followers_url": "https://api.github.com/users/Z-TIANQI/followers",
            "following_url": "https://api.github.com/users/Z-TIANQI/following{/other_user}",
            "gists_url": "https://api.github.com/users/Z-TIANQI/gists{/gist_id}",
            "starred_url": "https://api.github.com/users/Z-TIANQI/starred{/owner}{/repo}",
            "subscriptions_url": "https://api.github.com/users/Z-TIANQI/subscriptions",
            "organizations_url": "https://api.github.com/users/Z-TIANQI/orgs",
            "repos_url": "https://api.github.com/users/Z-TIANQI/repos",
            "events_url": "https://api.github.com/users/Z-TIANQI/events{/privacy}",
            "received_events_url": "https://api.github.com/users/Z-TIANQI/received_events",
            "type": "User",
            "user_view_type": "public",
            "site_admin": false
        },
        "labels": [],
        "state": "open",
        "locked": false,
        "assignee": null,
        "assignees": [],
        "milestone": null,
        "comments": 0,
        "created_at": "2021-08-17T02:19:07Z",
        "updated_at": "2021-08-17T02:19:07Z",
        "closed_at": null,
        "author_association": "NONE",
        "active_lock_reason": null,
        "sub_issues_summary": {
            "total": 0,
            "completed": 0,
            "percent_completed": 0
        },
        "body": "Hi,\r\n\r\nThank you for your time. There are some questions when I reading the paper and code. How are M in the formula 2 in Chapter 3.2 determined?",
        "closed_by": null,
        "reactions": {
            "url": "https://api.github.com/repos/liuquande/FedDG-ELCFS/issues/11/reactions",
            "total_count": 1,
            "+1": 1,
            "-1": 0,
            "laugh": 0,
            "hooray": 0,
            "confused": 0,
            "heart": 0,
            "rocket": 0,
            "eyes": 0
        },
        "timeline_url": "https://api.github.com/repos/liuquande/FedDG-ELCFS/issues/11/timeline",
        "performed_via_github_app": null,
        "state_reason": null
    },
    {
        "url": "https://api.github.com/repos/liuquande/FedDG-ELCFS/issues/10",
        "repository_url": "https://api.github.com/repos/liuquande/FedDG-ELCFS",
        "labels_url": "https://api.github.com/repos/liuquande/FedDG-ELCFS/issues/10/labels{/name}",
        "comments_url": "https://api.github.com/repos/liuquande/FedDG-ELCFS/issues/10/comments",
        "events_url": "https://api.github.com/repos/liuquande/FedDG-ELCFS/issues/10/events",
        "html_url": "https://github.com/liuquande/FedDG-ELCFS/issues/10",
        "id": 905854550,
        "node_id": "MDU6SXNzdWU5MDU4NTQ1NTA=",
        "number": 10,
        "title": "Obtained Mismatching Reproducing Results",
        "user": {
            "login": "xxliang99",
            "id": 64145613,
            "node_id": "MDQ6VXNlcjY0MTQ1NjEz",
            "avatar_url": "https://avatars.githubusercontent.com/u/64145613?v=4",
            "gravatar_id": "",
            "url": "https://api.github.com/users/xxliang99",
            "html_url": "https://github.com/xxliang99",
            "followers_url": "https://api.github.com/users/xxliang99/followers",
            "following_url": "https://api.github.com/users/xxliang99/following{/other_user}",
            "gists_url": "https://api.github.com/users/xxliang99/gists{/gist_id}",
            "starred_url": "https://api.github.com/users/xxliang99/starred{/owner}{/repo}",
            "subscriptions_url": "https://api.github.com/users/xxliang99/subscriptions",
            "organizations_url": "https://api.github.com/users/xxliang99/orgs",
            "repos_url": "https://api.github.com/users/xxliang99/repos",
            "events_url": "https://api.github.com/users/xxliang99/events{/privacy}",
            "received_events_url": "https://api.github.com/users/xxliang99/received_events",
            "type": "User",
            "user_view_type": "public",
            "site_admin": false
        },
        "labels": [],
        "state": "open",
        "locked": false,
        "assignee": null,
        "assignees": [],
        "milestone": null,
        "comments": 5,
        "created_at": "2021-05-28T18:24:13Z",
        "updated_at": "2022-12-07T05:09:33Z",
        "closed_at": null,
        "author_association": "NONE",
        "active_lock_reason": null,
        "sub_issues_summary": {
            "total": 0,
            "completed": 0,
            "percent_completed": 0
        },
        "body": "Dear Quande,\r\n\r\nThank you for your time, and I modified the data-preparation step as you explained in previous issue #8  . However, sorry to report that, I still could not obtain the approximate Dice scores as is reported in the paper.\r\n\r\nI tried several times under different data pre-processing methods. Below is the description of my modifying.\r\n\r\n1. At first, The only python files that I edited myself is the [prepare_dataset.py](https://github.com/liuquande/FedDG-ELCFS/blob/main/dataset/prepare_dataset.py). \r\n\r\n    - I resized the input images and labels (except domain 2) to 384*384. After that, the image data was converted to numpy array. Their amplitudes were extracted using the provided _extract_amp_spectrum_ function in [prepare_dataset.py](https://github.com/liuquande/FedDG-ELCFS/blob/main/dataset/prepare_dataset.py).\r\n  \r\n    - The label mask was split into 2 masks, Disc and Cup. Pixels with gray level 255 are set 0 as background, gray level 128 and 0 are set 1 in each Disc and Cup masks as foreground. After all the steps above, **the final numpy file stored is organized as [image_np, disc_mask_np, cup_mask_np], with size [384, 384, 5]. The image data are kept the original 3 channels, and the 2 masks are binary arrays.**\r\n    \r\n    - For Domain 2, at the beginning, I cropped each image from Domain 2 into 2 individual samples that share the same label mask. The label mask I used is cropped from the left half side of the raw mask. Therefore, numbers of samples of each domain become 101, 318, 400, 400, respectively.\r\n    \r\nTo prove that I have correctly modified the [prepare_dataset.py](https://github.com/liuquande/FedDG-ELCFS/blob/main/dataset/prepare_dataset.py), here are some examples of Disc's and Cup's background and contour, that are extracted as the original code did.\r\n\r\n![image](https://user-images.githubusercontent.com/64145613/120025461-480afc80-c023-11eb-9900-b9bd3716b061.png)\r\n\r\n2. Noticing that it is explained in paper that the best performance is reached when interpolation ratio is set random number between [0,1], but in the provided code it was set 1 (meaning all information transferred), I modified it to random number in function low_freq_mutate_np of [fundus_dataloader.py](https://github.com/liuquande/FedDG-ELCFS/blob/main/dataloaders/fundus_dataloader.py). Below is the code:\r\n\r\nOriginal:\r\n```\r\ndef low_freq_mutate_np(amp_src, amp_trg, L=0.1):\r\n    .......\r\n    #ratio = random.randint(1, 10) / 10\r\n\r\n    a_src[:, h1:h2, w1:w2] = a_trg[:, h1:h2, w1:w2]\r\n    #a_src[:, h1:h2, w1:w2] = a_src[:, h1:h2, w1:w2] * ratio + a_trg[:, h1:h2, w1:w2] * (1 - ratio)\r\n    ......\r\n```\r\nModified:\r\n```\r\ndef low_freq_mutate_np(amp_src, amp_trg, L=0.1):\r\n    ......\r\n    ratio = random.randint(1, 10) / 10\r\n\r\n    # a_src[:, h1:h2, w1:w2] = a_trg[:, h1:h2, w1:w2]\r\n    a_src[:, h1:h2, w1:w2] = a_src[:, h1:h2, w1:w2] * ratio + a_trg[:, h1:h2, w1:w2] * (1 - ratio)\r\n    ......\r\n```\r\n\r\n3.  With unsatisfactory results produced, I further modified [fundus_dataloader.py](https://github.com/liuquande/FedDG-ELCFS/blob/main/dataloaders/fundus_dataloader.py), added the random rotation and flipping step. I noticed that you have mentioned in issue #6 that the data augmentation steps are performed offline. I supposed that local kept data still remains unchanged during the training process, so I added the steps to __getitem__ in [fundus_dataloader.py](https://github.com/liuquande/FedDG-ELCFS/blob/main/dataloaders/fundus_dataloader.py). I noticed and made use of a provided function in the same python file, function **RandomRotFlip()**. Below is the code I added. \r\n   \r\nOriginal code:\r\n\r\n```\r\ndef __getitem__(self, idx):\r\n        raw_file = self.image_list[idx]\r\n\r\n        mask_patches = []\r\n        raw_inp = np.load(raw_file)\r\n        image_patch = raw_inp[..., 0:3] \r\n        mask_patch = raw_inp[..., 3:]\r\n        image_patches = image_patch.copy()\r\n      \r\n        # image_patches = \r\n        # print (image_patch.dtype)\r\n        # print (mask_patch.dtype)\r\n        disc_contour, disc_bg, cup_contour, cup_bg = _get_coutour_sample(mask_patch)\r\n        # print ('raw', np.min(image_patch), np.max(image_patch))\r\n        for tar_freq_domain in np.random.choice(self.freq_site_index, 2):\r\n               ......\r\n\r\n```\r\n\r\nModified code:\r\n```\r\ndef __init__(self, unseen_site_idx, client_idx=None, freq_site_idx=None, split='train', transform=None):\r\n        self.unseen_site_idx = unseen_site_idx\r\n        self.client_idx = client_idx    \r\n        ......\r\ndef __getitem__(self, idx):\r\n        raw_file = self.image_list[idx]\r\n\r\n        mask_patches = []\r\n\r\n        raw_inp = np.load(raw_file)\r\n        image_patch = raw_inp[..., 0:3]\r\n        mask_patch = raw_inp[..., 3:]\r\n\r\n        # image_patches = \r\n        # print (image_patch.dtype)\r\n        # print (mask_patch.dtype)\r\n\r\n        if self.client_idx != self.unseen_site_idx:\r\n            sample = {\"image\": image_patch, \"label\": mask_patch}\r\n            preprocessor = RandomRotFlip()\r\n            sample = preprocessor(sample)\r\n            mask_patch = sample[\"label\"]\r\n            image_patch = sample[\"image\"]\r\n\r\n        image_patches = image_patch.copy()\r\n\r\n        disc_contour, disc_bg, cup_contour, cup_bg = _get_coutour_sample(mask_patch)\r\n        # print ('raw', np.min(image_patch), np.max(image_patch))\r\n        for tar_freq_domain in np.random.choice(self.freq_site_index, 2):\r\n                 .......\r\n```\r\n\r\nTo prove that all the modifying steps are correct, below reveals the raw and transformed images.\r\n![image](https://user-images.githubusercontent.com/64145613/119974366-22600200-bfe7-11eb-8665-babffc6f11b3.png)\r\n\r\n- The image above is took under the [0,1] random-chosen interpolation ratio scheme.\r\n\r\nThe Dice score of Discs after training for 100 epoches are reported in the following table. \"1, 2, 3\" refers to the modifying steps above, along with their corresponding combinations.\r\n\r\n![image](https://user-images.githubusercontent.com/64145613/120025196-eb0f4680-c022-11eb-9a7e-738a9975067a.png)\r\n\r\nI only trained once for each situation, but obviously the performance I reproduced is much worse than that was reported in paper, about which I got quite confused. As the data preparation steps are absent in the provided code, I am sincerely seeking for your help in checking my preparation steps. \r\n\r\nAnother question is, I did not observe any difference in treating data from domain 2 comparing to other domains, from the code provided. If 2 views are generated from a single image in domain 2, as is explained in issue #8 , the aggregating weight should be depending on [101, 318, 400, 400], but in line 63 of [train_ELCFS.py](https://github.com/liuquande/FedDG-ELCFS/blob/main/train_ELCFS.py) the number is still [101, 159, 400, 400]. If  the 2 views are stored in a single .npy file, then bugs would be raised in code below, from line 37~45 in [fundus_dataloader.py](https://github.com/liuquande/FedDG-ELCFS/blob/main/dataloaders/fundus_dataloader.py) because of changes in numpy array size.\r\n\r\n```\r\ndef __getitem__(self, idx):\r\n        raw_file = self.image_list[idx]\r\n\r\n        mask_patches = []\r\n\r\n        raw_inp = np.load(raw_file)\r\n        image_patch = raw_inp[..., 0:3]\r\n        mask_patch = raw_inp[..., 3:]\r\n```\r\n\r\nThank you for your time. I was greatly inspired by your contribution, and I sincerely hope that a satisfactory result could be reproduced. I feel sorry if I have made any mistake, and please do not hesitate to point it out.\r\n\r\nThank you very much!\r\n\r\nBest,\r\nVivian",
        "closed_by": null,
        "reactions": {
            "url": "https://api.github.com/repos/liuquande/FedDG-ELCFS/issues/10/reactions",
            "total_count": 0,
            "+1": 0,
            "-1": 0,
            "laugh": 0,
            "hooray": 0,
            "confused": 0,
            "heart": 0,
            "rocket": 0,
            "eyes": 0
        },
        "timeline_url": "https://api.github.com/repos/liuquande/FedDG-ELCFS/issues/10/timeline",
        "performed_via_github_app": null,
        "state_reason": null
    },
    {
        "url": "https://api.github.com/repos/liuquande/FedDG-ELCFS/issues/9",
        "repository_url": "https://api.github.com/repos/liuquande/FedDG-ELCFS",
        "labels_url": "https://api.github.com/repos/liuquande/FedDG-ELCFS/issues/9/labels{/name}",
        "comments_url": "https://api.github.com/repos/liuquande/FedDG-ELCFS/issues/9/comments",
        "events_url": "https://api.github.com/repos/liuquande/FedDG-ELCFS/issues/9/events",
        "html_url": "https://github.com/liuquande/FedDG-ELCFS/issues/9",
        "id": 898957519,
        "node_id": "MDU6SXNzdWU4OTg5NTc1MTk=",
        "number": 9,
        "title": "The train/val split of Prostate Datasets",
        "user": {
            "login": "BurningFr",
            "id": 70574206,
            "node_id": "MDQ6VXNlcjcwNTc0MjA2",
            "avatar_url": "https://avatars.githubusercontent.com/u/70574206?v=4",
            "gravatar_id": "",
            "url": "https://api.github.com/users/BurningFr",
            "html_url": "https://github.com/BurningFr",
            "followers_url": "https://api.github.com/users/BurningFr/followers",
            "following_url": "https://api.github.com/users/BurningFr/following{/other_user}",
            "gists_url": "https://api.github.com/users/BurningFr/gists{/gist_id}",
            "starred_url": "https://api.github.com/users/BurningFr/starred{/owner}{/repo}",
            "subscriptions_url": "https://api.github.com/users/BurningFr/subscriptions",
            "organizations_url": "https://api.github.com/users/BurningFr/orgs",
            "repos_url": "https://api.github.com/users/BurningFr/repos",
            "events_url": "https://api.github.com/users/BurningFr/events{/privacy}",
            "received_events_url": "https://api.github.com/users/BurningFr/received_events",
            "type": "User",
            "user_view_type": "public",
            "site_admin": false
        },
        "labels": [],
        "state": "open",
        "locked": false,
        "assignee": null,
        "assignees": [],
        "milestone": null,
        "comments": 1,
        "created_at": "2021-05-23T07:30:31Z",
        "updated_at": "2021-06-01T11:22:59Z",
        "closed_at": null,
        "author_association": "NONE",
        "active_lock_reason": null,
        "sub_issues_summary": {
            "total": 0,
            "completed": 0,
            "percent_completed": 0
        },
        "body": "Hi,\r\n    I cannot find the train/val split strategy or file list in your paper and your released code both on FedDG and SAML, could you please share the dataset split strategy or file list?\r\n\r\nThanks a lot!",
        "closed_by": null,
        "reactions": {
            "url": "https://api.github.com/repos/liuquande/FedDG-ELCFS/issues/9/reactions",
            "total_count": 0,
            "+1": 0,
            "-1": 0,
            "laugh": 0,
            "hooray": 0,
            "confused": 0,
            "heart": 0,
            "rocket": 0,
            "eyes": 0
        },
        "timeline_url": "https://api.github.com/repos/liuquande/FedDG-ELCFS/issues/9/timeline",
        "performed_via_github_app": null,
        "state_reason": null
    },
    {
        "url": "https://api.github.com/repos/liuquande/FedDG-ELCFS/issues/8",
        "repository_url": "https://api.github.com/repos/liuquande/FedDG-ELCFS",
        "labels_url": "https://api.github.com/repos/liuquande/FedDG-ELCFS/issues/8/labels{/name}",
        "comments_url": "https://api.github.com/repos/liuquande/FedDG-ELCFS/issues/8/comments",
        "events_url": "https://api.github.com/repos/liuquande/FedDG-ELCFS/issues/8/events",
        "html_url": "https://github.com/liuquande/FedDG-ELCFS/issues/8",
        "id": 894682776,
        "node_id": "MDU6SXNzdWU4OTQ2ODI3NzY=",
        "number": 8,
        "title": "Question about data pre-processing \"center crop\"",
        "user": {
            "login": "xxliang99",
            "id": 64145613,
            "node_id": "MDQ6VXNlcjY0MTQ1NjEz",
            "avatar_url": "https://avatars.githubusercontent.com/u/64145613?v=4",
            "gravatar_id": "",
            "url": "https://api.github.com/users/xxliang99",
            "html_url": "https://github.com/xxliang99",
            "followers_url": "https://api.github.com/users/xxliang99/followers",
            "following_url": "https://api.github.com/users/xxliang99/following{/other_user}",
            "gists_url": "https://api.github.com/users/xxliang99/gists{/gist_id}",
            "starred_url": "https://api.github.com/users/xxliang99/starred{/owner}{/repo}",
            "subscriptions_url": "https://api.github.com/users/xxliang99/subscriptions",
            "organizations_url": "https://api.github.com/users/xxliang99/orgs",
            "repos_url": "https://api.github.com/users/xxliang99/repos",
            "events_url": "https://api.github.com/users/xxliang99/events{/privacy}",
            "received_events_url": "https://api.github.com/users/xxliang99/received_events",
            "type": "User",
            "user_view_type": "public",
            "site_admin": false
        },
        "labels": [],
        "state": "open",
        "locked": false,
        "assignee": null,
        "assignees": [],
        "milestone": null,
        "comments": 2,
        "created_at": "2021-05-18T18:56:52Z",
        "updated_at": "2022-10-13T13:30:11Z",
        "closed_at": null,
        "author_association": "NONE",
        "active_lock_reason": null,
        "sub_issues_summary": {
            "total": 0,
            "completed": 0,
            "percent_completed": 0
        },
        "body": "Dear Quande,\r\n\r\nI read the previous issues and knew that data pre-processing had been finished before converted and saved as .npy files. I noticed that in the paper it is stated \"For pre-processing, we center crop a 800 \u00d7 800 disc region for these data uniformly, then resize the cropped region to 384\u00d7384 as network input\". Does it mean that only the 800*800 region around the disc are saved to be the input, or the central 800*800 region of the whole image? I only found the resize procedure in the provided prepare_dataset.py, so I am confused about the center-crop.\r\n\r\nFurther more, in images from domain 2 of Fundus, there are 2 ROIs in one single image and are placed on each sides of the images. If center-crop is performed on each disc region, it would generate 2 ROIs for each image; If it is performed on the whole image, then the cropped image would not contain any ROI. Does it mean that 2 input samples would be generated and saved from one single raw image in domain 2? \r\n\r\nI would be very grateful if any clarification on \"center crop\" could be made. @liuquande \r\n\r\nThank you for your time! I was deeply inspired by your great contribution.",
        "closed_by": null,
        "reactions": {
            "url": "https://api.github.com/repos/liuquande/FedDG-ELCFS/issues/8/reactions",
            "total_count": 0,
            "+1": 0,
            "-1": 0,
            "laugh": 0,
            "hooray": 0,
            "confused": 0,
            "heart": 0,
            "rocket": 0,
            "eyes": 0
        },
        "timeline_url": "https://api.github.com/repos/liuquande/FedDG-ELCFS/issues/8/timeline",
        "performed_via_github_app": null,
        "state_reason": null
    },
    {
        "url": "https://api.github.com/repos/liuquande/FedDG-ELCFS/issues/7",
        "repository_url": "https://api.github.com/repos/liuquande/FedDG-ELCFS",
        "labels_url": "https://api.github.com/repos/liuquande/FedDG-ELCFS/issues/7/labels{/name}",
        "comments_url": "https://api.github.com/repos/liuquande/FedDG-ELCFS/issues/7/comments",
        "events_url": "https://api.github.com/repos/liuquande/FedDG-ELCFS/issues/7/events",
        "html_url": "https://github.com/liuquande/FedDG-ELCFS/issues/7",
        "id": 877597279,
        "node_id": "MDU6SXNzdWU4Nzc1OTcyNzk=",
        "number": 7,
        "title": "Some questions about prepare_dataset.py",
        "user": {
            "login": "809253928",
            "id": 27845566,
            "node_id": "MDQ6VXNlcjI3ODQ1NTY2",
            "avatar_url": "https://avatars.githubusercontent.com/u/27845566?v=4",
            "gravatar_id": "",
            "url": "https://api.github.com/users/809253928",
            "html_url": "https://github.com/809253928",
            "followers_url": "https://api.github.com/users/809253928/followers",
            "following_url": "https://api.github.com/users/809253928/following{/other_user}",
            "gists_url": "https://api.github.com/users/809253928/gists{/gist_id}",
            "starred_url": "https://api.github.com/users/809253928/starred{/owner}{/repo}",
            "subscriptions_url": "https://api.github.com/users/809253928/subscriptions",
            "organizations_url": "https://api.github.com/users/809253928/orgs",
            "repos_url": "https://api.github.com/users/809253928/repos",
            "events_url": "https://api.github.com/users/809253928/events{/privacy}",
            "received_events_url": "https://api.github.com/users/809253928/received_events",
            "type": "User",
            "user_view_type": "public",
            "site_admin": false
        },
        "labels": [],
        "state": "open",
        "locked": false,
        "assignee": null,
        "assignees": [],
        "milestone": null,
        "comments": 3,
        "created_at": "2021-05-06T15:05:35Z",
        "updated_at": "2023-04-13T02:58:42Z",
        "closed_at": null,
        "author_association": "NONE",
        "active_lock_reason": null,
        "sub_issues_summary": {
            "total": 0,
            "completed": 0,
            "percent_completed": 0
        },
        "body": "Hi\r\n\r\nCan you provide the complete version of prepare_dataset.py. Especially for fundus image preprocessing. Previous versions had some bugs that didn't work at all. \r\n\r\nThank you very much!!!",
        "closed_by": null,
        "reactions": {
            "url": "https://api.github.com/repos/liuquande/FedDG-ELCFS/issues/7/reactions",
            "total_count": 0,
            "+1": 0,
            "-1": 0,
            "laugh": 0,
            "hooray": 0,
            "confused": 0,
            "heart": 0,
            "rocket": 0,
            "eyes": 0
        },
        "timeline_url": "https://api.github.com/repos/liuquande/FedDG-ELCFS/issues/7/timeline",
        "performed_via_github_app": null,
        "state_reason": null
    },
    {
        "url": "https://api.github.com/repos/liuquande/FedDG-ELCFS/issues/6",
        "repository_url": "https://api.github.com/repos/liuquande/FedDG-ELCFS",
        "labels_url": "https://api.github.com/repos/liuquande/FedDG-ELCFS/issues/6/labels{/name}",
        "comments_url": "https://api.github.com/repos/liuquande/FedDG-ELCFS/issues/6/comments",
        "events_url": "https://api.github.com/repos/liuquande/FedDG-ELCFS/issues/6/events",
        "html_url": "https://github.com/liuquande/FedDG-ELCFS/issues/6",
        "id": 857462233,
        "node_id": "MDU6SXNzdWU4NTc0NjIyMzM=",
        "number": 6,
        "title": "Questions about data augmentation in fundus dataset.",
        "user": {
            "login": "BurningFr",
            "id": 70574206,
            "node_id": "MDQ6VXNlcjcwNTc0MjA2",
            "avatar_url": "https://avatars.githubusercontent.com/u/70574206?v=4",
            "gravatar_id": "",
            "url": "https://api.github.com/users/BurningFr",
            "html_url": "https://github.com/BurningFr",
            "followers_url": "https://api.github.com/users/BurningFr/followers",
            "following_url": "https://api.github.com/users/BurningFr/following{/other_user}",
            "gists_url": "https://api.github.com/users/BurningFr/gists{/gist_id}",
            "starred_url": "https://api.github.com/users/BurningFr/starred{/owner}{/repo}",
            "subscriptions_url": "https://api.github.com/users/BurningFr/subscriptions",
            "organizations_url": "https://api.github.com/users/BurningFr/orgs",
            "repos_url": "https://api.github.com/users/BurningFr/repos",
            "events_url": "https://api.github.com/users/BurningFr/events{/privacy}",
            "received_events_url": "https://api.github.com/users/BurningFr/received_events",
            "type": "User",
            "user_view_type": "public",
            "site_admin": false
        },
        "labels": [],
        "state": "closed",
        "locked": false,
        "assignee": null,
        "assignees": [],
        "milestone": null,
        "comments": 1,
        "created_at": "2021-04-14T02:30:48Z",
        "updated_at": "2021-05-10T06:51:12Z",
        "closed_at": "2021-05-10T06:43:26Z",
        "author_association": "NONE",
        "active_lock_reason": null,
        "sub_issues_summary": {
            "total": 0,
            "completed": 0,
            "percent_completed": 0
        },
        "body": "Hi,\r\n    In your released code, I cannot see the data augmentation operations in train_ELCFS.py which are introduced in your paper.  We can only see you use the ToTensor() operation, which is weird.",
        "closed_by": {
            "login": "liuquande",
            "id": 29408526,
            "node_id": "MDQ6VXNlcjI5NDA4NTI2",
            "avatar_url": "https://avatars.githubusercontent.com/u/29408526?v=4",
            "gravatar_id": "",
            "url": "https://api.github.com/users/liuquande",
            "html_url": "https://github.com/liuquande",
            "followers_url": "https://api.github.com/users/liuquande/followers",
            "following_url": "https://api.github.com/users/liuquande/following{/other_user}",
            "gists_url": "https://api.github.com/users/liuquande/gists{/gist_id}",
            "starred_url": "https://api.github.com/users/liuquande/starred{/owner}{/repo}",
            "subscriptions_url": "https://api.github.com/users/liuquande/subscriptions",
            "organizations_url": "https://api.github.com/users/liuquande/orgs",
            "repos_url": "https://api.github.com/users/liuquande/repos",
            "events_url": "https://api.github.com/users/liuquande/events{/privacy}",
            "received_events_url": "https://api.github.com/users/liuquande/received_events",
            "type": "User",
            "user_view_type": "public",
            "site_admin": false
        },
        "reactions": {
            "url": "https://api.github.com/repos/liuquande/FedDG-ELCFS/issues/6/reactions",
            "total_count": 0,
            "+1": 0,
            "-1": 0,
            "laugh": 0,
            "hooray": 0,
            "confused": 0,
            "heart": 0,
            "rocket": 0,
            "eyes": 0
        },
        "timeline_url": "https://api.github.com/repos/liuquande/FedDG-ELCFS/issues/6/timeline",
        "performed_via_github_app": null,
        "state_reason": "completed"
    },
    {
        "url": "https://api.github.com/repos/liuquande/FedDG-ELCFS/issues/5",
        "repository_url": "https://api.github.com/repos/liuquande/FedDG-ELCFS",
        "labels_url": "https://api.github.com/repos/liuquande/FedDG-ELCFS/issues/5/labels{/name}",
        "comments_url": "https://api.github.com/repos/liuquande/FedDG-ELCFS/issues/5/comments",
        "events_url": "https://api.github.com/repos/liuquande/FedDG-ELCFS/issues/5/events",
        "html_url": "https://github.com/liuquande/FedDG-ELCFS/issues/5",
        "id": 846854333,
        "node_id": "MDU6SXNzdWU4NDY4NTQzMzM=",
        "number": 5,
        "title": "Question about \u201ctest_ELCFS.py\u201d.",
        "user": {
            "login": "zzzqzhou",
            "id": 36720780,
            "node_id": "MDQ6VXNlcjM2NzIwNzgw",
            "avatar_url": "https://avatars.githubusercontent.com/u/36720780?v=4",
            "gravatar_id": "",
            "url": "https://api.github.com/users/zzzqzhou",
            "html_url": "https://github.com/zzzqzhou",
            "followers_url": "https://api.github.com/users/zzzqzhou/followers",
            "following_url": "https://api.github.com/users/zzzqzhou/following{/other_user}",
            "gists_url": "https://api.github.com/users/zzzqzhou/gists{/gist_id}",
            "starred_url": "https://api.github.com/users/zzzqzhou/starred{/owner}{/repo}",
            "subscriptions_url": "https://api.github.com/users/zzzqzhou/subscriptions",
            "organizations_url": "https://api.github.com/users/zzzqzhou/orgs",
            "repos_url": "https://api.github.com/users/zzzqzhou/repos",
            "events_url": "https://api.github.com/users/zzzqzhou/events{/privacy}",
            "received_events_url": "https://api.github.com/users/zzzqzhou/received_events",
            "type": "User",
            "user_view_type": "public",
            "site_admin": false
        },
        "labels": [],
        "state": "closed",
        "locked": false,
        "assignee": null,
        "assignees": [],
        "milestone": null,
        "comments": 2,
        "created_at": "2021-03-31T15:21:46Z",
        "updated_at": "2021-04-04T15:00:48Z",
        "closed_at": "2021-04-04T15:00:48Z",
        "author_association": "NONE",
        "active_lock_reason": null,
        "sub_issues_summary": {
            "total": 0,
            "completed": 0,
            "percent_completed": 0
        },
        "body": "Dear author,\r\nIn code file \u201ctest_ELCFS.py\u201d  line 63,  you used \"test_net.train()\" in test stage. However, as we know, we typically use \"model.eval()\" operation during the test stage. Is there any reason for you to do so?",
        "closed_by": {
            "login": "liuquande",
            "id": 29408526,
            "node_id": "MDQ6VXNlcjI5NDA4NTI2",
            "avatar_url": "https://avatars.githubusercontent.com/u/29408526?v=4",
            "gravatar_id": "",
            "url": "https://api.github.com/users/liuquande",
            "html_url": "https://github.com/liuquande",
            "followers_url": "https://api.github.com/users/liuquande/followers",
            "following_url": "https://api.github.com/users/liuquande/following{/other_user}",
            "gists_url": "https://api.github.com/users/liuquande/gists{/gist_id}",
            "starred_url": "https://api.github.com/users/liuquande/starred{/owner}{/repo}",
            "subscriptions_url": "https://api.github.com/users/liuquande/subscriptions",
            "organizations_url": "https://api.github.com/users/liuquande/orgs",
            "repos_url": "https://api.github.com/users/liuquande/repos",
            "events_url": "https://api.github.com/users/liuquande/events{/privacy}",
            "received_events_url": "https://api.github.com/users/liuquande/received_events",
            "type": "User",
            "user_view_type": "public",
            "site_admin": false
        },
        "reactions": {
            "url": "https://api.github.com/repos/liuquande/FedDG-ELCFS/issues/5/reactions",
            "total_count": 0,
            "+1": 0,
            "-1": 0,
            "laugh": 0,
            "hooray": 0,
            "confused": 0,
            "heart": 0,
            "rocket": 0,
            "eyes": 0
        },
        "timeline_url": "https://api.github.com/repos/liuquande/FedDG-ELCFS/issues/5/timeline",
        "performed_via_github_app": null,
        "state_reason": "completed"
    },
    {
        "url": "https://api.github.com/repos/liuquande/FedDG-ELCFS/issues/4",
        "repository_url": "https://api.github.com/repos/liuquande/FedDG-ELCFS",
        "labels_url": "https://api.github.com/repos/liuquande/FedDG-ELCFS/issues/4/labels{/name}",
        "comments_url": "https://api.github.com/repos/liuquande/FedDG-ELCFS/issues/4/comments",
        "events_url": "https://api.github.com/repos/liuquande/FedDG-ELCFS/issues/4/events",
        "html_url": "https://github.com/liuquande/FedDG-ELCFS/issues/4",
        "id": 844614005,
        "node_id": "MDU6SXNzdWU4NDQ2MTQwMDU=",
        "number": 4,
        "title": "It seems that some documents are absent?",
        "user": {
            "login": "lichen14",
            "id": 25859465,
            "node_id": "MDQ6VXNlcjI1ODU5NDY1",
            "avatar_url": "https://avatars.githubusercontent.com/u/25859465?v=4",
            "gravatar_id": "",
            "url": "https://api.github.com/users/lichen14",
            "html_url": "https://github.com/lichen14",
            "followers_url": "https://api.github.com/users/lichen14/followers",
            "following_url": "https://api.github.com/users/lichen14/following{/other_user}",
            "gists_url": "https://api.github.com/users/lichen14/gists{/gist_id}",
            "starred_url": "https://api.github.com/users/lichen14/starred{/owner}{/repo}",
            "subscriptions_url": "https://api.github.com/users/lichen14/subscriptions",
            "organizations_url": "https://api.github.com/users/lichen14/orgs",
            "repos_url": "https://api.github.com/users/lichen14/repos",
            "events_url": "https://api.github.com/users/lichen14/events{/privacy}",
            "received_events_url": "https://api.github.com/users/lichen14/received_events",
            "type": "User",
            "user_view_type": "public",
            "site_admin": false
        },
        "labels": [],
        "state": "closed",
        "locked": false,
        "assignee": null,
        "assignees": [],
        "milestone": null,
        "comments": 1,
        "created_at": "2021-03-30T14:09:01Z",
        "updated_at": "2021-04-04T15:00:42Z",
        "closed_at": "2021-04-04T15:00:42Z",
        "author_association": "NONE",
        "active_lock_reason": null,
        "sub_issues_summary": {
            "total": 0,
            "completed": 0,
            "percent_completed": 0
        },
        "body": "Dear author,\r\nThanks for your great work and released the project.\r\nwhen I am rebuilding the FedDG, it seems that some documents are missing?\r\n\r\n- https://github.com/liuquande/FedDG-ELCFS/blob/d59321cc72f09571a27777579d66b98c193631e0/train_ELCFS.py#L61\r\n- https://github.com/liuquande/FedDG-ELCFS/blob/d59321cc72f09571a27777579d66b98c193631e0/train_ELCFS.py#L153\r\n\r\nWe sincerely hope to get your help. It would be great if you could answer our doubts or share related documents.",
        "closed_by": {
            "login": "liuquande",
            "id": 29408526,
            "node_id": "MDQ6VXNlcjI5NDA4NTI2",
            "avatar_url": "https://avatars.githubusercontent.com/u/29408526?v=4",
            "gravatar_id": "",
            "url": "https://api.github.com/users/liuquande",
            "html_url": "https://github.com/liuquande",
            "followers_url": "https://api.github.com/users/liuquande/followers",
            "following_url": "https://api.github.com/users/liuquande/following{/other_user}",
            "gists_url": "https://api.github.com/users/liuquande/gists{/gist_id}",
            "starred_url": "https://api.github.com/users/liuquande/starred{/owner}{/repo}",
            "subscriptions_url": "https://api.github.com/users/liuquande/subscriptions",
            "organizations_url": "https://api.github.com/users/liuquande/orgs",
            "repos_url": "https://api.github.com/users/liuquande/repos",
            "events_url": "https://api.github.com/users/liuquande/events{/privacy}",
            "received_events_url": "https://api.github.com/users/liuquande/received_events",
            "type": "User",
            "user_view_type": "public",
            "site_admin": false
        },
        "reactions": {
            "url": "https://api.github.com/repos/liuquande/FedDG-ELCFS/issues/4/reactions",
            "total_count": 0,
            "+1": 0,
            "-1": 0,
            "laugh": 0,
            "hooray": 0,
            "confused": 0,
            "heart": 0,
            "rocket": 0,
            "eyes": 0
        },
        "timeline_url": "https://api.github.com/repos/liuquande/FedDG-ELCFS/issues/4/timeline",
        "performed_via_github_app": null,
        "state_reason": "completed"
    },
    {
        "url": "https://api.github.com/repos/liuquande/FedDG-ELCFS/issues/3",
        "repository_url": "https://api.github.com/repos/liuquande/FedDG-ELCFS",
        "labels_url": "https://api.github.com/repos/liuquande/FedDG-ELCFS/issues/3/labels{/name}",
        "comments_url": "https://api.github.com/repos/liuquande/FedDG-ELCFS/issues/3/comments",
        "events_url": "https://api.github.com/repos/liuquande/FedDG-ELCFS/issues/3/events",
        "html_url": "https://github.com/liuquande/FedDG-ELCFS/issues/3",
        "id": 843528886,
        "node_id": "MDU6SXNzdWU4NDM1Mjg4ODY=",
        "number": 3,
        "title": "Request about Release the pre-processed Dataset",
        "user": {
            "login": "xxliang99",
            "id": 64145613,
            "node_id": "MDQ6VXNlcjY0MTQ1NjEz",
            "avatar_url": "https://avatars.githubusercontent.com/u/64145613?v=4",
            "gravatar_id": "",
            "url": "https://api.github.com/users/xxliang99",
            "html_url": "https://github.com/xxliang99",
            "followers_url": "https://api.github.com/users/xxliang99/followers",
            "following_url": "https://api.github.com/users/xxliang99/following{/other_user}",
            "gists_url": "https://api.github.com/users/xxliang99/gists{/gist_id}",
            "starred_url": "https://api.github.com/users/xxliang99/starred{/owner}{/repo}",
            "subscriptions_url": "https://api.github.com/users/xxliang99/subscriptions",
            "organizations_url": "https://api.github.com/users/xxliang99/orgs",
            "repos_url": "https://api.github.com/users/xxliang99/repos",
            "events_url": "https://api.github.com/users/xxliang99/events{/privacy}",
            "received_events_url": "https://api.github.com/users/xxliang99/received_events",
            "type": "User",
            "user_view_type": "public",
            "site_admin": false
        },
        "labels": [],
        "state": "closed",
        "locked": false,
        "assignee": null,
        "assignees": [],
        "milestone": null,
        "comments": 3,
        "created_at": "2021-03-29T16:15:12Z",
        "updated_at": "2021-04-04T15:00:36Z",
        "closed_at": "2021-04-04T15:00:36Z",
        "author_association": "NONE",
        "active_lock_reason": null,
        "sub_issues_summary": {
            "total": 0,
            "completed": 0,
            "percent_completed": 0
        },
        "body": "Dear Author,\r\nI met some problems at step 2 \"Prepare the dataset\", as I do not know what it exactly is in the .npy file (e.g. converted from raw image? or after some pre-processing? or something else), and there is no reference. Therefore, could you please release the re-organized dataset that we could directly applied in training? I mean, the \"/Dataset\" repository with clientxxx and proper placed .npy files in it. Dataset for either task would help a lot. Thank you very much for your attention. Also congratulations!",
        "closed_by": {
            "login": "liuquande",
            "id": 29408526,
            "node_id": "MDQ6VXNlcjI5NDA4NTI2",
            "avatar_url": "https://avatars.githubusercontent.com/u/29408526?v=4",
            "gravatar_id": "",
            "url": "https://api.github.com/users/liuquande",
            "html_url": "https://github.com/liuquande",
            "followers_url": "https://api.github.com/users/liuquande/followers",
            "following_url": "https://api.github.com/users/liuquande/following{/other_user}",
            "gists_url": "https://api.github.com/users/liuquande/gists{/gist_id}",
            "starred_url": "https://api.github.com/users/liuquande/starred{/owner}{/repo}",
            "subscriptions_url": "https://api.github.com/users/liuquande/subscriptions",
            "organizations_url": "https://api.github.com/users/liuquande/orgs",
            "repos_url": "https://api.github.com/users/liuquande/repos",
            "events_url": "https://api.github.com/users/liuquande/events{/privacy}",
            "received_events_url": "https://api.github.com/users/liuquande/received_events",
            "type": "User",
            "user_view_type": "public",
            "site_admin": false
        },
        "reactions": {
            "url": "https://api.github.com/repos/liuquande/FedDG-ELCFS/issues/3/reactions",
            "total_count": 0,
            "+1": 0,
            "-1": 0,
            "laugh": 0,
            "hooray": 0,
            "confused": 0,
            "heart": 0,
            "rocket": 0,
            "eyes": 0
        },
        "timeline_url": "https://api.github.com/repos/liuquande/FedDG-ELCFS/issues/3/timeline",
        "performed_via_github_app": null,
        "state_reason": "completed"
    },
    {
        "url": "https://api.github.com/repos/liuquande/FedDG-ELCFS/issues/2",
        "repository_url": "https://api.github.com/repos/liuquande/FedDG-ELCFS",
        "labels_url": "https://api.github.com/repos/liuquande/FedDG-ELCFS/issues/2/labels{/name}",
        "comments_url": "https://api.github.com/repos/liuquande/FedDG-ELCFS/issues/2/comments",
        "events_url": "https://api.github.com/repos/liuquande/FedDG-ELCFS/issues/2/events",
        "html_url": "https://github.com/liuquande/FedDG-ELCFS/issues/2",
        "id": 841153815,
        "node_id": "MDU6SXNzdWU4NDExNTM4MTU=",
        "number": 2,
        "title": "Question about interpolated amplitude spectrum",
        "user": {
            "login": "zzzqzhou",
            "id": 36720780,
            "node_id": "MDQ6VXNlcjM2NzIwNzgw",
            "avatar_url": "https://avatars.githubusercontent.com/u/36720780?v=4",
            "gravatar_id": "",
            "url": "https://api.github.com/users/zzzqzhou",
            "html_url": "https://github.com/zzzqzhou",
            "followers_url": "https://api.github.com/users/zzzqzhou/followers",
            "following_url": "https://api.github.com/users/zzzqzhou/following{/other_user}",
            "gists_url": "https://api.github.com/users/zzzqzhou/gists{/gist_id}",
            "starred_url": "https://api.github.com/users/zzzqzhou/starred{/owner}{/repo}",
            "subscriptions_url": "https://api.github.com/users/zzzqzhou/subscriptions",
            "organizations_url": "https://api.github.com/users/zzzqzhou/orgs",
            "repos_url": "https://api.github.com/users/zzzqzhou/repos",
            "events_url": "https://api.github.com/users/zzzqzhou/events{/privacy}",
            "received_events_url": "https://api.github.com/users/zzzqzhou/received_events",
            "type": "User",
            "user_view_type": "public",
            "site_admin": false
        },
        "labels": [],
        "state": "closed",
        "locked": false,
        "assignee": null,
        "assignees": [],
        "milestone": null,
        "comments": 4,
        "created_at": "2021-03-25T17:29:38Z",
        "updated_at": "2021-04-04T15:00:28Z",
        "closed_at": "2021-04-04T15:00:28Z",
        "author_association": "NONE",
        "active_lock_reason": null,
        "sub_issues_summary": {
            "total": 0,
            "completed": 0,
            "percent_completed": 0
        },
        "body": "Dear Quande, congratulations on your paper being accepted!\r\n I have a question about your paper. In the paper, you mentioned that you calculate the Interpolated Amplitude Spectrum by formular (2). From my perspecitve, I think the formular (2) means adding the central region of amplitude spectrum(AS) from the distribution bank multipling \u03bb to the non-central region of AS from local image multipling (1-\u03bb), which means the new AS's central region only contains the results calculated by AS from the distribution bank. However, in \"freq_space_interpolation_demo.py\" line 37, \r\nyou just calculated the central region of new AS by adding the central region of original AS from local image to the central region of AS from the distribution bank(I left out \u03bb for brevity), which I suppose does not match formular (2). \r\nIs this a mistake or did I misunderstand it\uff1f",
        "closed_by": {
            "login": "liuquande",
            "id": 29408526,
            "node_id": "MDQ6VXNlcjI5NDA4NTI2",
            "avatar_url": "https://avatars.githubusercontent.com/u/29408526?v=4",
            "gravatar_id": "",
            "url": "https://api.github.com/users/liuquande",
            "html_url": "https://github.com/liuquande",
            "followers_url": "https://api.github.com/users/liuquande/followers",
            "following_url": "https://api.github.com/users/liuquande/following{/other_user}",
            "gists_url": "https://api.github.com/users/liuquande/gists{/gist_id}",
            "starred_url": "https://api.github.com/users/liuquande/starred{/owner}{/repo}",
            "subscriptions_url": "https://api.github.com/users/liuquande/subscriptions",
            "organizations_url": "https://api.github.com/users/liuquande/orgs",
            "repos_url": "https://api.github.com/users/liuquande/repos",
            "events_url": "https://api.github.com/users/liuquande/events{/privacy}",
            "received_events_url": "https://api.github.com/users/liuquande/received_events",
            "type": "User",
            "user_view_type": "public",
            "site_admin": false
        },
        "reactions": {
            "url": "https://api.github.com/repos/liuquande/FedDG-ELCFS/issues/2/reactions",
            "total_count": 0,
            "+1": 0,
            "-1": 0,
            "laugh": 0,
            "hooray": 0,
            "confused": 0,
            "heart": 0,
            "rocket": 0,
            "eyes": 0
        },
        "timeline_url": "https://api.github.com/repos/liuquande/FedDG-ELCFS/issues/2/timeline",
        "performed_via_github_app": null,
        "state_reason": "completed"
    }
]