[
    {
        "url": "https://api.github.com/repos/marswhu/HFL_Survey/issues/3",
        "repository_url": "https://api.github.com/repos/marswhu/HFL_Survey",
        "labels_url": "https://api.github.com/repos/marswhu/HFL_Survey/issues/3/labels{/name}",
        "comments_url": "https://api.github.com/repos/marswhu/HFL_Survey/issues/3/comments",
        "events_url": "https://api.github.com/repos/marswhu/HFL_Survey/issues/3/events",
        "html_url": "https://github.com/marswhu/HFL_Survey/issues/3",
        "id": 2007433507,
        "node_id": "I_kwDOJ84yxc53pwEj",
        "number": 3,
        "title": "New paper on FL with label skew",
        "user": {
            "login": "ShikunLi",
            "id": 31813532,
            "node_id": "MDQ6VXNlcjMxODEzNTMy",
            "avatar_url": "https://avatars.githubusercontent.com/u/31813532?v=4",
            "gravatar_id": "",
            "url": "https://api.github.com/users/ShikunLi",
            "html_url": "https://github.com/ShikunLi",
            "followers_url": "https://api.github.com/users/ShikunLi/followers",
            "following_url": "https://api.github.com/users/ShikunLi/following{/other_user}",
            "gists_url": "https://api.github.com/users/ShikunLi/gists{/gist_id}",
            "starred_url": "https://api.github.com/users/ShikunLi/starred{/owner}{/repo}",
            "subscriptions_url": "https://api.github.com/users/ShikunLi/subscriptions",
            "organizations_url": "https://api.github.com/users/ShikunLi/orgs",
            "repos_url": "https://api.github.com/users/ShikunLi/repos",
            "events_url": "https://api.github.com/users/ShikunLi/events{/privacy}",
            "received_events_url": "https://api.github.com/users/ShikunLi/received_events",
            "type": "User",
            "user_view_type": "public",
            "site_admin": false
        },
        "labels": [],
        "state": "closed",
        "locked": false,
        "assignee": null,
        "assignees": [],
        "milestone": null,
        "comments": 1,
        "created_at": "2023-11-23T03:36:26Z",
        "updated_at": "2023-11-23T13:45:35Z",
        "closed_at": "2023-11-23T13:45:35Z",
        "author_association": "NONE",
        "active_lock_reason": null,
        "sub_issues_summary": {
            "total": 0,
            "completed": 0,
            "percent_completed": 0
        },
        "body": "Hello maintainers,\r\n\r\nSuper thanks for updating this nice list for HFL!\r\nHere's a paper of mine (at ACM MM'23 as an oral presentation) that tries to address the label distribution skew problem in federated learning with a simple regularization:\r\n\r\nFederated Learning with Label-Masking Distillation (https://dl.acm.org/doi/abs/10.1145/3581783.3611984)\r\nJianghu Lu, Shikun Li, Kexin Bao, Pengju Wang, Zhenxing Qian, Shiming Ge.\r\nACM MM 2023\r\n\r\nIt'll be awesome if you could include this in the list. \r\n\r\nThanks!",
        "closed_by": {
            "login": "marswhu",
            "id": 94879512,
            "node_id": "U_kgDOBae_GA",
            "avatar_url": "https://avatars.githubusercontent.com/u/94879512?v=4",
            "gravatar_id": "",
            "url": "https://api.github.com/users/marswhu",
            "html_url": "https://github.com/marswhu",
            "followers_url": "https://api.github.com/users/marswhu/followers",
            "following_url": "https://api.github.com/users/marswhu/following{/other_user}",
            "gists_url": "https://api.github.com/users/marswhu/gists{/gist_id}",
            "starred_url": "https://api.github.com/users/marswhu/starred{/owner}{/repo}",
            "subscriptions_url": "https://api.github.com/users/marswhu/subscriptions",
            "organizations_url": "https://api.github.com/users/marswhu/orgs",
            "repos_url": "https://api.github.com/users/marswhu/repos",
            "events_url": "https://api.github.com/users/marswhu/events{/privacy}",
            "received_events_url": "https://api.github.com/users/marswhu/received_events",
            "type": "User",
            "user_view_type": "public",
            "site_admin": false
        },
        "reactions": {
            "url": "https://api.github.com/repos/marswhu/HFL_Survey/issues/3/reactions",
            "total_count": 0,
            "+1": 0,
            "-1": 0,
            "laugh": 0,
            "hooray": 0,
            "confused": 0,
            "heart": 0,
            "rocket": 0,
            "eyes": 0
        },
        "timeline_url": "https://api.github.com/repos/marswhu/HFL_Survey/issues/3/timeline",
        "performed_via_github_app": null,
        "state_reason": "completed"
    }
]