[
    {
        "url": "https://api.github.com/repos/mccorby/PhotoLabeller/issues/8",
        "repository_url": "https://api.github.com/repos/mccorby/PhotoLabeller",
        "labels_url": "https://api.github.com/repos/mccorby/PhotoLabeller/issues/8/labels{/name}",
        "comments_url": "https://api.github.com/repos/mccorby/PhotoLabeller/issues/8/comments",
        "events_url": "https://api.github.com/repos/mccorby/PhotoLabeller/issues/8/events",
        "html_url": "https://github.com/mccorby/PhotoLabeller/issues/8",
        "id": 536278245,
        "node_id": "MDU6SXNzdWU1MzYyNzgyNDU=",
        "number": 8,
        "title": "Download the model from server.",
        "user": {
            "login": "ibei",
            "id": 29813429,
            "node_id": "MDQ6VXNlcjI5ODEzNDI5",
            "avatar_url": "https://avatars.githubusercontent.com/u/29813429?v=4",
            "gravatar_id": "",
            "url": "https://api.github.com/users/ibei",
            "html_url": "https://github.com/ibei",
            "followers_url": "https://api.github.com/users/ibei/followers",
            "following_url": "https://api.github.com/users/ibei/following{/other_user}",
            "gists_url": "https://api.github.com/users/ibei/gists{/gist_id}",
            "starred_url": "https://api.github.com/users/ibei/starred{/owner}{/repo}",
            "subscriptions_url": "https://api.github.com/users/ibei/subscriptions",
            "organizations_url": "https://api.github.com/users/ibei/orgs",
            "repos_url": "https://api.github.com/users/ibei/repos",
            "events_url": "https://api.github.com/users/ibei/events{/privacy}",
            "received_events_url": "https://api.github.com/users/ibei/received_events",
            "type": "User",
            "user_view_type": "public",
            "site_admin": false
        },
        "labels": [],
        "state": "closed",
        "locked": false,
        "assignee": null,
        "assignees": [],
        "milestone": null,
        "comments": 6,
        "created_at": "2019-12-11T10:26:46Z",
        "updated_at": "2020-02-23T18:37:08Z",
        "closed_at": "2020-02-23T18:37:08Z",
        "author_association": "NONE",
        "active_lock_reason": null,
        "sub_issues_summary": {
            "total": 0,
            "completed": 0,
            "percent_completed": 0
        },
        "body": "so far I can upload the updates in client to the server.\r\nthe main process is:\r\nfirst i save a model.zip locally and open the app,\r\ntake some pics and click the \"training\" botton,\r\nthen it goes to the training interface,\r\nafter certain iters, the training is finished, and the server can get the updates uploaded by the clients.\r\nSo the path from client to server is working.\r\nwhat i wanna know is how to download the model from the server?\r\nAny suggesstion is appreciated!",
        "closed_by": {
            "login": "mccorby",
            "id": 4661075,
            "node_id": "MDQ6VXNlcjQ2NjEwNzU=",
            "avatar_url": "https://avatars.githubusercontent.com/u/4661075?v=4",
            "gravatar_id": "",
            "url": "https://api.github.com/users/mccorby",
            "html_url": "https://github.com/mccorby",
            "followers_url": "https://api.github.com/users/mccorby/followers",
            "following_url": "https://api.github.com/users/mccorby/following{/other_user}",
            "gists_url": "https://api.github.com/users/mccorby/gists{/gist_id}",
            "starred_url": "https://api.github.com/users/mccorby/starred{/owner}{/repo}",
            "subscriptions_url": "https://api.github.com/users/mccorby/subscriptions",
            "organizations_url": "https://api.github.com/users/mccorby/orgs",
            "repos_url": "https://api.github.com/users/mccorby/repos",
            "events_url": "https://api.github.com/users/mccorby/events{/privacy}",
            "received_events_url": "https://api.github.com/users/mccorby/received_events",
            "type": "User",
            "user_view_type": "public",
            "site_admin": false
        },
        "reactions": {
            "url": "https://api.github.com/repos/mccorby/PhotoLabeller/issues/8/reactions",
            "total_count": 0,
            "+1": 0,
            "-1": 0,
            "laugh": 0,
            "hooray": 0,
            "confused": 0,
            "heart": 0,
            "rocket": 0,
            "eyes": 0
        },
        "timeline_url": "https://api.github.com/repos/mccorby/PhotoLabeller/issues/8/timeline",
        "performed_via_github_app": null,
        "state_reason": "completed"
    },
    {
        "url": "https://api.github.com/repos/mccorby/PhotoLabeller/issues/7",
        "repository_url": "https://api.github.com/repos/mccorby/PhotoLabeller",
        "labels_url": "https://api.github.com/repos/mccorby/PhotoLabeller/issues/7/labels{/name}",
        "comments_url": "https://api.github.com/repos/mccorby/PhotoLabeller/issues/7/comments",
        "events_url": "https://api.github.com/repos/mccorby/PhotoLabeller/issues/7/events",
        "html_url": "https://github.com/mccorby/PhotoLabeller/issues/7",
        "id": 507814503,
        "node_id": "MDU6SXNzdWU1MDc4MTQ1MDM=",
        "number": 7,
        "title": "client side app error",
        "user": {
            "login": "AFNANAMIN",
            "id": 33934146,
            "node_id": "MDQ6VXNlcjMzOTM0MTQ2",
            "avatar_url": "https://avatars.githubusercontent.com/u/33934146?v=4",
            "gravatar_id": "",
            "url": "https://api.github.com/users/AFNANAMIN",
            "html_url": "https://github.com/AFNANAMIN",
            "followers_url": "https://api.github.com/users/AFNANAMIN/followers",
            "following_url": "https://api.github.com/users/AFNANAMIN/following{/other_user}",
            "gists_url": "https://api.github.com/users/AFNANAMIN/gists{/gist_id}",
            "starred_url": "https://api.github.com/users/AFNANAMIN/starred{/owner}{/repo}",
            "subscriptions_url": "https://api.github.com/users/AFNANAMIN/subscriptions",
            "organizations_url": "https://api.github.com/users/AFNANAMIN/orgs",
            "repos_url": "https://api.github.com/users/AFNANAMIN/repos",
            "events_url": "https://api.github.com/users/AFNANAMIN/events{/privacy}",
            "received_events_url": "https://api.github.com/users/AFNANAMIN/received_events",
            "type": "User",
            "user_view_type": "public",
            "site_admin": false
        },
        "labels": [],
        "state": "open",
        "locked": false,
        "assignee": null,
        "assignees": [],
        "milestone": null,
        "comments": 0,
        "created_at": "2019-10-16T12:18:39Z",
        "updated_at": "2019-10-16T12:18:39Z",
        "closed_at": null,
        "author_association": "NONE",
        "active_lock_reason": null,
        "sub_issues_summary": {
            "total": 0,
            "completed": 0,
            "percent_completed": 0
        },
        "body": "i got this error when i running the app on mobile \r\n**\r\n\r\n> Error: Static interface methods are only supported starting with Android N (--min-api 24): java.lang.Object com.mccorby.photolabeller.datasource.network.FederatedApi.access$super(com.mccorby.photolabeller.datasource.network.FederatedApi, java.lang.String, java.lang.Object[])\r\n\r\n**\r\nany help is highly appreciated ",
        "closed_by": null,
        "reactions": {
            "url": "https://api.github.com/repos/mccorby/PhotoLabeller/issues/7/reactions",
            "total_count": 0,
            "+1": 0,
            "-1": 0,
            "laugh": 0,
            "hooray": 0,
            "confused": 0,
            "heart": 0,
            "rocket": 0,
            "eyes": 0
        },
        "timeline_url": "https://api.github.com/repos/mccorby/PhotoLabeller/issues/7/timeline",
        "performed_via_github_app": null,
        "state_reason": null
    },
    {
        "url": "https://api.github.com/repos/mccorby/PhotoLabeller/issues/6",
        "repository_url": "https://api.github.com/repos/mccorby/PhotoLabeller",
        "labels_url": "https://api.github.com/repos/mccorby/PhotoLabeller/issues/6/labels{/name}",
        "comments_url": "https://api.github.com/repos/mccorby/PhotoLabeller/issues/6/comments",
        "events_url": "https://api.github.com/repos/mccorby/PhotoLabeller/issues/6/events",
        "html_url": "https://github.com/mccorby/PhotoLabeller/issues/6",
        "id": 429191038,
        "node_id": "MDU6SXNzdWU0MjkxOTEwMzg=",
        "number": 6,
        "title": "Communication failed. ",
        "user": {
            "login": "JieZhou0805",
            "id": 44758532,
            "node_id": "MDQ6VXNlcjQ0NzU4NTMy",
            "avatar_url": "https://avatars.githubusercontent.com/u/44758532?v=4",
            "gravatar_id": "",
            "url": "https://api.github.com/users/JieZhou0805",
            "html_url": "https://github.com/JieZhou0805",
            "followers_url": "https://api.github.com/users/JieZhou0805/followers",
            "following_url": "https://api.github.com/users/JieZhou0805/following{/other_user}",
            "gists_url": "https://api.github.com/users/JieZhou0805/gists{/gist_id}",
            "starred_url": "https://api.github.com/users/JieZhou0805/starred{/owner}{/repo}",
            "subscriptions_url": "https://api.github.com/users/JieZhou0805/subscriptions",
            "organizations_url": "https://api.github.com/users/JieZhou0805/orgs",
            "repos_url": "https://api.github.com/users/JieZhou0805/repos",
            "events_url": "https://api.github.com/users/JieZhou0805/events{/privacy}",
            "received_events_url": "https://api.github.com/users/JieZhou0805/received_events",
            "type": "User",
            "user_view_type": "public",
            "site_admin": false
        },
        "labels": [],
        "state": "open",
        "locked": false,
        "assignee": null,
        "assignees": [],
        "milestone": null,
        "comments": 9,
        "created_at": "2019-04-04T10:04:45Z",
        "updated_at": "2021-05-06T15:12:56Z",
        "closed_at": null,
        "author_association": "NONE",
        "active_lock_reason": null,
        "sub_issues_summary": {
            "total": 0,
            "completed": 0,
            "percent_completed": 0
        },
        "body": "I have read the issues \"The client can't communicate with the server\" and have some questions. I met the same situation. I have already configurated the server IP. The server can be visited by the phone, but the client can't visit it. I saw someone mention the model.zip before. But I don't know where to place it. If anyone can give me some help, I will be very grateful. ",
        "closed_by": null,
        "reactions": {
            "url": "https://api.github.com/repos/mccorby/PhotoLabeller/issues/6/reactions",
            "total_count": 0,
            "+1": 0,
            "-1": 0,
            "laugh": 0,
            "hooray": 0,
            "confused": 0,
            "heart": 0,
            "rocket": 0,
            "eyes": 0
        },
        "timeline_url": "https://api.github.com/repos/mccorby/PhotoLabeller/issues/6/timeline",
        "performed_via_github_app": null,
        "state_reason": null
    },
    {
        "url": "https://api.github.com/repos/mccorby/PhotoLabeller/issues/5",
        "repository_url": "https://api.github.com/repos/mccorby/PhotoLabeller",
        "labels_url": "https://api.github.com/repos/mccorby/PhotoLabeller/issues/5/labels{/name}",
        "comments_url": "https://api.github.com/repos/mccorby/PhotoLabeller/issues/5/comments",
        "events_url": "https://api.github.com/repos/mccorby/PhotoLabeller/issues/5/events",
        "html_url": "https://github.com/mccorby/PhotoLabeller/issues/5",
        "id": 429106444,
        "node_id": "MDU6SXNzdWU0MjkxMDY0NDQ=",
        "number": 5,
        "title": "The client can't communicate with the server",
        "user": {
            "login": "yunxiao3",
            "id": 31088940,
            "node_id": "MDQ6VXNlcjMxMDg4OTQw",
            "avatar_url": "https://avatars.githubusercontent.com/u/31088940?v=4",
            "gravatar_id": "",
            "url": "https://api.github.com/users/yunxiao3",
            "html_url": "https://github.com/yunxiao3",
            "followers_url": "https://api.github.com/users/yunxiao3/followers",
            "following_url": "https://api.github.com/users/yunxiao3/following{/other_user}",
            "gists_url": "https://api.github.com/users/yunxiao3/gists{/gist_id}",
            "starred_url": "https://api.github.com/users/yunxiao3/starred{/owner}{/repo}",
            "subscriptions_url": "https://api.github.com/users/yunxiao3/subscriptions",
            "organizations_url": "https://api.github.com/users/yunxiao3/orgs",
            "repos_url": "https://api.github.com/users/yunxiao3/repos",
            "events_url": "https://api.github.com/users/yunxiao3/events{/privacy}",
            "received_events_url": "https://api.github.com/users/yunxiao3/received_events",
            "type": "User",
            "user_view_type": "public",
            "site_admin": false
        },
        "labels": [],
        "state": "closed",
        "locked": false,
        "assignee": null,
        "assignees": [],
        "milestone": null,
        "comments": 12,
        "created_at": "2019-04-04T06:37:29Z",
        "updated_at": "2019-04-04T13:13:06Z",
        "closed_at": "2019-04-04T08:28:05Z",
        "author_association": "NONE",
        "active_lock_reason": null,
        "sub_issues_summary": {
            "total": 0,
            "completed": 0,
            "percent_completed": 0
        },
        "body": "Hello, why do I use your code, the client and the server can't communicate? I checked that the phone did not upload images to the server after taking a photo.",
        "closed_by": {
            "login": "yunxiao3",
            "id": 31088940,
            "node_id": "MDQ6VXNlcjMxMDg4OTQw",
            "avatar_url": "https://avatars.githubusercontent.com/u/31088940?v=4",
            "gravatar_id": "",
            "url": "https://api.github.com/users/yunxiao3",
            "html_url": "https://github.com/yunxiao3",
            "followers_url": "https://api.github.com/users/yunxiao3/followers",
            "following_url": "https://api.github.com/users/yunxiao3/following{/other_user}",
            "gists_url": "https://api.github.com/users/yunxiao3/gists{/gist_id}",
            "starred_url": "https://api.github.com/users/yunxiao3/starred{/owner}{/repo}",
            "subscriptions_url": "https://api.github.com/users/yunxiao3/subscriptions",
            "organizations_url": "https://api.github.com/users/yunxiao3/orgs",
            "repos_url": "https://api.github.com/users/yunxiao3/repos",
            "events_url": "https://api.github.com/users/yunxiao3/events{/privacy}",
            "received_events_url": "https://api.github.com/users/yunxiao3/received_events",
            "type": "User",
            "user_view_type": "public",
            "site_admin": false
        },
        "reactions": {
            "url": "https://api.github.com/repos/mccorby/PhotoLabeller/issues/5/reactions",
            "total_count": 0,
            "+1": 0,
            "-1": 0,
            "laugh": 0,
            "hooray": 0,
            "confused": 0,
            "heart": 0,
            "rocket": 0,
            "eyes": 0
        },
        "timeline_url": "https://api.github.com/repos/mccorby/PhotoLabeller/issues/5/timeline",
        "performed_via_github_app": null,
        "state_reason": "completed"
    },
    {
        "url": "https://api.github.com/repos/mccorby/PhotoLabeller/issues/3",
        "repository_url": "https://api.github.com/repos/mccorby/PhotoLabeller",
        "labels_url": "https://api.github.com/repos/mccorby/PhotoLabeller/issues/3/labels{/name}",
        "comments_url": "https://api.github.com/repos/mccorby/PhotoLabeller/issues/3/comments",
        "events_url": "https://api.github.com/repos/mccorby/PhotoLabeller/issues/3/events",
        "html_url": "https://github.com/mccorby/PhotoLabeller/issues/3",
        "id": 389846996,
        "node_id": "MDU6SXNzdWUzODk4NDY5OTY=",
        "number": 3,
        "title": "Upgrade to DL4J 1.0",
        "user": {
            "login": "mccorby",
            "id": 4661075,
            "node_id": "MDQ6VXNlcjQ2NjEwNzU=",
            "avatar_url": "https://avatars.githubusercontent.com/u/4661075?v=4",
            "gravatar_id": "",
            "url": "https://api.github.com/users/mccorby",
            "html_url": "https://github.com/mccorby",
            "followers_url": "https://api.github.com/users/mccorby/followers",
            "following_url": "https://api.github.com/users/mccorby/following{/other_user}",
            "gists_url": "https://api.github.com/users/mccorby/gists{/gist_id}",
            "starred_url": "https://api.github.com/users/mccorby/starred{/owner}{/repo}",
            "subscriptions_url": "https://api.github.com/users/mccorby/subscriptions",
            "organizations_url": "https://api.github.com/users/mccorby/orgs",
            "repos_url": "https://api.github.com/users/mccorby/repos",
            "events_url": "https://api.github.com/users/mccorby/events{/privacy}",
            "received_events_url": "https://api.github.com/users/mccorby/received_events",
            "type": "User",
            "user_view_type": "public",
            "site_admin": false
        },
        "labels": [],
        "state": "closed",
        "locked": false,
        "assignee": null,
        "assignees": [],
        "milestone": null,
        "comments": 0,
        "created_at": "2018-12-11T16:28:12Z",
        "updated_at": "2019-06-08T08:35:14Z",
        "closed_at": "2019-06-08T08:35:14Z",
        "author_association": "OWNER",
        "active_lock_reason": null,
        "sub_issues_summary": {
            "total": 0,
            "completed": 0,
            "percent_completed": 0
        },
        "body": "",
        "closed_by": {
            "login": "mccorby",
            "id": 4661075,
            "node_id": "MDQ6VXNlcjQ2NjEwNzU=",
            "avatar_url": "https://avatars.githubusercontent.com/u/4661075?v=4",
            "gravatar_id": "",
            "url": "https://api.github.com/users/mccorby",
            "html_url": "https://github.com/mccorby",
            "followers_url": "https://api.github.com/users/mccorby/followers",
            "following_url": "https://api.github.com/users/mccorby/following{/other_user}",
            "gists_url": "https://api.github.com/users/mccorby/gists{/gist_id}",
            "starred_url": "https://api.github.com/users/mccorby/starred{/owner}{/repo}",
            "subscriptions_url": "https://api.github.com/users/mccorby/subscriptions",
            "organizations_url": "https://api.github.com/users/mccorby/orgs",
            "repos_url": "https://api.github.com/users/mccorby/repos",
            "events_url": "https://api.github.com/users/mccorby/events{/privacy}",
            "received_events_url": "https://api.github.com/users/mccorby/received_events",
            "type": "User",
            "user_view_type": "public",
            "site_admin": false
        },
        "reactions": {
            "url": "https://api.github.com/repos/mccorby/PhotoLabeller/issues/3/reactions",
            "total_count": 0,
            "+1": 0,
            "-1": 0,
            "laugh": 0,
            "hooray": 0,
            "confused": 0,
            "heart": 0,
            "rocket": 0,
            "eyes": 0
        },
        "timeline_url": "https://api.github.com/repos/mccorby/PhotoLabeller/issues/3/timeline",
        "performed_via_github_app": null,
        "state_reason": "completed"
    },
    {
        "url": "https://api.github.com/repos/mccorby/PhotoLabeller/issues/2",
        "repository_url": "https://api.github.com/repos/mccorby/PhotoLabeller",
        "labels_url": "https://api.github.com/repos/mccorby/PhotoLabeller/issues/2/labels{/name}",
        "comments_url": "https://api.github.com/repos/mccorby/PhotoLabeller/issues/2/comments",
        "events_url": "https://api.github.com/repos/mccorby/PhotoLabeller/issues/2/events",
        "html_url": "https://github.com/mccorby/PhotoLabeller/issues/2",
        "id": 389846854,
        "node_id": "MDU6SXNzdWUzODk4NDY4NTQ=",
        "number": 2,
        "title": "Upgrade to Kotlin 1.3",
        "user": {
            "login": "mccorby",
            "id": 4661075,
            "node_id": "MDQ6VXNlcjQ2NjEwNzU=",
            "avatar_url": "https://avatars.githubusercontent.com/u/4661075?v=4",
            "gravatar_id": "",
            "url": "https://api.github.com/users/mccorby",
            "html_url": "https://github.com/mccorby",
            "followers_url": "https://api.github.com/users/mccorby/followers",
            "following_url": "https://api.github.com/users/mccorby/following{/other_user}",
            "gists_url": "https://api.github.com/users/mccorby/gists{/gist_id}",
            "starred_url": "https://api.github.com/users/mccorby/starred{/owner}{/repo}",
            "subscriptions_url": "https://api.github.com/users/mccorby/subscriptions",
            "organizations_url": "https://api.github.com/users/mccorby/orgs",
            "repos_url": "https://api.github.com/users/mccorby/repos",
            "events_url": "https://api.github.com/users/mccorby/events{/privacy}",
            "received_events_url": "https://api.github.com/users/mccorby/received_events",
            "type": "User",
            "user_view_type": "public",
            "site_admin": false
        },
        "labels": [],
        "state": "closed",
        "locked": false,
        "assignee": null,
        "assignees": [],
        "milestone": null,
        "comments": 0,
        "created_at": "2018-12-11T16:27:53Z",
        "updated_at": "2019-06-08T08:35:23Z",
        "closed_at": "2019-06-08T08:35:23Z",
        "author_association": "OWNER",
        "active_lock_reason": null,
        "sub_issues_summary": {
            "total": 0,
            "completed": 0,
            "percent_completed": 0
        },
        "body": "",
        "closed_by": {
            "login": "mccorby",
            "id": 4661075,
            "node_id": "MDQ6VXNlcjQ2NjEwNzU=",
            "avatar_url": "https://avatars.githubusercontent.com/u/4661075?v=4",
            "gravatar_id": "",
            "url": "https://api.github.com/users/mccorby",
            "html_url": "https://github.com/mccorby",
            "followers_url": "https://api.github.com/users/mccorby/followers",
            "following_url": "https://api.github.com/users/mccorby/following{/other_user}",
            "gists_url": "https://api.github.com/users/mccorby/gists{/gist_id}",
            "starred_url": "https://api.github.com/users/mccorby/starred{/owner}{/repo}",
            "subscriptions_url": "https://api.github.com/users/mccorby/subscriptions",
            "organizations_url": "https://api.github.com/users/mccorby/orgs",
            "repos_url": "https://api.github.com/users/mccorby/repos",
            "events_url": "https://api.github.com/users/mccorby/events{/privacy}",
            "received_events_url": "https://api.github.com/users/mccorby/received_events",
            "type": "User",
            "user_view_type": "public",
            "site_admin": false
        },
        "reactions": {
            "url": "https://api.github.com/repos/mccorby/PhotoLabeller/issues/2/reactions",
            "total_count": 0,
            "+1": 0,
            "-1": 0,
            "laugh": 0,
            "hooray": 0,
            "confused": 0,
            "heart": 0,
            "rocket": 0,
            "eyes": 0
        },
        "timeline_url": "https://api.github.com/repos/mccorby/PhotoLabeller/issues/2/timeline",
        "performed_via_github_app": null,
        "state_reason": "completed"
    },
    {
        "url": "https://api.github.com/repos/mccorby/PhotoLabeller/issues/1",
        "repository_url": "https://api.github.com/repos/mccorby/PhotoLabeller",
        "labels_url": "https://api.github.com/repos/mccorby/PhotoLabeller/issues/1/labels{/name}",
        "comments_url": "https://api.github.com/repos/mccorby/PhotoLabeller/issues/1/comments",
        "events_url": "https://api.github.com/repos/mccorby/PhotoLabeller/issues/1/events",
        "html_url": "https://github.com/mccorby/PhotoLabeller/issues/1",
        "id": 318842038,
        "node_id": "MDU6SXNzdWUzMTg4NDIwMzg=",
        "number": 1,
        "title": "Apply Either",
        "user": {
            "login": "mccorby",
            "id": 4661075,
            "node_id": "MDQ6VXNlcjQ2NjEwNzU=",
            "avatar_url": "https://avatars.githubusercontent.com/u/4661075?v=4",
            "gravatar_id": "",
            "url": "https://api.github.com/users/mccorby",
            "html_url": "https://github.com/mccorby",
            "followers_url": "https://api.github.com/users/mccorby/followers",
            "following_url": "https://api.github.com/users/mccorby/following{/other_user}",
            "gists_url": "https://api.github.com/users/mccorby/gists{/gist_id}",
            "starred_url": "https://api.github.com/users/mccorby/starred{/owner}{/repo}",
            "subscriptions_url": "https://api.github.com/users/mccorby/subscriptions",
            "organizations_url": "https://api.github.com/users/mccorby/orgs",
            "repos_url": "https://api.github.com/users/mccorby/repos",
            "events_url": "https://api.github.com/users/mccorby/events{/privacy}",
            "received_events_url": "https://api.github.com/users/mccorby/received_events",
            "type": "User",
            "user_view_type": "public",
            "site_admin": false
        },
        "labels": [],
        "state": "closed",
        "locked": false,
        "assignee": null,
        "assignees": [],
        "milestone": null,
        "comments": 0,
        "created_at": "2018-04-30T10:11:14Z",
        "updated_at": "2019-06-08T08:35:31Z",
        "closed_at": "2019-06-08T08:35:31Z",
        "author_association": "OWNER",
        "active_lock_reason": null,
        "sub_issues_summary": {
            "total": 0,
            "completed": 0,
            "percent_completed": 0
        },
        "body": "Apply `Either` in the places where a fail response is expected\r\nIt should also replace the trainer sending strings",
        "closed_by": {
            "login": "mccorby",
            "id": 4661075,
            "node_id": "MDQ6VXNlcjQ2NjEwNzU=",
            "avatar_url": "https://avatars.githubusercontent.com/u/4661075?v=4",
            "gravatar_id": "",
            "url": "https://api.github.com/users/mccorby",
            "html_url": "https://github.com/mccorby",
            "followers_url": "https://api.github.com/users/mccorby/followers",
            "following_url": "https://api.github.com/users/mccorby/following{/other_user}",
            "gists_url": "https://api.github.com/users/mccorby/gists{/gist_id}",
            "starred_url": "https://api.github.com/users/mccorby/starred{/owner}{/repo}",
            "subscriptions_url": "https://api.github.com/users/mccorby/subscriptions",
            "organizations_url": "https://api.github.com/users/mccorby/orgs",
            "repos_url": "https://api.github.com/users/mccorby/repos",
            "events_url": "https://api.github.com/users/mccorby/events{/privacy}",
            "received_events_url": "https://api.github.com/users/mccorby/received_events",
            "type": "User",
            "user_view_type": "public",
            "site_admin": false
        },
        "reactions": {
            "url": "https://api.github.com/repos/mccorby/PhotoLabeller/issues/1/reactions",
            "total_count": 0,
            "+1": 0,
            "-1": 0,
            "laugh": 0,
            "hooray": 0,
            "confused": 0,
            "heart": 0,
            "rocket": 0,
            "eyes": 0
        },
        "timeline_url": "https://api.github.com/repos/mccorby/PhotoLabeller/issues/1/timeline",
        "performed_via_github_app": null,
        "state_reason": "completed"
    }
]