[
    {
        "url": "https://api.github.com/repos/med-air/FedBN/issues/9",
        "repository_url": "https://api.github.com/repos/med-air/FedBN",
        "labels_url": "https://api.github.com/repos/med-air/FedBN/issues/9/labels{/name}",
        "comments_url": "https://api.github.com/repos/med-air/FedBN/issues/9/comments",
        "events_url": "https://api.github.com/repos/med-air/FedBN/issues/9/events",
        "html_url": "https://github.com/med-air/FedBN/issues/9",
        "id": 1672859505,
        "node_id": "I_kwDOE-jlS85jtc9x",
        "number": 9,
        "title": "About how to write febbn test code",
        "user": {
            "login": "lloveapple",
            "id": 48848691,
            "node_id": "MDQ6VXNlcjQ4ODQ4Njkx",
            "avatar_url": "https://avatars.githubusercontent.com/u/48848691?v=4",
            "gravatar_id": "",
            "url": "https://api.github.com/users/lloveapple",
            "html_url": "https://github.com/lloveapple",
            "followers_url": "https://api.github.com/users/lloveapple/followers",
            "following_url": "https://api.github.com/users/lloveapple/following{/other_user}",
            "gists_url": "https://api.github.com/users/lloveapple/gists{/gist_id}",
            "starred_url": "https://api.github.com/users/lloveapple/starred{/owner}{/repo}",
            "subscriptions_url": "https://api.github.com/users/lloveapple/subscriptions",
            "organizations_url": "https://api.github.com/users/lloveapple/orgs",
            "repos_url": "https://api.github.com/users/lloveapple/repos",
            "events_url": "https://api.github.com/users/lloveapple/events{/privacy}",
            "received_events_url": "https://api.github.com/users/lloveapple/received_events",
            "type": "User",
            "user_view_type": "public",
            "site_admin": false
        },
        "labels": [],
        "state": "open",
        "locked": false,
        "assignee": null,
        "assignees": [],
        "milestone": null,
        "comments": 3,
        "created_at": "2023-04-18T10:53:36Z",
        "updated_at": "2024-10-16T07:05:18Z",
        "closed_at": null,
        "author_association": "NONE",
        "type": null,
        "active_lock_reason": null,
        "sub_issues_summary": {
            "total": 0,
            "completed": 0,
            "percent_completed": 0
        },
        "body": "I have tried various methods to test the code of fedbn (use the trained model, input a picture for prediction), fedbn can not give the correct result, but fedavg is normal",
        "closed_by": null,
        "reactions": {
            "url": "https://api.github.com/repos/med-air/FedBN/issues/9/reactions",
            "total_count": 0,
            "+1": 0,
            "-1": 0,
            "laugh": 0,
            "hooray": 0,
            "confused": 0,
            "heart": 0,
            "rocket": 0,
            "eyes": 0
        },
        "timeline_url": "https://api.github.com/repos/med-air/FedBN/issues/9/timeline",
        "performed_via_github_app": null,
        "state_reason": null
    },
    {
        "url": "https://api.github.com/repos/med-air/FedBN/issues/8",
        "repository_url": "https://api.github.com/repos/med-air/FedBN",
        "labels_url": "https://api.github.com/repos/med-air/FedBN/issues/8/labels{/name}",
        "comments_url": "https://api.github.com/repos/med-air/FedBN/issues/8/comments",
        "events_url": "https://api.github.com/repos/med-air/FedBN/issues/8/events",
        "html_url": "https://github.com/med-air/FedBN/issues/8",
        "id": 1600355508,
        "node_id": "I_kwDOE-jlS85fY3y0",
        "number": 8,
        "title": "Code for .pkl file missing",
        "user": {
            "login": "earlycoder",
            "id": 73784232,
            "node_id": "MDQ6VXNlcjczNzg0MjMy",
            "avatar_url": "https://avatars.githubusercontent.com/u/73784232?v=4",
            "gravatar_id": "",
            "url": "https://api.github.com/users/earlycoder",
            "html_url": "https://github.com/earlycoder",
            "followers_url": "https://api.github.com/users/earlycoder/followers",
            "following_url": "https://api.github.com/users/earlycoder/following{/other_user}",
            "gists_url": "https://api.github.com/users/earlycoder/gists{/gist_id}",
            "starred_url": "https://api.github.com/users/earlycoder/starred{/owner}{/repo}",
            "subscriptions_url": "https://api.github.com/users/earlycoder/subscriptions",
            "organizations_url": "https://api.github.com/users/earlycoder/orgs",
            "repos_url": "https://api.github.com/users/earlycoder/repos",
            "events_url": "https://api.github.com/users/earlycoder/events{/privacy}",
            "received_events_url": "https://api.github.com/users/earlycoder/received_events",
            "type": "User",
            "user_view_type": "public",
            "site_admin": false
        },
        "labels": [],
        "state": "open",
        "locked": false,
        "assignee": null,
        "assignees": [],
        "milestone": null,
        "comments": 1,
        "created_at": "2023-02-27T02:45:41Z",
        "updated_at": "2024-10-16T06:57:22Z",
        "closed_at": null,
        "author_association": "NONE",
        "type": null,
        "active_lock_reason": null,
        "sub_issues_summary": {
            "total": 0,
            "completed": 0,
            "percent_completed": 0
        },
        "body": "Under data_utils.py code,\r\n\"  self.paths, self.text_labels = np.load('../data/office_caltech_10/{}_train.pkl'.format(site), allow_pickle=True)\"\r\n\r\nCan you provide the code to create .pkl file of the dataset used here?\r\n\r\n\r\n\r\n",
        "closed_by": null,
        "reactions": {
            "url": "https://api.github.com/repos/med-air/FedBN/issues/8/reactions",
            "total_count": 1,
            "+1": 1,
            "-1": 0,
            "laugh": 0,
            "hooray": 0,
            "confused": 0,
            "heart": 0,
            "rocket": 0,
            "eyes": 0
        },
        "timeline_url": "https://api.github.com/repos/med-air/FedBN/issues/8/timeline",
        "performed_via_github_app": null,
        "state_reason": null
    },
    {
        "url": "https://api.github.com/repos/med-air/FedBN/issues/7",
        "repository_url": "https://api.github.com/repos/med-air/FedBN",
        "labels_url": "https://api.github.com/repos/med-air/FedBN/issues/7/labels{/name}",
        "comments_url": "https://api.github.com/repos/med-air/FedBN/issues/7/comments",
        "events_url": "https://api.github.com/repos/med-air/FedBN/issues/7/events",
        "html_url": "https://github.com/med-air/FedBN/issues/7",
        "id": 1468947677,
        "node_id": "I_kwDOE-jlS85Xjlzd",
        "number": 7,
        "title": "Run ./utils/data_preprocess.py python, an error has occurred\uff1arequests.exceptions.SSLError",
        "user": {
            "login": "aidenz0",
            "id": 58871811,
            "node_id": "MDQ6VXNlcjU4ODcxODEx",
            "avatar_url": "https://avatars.githubusercontent.com/u/58871811?v=4",
            "gravatar_id": "",
            "url": "https://api.github.com/users/aidenz0",
            "html_url": "https://github.com/aidenz0",
            "followers_url": "https://api.github.com/users/aidenz0/followers",
            "following_url": "https://api.github.com/users/aidenz0/following{/other_user}",
            "gists_url": "https://api.github.com/users/aidenz0/gists{/gist_id}",
            "starred_url": "https://api.github.com/users/aidenz0/starred{/owner}{/repo}",
            "subscriptions_url": "https://api.github.com/users/aidenz0/subscriptions",
            "organizations_url": "https://api.github.com/users/aidenz0/orgs",
            "repos_url": "https://api.github.com/users/aidenz0/repos",
            "events_url": "https://api.github.com/users/aidenz0/events{/privacy}",
            "received_events_url": "https://api.github.com/users/aidenz0/received_events",
            "type": "User",
            "user_view_type": "public",
            "site_admin": false
        },
        "labels": [],
        "state": "open",
        "locked": false,
        "assignee": null,
        "assignees": [],
        "milestone": null,
        "comments": 0,
        "created_at": "2022-11-30T02:13:15Z",
        "updated_at": "2022-11-30T02:13:15Z",
        "closed_at": null,
        "author_association": "NONE",
        "type": null,
        "active_lock_reason": null,
        "sub_issues_summary": {
            "total": 0,
            "completed": 0,
            "percent_completed": 0
        },
        "body": "When I run ./utils/data_preprocess.py python An error has occurred\uff1arequests.exceptions.SSLError: HTTPSConnectionPool(host='www.baidu.com', port=443): Max retries exceeded with url: / (Caused by SSLError(SSLEOFError(8, 'EOF occurred in violation of protocol (_ssl.c:997)')))\r\n\r\nHow to solve this error\uff1f",
        "closed_by": null,
        "reactions": {
            "url": "https://api.github.com/repos/med-air/FedBN/issues/7/reactions",
            "total_count": 0,
            "+1": 0,
            "-1": 0,
            "laugh": 0,
            "hooray": 0,
            "confused": 0,
            "heart": 0,
            "rocket": 0,
            "eyes": 0
        },
        "timeline_url": "https://api.github.com/repos/med-air/FedBN/issues/7/timeline",
        "performed_via_github_app": null,
        "state_reason": null
    },
    {
        "url": "https://api.github.com/repos/med-air/FedBN/issues/6",
        "repository_url": "https://api.github.com/repos/med-air/FedBN",
        "labels_url": "https://api.github.com/repos/med-air/FedBN/issues/6/labels{/name}",
        "comments_url": "https://api.github.com/repos/med-air/FedBN/issues/6/comments",
        "events_url": "https://api.github.com/repos/med-air/FedBN/issues/6/events",
        "html_url": "https://github.com/med-air/FedBN/issues/6",
        "id": 1401870331,
        "node_id": "I_kwDOE-jlS85Tjtf7",
        "number": 6,
        "title": "The train/val split in domainnet",
        "user": {
            "login": "FrankZhangRp",
            "id": 32047074,
            "node_id": "MDQ6VXNlcjMyMDQ3MDc0",
            "avatar_url": "https://avatars.githubusercontent.com/u/32047074?v=4",
            "gravatar_id": "",
            "url": "https://api.github.com/users/FrankZhangRp",
            "html_url": "https://github.com/FrankZhangRp",
            "followers_url": "https://api.github.com/users/FrankZhangRp/followers",
            "following_url": "https://api.github.com/users/FrankZhangRp/following{/other_user}",
            "gists_url": "https://api.github.com/users/FrankZhangRp/gists{/gist_id}",
            "starred_url": "https://api.github.com/users/FrankZhangRp/starred{/owner}{/repo}",
            "subscriptions_url": "https://api.github.com/users/FrankZhangRp/subscriptions",
            "organizations_url": "https://api.github.com/users/FrankZhangRp/orgs",
            "repos_url": "https://api.github.com/users/FrankZhangRp/repos",
            "events_url": "https://api.github.com/users/FrankZhangRp/events{/privacy}",
            "received_events_url": "https://api.github.com/users/FrankZhangRp/received_events",
            "type": "User",
            "user_view_type": "public",
            "site_admin": false
        },
        "labels": [],
        "state": "open",
        "locked": false,
        "assignee": null,
        "assignees": [],
        "milestone": null,
        "comments": 2,
        "created_at": "2022-10-08T08:26:01Z",
        "updated_at": "2025-01-20T13:05:19Z",
        "closed_at": null,
        "author_association": "NONE",
        "type": null,
        "active_lock_reason": null,
        "sub_issues_summary": {
            "total": 0,
            "completed": 0,
            "percent_completed": 0
        },
        "body": "we find that the train sets are kept the same size on all domains as the 'min_data_len' and we think there is a mistake:\r\nhttps://github.com/med-air/FedBN/blob/1caf83cf95e6859b712e1e80c8264009a5067162/singleset/single_domainnet.py#L120\r\n\r\n",
        "closed_by": null,
        "reactions": {
            "url": "https://api.github.com/repos/med-air/FedBN/issues/6/reactions",
            "total_count": 2,
            "+1": 2,
            "-1": 0,
            "laugh": 0,
            "hooray": 0,
            "confused": 0,
            "heart": 0,
            "rocket": 0,
            "eyes": 0
        },
        "timeline_url": "https://api.github.com/repos/med-air/FedBN/issues/6/timeline",
        "performed_via_github_app": null,
        "state_reason": null
    },
    {
        "url": "https://api.github.com/repos/med-air/FedBN/issues/5",
        "repository_url": "https://api.github.com/repos/med-air/FedBN",
        "labels_url": "https://api.github.com/repos/med-air/FedBN/issues/5/labels{/name}",
        "comments_url": "https://api.github.com/repos/med-air/FedBN/issues/5/comments",
        "events_url": "https://api.github.com/repos/med-air/FedBN/issues/5/events",
        "html_url": "https://github.com/med-air/FedBN/issues/5",
        "id": 1306363111,
        "node_id": "I_kwDOE-jlS85N3YTn",
        "number": 5,
        "title": "can't install requirements.txt",
        "user": {
            "login": "b856741",
            "id": 22851308,
            "node_id": "MDQ6VXNlcjIyODUxMzA4",
            "avatar_url": "https://avatars.githubusercontent.com/u/22851308?v=4",
            "gravatar_id": "",
            "url": "https://api.github.com/users/b856741",
            "html_url": "https://github.com/b856741",
            "followers_url": "https://api.github.com/users/b856741/followers",
            "following_url": "https://api.github.com/users/b856741/following{/other_user}",
            "gists_url": "https://api.github.com/users/b856741/gists{/gist_id}",
            "starred_url": "https://api.github.com/users/b856741/starred{/owner}{/repo}",
            "subscriptions_url": "https://api.github.com/users/b856741/subscriptions",
            "organizations_url": "https://api.github.com/users/b856741/orgs",
            "repos_url": "https://api.github.com/users/b856741/repos",
            "events_url": "https://api.github.com/users/b856741/events{/privacy}",
            "received_events_url": "https://api.github.com/users/b856741/received_events",
            "type": "User",
            "user_view_type": "public",
            "site_admin": false
        },
        "labels": [],
        "state": "open",
        "locked": false,
        "assignee": null,
        "assignees": [],
        "milestone": null,
        "comments": 4,
        "created_at": "2022-07-15T18:32:02Z",
        "updated_at": "2024-10-16T07:25:01Z",
        "closed_at": null,
        "author_association": "NONE",
        "type": null,
        "active_lock_reason": null,
        "sub_issues_summary": {
            "total": 0,
            "completed": 0,
            "percent_completed": 0
        },
        "body": "hello,when I ran `pip install -r requirements.txt`\r\nthere was an error show up and I can't do anything moreover (here is the screenshot)\r\nwhat could I do ?\r\n![err](https://user-images.githubusercontent.com/22851308/179288530-e9f1f259-05aa-4b24-beed-7a3a44ac2457.PNG)\r\n",
        "closed_by": null,
        "reactions": {
            "url": "https://api.github.com/repos/med-air/FedBN/issues/5/reactions",
            "total_count": 0,
            "+1": 0,
            "-1": 0,
            "laugh": 0,
            "hooray": 0,
            "confused": 0,
            "heart": 0,
            "rocket": 0,
            "eyes": 0
        },
        "timeline_url": "https://api.github.com/repos/med-air/FedBN/issues/5/timeline",
        "performed_via_github_app": null,
        "state_reason": null
    },
    {
        "url": "https://api.github.com/repos/med-air/FedBN/issues/4",
        "repository_url": "https://api.github.com/repos/med-air/FedBN",
        "labels_url": "https://api.github.com/repos/med-air/FedBN/issues/4/labels{/name}",
        "comments_url": "https://api.github.com/repos/med-air/FedBN/issues/4/comments",
        "events_url": "https://api.github.com/repos/med-air/FedBN/issues/4/events",
        "html_url": "https://github.com/med-air/FedBN/issues/4",
        "id": 834790766,
        "node_id": "MDU6SXNzdWU4MzQ3OTA3NjY=",
        "number": 4,
        "title": "about the ABIDE I dataset",
        "user": {
            "login": "DockerBB",
            "id": 30626509,
            "node_id": "MDQ6VXNlcjMwNjI2NTA5",
            "avatar_url": "https://avatars.githubusercontent.com/u/30626509?v=4",
            "gravatar_id": "",
            "url": "https://api.github.com/users/DockerBB",
            "html_url": "https://github.com/DockerBB",
            "followers_url": "https://api.github.com/users/DockerBB/followers",
            "following_url": "https://api.github.com/users/DockerBB/following{/other_user}",
            "gists_url": "https://api.github.com/users/DockerBB/gists{/gist_id}",
            "starred_url": "https://api.github.com/users/DockerBB/starred{/owner}{/repo}",
            "subscriptions_url": "https://api.github.com/users/DockerBB/subscriptions",
            "organizations_url": "https://api.github.com/users/DockerBB/orgs",
            "repos_url": "https://api.github.com/users/DockerBB/repos",
            "events_url": "https://api.github.com/users/DockerBB/events{/privacy}",
            "received_events_url": "https://api.github.com/users/DockerBB/received_events",
            "type": "User",
            "user_view_type": "public",
            "site_admin": false
        },
        "labels": [],
        "state": "open",
        "locked": false,
        "assignee": null,
        "assignees": [],
        "milestone": null,
        "comments": 1,
        "created_at": "2021-03-18T13:10:17Z",
        "updated_at": "2021-03-19T01:59:46Z",
        "closed_at": null,
        "author_association": "NONE",
        "type": null,
        "active_lock_reason": null,
        "sub_issues_summary": {
            "total": 0,
            "completed": 0,
            "percent_completed": 0
        },
        "body": "Would you please provide a preprocessed ABIDE I data set?",
        "closed_by": null,
        "reactions": {
            "url": "https://api.github.com/repos/med-air/FedBN/issues/4/reactions",
            "total_count": 0,
            "+1": 0,
            "-1": 0,
            "laugh": 0,
            "hooray": 0,
            "confused": 0,
            "heart": 0,
            "rocket": 0,
            "eyes": 0
        },
        "timeline_url": "https://api.github.com/repos/med-air/FedBN/issues/4/timeline",
        "performed_via_github_app": null,
        "state_reason": null
    },
    {
        "url": "https://api.github.com/repos/med-air/FedBN/issues/3",
        "repository_url": "https://api.github.com/repos/med-air/FedBN",
        "labels_url": "https://api.github.com/repos/med-air/FedBN/issues/3/labels{/name}",
        "comments_url": "https://api.github.com/repos/med-air/FedBN/issues/3/comments",
        "events_url": "https://api.github.com/repos/med-air/FedBN/issues/3/events",
        "html_url": "https://github.com/med-air/FedBN/issues/3",
        "id": 834657347,
        "node_id": "MDU6SXNzdWU4MzQ2NTczNDc=",
        "number": 3,
        "title": "Training Time",
        "user": {
            "login": "AmingWu",
            "id": 38445175,
            "node_id": "MDQ6VXNlcjM4NDQ1MTc1",
            "avatar_url": "https://avatars.githubusercontent.com/u/38445175?v=4",
            "gravatar_id": "",
            "url": "https://api.github.com/users/AmingWu",
            "html_url": "https://github.com/AmingWu",
            "followers_url": "https://api.github.com/users/AmingWu/followers",
            "following_url": "https://api.github.com/users/AmingWu/following{/other_user}",
            "gists_url": "https://api.github.com/users/AmingWu/gists{/gist_id}",
            "starred_url": "https://api.github.com/users/AmingWu/starred{/owner}{/repo}",
            "subscriptions_url": "https://api.github.com/users/AmingWu/subscriptions",
            "organizations_url": "https://api.github.com/users/AmingWu/orgs",
            "repos_url": "https://api.github.com/users/AmingWu/repos",
            "events_url": "https://api.github.com/users/AmingWu/events{/privacy}",
            "received_events_url": "https://api.github.com/users/AmingWu/received_events",
            "type": "User",
            "user_view_type": "public",
            "site_admin": false
        },
        "labels": [],
        "state": "closed",
        "locked": false,
        "assignee": null,
        "assignees": [],
        "milestone": null,
        "comments": 1,
        "created_at": "2021-03-18T11:00:18Z",
        "updated_at": "2021-03-27T03:56:39Z",
        "closed_at": "2021-03-27T03:56:39Z",
        "author_association": "NONE",
        "type": null,
        "active_lock_reason": null,
        "sub_issues_summary": {
            "total": 0,
            "completed": 0,
            "percent_completed": 0
        },
        "body": "Dear Authors,\r\n\r\nHow long does this model need to train?",
        "closed_by": {
            "login": "MeiruiJiang",
            "id": 31134669,
            "node_id": "MDQ6VXNlcjMxMTM0NjY5",
            "avatar_url": "https://avatars.githubusercontent.com/u/31134669?v=4",
            "gravatar_id": "",
            "url": "https://api.github.com/users/MeiruiJiang",
            "html_url": "https://github.com/MeiruiJiang",
            "followers_url": "https://api.github.com/users/MeiruiJiang/followers",
            "following_url": "https://api.github.com/users/MeiruiJiang/following{/other_user}",
            "gists_url": "https://api.github.com/users/MeiruiJiang/gists{/gist_id}",
            "starred_url": "https://api.github.com/users/MeiruiJiang/starred{/owner}{/repo}",
            "subscriptions_url": "https://api.github.com/users/MeiruiJiang/subscriptions",
            "organizations_url": "https://api.github.com/users/MeiruiJiang/orgs",
            "repos_url": "https://api.github.com/users/MeiruiJiang/repos",
            "events_url": "https://api.github.com/users/MeiruiJiang/events{/privacy}",
            "received_events_url": "https://api.github.com/users/MeiruiJiang/received_events",
            "type": "User",
            "user_view_type": "public",
            "site_admin": false
        },
        "reactions": {
            "url": "https://api.github.com/repos/med-air/FedBN/issues/3/reactions",
            "total_count": 0,
            "+1": 0,
            "-1": 0,
            "laugh": 0,
            "hooray": 0,
            "confused": 0,
            "heart": 0,
            "rocket": 0,
            "eyes": 0
        },
        "timeline_url": "https://api.github.com/repos/med-air/FedBN/issues/3/timeline",
        "performed_via_github_app": null,
        "state_reason": "completed"
    },
    {
        "url": "https://api.github.com/repos/med-air/FedBN/issues/2",
        "repository_url": "https://api.github.com/repos/med-air/FedBN",
        "labels_url": "https://api.github.com/repos/med-air/FedBN/issues/2/labels{/name}",
        "comments_url": "https://api.github.com/repos/med-air/FedBN/issues/2/comments",
        "events_url": "https://api.github.com/repos/med-air/FedBN/issues/2/events",
        "html_url": "https://github.com/med-air/FedBN/issues/2",
        "id": 829881005,
        "node_id": "MDU6SXNzdWU4Mjk4ODEwMDU=",
        "number": 2,
        "title": "About the experiments",
        "user": {
            "login": "xutting123",
            "id": 50430685,
            "node_id": "MDQ6VXNlcjUwNDMwNjg1",
            "avatar_url": "https://avatars.githubusercontent.com/u/50430685?v=4",
            "gravatar_id": "",
            "url": "https://api.github.com/users/xutting123",
            "html_url": "https://github.com/xutting123",
            "followers_url": "https://api.github.com/users/xutting123/followers",
            "following_url": "https://api.github.com/users/xutting123/following{/other_user}",
            "gists_url": "https://api.github.com/users/xutting123/gists{/gist_id}",
            "starred_url": "https://api.github.com/users/xutting123/starred{/owner}{/repo}",
            "subscriptions_url": "https://api.github.com/users/xutting123/subscriptions",
            "organizations_url": "https://api.github.com/users/xutting123/orgs",
            "repos_url": "https://api.github.com/users/xutting123/repos",
            "events_url": "https://api.github.com/users/xutting123/events{/privacy}",
            "received_events_url": "https://api.github.com/users/xutting123/received_events",
            "type": "User",
            "user_view_type": "public",
            "site_admin": false
        },
        "labels": [],
        "state": "closed",
        "locked": false,
        "assignee": null,
        "assignees": [],
        "milestone": null,
        "comments": 1,
        "created_at": "2021-03-12T08:34:04Z",
        "updated_at": "2021-03-20T08:36:51Z",
        "closed_at": "2021-03-20T08:36:51Z",
        "author_association": "NONE",
        "type": null,
        "active_lock_reason": null,
        "sub_issues_summary": {
            "total": 0,
            "completed": 0,
            "percent_completed": 0
        },
        "body": "Hi, I have read your paper and code and found it to be an interesting work!\r\n\r\nI have a question here, that is, why not test the performance of  server model in the experiments?  \r\nIf  only the performance of client model is needed, it seems that it would be better train the model locally?\r\n",
        "closed_by": {
            "login": "MeiruiJiang",
            "id": 31134669,
            "node_id": "MDQ6VXNlcjMxMTM0NjY5",
            "avatar_url": "https://avatars.githubusercontent.com/u/31134669?v=4",
            "gravatar_id": "",
            "url": "https://api.github.com/users/MeiruiJiang",
            "html_url": "https://github.com/MeiruiJiang",
            "followers_url": "https://api.github.com/users/MeiruiJiang/followers",
            "following_url": "https://api.github.com/users/MeiruiJiang/following{/other_user}",
            "gists_url": "https://api.github.com/users/MeiruiJiang/gists{/gist_id}",
            "starred_url": "https://api.github.com/users/MeiruiJiang/starred{/owner}{/repo}",
            "subscriptions_url": "https://api.github.com/users/MeiruiJiang/subscriptions",
            "organizations_url": "https://api.github.com/users/MeiruiJiang/orgs",
            "repos_url": "https://api.github.com/users/MeiruiJiang/repos",
            "events_url": "https://api.github.com/users/MeiruiJiang/events{/privacy}",
            "received_events_url": "https://api.github.com/users/MeiruiJiang/received_events",
            "type": "User",
            "user_view_type": "public",
            "site_admin": false
        },
        "reactions": {
            "url": "https://api.github.com/repos/med-air/FedBN/issues/2/reactions",
            "total_count": 0,
            "+1": 0,
            "-1": 0,
            "laugh": 0,
            "hooray": 0,
            "confused": 0,
            "heart": 0,
            "rocket": 0,
            "eyes": 0
        },
        "timeline_url": "https://api.github.com/repos/med-air/FedBN/issues/2/timeline",
        "performed_via_github_app": null,
        "state_reason": "completed"
    },
    {
        "url": "https://api.github.com/repos/med-air/FedBN/issues/1",
        "repository_url": "https://api.github.com/repos/med-air/FedBN",
        "labels_url": "https://api.github.com/repos/med-air/FedBN/issues/1/labels{/name}",
        "comments_url": "https://api.github.com/repos/med-air/FedBN/issues/1/comments",
        "events_url": "https://api.github.com/repos/med-air/FedBN/issues/1/events",
        "html_url": "https://github.com/med-air/FedBN/issues/1",
        "id": 812573532,
        "node_id": "MDU6SXNzdWU4MTI1NzM1MzI=",
        "number": 1,
        "title": "digits experiment (precision)",
        "user": {
            "login": "wnma3mz",
            "id": 23001152,
            "node_id": "MDQ6VXNlcjIzMDAxMTUy",
            "avatar_url": "https://avatars.githubusercontent.com/u/23001152?v=4",
            "gravatar_id": "",
            "url": "https://api.github.com/users/wnma3mz",
            "html_url": "https://github.com/wnma3mz",
            "followers_url": "https://api.github.com/users/wnma3mz/followers",
            "following_url": "https://api.github.com/users/wnma3mz/following{/other_user}",
            "gists_url": "https://api.github.com/users/wnma3mz/gists{/gist_id}",
            "starred_url": "https://api.github.com/users/wnma3mz/starred{/owner}{/repo}",
            "subscriptions_url": "https://api.github.com/users/wnma3mz/subscriptions",
            "organizations_url": "https://api.github.com/users/wnma3mz/orgs",
            "repos_url": "https://api.github.com/users/wnma3mz/repos",
            "events_url": "https://api.github.com/users/wnma3mz/events{/privacy}",
            "received_events_url": "https://api.github.com/users/wnma3mz/received_events",
            "type": "User",
            "user_view_type": "public",
            "site_admin": false
        },
        "labels": [],
        "state": "closed",
        "locked": false,
        "assignee": null,
        "assignees": [],
        "milestone": null,
        "comments": 2,
        "created_at": "2021-02-20T10:22:00Z",
        "updated_at": "2021-02-20T11:13:54Z",
        "closed_at": "2021-02-20T11:13:54Z",
        "author_association": "NONE",
        "type": null,
        "active_lock_reason": null,
        "sub_issues_summary": {
            "total": 0,
            "completed": 0,
            "percent_completed": 0
        },
        "body": "Hi, I came across your work. It was an interesting idea, but it ran into some problems during the experiment.\r\n\r\nWhen I clone your code, run the command below. The accuracy in the paper cannot be obtained.\r\n\r\n```bash\r\n# benchmark experiment\r\npython fed_digits.py --mode fedbn --iters 300\r\n```\r\n\r\nThis is my best experiment.\r\n\r\n```bash\r\n============ Train epoch 208 ============\r\n MNIST      | Train Loss: 0.0003 | Train Acc: 1.0000\r\n SVHN       | Train Loss: 0.0010 | Train Acc: 1.0000\r\n USPS       | Train Loss: 0.0004 | Train Acc: 1.0000\r\n SynthDigits| Train Loss: 0.0007 | Train Acc: 1.0000\r\n MNIST-M    | Train Loss: 0.0007 | Train Acc: 1.0000\r\n MNIST      | Test  Loss: 0.0985 | Test  Acc: 0.9689\r\n SVHN       | Test  Loss: 0.9124 | Test  Acc: 0.7232\r\n USPS       | Test  Loss: 0.1033 | Test  Acc: 0.9683\r\n SynthDigits| Test  Loss: 0.5342 | Test  Acc: 0.8359\r\n MNIST-M    | Test  Loss: 0.6474 | Test  Acc: 0.7904\r\n```\r\n\r\nDid I miss any details?\r\n\r\nMy platform\r\n\r\n```bash\r\nUbuntu 20.04\r\nGeForce RTX 2080 Ti\r\nIntel(R) Xeon(R) Silver 4214 CPU @ 2.20GHz\r\n```\r\n\r\nThanks for taking the time to help!",
        "closed_by": {
            "login": "wnma3mz",
            "id": 23001152,
            "node_id": "MDQ6VXNlcjIzMDAxMTUy",
            "avatar_url": "https://avatars.githubusercontent.com/u/23001152?v=4",
            "gravatar_id": "",
            "url": "https://api.github.com/users/wnma3mz",
            "html_url": "https://github.com/wnma3mz",
            "followers_url": "https://api.github.com/users/wnma3mz/followers",
            "following_url": "https://api.github.com/users/wnma3mz/following{/other_user}",
            "gists_url": "https://api.github.com/users/wnma3mz/gists{/gist_id}",
            "starred_url": "https://api.github.com/users/wnma3mz/starred{/owner}{/repo}",
            "subscriptions_url": "https://api.github.com/users/wnma3mz/subscriptions",
            "organizations_url": "https://api.github.com/users/wnma3mz/orgs",
            "repos_url": "https://api.github.com/users/wnma3mz/repos",
            "events_url": "https://api.github.com/users/wnma3mz/events{/privacy}",
            "received_events_url": "https://api.github.com/users/wnma3mz/received_events",
            "type": "User",
            "user_view_type": "public",
            "site_admin": false
        },
        "reactions": {
            "url": "https://api.github.com/repos/med-air/FedBN/issues/1/reactions",
            "total_count": 0,
            "+1": 0,
            "-1": 0,
            "laugh": 0,
            "hooray": 0,
            "confused": 0,
            "heart": 0,
            "rocket": 0,
            "eyes": 0
        },
        "timeline_url": "https://api.github.com/repos/med-air/FedBN/issues/1/timeline",
        "performed_via_github_app": null,
        "state_reason": "completed"
    }
]