[
    {
        "url": "https://api.github.com/repos/microsoft/msrflute/issues/21",
        "repository_url": "https://api.github.com/repos/microsoft/msrflute",
        "labels_url": "https://api.github.com/repos/microsoft/msrflute/issues/21/labels{/name}",
        "comments_url": "https://api.github.com/repos/microsoft/msrflute/issues/21/comments",
        "events_url": "https://api.github.com/repos/microsoft/msrflute/issues/21/events",
        "html_url": "https://github.com/microsoft/msrflute/issues/21",
        "id": 1629538192,
        "node_id": "I_kwDOGZR4O85hIMeQ",
        "number": 21,
        "title": "Replay function on the Server is breaking",
        "user": {
            "login": "Mirian-Hipolito",
            "id": 94491775,
            "node_id": "U_kgDOBaHUfw",
            "avatar_url": "https://avatars.githubusercontent.com/u/94491775?v=4",
            "gravatar_id": "",
            "url": "https://api.github.com/users/Mirian-Hipolito",
            "html_url": "https://github.com/Mirian-Hipolito",
            "followers_url": "https://api.github.com/users/Mirian-Hipolito/followers",
            "following_url": "https://api.github.com/users/Mirian-Hipolito/following{/other_user}",
            "gists_url": "https://api.github.com/users/Mirian-Hipolito/gists{/gist_id}",
            "starred_url": "https://api.github.com/users/Mirian-Hipolito/starred{/owner}{/repo}",
            "subscriptions_url": "https://api.github.com/users/Mirian-Hipolito/subscriptions",
            "organizations_url": "https://api.github.com/users/Mirian-Hipolito/orgs",
            "repos_url": "https://api.github.com/users/Mirian-Hipolito/repos",
            "events_url": "https://api.github.com/users/Mirian-Hipolito/events{/privacy}",
            "received_events_url": "https://api.github.com/users/Mirian-Hipolito/received_events",
            "type": "User",
            "user_view_type": "public",
            "site_admin": false
        },
        "labels": [
            {
                "id": 3559186718,
                "node_id": "LA_kwDOGZR4O87UJOEe",
                "url": "https://api.github.com/repos/microsoft/msrflute/labels/bug",
                "name": "bug",
                "color": "d73a4a",
                "default": true,
                "description": "Something isn't working"
            }
        ],
        "state": "closed",
        "locked": false,
        "assignee": null,
        "assignees": [],
        "milestone": null,
        "comments": 1,
        "created_at": "2023-03-17T15:47:41Z",
        "updated_at": "2023-03-17T16:21:42Z",
        "closed_at": "2023-03-17T16:21:41Z",
        "author_association": "CONTRIBUTOR",
        "type": null,
        "active_lock_reason": null,
        "sub_issues_summary": {
            "total": 0,
            "completed": 0,
            "percent_completed": 0
        },
        "body": "When enabling the replay server option in the server it breaks because of the following:\r\n1) FLUTE does not allow these parameters in the config file. Schema.py should be updated for this. \r\n2) Server.py is looking for the respective in the client configuration instead of the server configuration, therefore is never enabled. ",
        "closed_by": {
            "login": "Mirian-Hipolito",
            "id": 94491775,
            "node_id": "U_kgDOBaHUfw",
            "avatar_url": "https://avatars.githubusercontent.com/u/94491775?v=4",
            "gravatar_id": "",
            "url": "https://api.github.com/users/Mirian-Hipolito",
            "html_url": "https://github.com/Mirian-Hipolito",
            "followers_url": "https://api.github.com/users/Mirian-Hipolito/followers",
            "following_url": "https://api.github.com/users/Mirian-Hipolito/following{/other_user}",
            "gists_url": "https://api.github.com/users/Mirian-Hipolito/gists{/gist_id}",
            "starred_url": "https://api.github.com/users/Mirian-Hipolito/starred{/owner}{/repo}",
            "subscriptions_url": "https://api.github.com/users/Mirian-Hipolito/subscriptions",
            "organizations_url": "https://api.github.com/users/Mirian-Hipolito/orgs",
            "repos_url": "https://api.github.com/users/Mirian-Hipolito/repos",
            "events_url": "https://api.github.com/users/Mirian-Hipolito/events{/privacy}",
            "received_events_url": "https://api.github.com/users/Mirian-Hipolito/received_events",
            "type": "User",
            "user_view_type": "public",
            "site_admin": false
        },
        "reactions": {
            "url": "https://api.github.com/repos/microsoft/msrflute/issues/21/reactions",
            "total_count": 0,
            "+1": 0,
            "-1": 0,
            "laugh": 0,
            "hooray": 0,
            "confused": 0,
            "heart": 0,
            "rocket": 0,
            "eyes": 0
        },
        "timeline_url": "https://api.github.com/repos/microsoft/msrflute/issues/21/timeline",
        "performed_via_github_app": null,
        "state_reason": "completed"
    },
    {
        "url": "https://api.github.com/repos/microsoft/msrflute/issues/20",
        "repository_url": "https://api.github.com/repos/microsoft/msrflute",
        "labels_url": "https://api.github.com/repos/microsoft/msrflute/issues/20/labels{/name}",
        "comments_url": "https://api.github.com/repos/microsoft/msrflute/issues/20/comments",
        "events_url": "https://api.github.com/repos/microsoft/msrflute/issues/20/events",
        "html_url": "https://github.com/microsoft/msrflute/issues/20",
        "id": 1582320511,
        "node_id": "I_kwDOGZR4O85eUEt_",
        "number": 20,
        "title": "RuntimeError: CUDA error: invalid device ordinal and setting up NCCL + requesting subprocess model update for python 3.6+",
        "user": {
            "login": "AymenTlili131",
            "id": 75742617,
            "node_id": "MDQ6VXNlcjc1NzQyNjE3",
            "avatar_url": "https://avatars.githubusercontent.com/u/75742617?v=4",
            "gravatar_id": "",
            "url": "https://api.github.com/users/AymenTlili131",
            "html_url": "https://github.com/AymenTlili131",
            "followers_url": "https://api.github.com/users/AymenTlili131/followers",
            "following_url": "https://api.github.com/users/AymenTlili131/following{/other_user}",
            "gists_url": "https://api.github.com/users/AymenTlili131/gists{/gist_id}",
            "starred_url": "https://api.github.com/users/AymenTlili131/starred{/owner}{/repo}",
            "subscriptions_url": "https://api.github.com/users/AymenTlili131/subscriptions",
            "organizations_url": "https://api.github.com/users/AymenTlili131/orgs",
            "repos_url": "https://api.github.com/users/AymenTlili131/repos",
            "events_url": "https://api.github.com/users/AymenTlili131/events{/privacy}",
            "received_events_url": "https://api.github.com/users/AymenTlili131/received_events",
            "type": "User",
            "user_view_type": "public",
            "site_admin": false
        },
        "labels": [],
        "state": "closed",
        "locked": false,
        "assignee": null,
        "assignees": [],
        "milestone": null,
        "comments": 6,
        "created_at": "2023-02-13T13:06:36Z",
        "updated_at": "2023-06-30T16:13:03Z",
        "closed_at": "2023-02-23T08:22:56Z",
        "author_association": "NONE",
        "type": null,
        "active_lock_reason": null,
        "sub_issues_summary": {
            "total": 0,
            "completed": 0,
            "percent_completed": 0
        },
        "body": "HI there maintainers,\r\nfirst off I'm thankful to the devs and engineering that went behind setting up this framework .I tried picking it up and as a to simulating GPU parallel computing with NCCL I ran into some issues .\r\nhere's the error i'm currently trying to fix .\r\n\r\nerror [1]\r\n\r\n```\r\nRuntimeError: CUDA error: invalid device ordinal\r\nCUDA kernel errors might be asynchronously reported at some other API call,so the stacktrace below might be incorrect.\r\n```\r\nMy system is ZorinOS 16 which is based on ubuntu20.04 , I'm trying to use an Nvidia RTX 3060 GPU \r\n\r\nnvidia-smi returns the following \r\n\r\n```\r\n| NVIDIA-SMI 470.161.03   Driver Version: 470.161.03   CUDA Version: 11.4     |\r\n|-------------------------------+----------------------+----------------------+\r\n| GPU  Name        Persistence-M| Bus-Id        Disp.A | Volatile Uncorr. ECC |\r\n| Fan  Temp  Perf  Pwr:Usage/Cap|         Memory-Usage | GPU-Util  Compute M. |\r\n|                               |                      |               MIG M. |\r\n|===============================+======================+======================|\r\n|   0  NVIDIA GeForce ...  Off  | 00000000:01:00.0  On |                  N/A |\r\n| 31%   27C    P8    14W / 170W |   1426MiB / 12045MiB |      1%      Default |\r\n|                               |                      |                  N/A |\r\n+-------------------------------+----------------------+----------------------+\r\n                                                                               \r\n+-----------------------------------------------------------------------------+\r\n| Processes:                                                                  |\r\n|  GPU   GI   CI        PID   Type   Process name                  GPU Memory |\r\n|        ID   ID                                                   Usage      |\r\n|=============================================================================|\r\n|    0   N/A  N/A      1484      G   /usr/lib/xorg/Xorg                128MiB |\r\n|    0   N/A  N/A      1633      G   /usr/bin/gnome-shell               89MiB |\r\n|    0   N/A  N/A      7155      G   ...548701901119532058,131072       28MiB |\r\n|    0   N/A  N/A     12476      C   ...da3/envs/FLUTE/bin/python     1175MiB |\r\n```\r\n\r\nand nvcc --version returns the following \r\n\r\n```\r\nnvcc: NVIDIA (R) Cuda compiler driver\r\nCopyright (c) 2005-2021 NVIDIA Corporation\r\nBuilt on Mon_Oct_11_21:27:02_PDT_2021\r\nCuda compilation tools, release 11.4, V11.4.152\r\nBuild cuda_11.4.r11.4/compiler.30521435_0\r\n```\r\nthis screenshot displays that I have pytorch environment almost ready to go .\r\n\r\n![Screenshot from 2023-02-13 13-29-41](https://user-images.githubusercontent.com/75742617/218457914-017e09f4-1ae8-489c-88a0-cbbf9eec7ef0.png)\r\n\r\nnow when trying to install nccl , I can't find a way to confirm if the installation is succesful , or where the nccl home is  .\r\n\r\nusing the command (`python -m torch.distributed.run --nproc_per_node=3 e2e_trainer.py -dataPath ./testing -outputPath scratch -config testing/hello_world_nlg_gru.yaml -task nlg_gru -backend nccl`) in readme yields  the following and no models being stored in the scratch folders error [1]'s original stack\r\n```\r\nWARNING:__main__:\r\n*****************************************\r\nSetting OMP_NUM_THREADS environment variable for each process to be 1 in default, to avoid your system being overloaded, please further tune the variable for optimal performance in your application as needed. \r\n*****************************************\r\nFailure while loading azureml_run_type_providers. Failed to load entrypoint azureml.scriptrun = azureml.core.script_run:ScriptRun._from_run_dto with exception (packaging 22.0 (/home/crns/anaconda3/envs/FLUTE/lib/python3.7/site-packages), Requirement.parse('packaging<22.0,>=20.0')).\r\nFailure while loading azureml_run_type_providers. Failed to load entrypoint azureml.scriptrun = azureml.core.script_run:ScriptRun._from_run_dto with exception (packaging 22.0 (/home/crns/anaconda3/envs/FLUTE/lib/python3.7/site-packages), Requirement.parse('packaging<22.0,>=20.0')).\r\nFailure while loading azureml_run_type_providers. Failed to load entrypoint azureml.scriptrun = azureml.core.script_run:ScriptRun._from_run_dto with exception (packaging 22.0 (/home/crns/anaconda3/envs/FLUTE/lib/python3.7/site-packages), Requirement.parse('packaging<22.0,>=20.0')).\r\nThe data can be found here: The data can be found here: The data can be found here:   ./testing ./testing./testing\r\n\r\n\r\nMon Feb 13 12:39:20 2023 : Assigning default values for: {'batch_size', 'max_grad_norm'} in [server_config][val][data_config]\r\nMon Feb 13 12:39:20 2023 : Assigning default values for: {'num_frames', 'max_grad_norm'} in [server_config][test][data_config]\r\nMon Feb 13 12:39:20 2023 : Assigning default values for: {'num_frames'} in [client_config][train][data_config]\r\nMon Feb 13 12:39:20 2023 : Assigning default values for: {'max_grad_norm', 'batch_size'} in [server_config][val][data_config]Mon Feb 13 12:39:20 2023 : Assigning default values for: {'batch_size', 'max_grad_norm'} in [server_config][val][data_config]\r\n\r\nMon Feb 13 12:39:20 2023 : Assigning default values for: {'max_grad_norm', 'num_frames'} in [server_config][test][data_config]\r\nMon Feb 13 12:39:20 2023 : Assigning default values for: {'num_frames', 'max_grad_norm'} in [server_config][test][data_config]\r\nMon Feb 13 12:39:20 2023 : Assigning default values for: {'num_frames'} in [client_config][train][data_config]Mon Feb 13 12:39:20 2023 : Assigning default values for: {'num_frames'} in [client_config][train][data_config]\r\n\r\nMon Feb 13 12:39:20 2023 : Backend: nccl\r\nMon Feb 13 12:39:20 2023 : Backend: nccl\r\nMon Feb 13 12:39:20 2023 : Backend: nccl\r\nAdded key: store_based_barrier_key:1 to store for rank: 0Added key: store_based_barrier_key:1 to store for rank: 2\r\n\r\nAdded key: store_based_barrier_key:1 to store for rank: 1\r\nRank 1: Completed store-based barrier for key:store_based_barrier_key:1 with 3 nodes.\r\nMon Feb 13 12:39:20 2023 : Assigning worker to GPU 1\r\nTraceback (most recent call last):\r\n  File \"e2e_trainer.py\", line 238, in <module>\r\n    run_worker(model_path, config, task, data_path, local_rank, backend)\r\n  File \"e2e_trainer.py\", line 100, in run_worker\r\n    torch.cuda.set_device(device)\r\n  File \"/home/crns/anaconda3/envs/FLUTE/lib/python3.7/site-packages/torch/cuda/__init__.py\", line 326, in set_device\r\n    torch._C._cuda_setDevice(device)\r\nRuntimeError: CUDA error: invalid device ordinal\r\nCUDA kernel errors might be asynchronously reported at some other API call,so the stacktrace below might be incorrect.\r\nFor debugging consider passing CUDA_LAUNCH_BLOCKING=1.\r\nRank 0: Completed store-based barrier for key:store_based_barrier_key:1 with 3 nodes.\r\nRank 2: Completed store-based barrier for key:store_based_barrier_key:1 with 3 nodes.\r\nMon Feb 13 12:39:20 2023 : Assigning worker to GPU 0Mon Feb 13 12:39:20 2023 : Assigning worker to GPU 2\r\n\r\nPreparing model .. Initializing\r\nTraceback (most recent call last):\r\n  File \"e2e_trainer.py\", line 238, in <module>\r\n    run_worker(model_path, config, task, data_path, local_rank, backend)\r\n  File \"e2e_trainer.py\", line 100, in run_worker\r\n    torch.cuda.set_device(device)\r\n  File \"/home/crns/anaconda3/envs/FLUTE/lib/python3.7/site-packages/torch/cuda/__init__.py\", line 326, in set_device\r\n    torch._C._cuda_setDevice(device)\r\nRuntimeError: CUDA error: invalid device ordinal\r\nCUDA kernel errors might be asynchronously reported at some other API call,so the stacktrace below might be incorrect.\r\nFor debugging consider passing CUDA_LAUNCH_BLOCKING=1.\r\nGRU(\r\n  (embedding): Embedding()\r\n  (rnn): GRU2(\r\n    (w_ih): Linear(in_features=160, out_features=1536, bias=True)\r\n    (w_hh): Linear(in_features=512, out_features=1536, bias=True)\r\n  )\r\n  (squeeze): Linear(in_features=512, out_features=160, bias=False)\r\n)\r\nMon Feb 13 12:39:20 2023 : initialize model with default settings\r\nMon Feb 13 12:39:20 2023 : trying to move the model to GPU\r\nMon Feb 13 12:39:21 2023 : model: GRU(\r\n  (embedding): Embedding()\r\n  (rnn): GRU2(\r\n    (w_ih): Linear(in_features=160, out_features=1536, bias=True)\r\n    (w_hh): Linear(in_features=512, out_features=1536, bias=True)\r\n  )\r\n  (squeeze): Linear(in_features=512, out_features=160, bias=False)\r\n)\r\nMon Feb 13 12:39:21 2023 : torch.cuda.memory_allocated(): 10909184\r\n/home/crns/anaconda3/envs/FLUTE/lib/python3.7/site-packages/torch/cuda/memory.py:397: FutureWarning: torch.cuda.memory_cached has been renamed to torch.cuda.memory_reserved\r\n  FutureWarning)\r\nMon Feb 13 12:39:21 2023 : torch.cuda.memory_cached(): 23068672\r\nMon Feb 13 12:39:21 2023 : torch.cuda.synchronize(): None\r\nLoading json-file:  ./testing/data/nlg_gru/val_data.json\r\nLoading json-file:  ./testing/data/nlg_gru/test_data.json\r\nLoading json-file:  ./testing/data/nlg_gru/train_data.json\r\nMon Feb 13 12:39:21 2023 : Server data preparation\r\nMon Feb 13 12:39:21 2023 : No server training set is defined\r\nMon Feb 13 12:39:21 2023 : Prepared the dataloaders\r\nMon Feb 13 12:39:21 2023 : Loading Model from: None\r\nCould not load the run context. Logging offline\r\nAttempted to log scalar metric System memory (GB):\r\n15.414344787597656\r\nAttempted to log scalar metric server_config.num_clients_per_iteration:\r\n10\r\nAttempted to log scalar metric server_config.max_iteration:\r\n3\r\nAttempted to log scalar metric dp_config.eps:\r\n0\r\nAttempted to log scalar metric dp_config.max_weight:\r\n0\r\nAttempted to log scalar metric dp_config.min_weight:\r\n0\r\nAttempted to log scalar metric server_config.optimizer_config.type:\r\nadam\r\nAttempted to log scalar metric server_config.optimizer_config.lr:\r\n0.003\r\nAttempted to log scalar metric server_config.optimizer_config.amsgrad:\r\nTrue\r\nAttempted to log scalar metric server_config.annealing_config.type:\r\nstep_lr\r\nAttempted to log scalar metric server_config.annealing_config.step_interval:\r\nepoch\r\nAttempted to log scalar metric server_config.annealing_config.gamma:\r\n1.0\r\nAttempted to log scalar metric server_config.annealing_config.step_size:\r\n100\r\nMon Feb 13 12:39:21 2023 : Launching server\r\nMon Feb 13 12:39:21 2023 : server started\r\nAttempted to log scalar metric Max iterations:\r\n3\r\nAttempted to log scalar metric LR for agg. opt.:\r\n0.003\r\nMon Feb 13 12:39:21 2023 : Running ['val'] at itr=0\r\nWARNING:torch.distributed.elastic.multiprocessing.api:Sending process 12703 closing signal SIGTERM\r\nERROR:torch.distributed.elastic.multiprocessing.api:failed (exitcode: 1) local_rank: 1 (pid: 12704) of binary: /home/crns/anaconda3/envs/FLUTE/bin/python\r\nTraceback (most recent call last):\r\n  File \"/home/crns/anaconda3/envs/FLUTE/lib/python3.7/runpy.py\", line 193, in _run_module_as_main\r\n    \"__main__\", mod_spec)\r\n  File \"/home/crns/anaconda3/envs/FLUTE/lib/python3.7/runpy.py\", line 85, in _run_code\r\n    exec(code, run_globals)\r\n  File \"/home/crns/anaconda3/envs/FLUTE/lib/python3.7/site-packages/torch/distributed/run.py\", line 766, in <module>\r\n    main()\r\n  File \"/home/crns/anaconda3/envs/FLUTE/lib/python3.7/site-packages/torch/distributed/elastic/multiprocessing/errors/__init__.py\", line 346, in wrapper\r\n    return f(*args, **kwargs)\r\n  File \"/home/crns/anaconda3/envs/FLUTE/lib/python3.7/site-packages/torch/distributed/run.py\", line 762, in main\r\n    run(args)\r\n  File \"/home/crns/anaconda3/envs/FLUTE/lib/python3.7/site-packages/torch/distributed/run.py\", line 756, in run\r\n    )(*cmd_args)\r\n  File \"/home/crns/anaconda3/envs/FLUTE/lib/python3.7/site-packages/torch/distributed/launcher/api.py\", line 132, in __call__\r\n    return launch_agent(self._config, self._entrypoint, list(args))\r\n  File \"/home/crns/anaconda3/envs/FLUTE/lib/python3.7/site-packages/torch/distributed/launcher/api.py\", line 248, in launch_agent\r\n    failures=result.failures,\r\ntorch.distributed.elastic.multiprocessing.errors.ChildFailedError: \r\n============================================================\r\ne2e_trainer.py FAILED\r\n------------------------------------------------------------\r\nFailures:\r\n[1]:\r\n  time      : 2023-02-13_12:39:24\r\n  host      : crns-IdeaCentre-Gaming5-14IOB6\r\n  rank      : 2 (local_rank: 2)\r\n  exitcode  : 1 (pid: 12705)\r\n  error_file: <N/A>\r\n  traceback : To enable traceback see: https://pytorch.org/docs/stable/elastic/errors.html\r\n------------------------------------------------------------\r\nRoot Cause (first observed failure):\r\n[0]:\r\n  time      : 2023-02-13_12:39:24\r\n  host      : crns-IdeaCentre-Gaming5-14IOB6\r\n  rank      : 1 (local_rank: 1)\r\n  exitcode  : 1 (pid: 12704)\r\n  error_file: <N/A>\r\n  traceback : To enable traceback see: https://pytorch.org/docs/stable/elastic/errors.html\r\n\r\n```\r\n\r\nand before that I tried running pytest -v  -s in ./testing \r\n![Screenshot from 2023-02-13 13-36-31](https://user-images.githubusercontent.com/75742617/218459375-eb628725-da37-4d72-8f13-c7e4f8b092a6.png)\r\n![Screenshot from 2023-02-13 13-37-04](https://user-images.githubusercontent.com/75742617/218459457-5379e1a7-b1da-4cb3-8b5d-cb0d36c777d5.png)\r\n\r\n\r\nso my guess was that I haven't setup NCCL properly , I tried to find the legacy build compatible with mine from https://developer.nvidia.com/nccl/nccl-legacy-downloads  and got NCCL 2.11.4, for CUDA 11.4, September 7, 2021 \r\n\r\nand as instructed used \" sudo apt install libnccl2=2.11.4-1+cuda11.4 libnccl-dev=2.11.4-1+cuda11.4 \" as instructed which went smoothly but I still encountered the older stack trace .\r\n\r\ngoing to nvidia's NCCL test repo , I skip the installation steps because I have an official release then try to do \"make\" then \"./build/all_reduce_perf -b 8 -e 256M -f 2 -g 1\" (I tried changed the -g argument to 4 or keeping ngpus) and got the same error either way \r\n`./build/all_reduce_perf: symbol lookup error: ./build/all_reduce_perf: undefined symbol: ncclRedOpCreatePreMulSum`\r\n\r\nnow that's where I stopped with those 2 issues where I feel solving one would help the other .\r\n\r\nbut before I got this far I had to reformat the workstation acouple times  seeing Nvidia fails to keep all the necessary compatibility information in one place but [this post saved]( https://stackoverflow.com/questions/60987997/why-torch-cuda-is-available-returns-false-even-after-installing-pytorch-with?fbclid=IwAR3foWlCUJwy2rr223IO24QVAJBL5inR7fdTJQCWU45TGeTwf_8jq59Zwt8\r\n) me\r\nin my previous environments , I managed to get FLute running on gloo but I still had a similer warning stack trace but models could be saved .\r\n\r\nin this fresh environment I also had trouble importing and using the python built-in subprocess module specifically because the \"run\" method generated errors that I worked around around with this https://stackoverflow.com/questions/40590192/getting-an-error-attributeerror-module-object-has-no-attribute-run-while but even then I was still receiving an error with that solution because \"text\" had a TypeError and couldn't be passed to Popen class constructor  `Failed: TypeError: __init__() got an unexpected keyword argument 'text'\r\n`\r\n\r\nso my investigation led to the fact that the text argument was added after python 3.7 and when your readme.md suggests 3.8 thus the problem I can understand if you have been working on this project for a long time but this could have been a seperate issue because it causes the tests in pytest -v -s to fail.  that you can label as an enhancement but I felt it could be related to why the processes aren't being assigned to the virtual gpus properly.\r\n\r\nother honorable mentions include using : sickit-learn instead of deprecated sklearn in requirements.txt and that using newest version of pytorch 1.13 compatible with cuda 11.7 leaves the speech recognition task with deprecated torchaudio \r\n\r\nApologies if I mentioned several irrelevant steps or issues  but I hope that I can get an exact answer to error[1]'s stack trace and quickly get back to focusing on the experimentation side research . thanks to the msrflute team and hope to hear from u soon \r\n\r\n\r\n\r\n\r\n",
        "closed_by": {
            "login": "AymenTlili131",
            "id": 75742617,
            "node_id": "MDQ6VXNlcjc1NzQyNjE3",
            "avatar_url": "https://avatars.githubusercontent.com/u/75742617?v=4",
            "gravatar_id": "",
            "url": "https://api.github.com/users/AymenTlili131",
            "html_url": "https://github.com/AymenTlili131",
            "followers_url": "https://api.github.com/users/AymenTlili131/followers",
            "following_url": "https://api.github.com/users/AymenTlili131/following{/other_user}",
            "gists_url": "https://api.github.com/users/AymenTlili131/gists{/gist_id}",
            "starred_url": "https://api.github.com/users/AymenTlili131/starred{/owner}{/repo}",
            "subscriptions_url": "https://api.github.com/users/AymenTlili131/subscriptions",
            "organizations_url": "https://api.github.com/users/AymenTlili131/orgs",
            "repos_url": "https://api.github.com/users/AymenTlili131/repos",
            "events_url": "https://api.github.com/users/AymenTlili131/events{/privacy}",
            "received_events_url": "https://api.github.com/users/AymenTlili131/received_events",
            "type": "User",
            "user_view_type": "public",
            "site_admin": false
        },
        "reactions": {
            "url": "https://api.github.com/repos/microsoft/msrflute/issues/20/reactions",
            "total_count": 1,
            "+1": 1,
            "-1": 0,
            "laugh": 0,
            "hooray": 0,
            "confused": 0,
            "heart": 0,
            "rocket": 0,
            "eyes": 0
        },
        "timeline_url": "https://api.github.com/repos/microsoft/msrflute/issues/20/timeline",
        "performed_via_github_app": null,
        "state_reason": "completed"
    },
    {
        "url": "https://api.github.com/repos/microsoft/msrflute/issues/19",
        "repository_url": "https://api.github.com/repos/microsoft/msrflute",
        "labels_url": "https://api.github.com/repos/microsoft/msrflute/issues/19/labels{/name}",
        "comments_url": "https://api.github.com/repos/microsoft/msrflute/issues/19/comments",
        "events_url": "https://api.github.com/repos/microsoft/msrflute/issues/19/events",
        "html_url": "https://github.com/microsoft/msrflute/issues/19",
        "id": 1515765228,
        "node_id": "I_kwDOGZR4O85aWL3s",
        "number": 19,
        "title": "Annealing LR Scheduler required?",
        "user": {
            "login": "hackenjoe",
            "id": 45658787,
            "node_id": "MDQ6VXNlcjQ1NjU4Nzg3",
            "avatar_url": "https://avatars.githubusercontent.com/u/45658787?v=4",
            "gravatar_id": "",
            "url": "https://api.github.com/users/hackenjoe",
            "html_url": "https://github.com/hackenjoe",
            "followers_url": "https://api.github.com/users/hackenjoe/followers",
            "following_url": "https://api.github.com/users/hackenjoe/following{/other_user}",
            "gists_url": "https://api.github.com/users/hackenjoe/gists{/gist_id}",
            "starred_url": "https://api.github.com/users/hackenjoe/starred{/owner}{/repo}",
            "subscriptions_url": "https://api.github.com/users/hackenjoe/subscriptions",
            "organizations_url": "https://api.github.com/users/hackenjoe/orgs",
            "repos_url": "https://api.github.com/users/hackenjoe/repos",
            "events_url": "https://api.github.com/users/hackenjoe/events{/privacy}",
            "received_events_url": "https://api.github.com/users/hackenjoe/received_events",
            "type": "User",
            "user_view_type": "public",
            "site_admin": false
        },
        "labels": [],
        "state": "closed",
        "locked": false,
        "assignee": null,
        "assignees": [],
        "milestone": null,
        "comments": 1,
        "created_at": "2023-01-01T18:56:46Z",
        "updated_at": "2023-01-04T00:26:37Z",
        "closed_at": "2023-01-04T00:26:37Z",
        "author_association": "NONE",
        "type": null,
        "active_lock_reason": null,
        "sub_issues_summary": {
            "total": 0,
            "completed": 0,
            "percent_completed": 0
        },
        "body": "Is it possible to disable the annealing LR scheduler? If it is removed from the `config.yaml` file, the training process will not start.\r\n",
        "closed_by": {
            "login": "hackenjoe",
            "id": 45658787,
            "node_id": "MDQ6VXNlcjQ1NjU4Nzg3",
            "avatar_url": "https://avatars.githubusercontent.com/u/45658787?v=4",
            "gravatar_id": "",
            "url": "https://api.github.com/users/hackenjoe",
            "html_url": "https://github.com/hackenjoe",
            "followers_url": "https://api.github.com/users/hackenjoe/followers",
            "following_url": "https://api.github.com/users/hackenjoe/following{/other_user}",
            "gists_url": "https://api.github.com/users/hackenjoe/gists{/gist_id}",
            "starred_url": "https://api.github.com/users/hackenjoe/starred{/owner}{/repo}",
            "subscriptions_url": "https://api.github.com/users/hackenjoe/subscriptions",
            "organizations_url": "https://api.github.com/users/hackenjoe/orgs",
            "repos_url": "https://api.github.com/users/hackenjoe/repos",
            "events_url": "https://api.github.com/users/hackenjoe/events{/privacy}",
            "received_events_url": "https://api.github.com/users/hackenjoe/received_events",
            "type": "User",
            "user_view_type": "public",
            "site_admin": false
        },
        "reactions": {
            "url": "https://api.github.com/repos/microsoft/msrflute/issues/19/reactions",
            "total_count": 0,
            "+1": 0,
            "-1": 0,
            "laugh": 0,
            "hooray": 0,
            "confused": 0,
            "heart": 0,
            "rocket": 0,
            "eyes": 0
        },
        "timeline_url": "https://api.github.com/repos/microsoft/msrflute/issues/19/timeline",
        "performed_via_github_app": null,
        "state_reason": "completed"
    },
    {
        "url": "https://api.github.com/repos/microsoft/msrflute/issues/18",
        "repository_url": "https://api.github.com/repos/microsoft/msrflute",
        "labels_url": "https://api.github.com/repos/microsoft/msrflute/issues/18/labels{/name}",
        "comments_url": "https://api.github.com/repos/microsoft/msrflute/issues/18/comments",
        "events_url": "https://api.github.com/repos/microsoft/msrflute/issues/18/events",
        "html_url": "https://github.com/microsoft/msrflute/issues/18",
        "id": 1511209884,
        "node_id": "I_kwDOGZR4O85aEzuc",
        "number": 18,
        "title": "FLUTE GPU utilisation vs performance",
        "user": {
            "login": "Iacob-Alexandru-Andrei",
            "id": 33792387,
            "node_id": "MDQ6VXNlcjMzNzkyMzg3",
            "avatar_url": "https://avatars.githubusercontent.com/u/33792387?v=4",
            "gravatar_id": "",
            "url": "https://api.github.com/users/Iacob-Alexandru-Andrei",
            "html_url": "https://github.com/Iacob-Alexandru-Andrei",
            "followers_url": "https://api.github.com/users/Iacob-Alexandru-Andrei/followers",
            "following_url": "https://api.github.com/users/Iacob-Alexandru-Andrei/following{/other_user}",
            "gists_url": "https://api.github.com/users/Iacob-Alexandru-Andrei/gists{/gist_id}",
            "starred_url": "https://api.github.com/users/Iacob-Alexandru-Andrei/starred{/owner}{/repo}",
            "subscriptions_url": "https://api.github.com/users/Iacob-Alexandru-Andrei/subscriptions",
            "organizations_url": "https://api.github.com/users/Iacob-Alexandru-Andrei/orgs",
            "repos_url": "https://api.github.com/users/Iacob-Alexandru-Andrei/repos",
            "events_url": "https://api.github.com/users/Iacob-Alexandru-Andrei/events{/privacy}",
            "received_events_url": "https://api.github.com/users/Iacob-Alexandru-Andrei/received_events",
            "type": "User",
            "user_view_type": "public",
            "site_admin": false
        },
        "labels": [],
        "state": "closed",
        "locked": false,
        "assignee": null,
        "assignees": [],
        "milestone": null,
        "comments": 2,
        "created_at": "2022-12-26T20:09:29Z",
        "updated_at": "2023-02-22T16:36:58Z",
        "closed_at": "2023-02-22T16:36:58Z",
        "author_association": "NONE",
        "type": null,
        "active_lock_reason": null,
        "sub_issues_summary": {
            "total": 0,
            "completed": 0,
            "percent_completed": 0
        },
        "body": "Hello,\r\n\r\nWhile running a series of benchmarks between FLUTE and other frameworks we have observed a consistently high degree of GPU compute utilisation with low memory utilisation on the part of FLUTE. The backend used was NCCL.\r\n\r\nDespite outclassing the other frameworks in compute utilisation, FLUTE underperforms in terms of round duration compared to one of the others by a factor of 2-4x. All experiments were carried out using the same hardware resource with either 2 or 4 GPUs and our results hold for both fast aggregation and normal aggregation.\r\n\r\nCould you highlight some potential bottlenecks that FLUTE may encounter in an image task such that the high GPU utilisation does not translate to lower round duration? \r\n\r\nWe are interested in providing a fair comparison and would like some pointers for potential issues that may suppress the performance of FLUTE.",
        "closed_by": {
            "login": "Mirian-Hipolito",
            "id": 94491775,
            "node_id": "U_kgDOBaHUfw",
            "avatar_url": "https://avatars.githubusercontent.com/u/94491775?v=4",
            "gravatar_id": "",
            "url": "https://api.github.com/users/Mirian-Hipolito",
            "html_url": "https://github.com/Mirian-Hipolito",
            "followers_url": "https://api.github.com/users/Mirian-Hipolito/followers",
            "following_url": "https://api.github.com/users/Mirian-Hipolito/following{/other_user}",
            "gists_url": "https://api.github.com/users/Mirian-Hipolito/gists{/gist_id}",
            "starred_url": "https://api.github.com/users/Mirian-Hipolito/starred{/owner}{/repo}",
            "subscriptions_url": "https://api.github.com/users/Mirian-Hipolito/subscriptions",
            "organizations_url": "https://api.github.com/users/Mirian-Hipolito/orgs",
            "repos_url": "https://api.github.com/users/Mirian-Hipolito/repos",
            "events_url": "https://api.github.com/users/Mirian-Hipolito/events{/privacy}",
            "received_events_url": "https://api.github.com/users/Mirian-Hipolito/received_events",
            "type": "User",
            "user_view_type": "public",
            "site_admin": false
        },
        "reactions": {
            "url": "https://api.github.com/repos/microsoft/msrflute/issues/18/reactions",
            "total_count": 0,
            "+1": 0,
            "-1": 0,
            "laugh": 0,
            "hooray": 0,
            "confused": 0,
            "heart": 0,
            "rocket": 0,
            "eyes": 0
        },
        "timeline_url": "https://api.github.com/repos/microsoft/msrflute/issues/18/timeline",
        "performed_via_github_app": null,
        "state_reason": "completed"
    },
    {
        "url": "https://api.github.com/repos/microsoft/msrflute/issues/17",
        "repository_url": "https://api.github.com/repos/microsoft/msrflute",
        "labels_url": "https://api.github.com/repos/microsoft/msrflute/issues/17/labels{/name}",
        "comments_url": "https://api.github.com/repos/microsoft/msrflute/issues/17/comments",
        "events_url": "https://api.github.com/repos/microsoft/msrflute/issues/17/events",
        "html_url": "https://github.com/microsoft/msrflute/issues/17",
        "id": 1461324615,
        "node_id": "I_kwDOGZR4O85XGgtH",
        "number": 17,
        "title": "Could you provide a multi-node execution example?",
        "user": {
            "login": "Iacob-Alexandru-Andrei",
            "id": 33792387,
            "node_id": "MDQ6VXNlcjMzNzkyMzg3",
            "avatar_url": "https://avatars.githubusercontent.com/u/33792387?v=4",
            "gravatar_id": "",
            "url": "https://api.github.com/users/Iacob-Alexandru-Andrei",
            "html_url": "https://github.com/Iacob-Alexandru-Andrei",
            "followers_url": "https://api.github.com/users/Iacob-Alexandru-Andrei/followers",
            "following_url": "https://api.github.com/users/Iacob-Alexandru-Andrei/following{/other_user}",
            "gists_url": "https://api.github.com/users/Iacob-Alexandru-Andrei/gists{/gist_id}",
            "starred_url": "https://api.github.com/users/Iacob-Alexandru-Andrei/starred{/owner}{/repo}",
            "subscriptions_url": "https://api.github.com/users/Iacob-Alexandru-Andrei/subscriptions",
            "organizations_url": "https://api.github.com/users/Iacob-Alexandru-Andrei/orgs",
            "repos_url": "https://api.github.com/users/Iacob-Alexandru-Andrei/repos",
            "events_url": "https://api.github.com/users/Iacob-Alexandru-Andrei/events{/privacy}",
            "received_events_url": "https://api.github.com/users/Iacob-Alexandru-Andrei/received_events",
            "type": "User",
            "user_view_type": "public",
            "site_admin": false
        },
        "labels": [],
        "state": "closed",
        "locked": false,
        "assignee": null,
        "assignees": [],
        "milestone": null,
        "comments": 3,
        "created_at": "2022-11-23T09:04:06Z",
        "updated_at": "2023-02-22T16:35:22Z",
        "closed_at": "2023-02-22T16:35:22Z",
        "author_association": "NONE",
        "type": null,
        "active_lock_reason": null,
        "sub_issues_summary": {
            "total": 0,
            "completed": 0,
            "percent_completed": 0
        },
        "body": "Hello,\r\nMy research group at the University of Cambridge is looking to benchmark Flute on a multi-node setup using our machine cluster.\r\nWe have been unable to find an example script for launching multi-node executions, could you please provide it for us? ",
        "closed_by": {
            "login": "Mirian-Hipolito",
            "id": 94491775,
            "node_id": "U_kgDOBaHUfw",
            "avatar_url": "https://avatars.githubusercontent.com/u/94491775?v=4",
            "gravatar_id": "",
            "url": "https://api.github.com/users/Mirian-Hipolito",
            "html_url": "https://github.com/Mirian-Hipolito",
            "followers_url": "https://api.github.com/users/Mirian-Hipolito/followers",
            "following_url": "https://api.github.com/users/Mirian-Hipolito/following{/other_user}",
            "gists_url": "https://api.github.com/users/Mirian-Hipolito/gists{/gist_id}",
            "starred_url": "https://api.github.com/users/Mirian-Hipolito/starred{/owner}{/repo}",
            "subscriptions_url": "https://api.github.com/users/Mirian-Hipolito/subscriptions",
            "organizations_url": "https://api.github.com/users/Mirian-Hipolito/orgs",
            "repos_url": "https://api.github.com/users/Mirian-Hipolito/repos",
            "events_url": "https://api.github.com/users/Mirian-Hipolito/events{/privacy}",
            "received_events_url": "https://api.github.com/users/Mirian-Hipolito/received_events",
            "type": "User",
            "user_view_type": "public",
            "site_admin": false
        },
        "reactions": {
            "url": "https://api.github.com/repos/microsoft/msrflute/issues/17/reactions",
            "total_count": 0,
            "+1": 0,
            "-1": 0,
            "laugh": 0,
            "hooray": 0,
            "confused": 0,
            "heart": 0,
            "rocket": 0,
            "eyes": 0
        },
        "timeline_url": "https://api.github.com/repos/microsoft/msrflute/issues/17/timeline",
        "performed_via_github_app": null,
        "state_reason": "completed"
    },
    {
        "url": "https://api.github.com/repos/microsoft/msrflute/issues/16",
        "repository_url": "https://api.github.com/repos/microsoft/msrflute",
        "labels_url": "https://api.github.com/repos/microsoft/msrflute/issues/16/labels{/name}",
        "comments_url": "https://api.github.com/repos/microsoft/msrflute/issues/16/comments",
        "events_url": "https://api.github.com/repos/microsoft/msrflute/issues/16/events",
        "html_url": "https://github.com/microsoft/msrflute/issues/16",
        "id": 1446346305,
        "node_id": "I_kwDOGZR4O85WNX5B",
        "number": 16,
        "title": "Sample code CUDA issue",
        "user": {
            "login": "aviralsangal",
            "id": 12559720,
            "node_id": "MDQ6VXNlcjEyNTU5NzIw",
            "avatar_url": "https://avatars.githubusercontent.com/u/12559720?v=4",
            "gravatar_id": "",
            "url": "https://api.github.com/users/aviralsangal",
            "html_url": "https://github.com/aviralsangal",
            "followers_url": "https://api.github.com/users/aviralsangal/followers",
            "following_url": "https://api.github.com/users/aviralsangal/following{/other_user}",
            "gists_url": "https://api.github.com/users/aviralsangal/gists{/gist_id}",
            "starred_url": "https://api.github.com/users/aviralsangal/starred{/owner}{/repo}",
            "subscriptions_url": "https://api.github.com/users/aviralsangal/subscriptions",
            "organizations_url": "https://api.github.com/users/aviralsangal/orgs",
            "repos_url": "https://api.github.com/users/aviralsangal/repos",
            "events_url": "https://api.github.com/users/aviralsangal/events{/privacy}",
            "received_events_url": "https://api.github.com/users/aviralsangal/received_events",
            "type": "User",
            "user_view_type": "public",
            "site_admin": false
        },
        "labels": [
            {
                "id": 3559186720,
                "node_id": "LA_kwDOGZR4O87UJOEg",
                "url": "https://api.github.com/repos/microsoft/msrflute/labels/documentation",
                "name": "documentation",
                "color": "0075ca",
                "default": true,
                "description": "Improvements or additions to documentation"
            }
        ],
        "state": "closed",
        "locked": false,
        "assignee": null,
        "assignees": [],
        "milestone": null,
        "comments": 3,
        "created_at": "2022-11-12T09:10:41Z",
        "updated_at": "2023-06-30T15:57:18Z",
        "closed_at": "2023-01-03T17:23:09Z",
        "author_association": "NONE",
        "type": null,
        "active_lock_reason": null,
        "sub_issues_summary": {
            "total": 0,
            "completed": 0,
            "percent_completed": 0
        },
        "body": "Hi,\r\nFollowing is the error, I am getting on running the sample code given in the documentation. Request you to please look into it and help me resolving the issue.\r\n\r\n\r\n vision@vision:~/aviral/msrflute$ python -m torch.distributed.run --nproc_per_node=3 e2e_trainer.py -dataPath ./testing -outputPath scratch -config testing/hello_world_nlg_gru.yaml -task nlg_gru -backend nccl\r\nWARNING:__main__:\r\n*****************************************\r\nSetting OMP_NUM_THREADS environment variable for each process to be 1 in default, to avoid your system being overloaded, please further tune the variable for optimal performance in your application as needed. \r\n*****************************************\r\nThe data can be found here:  ./testing\r\nThe data can be found here:  ./testing\r\nThe data can be found here:  ./testing\r\nSat Nov 12 14:38:34 2022 : Assigning default values for: {'max_grad_norm', 'batch_size'} in [server_config][val][data_config]\r\nSat Nov 12 14:38:34 2022 : Assigning default values for: {'max_grad_norm', 'num_frames'} in [server_config][test][data_config]\r\nSat Nov 12 14:38:34 2022 : Assigning default values for: {'num_frames'} in [client_config][train][data_config]\r\nSat Nov 12 14:38:34 2022 : Backend: nccl\r\nSat Nov 12 14:38:34 2022 : Assigning default values for: {'batch_size', 'max_grad_norm'} in [server_config][val][data_config]\r\nSat Nov 12 14:38:34 2022 : Assigning default values for: {'num_frames', 'max_grad_norm'} in [server_config][test][data_config]\r\nSat Nov 12 14:38:34 2022 : Assigning default values for: {'num_frames'} in [client_config][train][data_config]\r\nSat Nov 12 14:38:34 2022 : Backend: nccl\r\nSat Nov 12 14:38:34 2022 : Assigning default values for: {'batch_size', 'max_grad_norm'} in [server_config][val][data_config]\r\nSat Nov 12 14:38:34 2022 : Assigning default values for: {'num_frames', 'max_grad_norm'} in [server_config][test][data_config]\r\nSat Nov 12 14:38:34 2022 : Assigning default values for: {'num_frames'} in [client_config][train][data_config]\r\nSat Nov 12 14:38:34 2022 : Backend: nccl\r\nAdded key: store_based_barrier_key:1 to store for rank: 2\r\nAdded key: store_based_barrier_key:1 to store for rank: 0\r\nAdded key: store_based_barrier_key:1 to store for rank: 1\r\nRank 1: Completed store-based barrier for key:store_based_barrier_key:1 with 3 nodes.\r\nTraceback (most recent call last):\r\n  File \"e2e_trainer.py\", line 244, in <module>\r\n    run_worker(model_path, config, task, data_path, local_rank, backend)\r\n  File \"e2e_trainer.py\", line 95, in run_worker\r\n    torch.cuda.set_device(rank)\r\n  File \"/home/vision/anaconda3/envs/flute/lib/python3.8/site-packages/torch/cuda/__init__.py\", line 313, in set_device\r\n    torch._C._cuda_setDevice(device)\r\nRuntimeError: CUDA error: invalid device ordinal\r\nCUDA kernel errors might be asynchronously reported at some other API call,so the stacktrace below might be incorrect.\r\nFor debugging consider passing CUDA_LAUNCH_BLOCKING=1.\r\nRank 2: Completed store-based barrier for key:store_based_barrier_key:1 with 3 nodes.\r\nRank 0: Completed store-based barrier for key:store_based_barrier_key:1 with 3 nodes.\r\nTraceback (most recent call last):\r\n  File \"e2e_trainer.py\", line 244, in <module>\r\n    run_worker(model_path, config, task, data_path, local_rank, backend)\r\n  File \"e2e_trainer.py\", line 95, in run_worker\r\n    torch.cuda.set_device(rank)\r\n  File \"/home/vision/anaconda3/envs/flute/lib/python3.8/site-packages/torch/cuda/__init__.py\", line 313, in set_device\r\n    torch._C._cuda_setDevice(device)\r\nRuntimeError: CUDA error: invalid device ordinal\r\nCUDA kernel errors might be asynchronously reported at some other API call,so the stacktrace below might be incorrect.\r\nFor debugging consider passing CUDA_LAUNCH_BLOCKING=1.\r\nSat Nov 12 14:38:34 2022 : Assigning worker to GPU 0\r\nPreparing model .. Initializing\r\nGRU(\r\n  (embedding): Embedding()\r\n  (rnn): GRU2(\r\n    (w_ih): Linear(in_features=160, out_features=1536, bias=True)\r\n    (w_hh): Linear(in_features=512, out_features=1536, bias=True)\r\n  )\r\n  (squeeze): Linear(in_features=512, out_features=160, bias=False)\r\n)\r\nSat Nov 12 14:38:34 2022 : initialize model with default settings\r\nSat Nov 12 14:38:34 2022 : trying to move the model to GPU\r\nSat Nov 12 14:38:36 2022 : model: GRU(\r\n  (embedding): Embedding()\r\n  (rnn): GRU2(\r\n    (w_ih): Linear(in_features=160, out_features=1536, bias=True)\r\n    (w_hh): Linear(in_features=512, out_features=1536, bias=True)\r\n  )\r\n  (squeeze): Linear(in_features=512, out_features=160, bias=False)\r\n)\r\nSat Nov 12 14:38:36 2022 : torch.cuda.memory_allocated(): 10909184\r\n/home/vision/anaconda3/envs/flute/lib/python3.8/site-packages/torch/cuda/memory.py:384: FutureWarning: torch.cuda.memory_cached has been renamed to torch.cuda.memory_reserved\r\n  warnings.warn(\r\nSat Nov 12 14:38:36 2022 : torch.cuda.memory_cached(): 23068672\r\nSat Nov 12 14:38:36 2022 : torch.cuda.synchronize(): None\r\nTraceback (most recent call last):\r\n  File \"e2e_trainer.py\", line 244, in <module>\r\n    run_worker(model_path, config, task, data_path, local_rank, backend)\r\n  File \"e2e_trainer.py\", line 111, in run_worker\r\n    val_dataset = get_dataset(data_path, data_config[\"val\"], task, mode=\"val\", test_only=True)\r\n  File \"/home/vision/aviral/msrflute/utils/dataloaders_utils.py\", line 94, in get_dataset\r\n    dataset = dataset(data_file, test_only=test_only, user_idx=-1, args=data_config)\r\n  File \"experiments/nlg_gru/dataloaders/dataset.py\", line 26, in __init__\r\n    self.vocab = load_vocab(kwargs['args']['vocab_dict']) if 'args' in kwargs else load_vocab(vocab_dict)\r\n  File \"/home/vision/aviral/msrflute/experiments/nlg_gru/utils/utility.py\", line 28, in load_vocab\r\n    with open(url, 'r', encoding='utf-8') as f:\r\nFileNotFoundError: [Errno 2] No such file or directory: './testing/models/vocab_reddit.vocab'\r\nERROR:torch.distributed.elastic.multiprocessing.api:failed (exitcode: 1) local_rank: 0 (pid: 31988) of binary: /home/vision/anaconda3/envs/flute/bin/python\r\nTraceback (most recent call last):\r\n  File \"/home/vision/anaconda3/envs/flute/lib/python3.8/runpy.py\", line 192, in _run_module_as_main\r\n    return _run_code(code, main_globals, None,\r\n  File \"/home/vision/anaconda3/envs/flute/lib/python3.8/runpy.py\", line 85, in _run_code\r\n    exec(code, run_globals)\r\n  File \"/home/vision/anaconda3/envs/flute/lib/python3.8/site-packages/torch/distributed/run.py\", line 728, in <module>\r\n    main()\r\n  File \"/home/vision/anaconda3/envs/flute/lib/python3.8/site-packages/torch/distributed/elastic/multiprocessing/errors/__init__.py\", line 345, in wrapper\r\n    return f(*args, **kwargs)\r\n  File \"/home/vision/anaconda3/envs/flute/lib/python3.8/site-packages/torch/distributed/run.py\", line 724, in main\r\n    run(args)\r\n  File \"/home/vision/anaconda3/envs/flute/lib/python3.8/site-packages/torch/distributed/run.py\", line 715, in run\r\n    elastic_launch(\r\n  File \"/home/vision/anaconda3/envs/flute/lib/python3.8/site-packages/torch/distributed/launcher/api.py\", line 131, in __call__\r\n    return launch_agent(self._config, self._entrypoint, list(args))\r\n  File \"/home/vision/anaconda3/envs/flute/lib/python3.8/site-packages/torch/distributed/launcher/api.py\", line 245, in launch_agent\r\n    raise ChildFailedError(\r\ntorch.distributed.elastic.multiprocessing.errors.ChildFailedError: \r\n============================================================\r\ne2e_trainer.py FAILED\r\n------------------------------------------------------------\r\nFailures:\r\n[1]:\r\n  time      : 2022-11-12_14:38:38\r\n  host      : vision\r\n  rank      : 1 (local_rank: 1)\r\n  exitcode  : 1 (pid: 31989)\r\n  error_file: <N/A>\r\n  traceback : To enable traceback see: https://pytorch.org/docs/stable/elastic/errors.html\r\n[2]:\r\n  time      : 2022-11-12_14:38:38\r\n  host      : vision\r\n  rank      : 2 (local_rank: 2)\r\n  exitcode  : 1 (pid: 31990)\r\n  error_file: <N/A>\r\n  traceback : To enable traceback see: https://pytorch.org/docs/stable/elastic/errors.html\r\n------------------------------------------------------------\r\nRoot Cause (first observed failure):\r\n[0]:\r\n  time      : 2022-11-12_14:38:38\r\n  host      : vision\r\n  rank      : 0 (local_rank: 0)\r\n  exitcode  : 1 (pid: 31988)\r\n  error_file: <N/A>\r\n  traceback : To enable traceback see: https://pytorch.org/docs/stable/elastic/errors.html\r\n============================================================\r\n",
        "closed_by": {
            "login": "Mirian-Hipolito",
            "id": 94491775,
            "node_id": "U_kgDOBaHUfw",
            "avatar_url": "https://avatars.githubusercontent.com/u/94491775?v=4",
            "gravatar_id": "",
            "url": "https://api.github.com/users/Mirian-Hipolito",
            "html_url": "https://github.com/Mirian-Hipolito",
            "followers_url": "https://api.github.com/users/Mirian-Hipolito/followers",
            "following_url": "https://api.github.com/users/Mirian-Hipolito/following{/other_user}",
            "gists_url": "https://api.github.com/users/Mirian-Hipolito/gists{/gist_id}",
            "starred_url": "https://api.github.com/users/Mirian-Hipolito/starred{/owner}{/repo}",
            "subscriptions_url": "https://api.github.com/users/Mirian-Hipolito/subscriptions",
            "organizations_url": "https://api.github.com/users/Mirian-Hipolito/orgs",
            "repos_url": "https://api.github.com/users/Mirian-Hipolito/repos",
            "events_url": "https://api.github.com/users/Mirian-Hipolito/events{/privacy}",
            "received_events_url": "https://api.github.com/users/Mirian-Hipolito/received_events",
            "type": "User",
            "user_view_type": "public",
            "site_admin": false
        },
        "reactions": {
            "url": "https://api.github.com/repos/microsoft/msrflute/issues/16/reactions",
            "total_count": 0,
            "+1": 0,
            "-1": 0,
            "laugh": 0,
            "hooray": 0,
            "confused": 0,
            "heart": 0,
            "rocket": 0,
            "eyes": 0
        },
        "timeline_url": "https://api.github.com/repos/microsoft/msrflute/issues/16/timeline",
        "performed_via_github_app": null,
        "state_reason": "completed"
    },
    {
        "url": "https://api.github.com/repos/microsoft/msrflute/issues/15",
        "repository_url": "https://api.github.com/repos/microsoft/msrflute",
        "labels_url": "https://api.github.com/repos/microsoft/msrflute/issues/15/labels{/name}",
        "comments_url": "https://api.github.com/repos/microsoft/msrflute/issues/15/comments",
        "events_url": "https://api.github.com/repos/microsoft/msrflute/issues/15/events",
        "html_url": "https://github.com/microsoft/msrflute/issues/15",
        "id": 1403638098,
        "node_id": "I_kwDOGZR4O85TqdFS",
        "number": 15,
        "title": "RFC: single-GPU setups, improving worker 0 utilization",
        "user": {
            "login": "simra",
            "id": 2946735,
            "node_id": "MDQ6VXNlcjI5NDY3MzU=",
            "avatar_url": "https://avatars.githubusercontent.com/u/2946735?v=4",
            "gravatar_id": "",
            "url": "https://api.github.com/users/simra",
            "html_url": "https://github.com/simra",
            "followers_url": "https://api.github.com/users/simra/followers",
            "following_url": "https://api.github.com/users/simra/following{/other_user}",
            "gists_url": "https://api.github.com/users/simra/gists{/gist_id}",
            "starred_url": "https://api.github.com/users/simra/starred{/owner}{/repo}",
            "subscriptions_url": "https://api.github.com/users/simra/subscriptions",
            "organizations_url": "https://api.github.com/users/simra/orgs",
            "repos_url": "https://api.github.com/users/simra/repos",
            "events_url": "https://api.github.com/users/simra/events{/privacy}",
            "received_events_url": "https://api.github.com/users/simra/received_events",
            "type": "User",
            "user_view_type": "public",
            "site_admin": false
        },
        "labels": [
            {
                "id": 3559186725,
                "node_id": "LA_kwDOGZR4O87UJOEl",
                "url": "https://api.github.com/repos/microsoft/msrflute/labels/enhancement",
                "name": "enhancement",
                "color": "a2eeef",
                "default": true,
                "description": "New feature or request"
            }
        ],
        "state": "closed",
        "locked": false,
        "assignee": null,
        "assignees": [],
        "milestone": null,
        "comments": 1,
        "created_at": "2022-10-10T19:50:37Z",
        "updated_at": "2023-06-28T18:05:40Z",
        "closed_at": "2023-06-28T18:05:39Z",
        "author_association": "CONTRIBUTOR",
        "type": null,
        "active_lock_reason": null,
        "sub_issues_summary": {
            "total": 0,
            "completed": 0,
            "percent_completed": 0
        },
        "body": "This issue is to discuss a known limitation which is that FLUTE expects a minimum of two GPUs for any CUDA-based training.  There must always be a Worker 0 GPU and then at least one more for client training.  It would be valuable to be able to specify arbitrary mappings so that, say, Worker 0 and Worker 1 share the same GPU.  From a memory standpoint this should be ok because they never need the GPU at the same time.  I'm not sure that torch.distributed can support arbitrary mappings (note: CUDA_VISIBLE_DEVICES=0,0 doesn't work as a solution).  Alternatively if we could assign worker 0 to cpu and worker 1+ to GPUs that might be a reasonable solution- relatively speaking, model aggregation is less expensive and could potentially be done on CPU.\r\n\r\nThoughts?",
        "closed_by": {
            "login": "Mirian-Hipolito",
            "id": 94491775,
            "node_id": "U_kgDOBaHUfw",
            "avatar_url": "https://avatars.githubusercontent.com/u/94491775?v=4",
            "gravatar_id": "",
            "url": "https://api.github.com/users/Mirian-Hipolito",
            "html_url": "https://github.com/Mirian-Hipolito",
            "followers_url": "https://api.github.com/users/Mirian-Hipolito/followers",
            "following_url": "https://api.github.com/users/Mirian-Hipolito/following{/other_user}",
            "gists_url": "https://api.github.com/users/Mirian-Hipolito/gists{/gist_id}",
            "starred_url": "https://api.github.com/users/Mirian-Hipolito/starred{/owner}{/repo}",
            "subscriptions_url": "https://api.github.com/users/Mirian-Hipolito/subscriptions",
            "organizations_url": "https://api.github.com/users/Mirian-Hipolito/orgs",
            "repos_url": "https://api.github.com/users/Mirian-Hipolito/repos",
            "events_url": "https://api.github.com/users/Mirian-Hipolito/events{/privacy}",
            "received_events_url": "https://api.github.com/users/Mirian-Hipolito/received_events",
            "type": "User",
            "user_view_type": "public",
            "site_admin": false
        },
        "reactions": {
            "url": "https://api.github.com/repos/microsoft/msrflute/issues/15/reactions",
            "total_count": 0,
            "+1": 0,
            "-1": 0,
            "laugh": 0,
            "hooray": 0,
            "confused": 0,
            "heart": 0,
            "rocket": 0,
            "eyes": 0
        },
        "timeline_url": "https://api.github.com/repos/microsoft/msrflute/issues/15/timeline",
        "performed_via_github_app": null,
        "state_reason": "completed"
    },
    {
        "url": "https://api.github.com/repos/microsoft/msrflute/issues/14",
        "repository_url": "https://api.github.com/repos/microsoft/msrflute",
        "labels_url": "https://api.github.com/repos/microsoft/msrflute/issues/14/labels{/name}",
        "comments_url": "https://api.github.com/repos/microsoft/msrflute/issues/14/comments",
        "events_url": "https://api.github.com/repos/microsoft/msrflute/issues/14/events",
        "html_url": "https://github.com/microsoft/msrflute/issues/14",
        "id": 1394583031,
        "node_id": "I_kwDOGZR4O85TH6X3",
        "number": 14,
        "title": "Sample Code Running Error",
        "user": {
            "login": "aviralsangal",
            "id": 12559720,
            "node_id": "MDQ6VXNlcjEyNTU5NzIw",
            "avatar_url": "https://avatars.githubusercontent.com/u/12559720?v=4",
            "gravatar_id": "",
            "url": "https://api.github.com/users/aviralsangal",
            "html_url": "https://github.com/aviralsangal",
            "followers_url": "https://api.github.com/users/aviralsangal/followers",
            "following_url": "https://api.github.com/users/aviralsangal/following{/other_user}",
            "gists_url": "https://api.github.com/users/aviralsangal/gists{/gist_id}",
            "starred_url": "https://api.github.com/users/aviralsangal/starred{/owner}{/repo}",
            "subscriptions_url": "https://api.github.com/users/aviralsangal/subscriptions",
            "organizations_url": "https://api.github.com/users/aviralsangal/orgs",
            "repos_url": "https://api.github.com/users/aviralsangal/repos",
            "events_url": "https://api.github.com/users/aviralsangal/events{/privacy}",
            "received_events_url": "https://api.github.com/users/aviralsangal/received_events",
            "type": "User",
            "user_view_type": "public",
            "site_admin": false
        },
        "labels": [
            {
                "id": 3559186720,
                "node_id": "LA_kwDOGZR4O87UJOEg",
                "url": "https://api.github.com/repos/microsoft/msrflute/labels/documentation",
                "name": "documentation",
                "color": "0075ca",
                "default": true,
                "description": "Improvements or additions to documentation"
            }
        ],
        "state": "closed",
        "locked": false,
        "assignee": {
            "login": "Mirian-Hipolito",
            "id": 94491775,
            "node_id": "U_kgDOBaHUfw",
            "avatar_url": "https://avatars.githubusercontent.com/u/94491775?v=4",
            "gravatar_id": "",
            "url": "https://api.github.com/users/Mirian-Hipolito",
            "html_url": "https://github.com/Mirian-Hipolito",
            "followers_url": "https://api.github.com/users/Mirian-Hipolito/followers",
            "following_url": "https://api.github.com/users/Mirian-Hipolito/following{/other_user}",
            "gists_url": "https://api.github.com/users/Mirian-Hipolito/gists{/gist_id}",
            "starred_url": "https://api.github.com/users/Mirian-Hipolito/starred{/owner}{/repo}",
            "subscriptions_url": "https://api.github.com/users/Mirian-Hipolito/subscriptions",
            "organizations_url": "https://api.github.com/users/Mirian-Hipolito/orgs",
            "repos_url": "https://api.github.com/users/Mirian-Hipolito/repos",
            "events_url": "https://api.github.com/users/Mirian-Hipolito/events{/privacy}",
            "received_events_url": "https://api.github.com/users/Mirian-Hipolito/received_events",
            "type": "User",
            "user_view_type": "public",
            "site_admin": false
        },
        "assignees": [
            {
                "login": "Mirian-Hipolito",
                "id": 94491775,
                "node_id": "U_kgDOBaHUfw",
                "avatar_url": "https://avatars.githubusercontent.com/u/94491775?v=4",
                "gravatar_id": "",
                "url": "https://api.github.com/users/Mirian-Hipolito",
                "html_url": "https://github.com/Mirian-Hipolito",
                "followers_url": "https://api.github.com/users/Mirian-Hipolito/followers",
                "following_url": "https://api.github.com/users/Mirian-Hipolito/following{/other_user}",
                "gists_url": "https://api.github.com/users/Mirian-Hipolito/gists{/gist_id}",
                "starred_url": "https://api.github.com/users/Mirian-Hipolito/starred{/owner}{/repo}",
                "subscriptions_url": "https://api.github.com/users/Mirian-Hipolito/subscriptions",
                "organizations_url": "https://api.github.com/users/Mirian-Hipolito/orgs",
                "repos_url": "https://api.github.com/users/Mirian-Hipolito/repos",
                "events_url": "https://api.github.com/users/Mirian-Hipolito/events{/privacy}",
                "received_events_url": "https://api.github.com/users/Mirian-Hipolito/received_events",
                "type": "User",
                "user_view_type": "public",
                "site_admin": false
            }
        ],
        "milestone": null,
        "comments": 1,
        "created_at": "2022-10-03T11:35:32Z",
        "updated_at": "2022-12-08T17:30:18Z",
        "closed_at": "2022-12-08T17:30:17Z",
        "author_association": "NONE",
        "type": null,
        "active_lock_reason": null,
        "sub_issues_summary": {
            "total": 0,
            "completed": 0,
            "percent_completed": 0
        },
        "body": "Hi,\r\n\r\nI recently installed FLUTE and was trying the sample example given this repo's description. \r\n\r\nFollowing is the command which I ran:\r\n\r\npython -m torch.distributed.run --nproc_per_node=3 e2e_trainer.py -dataPath ./testing/mockup -outputPath scratch  -config testing/configs/hello_world_local.yaml -task nlg_gru -backend nccl\r\n\r\n\r\nNow, Following is the error which I received.\r\n\r\n*****************************************\r\nSetting OMP_NUM_THREADS environment variable for each process to be 1 in default, to avoid your system being overloaded, please further tune the variable for optimal performance in your application as needed. \r\n*****************************************\r\nThe data can be found here:  ./testing/mockup\r\nTraceback (most recent call last):\r\n  File \"/home/linuxsys/Downloads/msrflute/e2e_trainer.py\", line 226, in <module>\r\n    shutil.copyfile(args.config, cfg_out)\r\n  File \"/home/linuxsys/anaconda3/envs/fluteLatest/lib/python3.9/shutil.py\", line 261, in copyfile\r\n    with open(src, 'rb') as fsrc, open(dst, 'wb') as fdst:\r\nFileNotFoundError: [Errno 2] No such file or directory: 'testing/configs/hello_world_local.yaml'\r\nThe data can be found here:  ./testing/mockup\r\nTraceback (most recent call last):\r\n  File \"/home/linuxsys/Downloads/msrflute/e2e_trainer.py\", line 226, in <module>\r\n    shutil.copyfile(args.config, cfg_out)\r\n  File \"/home/linuxsys/anaconda3/envs/fluteLatest/lib/python3.9/shutil.py\", line 261, in copyfile\r\n    with open(src, 'rb') as fsrc, open(dst, 'wb') as fdst:\r\nFileNotFoundError: [Errno 2] No such file or directory: 'testing/configs/hello_world_local.yaml'\r\nThe data can be found here:  ./testing/mockup\r\nTraceback (most recent call last):\r\n  File \"/home/linuxsys/Downloads/msrflute/e2e_trainer.py\", line 226, in <module>\r\n    shutil.copyfile(args.config, cfg_out)\r\n  File \"/home/linuxsys/anaconda3/envs/fluteLatest/lib/python3.9/shutil.py\", line 261, in copyfile\r\n    with open(src, 'rb') as fsrc, open(dst, 'wb') as fdst:\r\nFileNotFoundError: [Errno 2] No such file or directory: 'testing/configs/hello_world_local.yaml'\r\nERROR:torch.distributed.elastic.multiprocessing.api:failed (exitcode: 1) local_rank: 0 (pid: 44679) of binary: /home/linuxsys/anaconda3/envs/fluteLatest/bin/python\r\nTraceback (most recent call last):\r\n  File \"/home/linuxsys/anaconda3/envs/fluteLatest/lib/python3.9/runpy.py\", line 197, in _run_module_as_main\r\n    return _run_code(code, main_globals, None,\r\n  File \"/home/linuxsys/anaconda3/envs/fluteLatest/lib/python3.9/runpy.py\", line 87, in _run_code\r\n    exec(code, run_globals)\r\n  File \"/home/linuxsys/anaconda3/envs/fluteLatest/lib/python3.9/site-packages/torch/distributed/run.py\", line 765, in <module>\r\n    main()\r\n  File \"/home/linuxsys/anaconda3/envs/fluteLatest/lib/python3.9/site-packages/torch/distributed/elastic/multiprocessing/errors/__init__.py\", line 345, in wrapper\r\n    return f(*args, **kwargs)\r\n  File \"/home/linuxsys/anaconda3/envs/fluteLatest/lib/python3.9/site-packages/torch/distributed/run.py\", line 761, in main\r\n    run(args)\r\n  File \"/home/linuxsys/anaconda3/envs/fluteLatest/lib/python3.9/site-packages/torch/distributed/run.py\", line 752, in run\r\n    elastic_launch(\r\n  File \"/home/linuxsys/anaconda3/envs/fluteLatest/lib/python3.9/site-packages/torch/distributed/launcher/api.py\", line 131, in __call__\r\n    return launch_agent(self._config, self._entrypoint, list(args))\r\n  File \"/home/linuxsys/anaconda3/envs/fluteLatest/lib/python3.9/site-packages/torch/distributed/launcher/api.py\", line 245, in launch_agent\r\n    raise ChildFailedError(\r\ntorch.distributed.elastic.multiprocessing.errors.ChildFailedError: \r\n============================================================\r\ne2e_trainer.py FAILED\r\n------------------------------------------------------------\r\nFailures:\r\n[1]:\r\n  time      : 2022-10-03_17:01:38\r\n  host      : linuxsys\r\n  rank      : 1 (local_rank: 1)\r\n  exitcode  : 1 (pid: 44680)\r\n  error_file: <N/A>\r\n  traceback : To enable traceback see: https://pytorch.org/docs/stable/elastic/errors.html\r\n[2]:\r\n  time      : 2022-10-03_17:01:38\r\n  host      : linuxsys\r\n  rank      : 2 (local_rank: 2)\r\n  exitcode  : 1 (pid: 44681)\r\n  error_file: <N/A>\r\n  traceback : To enable traceback see: https://pytorch.org/docs/stable/elastic/errors.html\r\n------------------------------------------------------------\r\nRoot Cause (first observed failure):\r\n[0]:\r\n  time      : 2022-10-03_17:01:38\r\n  host      : linuxsys\r\n  rank      : 0 (local_rank: 0)\r\n  exitcode  : 1 (pid: 44679)\r\n  error_file: <N/A>\r\n  traceback : To enable traceback see: https://pytorch.org/docs/stable/elastic/errors.html\r\n\r\n\r\n\r\nRequest you to please guide me to solve this isue.",
        "closed_by": {
            "login": "Mirian-Hipolito",
            "id": 94491775,
            "node_id": "U_kgDOBaHUfw",
            "avatar_url": "https://avatars.githubusercontent.com/u/94491775?v=4",
            "gravatar_id": "",
            "url": "https://api.github.com/users/Mirian-Hipolito",
            "html_url": "https://github.com/Mirian-Hipolito",
            "followers_url": "https://api.github.com/users/Mirian-Hipolito/followers",
            "following_url": "https://api.github.com/users/Mirian-Hipolito/following{/other_user}",
            "gists_url": "https://api.github.com/users/Mirian-Hipolito/gists{/gist_id}",
            "starred_url": "https://api.github.com/users/Mirian-Hipolito/starred{/owner}{/repo}",
            "subscriptions_url": "https://api.github.com/users/Mirian-Hipolito/subscriptions",
            "organizations_url": "https://api.github.com/users/Mirian-Hipolito/orgs",
            "repos_url": "https://api.github.com/users/Mirian-Hipolito/repos",
            "events_url": "https://api.github.com/users/Mirian-Hipolito/events{/privacy}",
            "received_events_url": "https://api.github.com/users/Mirian-Hipolito/received_events",
            "type": "User",
            "user_view_type": "public",
            "site_admin": false
        },
        "reactions": {
            "url": "https://api.github.com/repos/microsoft/msrflute/issues/14/reactions",
            "total_count": 0,
            "+1": 0,
            "-1": 0,
            "laugh": 0,
            "hooray": 0,
            "confused": 0,
            "heart": 0,
            "rocket": 0,
            "eyes": 0
        },
        "timeline_url": "https://api.github.com/repos/microsoft/msrflute/issues/14/timeline",
        "performed_via_github_app": null,
        "state_reason": "completed"
    },
    {
        "url": "https://api.github.com/repos/microsoft/msrflute/issues/12",
        "repository_url": "https://api.github.com/repos/microsoft/msrflute",
        "labels_url": "https://api.github.com/repos/microsoft/msrflute/issues/12/labels{/name}",
        "comments_url": "https://api.github.com/repos/microsoft/msrflute/issues/12/comments",
        "events_url": "https://api.github.com/repos/microsoft/msrflute/issues/12/events",
        "html_url": "https://github.com/microsoft/msrflute/issues/12",
        "id": 1317239037,
        "node_id": "I_kwDOGZR4O85Og3j9",
        "number": 12,
        "title": "This repo is missing important files",
        "user": {
            "login": "microsoft-github-policy-service[bot]",
            "id": 77245923,
            "node_id": "MDM6Qm90NzcyNDU5MjM=",
            "avatar_url": "https://avatars.githubusercontent.com/in/95686?v=4",
            "gravatar_id": "",
            "url": "https://api.github.com/users/microsoft-github-policy-service%5Bbot%5D",
            "html_url": "https://github.com/apps/microsoft-github-policy-service",
            "followers_url": "https://api.github.com/users/microsoft-github-policy-service%5Bbot%5D/followers",
            "following_url": "https://api.github.com/users/microsoft-github-policy-service%5Bbot%5D/following{/other_user}",
            "gists_url": "https://api.github.com/users/microsoft-github-policy-service%5Bbot%5D/gists{/gist_id}",
            "starred_url": "https://api.github.com/users/microsoft-github-policy-service%5Bbot%5D/starred{/owner}{/repo}",
            "subscriptions_url": "https://api.github.com/users/microsoft-github-policy-service%5Bbot%5D/subscriptions",
            "organizations_url": "https://api.github.com/users/microsoft-github-policy-service%5Bbot%5D/orgs",
            "repos_url": "https://api.github.com/users/microsoft-github-policy-service%5Bbot%5D/repos",
            "events_url": "https://api.github.com/users/microsoft-github-policy-service%5Bbot%5D/events{/privacy}",
            "received_events_url": "https://api.github.com/users/microsoft-github-policy-service%5Bbot%5D/received_events",
            "type": "Bot",
            "user_view_type": "public",
            "site_admin": false
        },
        "labels": [],
        "state": "closed",
        "locked": false,
        "assignee": null,
        "assignees": [],
        "milestone": null,
        "comments": 0,
        "created_at": "2022-07-25T18:58:33Z",
        "updated_at": "2022-08-02T16:03:20Z",
        "closed_at": "2022-08-02T16:03:20Z",
        "author_association": "CONTRIBUTOR",
        "type": null,
        "active_lock_reason": null,
        "sub_issues_summary": {
            "total": 0,
            "completed": 0,
            "percent_completed": 0
        },
        "body": "There are important files that Microsoft projects should all have that are not present in this repository. A pull request has been opened to add the missing file(s). When the pr is merged this issue will be closed automatically.\n\nMicrosoft teams can [learn more about this effort and share feedback](https://docs.opensource.microsoft.com/releasing/maintain/templates/) within the open source guidance available internally.\n\n\n[Merge this pull request](https://github.com/microsoft/msrflute/pull/11)",
        "closed_by": {
            "login": "microsoft-github-policy-service[bot]",
            "id": 77245923,
            "node_id": "MDM6Qm90NzcyNDU5MjM=",
            "avatar_url": "https://avatars.githubusercontent.com/in/95686?v=4",
            "gravatar_id": "",
            "url": "https://api.github.com/users/microsoft-github-policy-service%5Bbot%5D",
            "html_url": "https://github.com/apps/microsoft-github-policy-service",
            "followers_url": "https://api.github.com/users/microsoft-github-policy-service%5Bbot%5D/followers",
            "following_url": "https://api.github.com/users/microsoft-github-policy-service%5Bbot%5D/following{/other_user}",
            "gists_url": "https://api.github.com/users/microsoft-github-policy-service%5Bbot%5D/gists{/gist_id}",
            "starred_url": "https://api.github.com/users/microsoft-github-policy-service%5Bbot%5D/starred{/owner}{/repo}",
            "subscriptions_url": "https://api.github.com/users/microsoft-github-policy-service%5Bbot%5D/subscriptions",
            "organizations_url": "https://api.github.com/users/microsoft-github-policy-service%5Bbot%5D/orgs",
            "repos_url": "https://api.github.com/users/microsoft-github-policy-service%5Bbot%5D/repos",
            "events_url": "https://api.github.com/users/microsoft-github-policy-service%5Bbot%5D/events{/privacy}",
            "received_events_url": "https://api.github.com/users/microsoft-github-policy-service%5Bbot%5D/received_events",
            "type": "Bot",
            "user_view_type": "public",
            "site_admin": false
        },
        "reactions": {
            "url": "https://api.github.com/repos/microsoft/msrflute/issues/12/reactions",
            "total_count": 0,
            "+1": 0,
            "-1": 0,
            "laugh": 0,
            "hooray": 0,
            "confused": 0,
            "heart": 0,
            "rocket": 0,
            "eyes": 0
        },
        "timeline_url": "https://api.github.com/repos/microsoft/msrflute/issues/12/timeline",
        "performed_via_github_app": null,
        "state_reason": "completed"
    },
    {
        "url": "https://api.github.com/repos/microsoft/msrflute/issues/10",
        "repository_url": "https://api.github.com/repos/microsoft/msrflute",
        "labels_url": "https://api.github.com/repos/microsoft/msrflute/issues/10/labels{/name}",
        "comments_url": "https://api.github.com/repos/microsoft/msrflute/issues/10/comments",
        "events_url": "https://api.github.com/repos/microsoft/msrflute/issues/10/events",
        "html_url": "https://github.com/microsoft/msrflute/issues/10",
        "id": 1275855093,
        "node_id": "I_kwDOGZR4O85MDAD1",
        "number": 10,
        "title": "mpi4py installation error -Remediation",
        "user": {
            "login": "Phoenix9032",
            "id": 30574946,
            "node_id": "MDQ6VXNlcjMwNTc0OTQ2",
            "avatar_url": "https://avatars.githubusercontent.com/u/30574946?v=4",
            "gravatar_id": "",
            "url": "https://api.github.com/users/Phoenix9032",
            "html_url": "https://github.com/Phoenix9032",
            "followers_url": "https://api.github.com/users/Phoenix9032/followers",
            "following_url": "https://api.github.com/users/Phoenix9032/following{/other_user}",
            "gists_url": "https://api.github.com/users/Phoenix9032/gists{/gist_id}",
            "starred_url": "https://api.github.com/users/Phoenix9032/starred{/owner}{/repo}",
            "subscriptions_url": "https://api.github.com/users/Phoenix9032/subscriptions",
            "organizations_url": "https://api.github.com/users/Phoenix9032/orgs",
            "repos_url": "https://api.github.com/users/Phoenix9032/repos",
            "events_url": "https://api.github.com/users/Phoenix9032/events{/privacy}",
            "received_events_url": "https://api.github.com/users/Phoenix9032/received_events",
            "type": "User",
            "user_view_type": "public",
            "site_admin": false
        },
        "labels": [],
        "state": "closed",
        "locked": false,
        "assignee": null,
        "assignees": [],
        "milestone": null,
        "comments": 1,
        "created_at": "2022-06-18T18:31:32Z",
        "updated_at": "2022-08-11T21:46:16Z",
        "closed_at": "2022-08-11T21:46:16Z",
        "author_association": "NONE",
        "type": null,
        "active_lock_reason": null,
        "sub_issues_summary": {
            "total": 0,
            "completed": 0,
            "percent_completed": 0
        },
        "body": "![image](https://user-images.githubusercontent.com/30574946/174451768-97b91b0a-987d-43a9-871e-9d16e8abef00.png)\r\n\r\nHello - If you find the build error for mpi4py installation you need to install \r\n```\r\napt-get install libopenmpi-dev -y\r\n\r\n```\r\nThis should solve the issue\r\n",
        "closed_by": {
            "login": "Mirian-Hipolito",
            "id": 94491775,
            "node_id": "U_kgDOBaHUfw",
            "avatar_url": "https://avatars.githubusercontent.com/u/94491775?v=4",
            "gravatar_id": "",
            "url": "https://api.github.com/users/Mirian-Hipolito",
            "html_url": "https://github.com/Mirian-Hipolito",
            "followers_url": "https://api.github.com/users/Mirian-Hipolito/followers",
            "following_url": "https://api.github.com/users/Mirian-Hipolito/following{/other_user}",
            "gists_url": "https://api.github.com/users/Mirian-Hipolito/gists{/gist_id}",
            "starred_url": "https://api.github.com/users/Mirian-Hipolito/starred{/owner}{/repo}",
            "subscriptions_url": "https://api.github.com/users/Mirian-Hipolito/subscriptions",
            "organizations_url": "https://api.github.com/users/Mirian-Hipolito/orgs",
            "repos_url": "https://api.github.com/users/Mirian-Hipolito/repos",
            "events_url": "https://api.github.com/users/Mirian-Hipolito/events{/privacy}",
            "received_events_url": "https://api.github.com/users/Mirian-Hipolito/received_events",
            "type": "User",
            "user_view_type": "public",
            "site_admin": false
        },
        "reactions": {
            "url": "https://api.github.com/repos/microsoft/msrflute/issues/10/reactions",
            "total_count": 0,
            "+1": 0,
            "-1": 0,
            "laugh": 0,
            "hooray": 0,
            "confused": 0,
            "heart": 0,
            "rocket": 0,
            "eyes": 0
        },
        "timeline_url": "https://api.github.com/repos/microsoft/msrflute/issues/10/timeline",
        "performed_via_github_app": null,
        "state_reason": "completed"
    },
    {
        "url": "https://api.github.com/repos/microsoft/msrflute/issues/9",
        "repository_url": "https://api.github.com/repos/microsoft/msrflute",
        "labels_url": "https://api.github.com/repos/microsoft/msrflute/issues/9/labels{/name}",
        "comments_url": "https://api.github.com/repos/microsoft/msrflute/issues/9/comments",
        "events_url": "https://api.github.com/repos/microsoft/msrflute/issues/9/events",
        "html_url": "https://github.com/microsoft/msrflute/issues/9",
        "id": 1275854454,
        "node_id": "I_kwDOGZR4O85MC_52",
        "number": 9,
        "title": "The git submodule of Privacy Accounting didnt work",
        "user": {
            "login": "Phoenix9032",
            "id": 30574946,
            "node_id": "MDQ6VXNlcjMwNTc0OTQ2",
            "avatar_url": "https://avatars.githubusercontent.com/u/30574946?v=4",
            "gravatar_id": "",
            "url": "https://api.github.com/users/Phoenix9032",
            "html_url": "https://github.com/Phoenix9032",
            "followers_url": "https://api.github.com/users/Phoenix9032/followers",
            "following_url": "https://api.github.com/users/Phoenix9032/following{/other_user}",
            "gists_url": "https://api.github.com/users/Phoenix9032/gists{/gist_id}",
            "starred_url": "https://api.github.com/users/Phoenix9032/starred{/owner}{/repo}",
            "subscriptions_url": "https://api.github.com/users/Phoenix9032/subscriptions",
            "organizations_url": "https://api.github.com/users/Phoenix9032/orgs",
            "repos_url": "https://api.github.com/users/Phoenix9032/repos",
            "events_url": "https://api.github.com/users/Phoenix9032/events{/privacy}",
            "received_events_url": "https://api.github.com/users/Phoenix9032/received_events",
            "type": "User",
            "user_view_type": "public",
            "site_admin": false
        },
        "labels": [],
        "state": "closed",
        "locked": false,
        "assignee": null,
        "assignees": [],
        "milestone": null,
        "comments": 1,
        "created_at": "2022-06-18T18:27:55Z",
        "updated_at": "2022-08-15T18:33:21Z",
        "closed_at": "2022-08-15T18:33:21Z",
        "author_association": "NONE",
        "type": null,
        "active_lock_reason": null,
        "sub_issues_summary": {
            "total": 0,
            "completed": 0,
            "percent_completed": 0
        },
        "body": "$ git submodule update --init --recursive\r\nI could not get this to work at all . Finally  I had to go through commit logs to find out the prv_accountant repository\r\nhttps://github.com/microsoft/prv_accountant \r\n\r\nI cloned it , set the path variable for prv_accountant module after setup.py and it worked .",
        "closed_by": {
            "login": "Mirian-Hipolito",
            "id": 94491775,
            "node_id": "U_kgDOBaHUfw",
            "avatar_url": "https://avatars.githubusercontent.com/u/94491775?v=4",
            "gravatar_id": "",
            "url": "https://api.github.com/users/Mirian-Hipolito",
            "html_url": "https://github.com/Mirian-Hipolito",
            "followers_url": "https://api.github.com/users/Mirian-Hipolito/followers",
            "following_url": "https://api.github.com/users/Mirian-Hipolito/following{/other_user}",
            "gists_url": "https://api.github.com/users/Mirian-Hipolito/gists{/gist_id}",
            "starred_url": "https://api.github.com/users/Mirian-Hipolito/starred{/owner}{/repo}",
            "subscriptions_url": "https://api.github.com/users/Mirian-Hipolito/subscriptions",
            "organizations_url": "https://api.github.com/users/Mirian-Hipolito/orgs",
            "repos_url": "https://api.github.com/users/Mirian-Hipolito/repos",
            "events_url": "https://api.github.com/users/Mirian-Hipolito/events{/privacy}",
            "received_events_url": "https://api.github.com/users/Mirian-Hipolito/received_events",
            "type": "User",
            "user_view_type": "public",
            "site_admin": false
        },
        "reactions": {
            "url": "https://api.github.com/repos/microsoft/msrflute/issues/9/reactions",
            "total_count": 0,
            "+1": 0,
            "-1": 0,
            "laugh": 0,
            "hooray": 0,
            "confused": 0,
            "heart": 0,
            "rocket": 0,
            "eyes": 0
        },
        "timeline_url": "https://api.github.com/repos/microsoft/msrflute/issues/9/timeline",
        "performed_via_github_app": null,
        "state_reason": "completed"
    },
    {
        "url": "https://api.github.com/repos/microsoft/msrflute/issues/8",
        "repository_url": "https://api.github.com/repos/microsoft/msrflute",
        "labels_url": "https://api.github.com/repos/microsoft/msrflute/issues/8/labels{/name}",
        "comments_url": "https://api.github.com/repos/microsoft/msrflute/issues/8/comments",
        "events_url": "https://api.github.com/repos/microsoft/msrflute/issues/8/events",
        "html_url": "https://github.com/microsoft/msrflute/issues/8",
        "id": 1259777811,
        "node_id": "I_kwDOGZR4O85LFq8T",
        "number": 8,
        "title": "Request fo Xbox client",
        "user": {
            "login": "citron",
            "id": 161367,
            "node_id": "MDQ6VXNlcjE2MTM2Nw==",
            "avatar_url": "https://avatars.githubusercontent.com/u/161367?v=4",
            "gravatar_id": "",
            "url": "https://api.github.com/users/citron",
            "html_url": "https://github.com/citron",
            "followers_url": "https://api.github.com/users/citron/followers",
            "following_url": "https://api.github.com/users/citron/following{/other_user}",
            "gists_url": "https://api.github.com/users/citron/gists{/gist_id}",
            "starred_url": "https://api.github.com/users/citron/starred{/owner}{/repo}",
            "subscriptions_url": "https://api.github.com/users/citron/subscriptions",
            "organizations_url": "https://api.github.com/users/citron/orgs",
            "repos_url": "https://api.github.com/users/citron/repos",
            "events_url": "https://api.github.com/users/citron/events{/privacy}",
            "received_events_url": "https://api.github.com/users/citron/received_events",
            "type": "User",
            "user_view_type": "public",
            "site_admin": false
        },
        "labels": [],
        "state": "closed",
        "locked": false,
        "assignee": null,
        "assignees": [],
        "milestone": null,
        "comments": 1,
        "created_at": "2022-06-03T11:07:59Z",
        "updated_at": "2022-08-05T18:14:21Z",
        "closed_at": "2022-08-05T18:14:21Z",
        "author_association": "NONE",
        "type": null,
        "active_lock_reason": null,
        "sub_issues_summary": {
            "total": 0,
            "completed": 0,
            "percent_completed": 0
        },
        "body": "Hello\r\nThis is a suggestion, not a bug report. \r\nMay we expect to see an Xbox client ?\r\nI am ready to help.",
        "closed_by": {
            "login": "Mirian-Hipolito",
            "id": 94491775,
            "node_id": "U_kgDOBaHUfw",
            "avatar_url": "https://avatars.githubusercontent.com/u/94491775?v=4",
            "gravatar_id": "",
            "url": "https://api.github.com/users/Mirian-Hipolito",
            "html_url": "https://github.com/Mirian-Hipolito",
            "followers_url": "https://api.github.com/users/Mirian-Hipolito/followers",
            "following_url": "https://api.github.com/users/Mirian-Hipolito/following{/other_user}",
            "gists_url": "https://api.github.com/users/Mirian-Hipolito/gists{/gist_id}",
            "starred_url": "https://api.github.com/users/Mirian-Hipolito/starred{/owner}{/repo}",
            "subscriptions_url": "https://api.github.com/users/Mirian-Hipolito/subscriptions",
            "organizations_url": "https://api.github.com/users/Mirian-Hipolito/orgs",
            "repos_url": "https://api.github.com/users/Mirian-Hipolito/repos",
            "events_url": "https://api.github.com/users/Mirian-Hipolito/events{/privacy}",
            "received_events_url": "https://api.github.com/users/Mirian-Hipolito/received_events",
            "type": "User",
            "user_view_type": "public",
            "site_admin": false
        },
        "reactions": {
            "url": "https://api.github.com/repos/microsoft/msrflute/issues/8/reactions",
            "total_count": 0,
            "+1": 0,
            "-1": 0,
            "laugh": 0,
            "hooray": 0,
            "confused": 0,
            "heart": 0,
            "rocket": 0,
            "eyes": 0
        },
        "timeline_url": "https://api.github.com/repos/microsoft/msrflute/issues/8/timeline",
        "performed_via_github_app": null,
        "state_reason": "completed"
    },
    {
        "url": "https://api.github.com/repos/microsoft/msrflute/issues/3",
        "repository_url": "https://api.github.com/repos/microsoft/msrflute",
        "labels_url": "https://api.github.com/repos/microsoft/msrflute/issues/3/labels{/name}",
        "comments_url": "https://api.github.com/repos/microsoft/msrflute/issues/3/comments",
        "events_url": "https://api.github.com/repos/microsoft/msrflute/issues/3/events",
        "html_url": "https://github.com/microsoft/msrflute/issues/3",
        "id": 1110063889,
        "node_id": "I_kwDOGZR4O85CKjsR",
        "number": 3,
        "title": "profiling error",
        "user": {
            "login": "simra",
            "id": 2946735,
            "node_id": "MDQ6VXNlcjI5NDY3MzU=",
            "avatar_url": "https://avatars.githubusercontent.com/u/2946735?v=4",
            "gravatar_id": "",
            "url": "https://api.github.com/users/simra",
            "html_url": "https://github.com/simra",
            "followers_url": "https://api.github.com/users/simra/followers",
            "following_url": "https://api.github.com/users/simra/following{/other_user}",
            "gists_url": "https://api.github.com/users/simra/gists{/gist_id}",
            "starred_url": "https://api.github.com/users/simra/starred{/owner}{/repo}",
            "subscriptions_url": "https://api.github.com/users/simra/subscriptions",
            "organizations_url": "https://api.github.com/users/simra/orgs",
            "repos_url": "https://api.github.com/users/simra/repos",
            "events_url": "https://api.github.com/users/simra/events{/privacy}",
            "received_events_url": "https://api.github.com/users/simra/received_events",
            "type": "User",
            "user_view_type": "public",
            "site_admin": false
        },
        "labels": [
            {
                "id": 3559186718,
                "node_id": "LA_kwDOGZR4O87UJOEe",
                "url": "https://api.github.com/repos/microsoft/msrflute/labels/bug",
                "name": "bug",
                "color": "d73a4a",
                "default": true,
                "description": "Something isn't working"
            }
        ],
        "state": "closed",
        "locked": false,
        "assignee": null,
        "assignees": [],
        "milestone": null,
        "comments": 1,
        "created_at": "2022-01-21T05:10:16Z",
        "updated_at": "2022-06-17T21:52:35Z",
        "closed_at": "2022-06-17T21:52:34Z",
        "author_association": "CONTRIBUTOR",
        "type": null,
        "active_lock_reason": null,
        "sub_issues_summary": {
            "total": 0,
            "completed": 0,
            "percent_completed": 0
        },
        "body": "When profiling is enabled, server.py references self.run_metrics, which should be self.run_stats",
        "closed_by": {
            "login": "simra",
            "id": 2946735,
            "node_id": "MDQ6VXNlcjI5NDY3MzU=",
            "avatar_url": "https://avatars.githubusercontent.com/u/2946735?v=4",
            "gravatar_id": "",
            "url": "https://api.github.com/users/simra",
            "html_url": "https://github.com/simra",
            "followers_url": "https://api.github.com/users/simra/followers",
            "following_url": "https://api.github.com/users/simra/following{/other_user}",
            "gists_url": "https://api.github.com/users/simra/gists{/gist_id}",
            "starred_url": "https://api.github.com/users/simra/starred{/owner}{/repo}",
            "subscriptions_url": "https://api.github.com/users/simra/subscriptions",
            "organizations_url": "https://api.github.com/users/simra/orgs",
            "repos_url": "https://api.github.com/users/simra/repos",
            "events_url": "https://api.github.com/users/simra/events{/privacy}",
            "received_events_url": "https://api.github.com/users/simra/received_events",
            "type": "User",
            "user_view_type": "public",
            "site_admin": false
        },
        "reactions": {
            "url": "https://api.github.com/repos/microsoft/msrflute/issues/3/reactions",
            "total_count": 0,
            "+1": 0,
            "-1": 0,
            "laugh": 0,
            "hooray": 0,
            "confused": 0,
            "heart": 0,
            "rocket": 0,
            "eyes": 0
        },
        "timeline_url": "https://api.github.com/repos/microsoft/msrflute/issues/3/timeline",
        "performed_via_github_app": null,
        "state_reason": "completed"
    }
]