[
    {
        "url": "https://api.github.com/repos/MLOPTPSU/FedTorch/issues/19",
        "repository_url": "https://api.github.com/repos/MLOPTPSU/FedTorch",
        "labels_url": "https://api.github.com/repos/MLOPTPSU/FedTorch/issues/19/labels{/name}",
        "comments_url": "https://api.github.com/repos/MLOPTPSU/FedTorch/issues/19/comments",
        "events_url": "https://api.github.com/repos/MLOPTPSU/FedTorch/issues/19/events",
        "html_url": "https://github.com/MLOPTPSU/FedTorch/issues/19",
        "id": 2217150367,
        "node_id": "I_kwDOEkNMy86EJwef",
        "number": 19,
        "title": "Obsolete reference, or missing else statement in AFL centered",
        "user": {
            "login": "logjay",
            "id": 104779250,
            "node_id": "U_kgDOBj7N8g",
            "avatar_url": "https://avatars.githubusercontent.com/u/104779250?v=4",
            "gravatar_id": "",
            "url": "https://api.github.com/users/logjay",
            "html_url": "https://github.com/logjay",
            "followers_url": "https://api.github.com/users/logjay/followers",
            "following_url": "https://api.github.com/users/logjay/following{/other_user}",
            "gists_url": "https://api.github.com/users/logjay/gists{/gist_id}",
            "starred_url": "https://api.github.com/users/logjay/starred{/owner}{/repo}",
            "subscriptions_url": "https://api.github.com/users/logjay/subscriptions",
            "organizations_url": "https://api.github.com/users/logjay/orgs",
            "repos_url": "https://api.github.com/users/logjay/repos",
            "events_url": "https://api.github.com/users/logjay/events{/privacy}",
            "received_events_url": "https://api.github.com/users/logjay/received_events",
            "type": "User",
            "user_view_type": "public",
            "site_admin": false
        },
        "labels": [],
        "state": "open",
        "locked": false,
        "assignee": null,
        "assignees": [],
        "milestone": null,
        "comments": 0,
        "created_at": "2024-03-31T19:21:50Z",
        "updated_at": "2024-03-31T19:21:50Z",
        "closed_at": null,
        "author_association": "NONE",
        "type": null,
        "active_lock_reason": null,
        "sub_issues_summary": {
            "total": 0,
            "completed": 0,
            "percent_completed": 0
        },
        "body": "https://github.com/MLOPTPSU/FedTorch/blob/ab8068dbc96804a5c1a8b898fd115175cfebfe75/fedtorch/comms/trainings/federated/centered/afl.py#L142",
        "closed_by": null,
        "reactions": {
            "url": "https://api.github.com/repos/MLOPTPSU/FedTorch/issues/19/reactions",
            "total_count": 0,
            "+1": 0,
            "-1": 0,
            "laugh": 0,
            "hooray": 0,
            "confused": 0,
            "heart": 0,
            "rocket": 0,
            "eyes": 0
        },
        "timeline_url": "https://api.github.com/repos/MLOPTPSU/FedTorch/issues/19/timeline",
        "performed_via_github_app": null,
        "state_reason": null
    },
    {
        "url": "https://api.github.com/repos/MLOPTPSU/FedTorch/issues/17",
        "repository_url": "https://api.github.com/repos/MLOPTPSU/FedTorch",
        "labels_url": "https://api.github.com/repos/MLOPTPSU/FedTorch/issues/17/labels{/name}",
        "comments_url": "https://api.github.com/repos/MLOPTPSU/FedTorch/issues/17/comments",
        "events_url": "https://api.github.com/repos/MLOPTPSU/FedTorch/issues/17/events",
        "html_url": "https://github.com/MLOPTPSU/FedTorch/issues/17",
        "id": 2069010378,
        "node_id": "I_kwDOEkNMy857UpfK",
        "number": 17,
        "title": "parameters for the experiments in the APFL paper.",
        "user": {
            "login": "xiaofeng45",
            "id": 92578974,
            "node_id": "U_kgDOBYSkng",
            "avatar_url": "https://avatars.githubusercontent.com/u/92578974?v=4",
            "gravatar_id": "",
            "url": "https://api.github.com/users/xiaofeng45",
            "html_url": "https://github.com/xiaofeng45",
            "followers_url": "https://api.github.com/users/xiaofeng45/followers",
            "following_url": "https://api.github.com/users/xiaofeng45/following{/other_user}",
            "gists_url": "https://api.github.com/users/xiaofeng45/gists{/gist_id}",
            "starred_url": "https://api.github.com/users/xiaofeng45/starred{/owner}{/repo}",
            "subscriptions_url": "https://api.github.com/users/xiaofeng45/subscriptions",
            "organizations_url": "https://api.github.com/users/xiaofeng45/orgs",
            "repos_url": "https://api.github.com/users/xiaofeng45/repos",
            "events_url": "https://api.github.com/users/xiaofeng45/events{/privacy}",
            "received_events_url": "https://api.github.com/users/xiaofeng45/received_events",
            "type": "User",
            "user_view_type": "public",
            "site_admin": false
        },
        "labels": [],
        "state": "open",
        "locked": false,
        "assignee": null,
        "assignees": [],
        "milestone": null,
        "comments": 0,
        "created_at": "2024-01-07T06:31:01Z",
        "updated_at": "2024-01-07T06:31:01Z",
        "closed_at": null,
        "author_association": "NONE",
        "type": null,
        "active_lock_reason": null,
        "sub_issues_summary": {
            "total": 0,
            "completed": 0,
            "percent_completed": 0
        },
        "body": "Would Please tell me how to run and set the parameters for the experiments in the APFL paper.",
        "closed_by": null,
        "reactions": {
            "url": "https://api.github.com/repos/MLOPTPSU/FedTorch/issues/17/reactions",
            "total_count": 0,
            "+1": 0,
            "-1": 0,
            "laugh": 0,
            "hooray": 0,
            "confused": 0,
            "heart": 0,
            "rocket": 0,
            "eyes": 0
        },
        "timeline_url": "https://api.github.com/repos/MLOPTPSU/FedTorch/issues/17/timeline",
        "performed_via_github_app": null,
        "state_reason": null
    },
    {
        "url": "https://api.github.com/repos/MLOPTPSU/FedTorch/issues/16",
        "repository_url": "https://api.github.com/repos/MLOPTPSU/FedTorch",
        "labels_url": "https://api.github.com/repos/MLOPTPSU/FedTorch/issues/16/labels{/name}",
        "comments_url": "https://api.github.com/repos/MLOPTPSU/FedTorch/issues/16/comments",
        "events_url": "https://api.github.com/repos/MLOPTPSU/FedTorch/issues/16/events",
        "html_url": "https://github.com/MLOPTPSU/FedTorch/issues/16",
        "id": 1656008654,
        "node_id": "I_kwDOEkNMy85itK_O",
        "number": 16,
        "title": "About mix of the outputs in APFL",
        "user": {
            "login": "Emiem2017",
            "id": 31511814,
            "node_id": "MDQ6VXNlcjMxNTExODE0",
            "avatar_url": "https://avatars.githubusercontent.com/u/31511814?v=4",
            "gravatar_id": "",
            "url": "https://api.github.com/users/Emiem2017",
            "html_url": "https://github.com/Emiem2017",
            "followers_url": "https://api.github.com/users/Emiem2017/followers",
            "following_url": "https://api.github.com/users/Emiem2017/following{/other_user}",
            "gists_url": "https://api.github.com/users/Emiem2017/gists{/gist_id}",
            "starred_url": "https://api.github.com/users/Emiem2017/starred{/owner}{/repo}",
            "subscriptions_url": "https://api.github.com/users/Emiem2017/subscriptions",
            "organizations_url": "https://api.github.com/users/Emiem2017/orgs",
            "repos_url": "https://api.github.com/users/Emiem2017/repos",
            "events_url": "https://api.github.com/users/Emiem2017/events{/privacy}",
            "received_events_url": "https://api.github.com/users/Emiem2017/received_events",
            "type": "User",
            "user_view_type": "public",
            "site_admin": false
        },
        "labels": [],
        "state": "open",
        "locked": false,
        "assignee": null,
        "assignees": [],
        "milestone": null,
        "comments": 0,
        "created_at": "2023-04-05T17:17:08Z",
        "updated_at": "2023-04-05T17:17:08Z",
        "closed_at": null,
        "author_association": "NONE",
        "type": null,
        "active_lock_reason": null,
        "sub_issues_summary": {
            "total": 0,
            "completed": 0,
            "percent_completed": 0
        },
        "body": "![image](https://user-images.githubusercontent.com/31511814/230155071-ee3cc5ba-e637-46fd-99cc-08ef1ed252c9.png)\r\nIt is mix of outputs in the code rather than mix of models in the paper.\r\nWhy is it?",
        "closed_by": null,
        "reactions": {
            "url": "https://api.github.com/repos/MLOPTPSU/FedTorch/issues/16/reactions",
            "total_count": 0,
            "+1": 0,
            "-1": 0,
            "laugh": 0,
            "hooray": 0,
            "confused": 0,
            "heart": 0,
            "rocket": 0,
            "eyes": 0
        },
        "timeline_url": "https://api.github.com/repos/MLOPTPSU/FedTorch/issues/16/timeline",
        "performed_via_github_app": null,
        "state_reason": null
    },
    {
        "url": "https://api.github.com/repos/MLOPTPSU/FedTorch/issues/15",
        "repository_url": "https://api.github.com/repos/MLOPTPSU/FedTorch",
        "labels_url": "https://api.github.com/repos/MLOPTPSU/FedTorch/issues/15/labels{/name}",
        "comments_url": "https://api.github.com/repos/MLOPTPSU/FedTorch/issues/15/comments",
        "events_url": "https://api.github.com/repos/MLOPTPSU/FedTorch/issues/15/events",
        "html_url": "https://github.com/MLOPTPSU/FedTorch/issues/15",
        "id": 1649380850,
        "node_id": "I_kwDOEkNMy85iT43y",
        "number": 15,
        "title": "About alpha_update in fedtorch/comms/utils/flow_utils.py",
        "user": {
            "login": "Emiem2017",
            "id": 31511814,
            "node_id": "MDQ6VXNlcjMxNTExODE0",
            "avatar_url": "https://avatars.githubusercontent.com/u/31511814?v=4",
            "gravatar_id": "",
            "url": "https://api.github.com/users/Emiem2017",
            "html_url": "https://github.com/Emiem2017",
            "followers_url": "https://api.github.com/users/Emiem2017/followers",
            "following_url": "https://api.github.com/users/Emiem2017/following{/other_user}",
            "gists_url": "https://api.github.com/users/Emiem2017/gists{/gist_id}",
            "starred_url": "https://api.github.com/users/Emiem2017/starred{/owner}{/repo}",
            "subscriptions_url": "https://api.github.com/users/Emiem2017/subscriptions",
            "organizations_url": "https://api.github.com/users/Emiem2017/orgs",
            "repos_url": "https://api.github.com/users/Emiem2017/repos",
            "events_url": "https://api.github.com/users/Emiem2017/events{/privacy}",
            "received_events_url": "https://api.github.com/users/Emiem2017/received_events",
            "type": "User",
            "user_view_type": "public",
            "site_admin": false
        },
        "labels": [],
        "state": "closed",
        "locked": false,
        "assignee": null,
        "assignees": [],
        "milestone": null,
        "comments": 2,
        "created_at": "2023-03-31T13:43:08Z",
        "updated_at": "2023-04-05T17:14:42Z",
        "closed_at": "2023-04-05T17:14:42Z",
        "author_association": "NONE",
        "type": null,
        "active_lock_reason": null,
        "sub_issues_summary": {
            "total": 0,
            "completed": 0,
            "percent_completed": 0
        },
        "body": "![image](https://user-images.githubusercontent.com/31511814/229136365-60c80f54-4edf-43b7-b8f0-b4ea5cc655fe.png)\r\nI found the code in github has something else compared with paper. Like the code in red box, where does the 0.02 come from?\r\nThe formula \uff0810\uff09does not mentioned that item.\r\n![image](https://user-images.githubusercontent.com/31511814/229136447-ef4e09ae-848e-4898-88e5-e6a98b2a6c59.png)\r\n",
        "closed_by": {
            "login": "mmkamani7",
            "id": 24576223,
            "node_id": "MDQ6VXNlcjI0NTc2MjIz",
            "avatar_url": "https://avatars.githubusercontent.com/u/24576223?v=4",
            "gravatar_id": "",
            "url": "https://api.github.com/users/mmkamani7",
            "html_url": "https://github.com/mmkamani7",
            "followers_url": "https://api.github.com/users/mmkamani7/followers",
            "following_url": "https://api.github.com/users/mmkamani7/following{/other_user}",
            "gists_url": "https://api.github.com/users/mmkamani7/gists{/gist_id}",
            "starred_url": "https://api.github.com/users/mmkamani7/starred{/owner}{/repo}",
            "subscriptions_url": "https://api.github.com/users/mmkamani7/subscriptions",
            "organizations_url": "https://api.github.com/users/mmkamani7/orgs",
            "repos_url": "https://api.github.com/users/mmkamani7/repos",
            "events_url": "https://api.github.com/users/mmkamani7/events{/privacy}",
            "received_events_url": "https://api.github.com/users/mmkamani7/received_events",
            "type": "User",
            "user_view_type": "public",
            "site_admin": false
        },
        "reactions": {
            "url": "https://api.github.com/repos/MLOPTPSU/FedTorch/issues/15/reactions",
            "total_count": 0,
            "+1": 0,
            "-1": 0,
            "laugh": 0,
            "hooray": 0,
            "confused": 0,
            "heart": 0,
            "rocket": 0,
            "eyes": 0
        },
        "timeline_url": "https://api.github.com/repos/MLOPTPSU/FedTorch/issues/15/timeline",
        "performed_via_github_app": null,
        "state_reason": "completed"
    },
    {
        "url": "https://api.github.com/repos/MLOPTPSU/FedTorch/issues/14",
        "repository_url": "https://api.github.com/repos/MLOPTPSU/FedTorch",
        "labels_url": "https://api.github.com/repos/MLOPTPSU/FedTorch/issues/14/labels{/name}",
        "comments_url": "https://api.github.com/repos/MLOPTPSU/FedTorch/issues/14/comments",
        "events_url": "https://api.github.com/repos/MLOPTPSU/FedTorch/issues/14/events",
        "html_url": "https://github.com/MLOPTPSU/FedTorch/issues/14",
        "id": 1319898951,
        "node_id": "I_kwDOEkNMy85OrA9H",
        "number": 14,
        "title": "setup problem in docker",
        "user": {
            "login": "b856741",
            "id": 22851308,
            "node_id": "MDQ6VXNlcjIyODUxMzA4",
            "avatar_url": "https://avatars.githubusercontent.com/u/22851308?v=4",
            "gravatar_id": "",
            "url": "https://api.github.com/users/b856741",
            "html_url": "https://github.com/b856741",
            "followers_url": "https://api.github.com/users/b856741/followers",
            "following_url": "https://api.github.com/users/b856741/following{/other_user}",
            "gists_url": "https://api.github.com/users/b856741/gists{/gist_id}",
            "starred_url": "https://api.github.com/users/b856741/starred{/owner}{/repo}",
            "subscriptions_url": "https://api.github.com/users/b856741/subscriptions",
            "organizations_url": "https://api.github.com/users/b856741/orgs",
            "repos_url": "https://api.github.com/users/b856741/repos",
            "events_url": "https://api.github.com/users/b856741/events{/privacy}",
            "received_events_url": "https://api.github.com/users/b856741/received_events",
            "type": "User",
            "user_view_type": "public",
            "site_admin": false
        },
        "labels": [],
        "state": "open",
        "locked": false,
        "assignee": null,
        "assignees": [],
        "milestone": null,
        "comments": 0,
        "created_at": "2022-07-27T17:57:34Z",
        "updated_at": "2022-07-27T17:57:34Z",
        "closed_at": null,
        "author_association": "NONE",
        "type": null,
        "active_lock_reason": null,
        "sub_issues_summary": {
            "total": 0,
            "completed": 0,
            "percent_completed": 0
        },
        "body": "Hello,when I ran `docker pull docker.pkg.github.com/mloptpsu/fedtorch/fedtorch:cuda10.2-mpi` in my docker,there's a problem \r\n![err](https://user-images.githubusercontent.com/22851308/181340369-0adadab1-7f31-4609-bb17-c7e103ef6c61.PNG)\r\ndo you have any ideas to solve it? Thanks.\r\n",
        "closed_by": null,
        "reactions": {
            "url": "https://api.github.com/repos/MLOPTPSU/FedTorch/issues/14/reactions",
            "total_count": 0,
            "+1": 0,
            "-1": 0,
            "laugh": 0,
            "hooray": 0,
            "confused": 0,
            "heart": 0,
            "rocket": 0,
            "eyes": 0
        },
        "timeline_url": "https://api.github.com/repos/MLOPTPSU/FedTorch/issues/14/timeline",
        "performed_via_github_app": null,
        "state_reason": null
    },
    {
        "url": "https://api.github.com/repos/MLOPTPSU/FedTorch/issues/13",
        "repository_url": "https://api.github.com/repos/MLOPTPSU/FedTorch",
        "labels_url": "https://api.github.com/repos/MLOPTPSU/FedTorch/issues/13/labels{/name}",
        "comments_url": "https://api.github.com/repos/MLOPTPSU/FedTorch/issues/13/comments",
        "events_url": "https://api.github.com/repos/MLOPTPSU/FedTorch/issues/13/events",
        "html_url": "https://github.com/MLOPTPSU/FedTorch/issues/13",
        "id": 1309834826,
        "node_id": "I_kwDOEkNMy85OEn5K",
        "number": 13,
        "title": "about setup",
        "user": {
            "login": "b856741",
            "id": 22851308,
            "node_id": "MDQ6VXNlcjIyODUxMzA4",
            "avatar_url": "https://avatars.githubusercontent.com/u/22851308?v=4",
            "gravatar_id": "",
            "url": "https://api.github.com/users/b856741",
            "html_url": "https://github.com/b856741",
            "followers_url": "https://api.github.com/users/b856741/followers",
            "following_url": "https://api.github.com/users/b856741/following{/other_user}",
            "gists_url": "https://api.github.com/users/b856741/gists{/gist_id}",
            "starred_url": "https://api.github.com/users/b856741/starred{/owner}{/repo}",
            "subscriptions_url": "https://api.github.com/users/b856741/subscriptions",
            "organizations_url": "https://api.github.com/users/b856741/orgs",
            "repos_url": "https://api.github.com/users/b856741/repos",
            "events_url": "https://api.github.com/users/b856741/events{/privacy}",
            "received_events_url": "https://api.github.com/users/b856741/received_events",
            "type": "User",
            "user_view_type": "public",
            "site_admin": false
        },
        "labels": [],
        "state": "closed",
        "locked": false,
        "assignee": null,
        "assignees": [],
        "milestone": null,
        "comments": 1,
        "created_at": "2022-07-19T17:27:36Z",
        "updated_at": "2022-07-26T18:49:36Z",
        "closed_at": "2022-07-26T18:49:36Z",
        "author_association": "NONE",
        "type": null,
        "active_lock_reason": null,
        "sub_issues_summary": {
            "total": 0,
            "completed": 0,
            "percent_completed": 0
        },
        "body": "Hi, could I run this code only in anaconda without docker?",
        "closed_by": {
            "login": "mmkamani7",
            "id": 24576223,
            "node_id": "MDQ6VXNlcjI0NTc2MjIz",
            "avatar_url": "https://avatars.githubusercontent.com/u/24576223?v=4",
            "gravatar_id": "",
            "url": "https://api.github.com/users/mmkamani7",
            "html_url": "https://github.com/mmkamani7",
            "followers_url": "https://api.github.com/users/mmkamani7/followers",
            "following_url": "https://api.github.com/users/mmkamani7/following{/other_user}",
            "gists_url": "https://api.github.com/users/mmkamani7/gists{/gist_id}",
            "starred_url": "https://api.github.com/users/mmkamani7/starred{/owner}{/repo}",
            "subscriptions_url": "https://api.github.com/users/mmkamani7/subscriptions",
            "organizations_url": "https://api.github.com/users/mmkamani7/orgs",
            "repos_url": "https://api.github.com/users/mmkamani7/repos",
            "events_url": "https://api.github.com/users/mmkamani7/events{/privacy}",
            "received_events_url": "https://api.github.com/users/mmkamani7/received_events",
            "type": "User",
            "user_view_type": "public",
            "site_admin": false
        },
        "reactions": {
            "url": "https://api.github.com/repos/MLOPTPSU/FedTorch/issues/13/reactions",
            "total_count": 0,
            "+1": 0,
            "-1": 0,
            "laugh": 0,
            "hooray": 0,
            "confused": 0,
            "heart": 0,
            "rocket": 0,
            "eyes": 0
        },
        "timeline_url": "https://api.github.com/repos/MLOPTPSU/FedTorch/issues/13/timeline",
        "performed_via_github_app": null,
        "state_reason": "completed"
    },
    {
        "url": "https://api.github.com/repos/MLOPTPSU/FedTorch/issues/12",
        "repository_url": "https://api.github.com/repos/MLOPTPSU/FedTorch",
        "labels_url": "https://api.github.com/repos/MLOPTPSU/FedTorch/issues/12/labels{/name}",
        "comments_url": "https://api.github.com/repos/MLOPTPSU/FedTorch/issues/12/comments",
        "events_url": "https://api.github.com/repos/MLOPTPSU/FedTorch/issues/12/events",
        "html_url": "https://github.com/MLOPTPSU/FedTorch/issues/12",
        "id": 1206462675,
        "node_id": "I_kwDOEkNMy85H6SjT",
        "number": 12,
        "title": "Question about using another model",
        "user": {
            "login": "laxsas",
            "id": 68959575,
            "node_id": "MDQ6VXNlcjY4OTU5NTc1",
            "avatar_url": "https://avatars.githubusercontent.com/u/68959575?v=4",
            "gravatar_id": "",
            "url": "https://api.github.com/users/laxsas",
            "html_url": "https://github.com/laxsas",
            "followers_url": "https://api.github.com/users/laxsas/followers",
            "following_url": "https://api.github.com/users/laxsas/following{/other_user}",
            "gists_url": "https://api.github.com/users/laxsas/gists{/gist_id}",
            "starred_url": "https://api.github.com/users/laxsas/starred{/owner}{/repo}",
            "subscriptions_url": "https://api.github.com/users/laxsas/subscriptions",
            "organizations_url": "https://api.github.com/users/laxsas/orgs",
            "repos_url": "https://api.github.com/users/laxsas/repos",
            "events_url": "https://api.github.com/users/laxsas/events{/privacy}",
            "received_events_url": "https://api.github.com/users/laxsas/received_events",
            "type": "User",
            "user_view_type": "public",
            "site_admin": false
        },
        "labels": [],
        "state": "closed",
        "locked": false,
        "assignee": null,
        "assignees": [],
        "milestone": null,
        "comments": 2,
        "created_at": "2022-04-17T19:12:01Z",
        "updated_at": "2022-04-26T17:21:12Z",
        "closed_at": "2022-04-26T17:21:12Z",
        "author_association": "NONE",
        "type": null,
        "active_lock_reason": null,
        "sub_issues_summary": {
            "total": 0,
            "completed": 0,
            "percent_completed": 0
        },
        "body": "I want to train resnet model instead of  mlp one. \r\nHow do I specify which model to use?",
        "closed_by": {
            "login": "mmkamani7",
            "id": 24576223,
            "node_id": "MDQ6VXNlcjI0NTc2MjIz",
            "avatar_url": "https://avatars.githubusercontent.com/u/24576223?v=4",
            "gravatar_id": "",
            "url": "https://api.github.com/users/mmkamani7",
            "html_url": "https://github.com/mmkamani7",
            "followers_url": "https://api.github.com/users/mmkamani7/followers",
            "following_url": "https://api.github.com/users/mmkamani7/following{/other_user}",
            "gists_url": "https://api.github.com/users/mmkamani7/gists{/gist_id}",
            "starred_url": "https://api.github.com/users/mmkamani7/starred{/owner}{/repo}",
            "subscriptions_url": "https://api.github.com/users/mmkamani7/subscriptions",
            "organizations_url": "https://api.github.com/users/mmkamani7/orgs",
            "repos_url": "https://api.github.com/users/mmkamani7/repos",
            "events_url": "https://api.github.com/users/mmkamani7/events{/privacy}",
            "received_events_url": "https://api.github.com/users/mmkamani7/received_events",
            "type": "User",
            "user_view_type": "public",
            "site_admin": false
        },
        "reactions": {
            "url": "https://api.github.com/repos/MLOPTPSU/FedTorch/issues/12/reactions",
            "total_count": 0,
            "+1": 0,
            "-1": 0,
            "laugh": 0,
            "hooray": 0,
            "confused": 0,
            "heart": 0,
            "rocket": 0,
            "eyes": 0
        },
        "timeline_url": "https://api.github.com/repos/MLOPTPSU/FedTorch/issues/12/timeline",
        "performed_via_github_app": null,
        "state_reason": "completed"
    },
    {
        "url": "https://api.github.com/repos/MLOPTPSU/FedTorch/issues/11",
        "repository_url": "https://api.github.com/repos/MLOPTPSU/FedTorch",
        "labels_url": "https://api.github.com/repos/MLOPTPSU/FedTorch/issues/11/labels{/name}",
        "comments_url": "https://api.github.com/repos/MLOPTPSU/FedTorch/issues/11/comments",
        "events_url": "https://api.github.com/repos/MLOPTPSU/FedTorch/issues/11/events",
        "html_url": "https://github.com/MLOPTPSU/FedTorch/issues/11",
        "id": 1171085267,
        "node_id": "I_kwDOEkNMy85FzVfT",
        "number": 11,
        "title": "a question about fedprox",
        "user": {
            "login": "liyipeng00",
            "id": 70316218,
            "node_id": "MDQ6VXNlcjcwMzE2MjE4",
            "avatar_url": "https://avatars.githubusercontent.com/u/70316218?v=4",
            "gravatar_id": "",
            "url": "https://api.github.com/users/liyipeng00",
            "html_url": "https://github.com/liyipeng00",
            "followers_url": "https://api.github.com/users/liyipeng00/followers",
            "following_url": "https://api.github.com/users/liyipeng00/following{/other_user}",
            "gists_url": "https://api.github.com/users/liyipeng00/gists{/gist_id}",
            "starred_url": "https://api.github.com/users/liyipeng00/starred{/owner}{/repo}",
            "subscriptions_url": "https://api.github.com/users/liyipeng00/subscriptions",
            "organizations_url": "https://api.github.com/users/liyipeng00/orgs",
            "repos_url": "https://api.github.com/users/liyipeng00/repos",
            "events_url": "https://api.github.com/users/liyipeng00/events{/privacy}",
            "received_events_url": "https://api.github.com/users/liyipeng00/received_events",
            "type": "User",
            "user_view_type": "public",
            "site_admin": false
        },
        "labels": [],
        "state": "closed",
        "locked": false,
        "assignee": null,
        "assignees": [],
        "milestone": null,
        "comments": 2,
        "created_at": "2022-03-16T14:15:25Z",
        "updated_at": "2022-07-26T18:49:51Z",
        "closed_at": "2022-07-26T18:49:51Z",
        "author_association": "NONE",
        "type": null,
        "active_lock_reason": null,
        "sub_issues_summary": {
            "total": 0,
            "completed": 0,
            "percent_completed": 0
        },
        "body": "in this page \"https://github.com/MLOPTPSU/FedTorch/blob/main/fedtorch/comms/trainings/federated/main.py\".\r\nline 123 -> 129, code is below.\r\n```\r\nelif client.args.federated_type == 'fedprox':\r\n    # Adding proximal gradients and loss for fedprox\r\n    for client_param, server_param in zip(client.model.parameters(), client.model_server.parameters()):\r\n        if client.args.graph.rank == 0:\r\n            print(\"distance norm for prox is:{}\".format(torch.norm(client_param.data - server_param.data )))\r\n        loss += client.args.fedprox_mu /2 * torch.norm(client_param.data - server_param.data)\r\n        client_param.grad.data += client.args.fedprox_mu * (client_param.data - server_param.data)\r\n```\r\n`client.args.fedprox_mu /2 * torch.norm(client_param.data - server_param.data)` may mean `$\\frac{\\mu}{2} \\left\\|w-w_t\\right\\|$`.\r\nBut, `$\\frac{\\mu}{2} \\left\\|w-w_t\\right\\|^2$` is used in fedprox. \r\n\r\nI'm not sure what I said above is true. Thank you very much for your kind consideration.  \r\n",
        "closed_by": {
            "login": "mmkamani7",
            "id": 24576223,
            "node_id": "MDQ6VXNlcjI0NTc2MjIz",
            "avatar_url": "https://avatars.githubusercontent.com/u/24576223?v=4",
            "gravatar_id": "",
            "url": "https://api.github.com/users/mmkamani7",
            "html_url": "https://github.com/mmkamani7",
            "followers_url": "https://api.github.com/users/mmkamani7/followers",
            "following_url": "https://api.github.com/users/mmkamani7/following{/other_user}",
            "gists_url": "https://api.github.com/users/mmkamani7/gists{/gist_id}",
            "starred_url": "https://api.github.com/users/mmkamani7/starred{/owner}{/repo}",
            "subscriptions_url": "https://api.github.com/users/mmkamani7/subscriptions",
            "organizations_url": "https://api.github.com/users/mmkamani7/orgs",
            "repos_url": "https://api.github.com/users/mmkamani7/repos",
            "events_url": "https://api.github.com/users/mmkamani7/events{/privacy}",
            "received_events_url": "https://api.github.com/users/mmkamani7/received_events",
            "type": "User",
            "user_view_type": "public",
            "site_admin": false
        },
        "reactions": {
            "url": "https://api.github.com/repos/MLOPTPSU/FedTorch/issues/11/reactions",
            "total_count": 0,
            "+1": 0,
            "-1": 0,
            "laugh": 0,
            "hooray": 0,
            "confused": 0,
            "heart": 0,
            "rocket": 0,
            "eyes": 0
        },
        "timeline_url": "https://api.github.com/repos/MLOPTPSU/FedTorch/issues/11/timeline",
        "performed_via_github_app": null,
        "state_reason": "completed"
    },
    {
        "url": "https://api.github.com/repos/MLOPTPSU/FedTorch/issues/10",
        "repository_url": "https://api.github.com/repos/MLOPTPSU/FedTorch",
        "labels_url": "https://api.github.com/repos/MLOPTPSU/FedTorch/issues/10/labels{/name}",
        "comments_url": "https://api.github.com/repos/MLOPTPSU/FedTorch/issues/10/comments",
        "events_url": "https://api.github.com/repos/MLOPTPSU/FedTorch/issues/10/events",
        "html_url": "https://github.com/MLOPTPSU/FedTorch/issues/10",
        "id": 1072891941,
        "node_id": "I_kwDOEkNMy84_8wgl",
        "number": 10,
        "title": "A question about drawing the plots",
        "user": {
            "login": "Zhg9300",
            "id": 90047908,
            "node_id": "MDQ6VXNlcjkwMDQ3OTA4",
            "avatar_url": "https://avatars.githubusercontent.com/u/90047908?v=4",
            "gravatar_id": "",
            "url": "https://api.github.com/users/Zhg9300",
            "html_url": "https://github.com/Zhg9300",
            "followers_url": "https://api.github.com/users/Zhg9300/followers",
            "following_url": "https://api.github.com/users/Zhg9300/following{/other_user}",
            "gists_url": "https://api.github.com/users/Zhg9300/gists{/gist_id}",
            "starred_url": "https://api.github.com/users/Zhg9300/starred{/owner}{/repo}",
            "subscriptions_url": "https://api.github.com/users/Zhg9300/subscriptions",
            "organizations_url": "https://api.github.com/users/Zhg9300/orgs",
            "repos_url": "https://api.github.com/users/Zhg9300/repos",
            "events_url": "https://api.github.com/users/Zhg9300/events{/privacy}",
            "received_events_url": "https://api.github.com/users/Zhg9300/received_events",
            "type": "User",
            "user_view_type": "public",
            "site_admin": false
        },
        "labels": [],
        "state": "open",
        "locked": false,
        "assignee": null,
        "assignees": [],
        "milestone": null,
        "comments": 2,
        "created_at": "2021-12-07T04:11:33Z",
        "updated_at": "2021-12-23T08:38:28Z",
        "closed_at": null,
        "author_association": "NONE",
        "type": null,
        "active_lock_reason": null,
        "sub_issues_summary": {
            "total": 0,
            "completed": 0,
            "percent_completed": 0
        },
        "body": "Hi,\r\nRecently I've read your paper \"Distributionally Robust Federated Averaging\" carefully and I'm trying to reproduce the experiments in it.\r\nHowever, I don't know how to get the plots from the codes, I think modifying main.py and run_mpi.py would help but it seems really complicated. Could you please give me some instructions? \r\nThanks!",
        "closed_by": null,
        "reactions": {
            "url": "https://api.github.com/repos/MLOPTPSU/FedTorch/issues/10/reactions",
            "total_count": 0,
            "+1": 0,
            "-1": 0,
            "laugh": 0,
            "hooray": 0,
            "confused": 0,
            "heart": 0,
            "rocket": 0,
            "eyes": 0
        },
        "timeline_url": "https://api.github.com/repos/MLOPTPSU/FedTorch/issues/10/timeline",
        "performed_via_github_app": null,
        "state_reason": null
    },
    {
        "url": "https://api.github.com/repos/MLOPTPSU/FedTorch/issues/9",
        "repository_url": "https://api.github.com/repos/MLOPTPSU/FedTorch",
        "labels_url": "https://api.github.com/repos/MLOPTPSU/FedTorch/issues/9/labels{/name}",
        "comments_url": "https://api.github.com/repos/MLOPTPSU/FedTorch/issues/9/comments",
        "events_url": "https://api.github.com/repos/MLOPTPSU/FedTorch/issues/9/events",
        "html_url": "https://github.com/MLOPTPSU/FedTorch/issues/9",
        "id": 1058560141,
        "node_id": "I_kwDOEkNMy84_GFiN",
        "number": 9,
        "title": "Image fail to pull?",
        "user": {
            "login": "qiu-wanyong",
            "id": 25096582,
            "node_id": "MDQ6VXNlcjI1MDk2NTgy",
            "avatar_url": "https://avatars.githubusercontent.com/u/25096582?v=4",
            "gravatar_id": "",
            "url": "https://api.github.com/users/qiu-wanyong",
            "html_url": "https://github.com/qiu-wanyong",
            "followers_url": "https://api.github.com/users/qiu-wanyong/followers",
            "following_url": "https://api.github.com/users/qiu-wanyong/following{/other_user}",
            "gists_url": "https://api.github.com/users/qiu-wanyong/gists{/gist_id}",
            "starred_url": "https://api.github.com/users/qiu-wanyong/starred{/owner}{/repo}",
            "subscriptions_url": "https://api.github.com/users/qiu-wanyong/subscriptions",
            "organizations_url": "https://api.github.com/users/qiu-wanyong/orgs",
            "repos_url": "https://api.github.com/users/qiu-wanyong/repos",
            "events_url": "https://api.github.com/users/qiu-wanyong/events{/privacy}",
            "received_events_url": "https://api.github.com/users/qiu-wanyong/received_events",
            "type": "User",
            "user_view_type": "public",
            "site_admin": false
        },
        "labels": [],
        "state": "closed",
        "locked": false,
        "assignee": null,
        "assignees": [],
        "milestone": null,
        "comments": 2,
        "created_at": "2021-11-19T14:00:37Z",
        "updated_at": "2023-04-05T17:18:41Z",
        "closed_at": "2023-04-05T17:18:41Z",
        "author_association": "NONE",
        "type": null,
        "active_lock_reason": null,
        "sub_issues_summary": {
            "total": 0,
            "completed": 0,
            "percent_completed": 0
        },
        "body": "Does FedTorch's image always fail to pull?\r\n\r\nDocker pull:\r\n\u201cdocker pull docker.pkg.github.com/mloptpsu/fedtorch/fedtorch:cuda10.2-mpi\u201d",
        "closed_by": {
            "login": "mmkamani7",
            "id": 24576223,
            "node_id": "MDQ6VXNlcjI0NTc2MjIz",
            "avatar_url": "https://avatars.githubusercontent.com/u/24576223?v=4",
            "gravatar_id": "",
            "url": "https://api.github.com/users/mmkamani7",
            "html_url": "https://github.com/mmkamani7",
            "followers_url": "https://api.github.com/users/mmkamani7/followers",
            "following_url": "https://api.github.com/users/mmkamani7/following{/other_user}",
            "gists_url": "https://api.github.com/users/mmkamani7/gists{/gist_id}",
            "starred_url": "https://api.github.com/users/mmkamani7/starred{/owner}{/repo}",
            "subscriptions_url": "https://api.github.com/users/mmkamani7/subscriptions",
            "organizations_url": "https://api.github.com/users/mmkamani7/orgs",
            "repos_url": "https://api.github.com/users/mmkamani7/repos",
            "events_url": "https://api.github.com/users/mmkamani7/events{/privacy}",
            "received_events_url": "https://api.github.com/users/mmkamani7/received_events",
            "type": "User",
            "user_view_type": "public",
            "site_admin": false
        },
        "reactions": {
            "url": "https://api.github.com/repos/MLOPTPSU/FedTorch/issues/9/reactions",
            "total_count": 0,
            "+1": 0,
            "-1": 0,
            "laugh": 0,
            "hooray": 0,
            "confused": 0,
            "heart": 0,
            "rocket": 0,
            "eyes": 0
        },
        "timeline_url": "https://api.github.com/repos/MLOPTPSU/FedTorch/issues/9/timeline",
        "performed_via_github_app": null,
        "state_reason": "completed"
    },
    {
        "url": "https://api.github.com/repos/MLOPTPSU/FedTorch/issues/8",
        "repository_url": "https://api.github.com/repos/MLOPTPSU/FedTorch",
        "labels_url": "https://api.github.com/repos/MLOPTPSU/FedTorch/issues/8/labels{/name}",
        "comments_url": "https://api.github.com/repos/MLOPTPSU/FedTorch/issues/8/comments",
        "events_url": "https://api.github.com/repos/MLOPTPSU/FedTorch/issues/8/events",
        "html_url": "https://github.com/MLOPTPSU/FedTorch/issues/8",
        "id": 942265742,
        "node_id": "MDU6SXNzdWU5NDIyNjU3NDI=",
        "number": 8,
        "title": "Models not saved for Federated Centered",
        "user": {
            "login": "aldahdooh",
            "id": 62994061,
            "node_id": "MDQ6VXNlcjYyOTk0MDYx",
            "avatar_url": "https://avatars.githubusercontent.com/u/62994061?v=4",
            "gravatar_id": "",
            "url": "https://api.github.com/users/aldahdooh",
            "html_url": "https://github.com/aldahdooh",
            "followers_url": "https://api.github.com/users/aldahdooh/followers",
            "following_url": "https://api.github.com/users/aldahdooh/following{/other_user}",
            "gists_url": "https://api.github.com/users/aldahdooh/gists{/gist_id}",
            "starred_url": "https://api.github.com/users/aldahdooh/starred{/owner}{/repo}",
            "subscriptions_url": "https://api.github.com/users/aldahdooh/subscriptions",
            "organizations_url": "https://api.github.com/users/aldahdooh/orgs",
            "repos_url": "https://api.github.com/users/aldahdooh/repos",
            "events_url": "https://api.github.com/users/aldahdooh/events{/privacy}",
            "received_events_url": "https://api.github.com/users/aldahdooh/received_events",
            "type": "User",
            "user_view_type": "public",
            "site_admin": false
        },
        "labels": [
            {
                "id": 2447101932,
                "node_id": "MDU6TGFiZWwyNDQ3MTAxOTMy",
                "url": "https://api.github.com/repos/MLOPTPSU/FedTorch/labels/enhancement",
                "name": "enhancement",
                "color": "a2eeef",
                "default": true,
                "description": "New feature or request"
            }
        ],
        "state": "open",
        "locked": false,
        "assignee": {
            "login": "mmkamani7",
            "id": 24576223,
            "node_id": "MDQ6VXNlcjI0NTc2MjIz",
            "avatar_url": "https://avatars.githubusercontent.com/u/24576223?v=4",
            "gravatar_id": "",
            "url": "https://api.github.com/users/mmkamani7",
            "html_url": "https://github.com/mmkamani7",
            "followers_url": "https://api.github.com/users/mmkamani7/followers",
            "following_url": "https://api.github.com/users/mmkamani7/following{/other_user}",
            "gists_url": "https://api.github.com/users/mmkamani7/gists{/gist_id}",
            "starred_url": "https://api.github.com/users/mmkamani7/starred{/owner}{/repo}",
            "subscriptions_url": "https://api.github.com/users/mmkamani7/subscriptions",
            "organizations_url": "https://api.github.com/users/mmkamani7/orgs",
            "repos_url": "https://api.github.com/users/mmkamani7/repos",
            "events_url": "https://api.github.com/users/mmkamani7/events{/privacy}",
            "received_events_url": "https://api.github.com/users/mmkamani7/received_events",
            "type": "User",
            "user_view_type": "public",
            "site_admin": false
        },
        "assignees": [
            {
                "login": "mmkamani7",
                "id": 24576223,
                "node_id": "MDQ6VXNlcjI0NTc2MjIz",
                "avatar_url": "https://avatars.githubusercontent.com/u/24576223?v=4",
                "gravatar_id": "",
                "url": "https://api.github.com/users/mmkamani7",
                "html_url": "https://github.com/mmkamani7",
                "followers_url": "https://api.github.com/users/mmkamani7/followers",
                "following_url": "https://api.github.com/users/mmkamani7/following{/other_user}",
                "gists_url": "https://api.github.com/users/mmkamani7/gists{/gist_id}",
                "starred_url": "https://api.github.com/users/mmkamani7/starred{/owner}{/repo}",
                "subscriptions_url": "https://api.github.com/users/mmkamani7/subscriptions",
                "organizations_url": "https://api.github.com/users/mmkamani7/orgs",
                "repos_url": "https://api.github.com/users/mmkamani7/repos",
                "events_url": "https://api.github.com/users/mmkamani7/events{/privacy}",
                "received_events_url": "https://api.github.com/users/mmkamani7/received_events",
                "type": "User",
                "user_view_type": "public",
                "site_admin": false
            }
        ],
        "milestone": null,
        "comments": 1,
        "created_at": "2021-07-12T17:09:13Z",
        "updated_at": "2021-07-21T03:50:45Z",
        "closed_at": null,
        "author_association": "NONE",
        "type": null,
        "active_lock_reason": null,
        "sub_issues_summary": {
            "total": 0,
            "completed": 0,
            "percent_completed": 0
        },
        "body": "Hi\r\nWhile running ```main_centered.py``` the model checkpoints not saved. It is not Implemented? \r\n\r\nIs there anything else missing for ```main_centered.py```?\r\n\r\nRegards,\r\nAhmed\r\n",
        "closed_by": null,
        "reactions": {
            "url": "https://api.github.com/repos/MLOPTPSU/FedTorch/issues/8/reactions",
            "total_count": 0,
            "+1": 0,
            "-1": 0,
            "laugh": 0,
            "hooray": 0,
            "confused": 0,
            "heart": 0,
            "rocket": 0,
            "eyes": 0
        },
        "timeline_url": "https://api.github.com/repos/MLOPTPSU/FedTorch/issues/8/timeline",
        "performed_via_github_app": null,
        "state_reason": null
    },
    {
        "url": "https://api.github.com/repos/MLOPTPSU/FedTorch/issues/7",
        "repository_url": "https://api.github.com/repos/MLOPTPSU/FedTorch",
        "labels_url": "https://api.github.com/repos/MLOPTPSU/FedTorch/issues/7/labels{/name}",
        "comments_url": "https://api.github.com/repos/MLOPTPSU/FedTorch/issues/7/comments",
        "events_url": "https://api.github.com/repos/MLOPTPSU/FedTorch/issues/7/events",
        "html_url": "https://github.com/MLOPTPSU/FedTorch/issues/7",
        "id": 913601156,
        "node_id": "MDU6SXNzdWU5MTM2MDExNTY=",
        "number": 7,
        "title": "Could you release the code in \"Federated Learning with Compression: Unified Analysis and Sharp Guarantees\"?",
        "user": {
            "login": "Dzhange",
            "id": 35654021,
            "node_id": "MDQ6VXNlcjM1NjU0MDIx",
            "avatar_url": "https://avatars.githubusercontent.com/u/35654021?v=4",
            "gravatar_id": "",
            "url": "https://api.github.com/users/Dzhange",
            "html_url": "https://github.com/Dzhange",
            "followers_url": "https://api.github.com/users/Dzhange/followers",
            "following_url": "https://api.github.com/users/Dzhange/following{/other_user}",
            "gists_url": "https://api.github.com/users/Dzhange/gists{/gist_id}",
            "starred_url": "https://api.github.com/users/Dzhange/starred{/owner}{/repo}",
            "subscriptions_url": "https://api.github.com/users/Dzhange/subscriptions",
            "organizations_url": "https://api.github.com/users/Dzhange/orgs",
            "repos_url": "https://api.github.com/users/Dzhange/repos",
            "events_url": "https://api.github.com/users/Dzhange/events{/privacy}",
            "received_events_url": "https://api.github.com/users/Dzhange/received_events",
            "type": "User",
            "user_view_type": "public",
            "site_admin": false
        },
        "labels": [],
        "state": "closed",
        "locked": false,
        "assignee": null,
        "assignees": [],
        "milestone": null,
        "comments": 1,
        "created_at": "2021-06-07T14:17:47Z",
        "updated_at": "2021-06-17T21:21:40Z",
        "closed_at": "2021-06-17T21:21:40Z",
        "author_association": "NONE",
        "type": null,
        "active_lock_reason": null,
        "sub_issues_summary": {
            "total": 0,
            "completed": 0,
            "percent_completed": 0
        },
        "body": "Hi,\r\n\r\nI just read the paper of \"Federated Learning with Compression: Unified Analysis and Sharp Guarantees\", it looks very interesting\r\nWhile searching for the code I was directed to this repo, however, I didn't found the implementation of FedCOM, so I would like to ask if you would release it?\r\n\r\nThanks!\r\n",
        "closed_by": {
            "login": "mmkamani7",
            "id": 24576223,
            "node_id": "MDQ6VXNlcjI0NTc2MjIz",
            "avatar_url": "https://avatars.githubusercontent.com/u/24576223?v=4",
            "gravatar_id": "",
            "url": "https://api.github.com/users/mmkamani7",
            "html_url": "https://github.com/mmkamani7",
            "followers_url": "https://api.github.com/users/mmkamani7/followers",
            "following_url": "https://api.github.com/users/mmkamani7/following{/other_user}",
            "gists_url": "https://api.github.com/users/mmkamani7/gists{/gist_id}",
            "starred_url": "https://api.github.com/users/mmkamani7/starred{/owner}{/repo}",
            "subscriptions_url": "https://api.github.com/users/mmkamani7/subscriptions",
            "organizations_url": "https://api.github.com/users/mmkamani7/orgs",
            "repos_url": "https://api.github.com/users/mmkamani7/repos",
            "events_url": "https://api.github.com/users/mmkamani7/events{/privacy}",
            "received_events_url": "https://api.github.com/users/mmkamani7/received_events",
            "type": "User",
            "user_view_type": "public",
            "site_admin": false
        },
        "reactions": {
            "url": "https://api.github.com/repos/MLOPTPSU/FedTorch/issues/7/reactions",
            "total_count": 0,
            "+1": 0,
            "-1": 0,
            "laugh": 0,
            "hooray": 0,
            "confused": 0,
            "heart": 0,
            "rocket": 0,
            "eyes": 0
        },
        "timeline_url": "https://api.github.com/repos/MLOPTPSU/FedTorch/issues/7/timeline",
        "performed_via_github_app": null,
        "state_reason": "completed"
    },
    {
        "url": "https://api.github.com/repos/MLOPTPSU/FedTorch/issues/6",
        "repository_url": "https://api.github.com/repos/MLOPTPSU/FedTorch",
        "labels_url": "https://api.github.com/repos/MLOPTPSU/FedTorch/issues/6/labels{/name}",
        "comments_url": "https://api.github.com/repos/MLOPTPSU/FedTorch/issues/6/comments",
        "events_url": "https://api.github.com/repos/MLOPTPSU/FedTorch/issues/6/events",
        "html_url": "https://github.com/MLOPTPSU/FedTorch/issues/6",
        "id": 851127679,
        "node_id": "MDU6SXNzdWU4NTExMjc2Nzk=",
        "number": 6,
        "title": "A question about APFL algorithm",
        "user": {
            "login": "BrightHaozi",
            "id": 35807894,
            "node_id": "MDQ6VXNlcjM1ODA3ODk0",
            "avatar_url": "https://avatars.githubusercontent.com/u/35807894?v=4",
            "gravatar_id": "",
            "url": "https://api.github.com/users/BrightHaozi",
            "html_url": "https://github.com/BrightHaozi",
            "followers_url": "https://api.github.com/users/BrightHaozi/followers",
            "following_url": "https://api.github.com/users/BrightHaozi/following{/other_user}",
            "gists_url": "https://api.github.com/users/BrightHaozi/gists{/gist_id}",
            "starred_url": "https://api.github.com/users/BrightHaozi/starred{/owner}{/repo}",
            "subscriptions_url": "https://api.github.com/users/BrightHaozi/subscriptions",
            "organizations_url": "https://api.github.com/users/BrightHaozi/orgs",
            "repos_url": "https://api.github.com/users/BrightHaozi/repos",
            "events_url": "https://api.github.com/users/BrightHaozi/events{/privacy}",
            "received_events_url": "https://api.github.com/users/BrightHaozi/received_events",
            "type": "User",
            "user_view_type": "public",
            "site_admin": false
        },
        "labels": [],
        "state": "closed",
        "locked": false,
        "assignee": null,
        "assignees": [],
        "milestone": null,
        "comments": 3,
        "created_at": "2021-04-06T07:44:15Z",
        "updated_at": "2021-05-13T03:18:29Z",
        "closed_at": "2021-04-08T19:01:20Z",
        "author_association": "NONE",
        "type": null,
        "active_lock_reason": null,
        "sub_issues_summary": {
            "total": 0,
            "completed": 0,
            "percent_completed": 0
        },
        "body": "Hi, I read your paper and am interested in the algorithm of APFL.\r\n I have a question about the code. It seems that the code of APFL is a little different from the algorithm written on the paper.\r\nIn the paper, each client maintains 3 models and first update the local version of global model, then update the local model and finally mix them to get the new personalized model. However, in this code, it just maintains 2 models and first update the local version of global model, then get the grad of personalized model by mixing the output of local version of global model and personalized model.\r\n\r\nThe code:\r\n`\r\n# inference and get current performance.\r\n                        client.optimizer.zero_grad()\r\n                        loss, performance = inference(client.model, client.criterion, client.metrics, _input, _target)\r\n\r\n                        # compute gradient and do local SGD step.\r\n                        loss.backward()\r\n                        client.optimizer.step(\r\n                            apply_lr=True,\r\n                            apply_in_momentum=client.args.in_momentum, apply_out_momentum=False\r\n                        )\r\n                        \r\n                        client.optimizer.zero_grad()\r\n                        client.optimizer_personal.zero_grad()\r\n                        loss_personal, performance_personal = inference_personal(client.model_personal, client.model, \r\n                                                                                 client.args.fed_personal_alpha, client.criterion, \r\n                                                                                 client.metrics, _input, _target)\r\n\r\n                        # compute gradient and do local SGD step.\r\n                        loss_personal.backward()\r\n                        client.optimizer_personal.step(\r\n                            apply_lr=True,\r\n                            apply_in_momentum=client.args.in_momentum, apply_out_momentum=False\r\n                        )\r\n`\r\nAre they the same?\r\nLooking forward to your reply. Thank you!",
        "closed_by": {
            "login": "mmkamani7",
            "id": 24576223,
            "node_id": "MDQ6VXNlcjI0NTc2MjIz",
            "avatar_url": "https://avatars.githubusercontent.com/u/24576223?v=4",
            "gravatar_id": "",
            "url": "https://api.github.com/users/mmkamani7",
            "html_url": "https://github.com/mmkamani7",
            "followers_url": "https://api.github.com/users/mmkamani7/followers",
            "following_url": "https://api.github.com/users/mmkamani7/following{/other_user}",
            "gists_url": "https://api.github.com/users/mmkamani7/gists{/gist_id}",
            "starred_url": "https://api.github.com/users/mmkamani7/starred{/owner}{/repo}",
            "subscriptions_url": "https://api.github.com/users/mmkamani7/subscriptions",
            "organizations_url": "https://api.github.com/users/mmkamani7/orgs",
            "repos_url": "https://api.github.com/users/mmkamani7/repos",
            "events_url": "https://api.github.com/users/mmkamani7/events{/privacy}",
            "received_events_url": "https://api.github.com/users/mmkamani7/received_events",
            "type": "User",
            "user_view_type": "public",
            "site_admin": false
        },
        "reactions": {
            "url": "https://api.github.com/repos/MLOPTPSU/FedTorch/issues/6/reactions",
            "total_count": 0,
            "+1": 0,
            "-1": 0,
            "laugh": 0,
            "hooray": 0,
            "confused": 0,
            "heart": 0,
            "rocket": 0,
            "eyes": 0
        },
        "timeline_url": "https://api.github.com/repos/MLOPTPSU/FedTorch/issues/6/timeline",
        "performed_via_github_app": null,
        "state_reason": "completed"
    },
    {
        "url": "https://api.github.com/repos/MLOPTPSU/FedTorch/issues/5",
        "repository_url": "https://api.github.com/repos/MLOPTPSU/FedTorch",
        "labels_url": "https://api.github.com/repos/MLOPTPSU/FedTorch/issues/5/labels{/name}",
        "comments_url": "https://api.github.com/repos/MLOPTPSU/FedTorch/issues/5/comments",
        "events_url": "https://api.github.com/repos/MLOPTPSU/FedTorch/issues/5/events",
        "html_url": "https://github.com/MLOPTPSU/FedTorch/issues/5",
        "id": 839561091,
        "node_id": "MDU6SXNzdWU4Mzk1NjEwOTE=",
        "number": 5,
        "title": "Errors when running the code using Docker",
        "user": {
            "login": "AvivSham",
            "id": 43371254,
            "node_id": "MDQ6VXNlcjQzMzcxMjU0",
            "avatar_url": "https://avatars.githubusercontent.com/u/43371254?v=4",
            "gravatar_id": "",
            "url": "https://api.github.com/users/AvivSham",
            "html_url": "https://github.com/AvivSham",
            "followers_url": "https://api.github.com/users/AvivSham/followers",
            "following_url": "https://api.github.com/users/AvivSham/following{/other_user}",
            "gists_url": "https://api.github.com/users/AvivSham/gists{/gist_id}",
            "starred_url": "https://api.github.com/users/AvivSham/starred{/owner}{/repo}",
            "subscriptions_url": "https://api.github.com/users/AvivSham/subscriptions",
            "organizations_url": "https://api.github.com/users/AvivSham/orgs",
            "repos_url": "https://api.github.com/users/AvivSham/repos",
            "events_url": "https://api.github.com/users/AvivSham/events{/privacy}",
            "received_events_url": "https://api.github.com/users/AvivSham/received_events",
            "type": "User",
            "user_view_type": "public",
            "site_admin": false
        },
        "labels": [],
        "state": "closed",
        "locked": false,
        "assignee": null,
        "assignees": [],
        "milestone": null,
        "comments": 5,
        "created_at": "2021-03-24T10:12:17Z",
        "updated_at": "2021-03-25T22:33:48Z",
        "closed_at": "2021-03-25T21:55:30Z",
        "author_association": "NONE",
        "type": null,
        "active_lock_reason": null,
        "sub_issues_summary": {
            "total": 0,
            "completed": 0,
            "percent_completed": 0
        },
        "body": "Hi,\r\nI followed your README instructions to run your algorithm but I encountered multiple errors along the way:\r\n- I tried to pull the image you provided on This issue #3 and run the following command:\r\n`python run_mpi.py -f -ft apfl -n 10 -d cifar10 -lg 0.1 -b 50 -c 20 -k 1.0 -fs local_step -l 10 -r 2 -pa 0.5 -fp -oc`\r\nI keep getting warnings about my RTX 2080ti card which I think is not been recognized.\r\n```\r\nwarnings.warn(incompatible_device_warn.format(device_name, capability, \" \".join(arch_list), device_name))\r\nTraceback (most recent call last):\r\n  File \"main.py\", line 49, in <module>\r\n    main(args)\r\n  File \"main.py\", line 21, in main\r\n    client.initialize()\r\n  File \"/workspace/fedtorch/fedtorch/nodes/nodes.py\", line 44, in initialize\r\n    init_config(self.args)\r\n  File \"/workspace/fedtorch/fedtorch/utils/init_config.py\", line 36, in init_config\r\n    torch.cuda.set_device(args.graph.device)\r\n  File \"/usr/local/lib/python3.8/dist-packages/torch/cuda/__init__.py\", line 281, in set_device\r\n    torch._C._cuda_setDevice(device)\r\nRuntimeError: cuda runtime error (101) : invalid device ordinal at /workspace/pytorch/torch/csrc/cuda/Module.cpp:59\r\nTHCudaCheck FAIL file=/workspace/pytorch/torch/csrc/cuda/Module.cpp line=59 error=101 : invalid device ordinal\r\n/usr/local/lib/python3.8/dist-packages/torch/cuda/__init__.py:125: UserWarning:\r\nGeForce RTX 2080 Ti with CUDA capability sm_75 is not compatible with the current PyTorch installation.\r\nThe current PyTorch install supports CUDA capabilities sm_35 sm_37 sm_52 sm_60 sm_61 sm_70 compute_70.\r\nIf you want to use the GeForce RTX 2080 Ti GPU with PyTorch, please check the instructions at https://pytorch.org/get-started/locally/\r\n\r\n  warnings.warn(incompatible_device_warn.format(device_name, capability, \" \".join(arch_list), device_name))\r\nTraceback (most recent call last):\r\n  File \"main.py\", line 49, in <module>\r\n    main(args)\r\n  File \"main.py\", line 21, in main\r\n    client.initialize()\r\n  File \"/workspace/fedtorch/fedtorch/nodes/nodes.py\", line 44, in initialize\r\n    init_config(self.args)\r\n  File \"/workspace/fedtorch/fedtorch/utils/init_config.py\", line 36, in init_config\r\n    torch.cuda.set_device(args.graph.device)\r\n  File \"/usr/local/lib/python3.8/dist-packages/torch/cuda/__init__.py\", line 281, in set_device\r\n    torch._C._cuda_setDevice(device)\r\nRuntimeError: cuda runtime error (101) : invalid device ordinal at /workspace/pytorch/torch/csrc/cuda/Module.cpp:59\r\n```\r\nRegarding these warnings the code does not collapse but not even one log regarding the training procedure is printed.\r\n\r\n![image](https://user-images.githubusercontent.com/43371254/112282945-46723080-8c90-11eb-8c79-03b3d9a27b53.png)\r\n\r\nIn addition when I run `nvidia-smi` I see the following gpu utilization:\r\n\r\n![image](https://user-images.githubusercontent.com/43371254/112282076-6bb26f00-8c8f-11eb-82a0-b7f182b97b49.png)\r\nThe utilization percentage across all 3 GPUs remains zero. \r\n\r\n- As second option I tried to build the image given the Dockerfile located in the docker folder.\r\nYet again I encountered the following run error:\r\n```\r\nTraceback (most recent call last):\r\n  File \"main.py\", line 4, in <module>\r\n    import torch.distributed as dist\r\n  File \"/usr/local/lib/python3.8/dist-packages/torch/__init__.py\", line 189, in <module>\r\n    from torch._C import *\r\nRuntimeError: module compiled against API version 0xe but this version of numpy is 0xd\r\n\r\n--------------------------------------------------------------------------\r\nPrimary job  terminated normally, but 1 process returned\r\na non-zero exit code. Per user-direction, the job has been aborted.\r\n--------------------------------------------------------------------------\r\n--------------------------------------------------------------------------\r\nmpirun detected that one or more processes exited with non-zero status, thus causing\r\nthe job to be terminated. The first process to do so was:\r\n\r\n  Process name: [[51835,1],1]\r\n  Exit code:    1\r\n--------------------------------------------------------------------------\r\n```\r\n\r\nIt looks like there is a problem with PyTorch installation so I tried something simple:\r\n\r\n![image](https://user-images.githubusercontent.com/43371254/112291631-f51a6f00-8c98-11eb-98e6-3326e666db46.png)\r\n\r\nUpgrading Numpy's version didn't help me either. \r\nCan you please help and explain how to run your code?\r\n\r\nThank you!\r\n\r\n\r\n",
        "closed_by": {
            "login": "mmkamani7",
            "id": 24576223,
            "node_id": "MDQ6VXNlcjI0NTc2MjIz",
            "avatar_url": "https://avatars.githubusercontent.com/u/24576223?v=4",
            "gravatar_id": "",
            "url": "https://api.github.com/users/mmkamani7",
            "html_url": "https://github.com/mmkamani7",
            "followers_url": "https://api.github.com/users/mmkamani7/followers",
            "following_url": "https://api.github.com/users/mmkamani7/following{/other_user}",
            "gists_url": "https://api.github.com/users/mmkamani7/gists{/gist_id}",
            "starred_url": "https://api.github.com/users/mmkamani7/starred{/owner}{/repo}",
            "subscriptions_url": "https://api.github.com/users/mmkamani7/subscriptions",
            "organizations_url": "https://api.github.com/users/mmkamani7/orgs",
            "repos_url": "https://api.github.com/users/mmkamani7/repos",
            "events_url": "https://api.github.com/users/mmkamani7/events{/privacy}",
            "received_events_url": "https://api.github.com/users/mmkamani7/received_events",
            "type": "User",
            "user_view_type": "public",
            "site_admin": false
        },
        "reactions": {
            "url": "https://api.github.com/repos/MLOPTPSU/FedTorch/issues/5/reactions",
            "total_count": 0,
            "+1": 0,
            "-1": 0,
            "laugh": 0,
            "hooray": 0,
            "confused": 0,
            "heart": 0,
            "rocket": 0,
            "eyes": 0
        },
        "timeline_url": "https://api.github.com/repos/MLOPTPSU/FedTorch/issues/5/timeline",
        "performed_via_github_app": null,
        "state_reason": "completed"
    },
    {
        "url": "https://api.github.com/repos/MLOPTPSU/FedTorch/issues/4",
        "repository_url": "https://api.github.com/repos/MLOPTPSU/FedTorch",
        "labels_url": "https://api.github.com/repos/MLOPTPSU/FedTorch/issues/4/labels{/name}",
        "comments_url": "https://api.github.com/repos/MLOPTPSU/FedTorch/issues/4/comments",
        "events_url": "https://api.github.com/repos/MLOPTPSU/FedTorch/issues/4/events",
        "html_url": "https://github.com/MLOPTPSU/FedTorch/issues/4",
        "id": 838393528,
        "node_id": "MDU6SXNzdWU4MzgzOTM1Mjg=",
        "number": 4,
        "title": "Does BrokenPipeError Matters\uff1f",
        "user": {
            "login": "RongDai430",
            "id": 46106033,
            "node_id": "MDQ6VXNlcjQ2MTA2MDMz",
            "avatar_url": "https://avatars.githubusercontent.com/u/46106033?v=4",
            "gravatar_id": "",
            "url": "https://api.github.com/users/RongDai430",
            "html_url": "https://github.com/RongDai430",
            "followers_url": "https://api.github.com/users/RongDai430/followers",
            "following_url": "https://api.github.com/users/RongDai430/following{/other_user}",
            "gists_url": "https://api.github.com/users/RongDai430/gists{/gist_id}",
            "starred_url": "https://api.github.com/users/RongDai430/starred{/owner}{/repo}",
            "subscriptions_url": "https://api.github.com/users/RongDai430/subscriptions",
            "organizations_url": "https://api.github.com/users/RongDai430/orgs",
            "repos_url": "https://api.github.com/users/RongDai430/repos",
            "events_url": "https://api.github.com/users/RongDai430/events{/privacy}",
            "received_events_url": "https://api.github.com/users/RongDai430/received_events",
            "type": "User",
            "user_view_type": "public",
            "site_admin": false
        },
        "labels": [],
        "state": "closed",
        "locked": false,
        "assignee": null,
        "assignees": [],
        "milestone": null,
        "comments": 1,
        "created_at": "2021-03-23T06:24:09Z",
        "updated_at": "2021-03-25T20:09:49Z",
        "closed_at": "2021-03-25T20:09:49Z",
        "author_association": "NONE",
        "type": null,
        "active_lock_reason": null,
        "sub_issues_summary": {
            "total": 0,
            "completed": 0,
            "percent_completed": 0
        },
        "body": "Hi, I am very interested in your proposed method. It is really nice of you to share such a helpful and clear repo. I follow your repo and use your docker images to run the code, but I keep getting some errors as follows after some random starting round of the traning.\r\n\r\nTraceback (most recent call last):\r\n  File \"/usr/lib/python3.8/multiprocessing/queues.py\", line 245, in _feed\r\n    send_bytes(obj)\r\n  File \"/usr/lib/python3.8/multiprocessing/connection.py\", line 200, in send_bytes\r\n    self._send_bytes(m[offset:offset + size])\r\n  File \"/usr/lib/python3.8/multiprocessing/connection.py\", line 411, in _send_bytes\r\n    self._send(header + buf)\r\n  File \"/usr/lib/python3.8/multiprocessing/connection.py\", line 368, in _send\r\n    n = write(self._handle, buf)\r\nBrokenPipeError: [Errno 32] Broken pipe\r\n\r\nAfter all, I still can get a result, but I wonder whether the brokenpipeerror matters, am I still getting the correct results?\r\nHope to hear your response soon.",
        "closed_by": {
            "login": "mmkamani7",
            "id": 24576223,
            "node_id": "MDQ6VXNlcjI0NTc2MjIz",
            "avatar_url": "https://avatars.githubusercontent.com/u/24576223?v=4",
            "gravatar_id": "",
            "url": "https://api.github.com/users/mmkamani7",
            "html_url": "https://github.com/mmkamani7",
            "followers_url": "https://api.github.com/users/mmkamani7/followers",
            "following_url": "https://api.github.com/users/mmkamani7/following{/other_user}",
            "gists_url": "https://api.github.com/users/mmkamani7/gists{/gist_id}",
            "starred_url": "https://api.github.com/users/mmkamani7/starred{/owner}{/repo}",
            "subscriptions_url": "https://api.github.com/users/mmkamani7/subscriptions",
            "organizations_url": "https://api.github.com/users/mmkamani7/orgs",
            "repos_url": "https://api.github.com/users/mmkamani7/repos",
            "events_url": "https://api.github.com/users/mmkamani7/events{/privacy}",
            "received_events_url": "https://api.github.com/users/mmkamani7/received_events",
            "type": "User",
            "user_view_type": "public",
            "site_admin": false
        },
        "reactions": {
            "url": "https://api.github.com/repos/MLOPTPSU/FedTorch/issues/4/reactions",
            "total_count": 0,
            "+1": 0,
            "-1": 0,
            "laugh": 0,
            "hooray": 0,
            "confused": 0,
            "heart": 0,
            "rocket": 0,
            "eyes": 0
        },
        "timeline_url": "https://api.github.com/repos/MLOPTPSU/FedTorch/issues/4/timeline",
        "performed_via_github_app": null,
        "state_reason": "completed"
    },
    {
        "url": "https://api.github.com/repos/MLOPTPSU/FedTorch/issues/3",
        "repository_url": "https://api.github.com/repos/MLOPTPSU/FedTorch",
        "labels_url": "https://api.github.com/repos/MLOPTPSU/FedTorch/issues/3/labels{/name}",
        "comments_url": "https://api.github.com/repos/MLOPTPSU/FedTorch/issues/3/comments",
        "events_url": "https://api.github.com/repos/MLOPTPSU/FedTorch/issues/3/events",
        "html_url": "https://github.com/MLOPTPSU/FedTorch/issues/3",
        "id": 814238458,
        "node_id": "MDU6SXNzdWU4MTQyMzg0NTg=",
        "number": 3,
        "title": "No basic auth credentials",
        "user": {
            "login": "Sybil-Huang",
            "id": 63787147,
            "node_id": "MDQ6VXNlcjYzNzg3MTQ3",
            "avatar_url": "https://avatars.githubusercontent.com/u/63787147?v=4",
            "gravatar_id": "",
            "url": "https://api.github.com/users/Sybil-Huang",
            "html_url": "https://github.com/Sybil-Huang",
            "followers_url": "https://api.github.com/users/Sybil-Huang/followers",
            "following_url": "https://api.github.com/users/Sybil-Huang/following{/other_user}",
            "gists_url": "https://api.github.com/users/Sybil-Huang/gists{/gist_id}",
            "starred_url": "https://api.github.com/users/Sybil-Huang/starred{/owner}{/repo}",
            "subscriptions_url": "https://api.github.com/users/Sybil-Huang/subscriptions",
            "organizations_url": "https://api.github.com/users/Sybil-Huang/orgs",
            "repos_url": "https://api.github.com/users/Sybil-Huang/repos",
            "events_url": "https://api.github.com/users/Sybil-Huang/events{/privacy}",
            "received_events_url": "https://api.github.com/users/Sybil-Huang/received_events",
            "type": "User",
            "user_view_type": "public",
            "site_admin": false
        },
        "labels": [],
        "state": "closed",
        "locked": false,
        "assignee": null,
        "assignees": [],
        "milestone": null,
        "comments": 1,
        "created_at": "2021-02-23T08:32:11Z",
        "updated_at": "2021-02-27T15:40:05Z",
        "closed_at": "2021-02-27T15:39:54Z",
        "author_association": "NONE",
        "type": null,
        "active_lock_reason": null,
        "sub_issues_summary": {
            "total": 0,
            "completed": 0,
            "percent_completed": 0
        },
        "body": "I read your paper and am interested in your proposed method.  It is really nice of you to share such a helpful and clear repo. I pulled one of the images built with CUDA 10.2 and OpenMPI 4.0.1 with CUDA support and PyTorch 1.6.0, using the following command:\r\n$ docker pull docker.pkg.github.com/mloptpsu/fedtorch/fedtorch:cuda10.2-mpi\r\n\r\nHowever it reported an error \"Error response from daemon: Head https://docker.pkg.github.com/v2/mloptpsu/fedtorch/fedtorch/manifests/cuda10.2-mpi: no basic auth credentials\".  \r\nHow can I solve this error?",
        "closed_by": {
            "login": "mmkamani7",
            "id": 24576223,
            "node_id": "MDQ6VXNlcjI0NTc2MjIz",
            "avatar_url": "https://avatars.githubusercontent.com/u/24576223?v=4",
            "gravatar_id": "",
            "url": "https://api.github.com/users/mmkamani7",
            "html_url": "https://github.com/mmkamani7",
            "followers_url": "https://api.github.com/users/mmkamani7/followers",
            "following_url": "https://api.github.com/users/mmkamani7/following{/other_user}",
            "gists_url": "https://api.github.com/users/mmkamani7/gists{/gist_id}",
            "starred_url": "https://api.github.com/users/mmkamani7/starred{/owner}{/repo}",
            "subscriptions_url": "https://api.github.com/users/mmkamani7/subscriptions",
            "organizations_url": "https://api.github.com/users/mmkamani7/orgs",
            "repos_url": "https://api.github.com/users/mmkamani7/repos",
            "events_url": "https://api.github.com/users/mmkamani7/events{/privacy}",
            "received_events_url": "https://api.github.com/users/mmkamani7/received_events",
            "type": "User",
            "user_view_type": "public",
            "site_admin": false
        },
        "reactions": {
            "url": "https://api.github.com/repos/MLOPTPSU/FedTorch/issues/3/reactions",
            "total_count": 0,
            "+1": 0,
            "-1": 0,
            "laugh": 0,
            "hooray": 0,
            "confused": 0,
            "heart": 0,
            "rocket": 0,
            "eyes": 0
        },
        "timeline_url": "https://api.github.com/repos/MLOPTPSU/FedTorch/issues/3/timeline",
        "performed_via_github_app": null,
        "state_reason": "completed"
    }
]