[
    {
        "url": "https://api.github.com/repos/omarfoq/FedEM/issues/9",
        "repository_url": "https://api.github.com/repos/omarfoq/FedEM",
        "labels_url": "https://api.github.com/repos/omarfoq/FedEM/issues/9/labels{/name}",
        "comments_url": "https://api.github.com/repos/omarfoq/FedEM/issues/9/comments",
        "events_url": "https://api.github.com/repos/omarfoq/FedEM/issues/9/events",
        "html_url": "https://github.com/omarfoq/FedEM/issues/9",
        "id": 2775963432,
        "node_id": "I_kwDOF4uLGM6lddco",
        "number": 9,
        "title": "little mistake in the repo example: change logs_root to logs_dir",
        "user": {
            "login": "mjmaher987",
            "id": 77095635,
            "node_id": "MDQ6VXNlcjc3MDk1NjM1",
            "avatar_url": "https://avatars.githubusercontent.com/u/77095635?v=4",
            "gravatar_id": "",
            "url": "https://api.github.com/users/mjmaher987",
            "html_url": "https://github.com/mjmaher987",
            "followers_url": "https://api.github.com/users/mjmaher987/followers",
            "following_url": "https://api.github.com/users/mjmaher987/following{/other_user}",
            "gists_url": "https://api.github.com/users/mjmaher987/gists{/gist_id}",
            "starred_url": "https://api.github.com/users/mjmaher987/starred{/owner}{/repo}",
            "subscriptions_url": "https://api.github.com/users/mjmaher987/subscriptions",
            "organizations_url": "https://api.github.com/users/mjmaher987/orgs",
            "repos_url": "https://api.github.com/users/mjmaher987/repos",
            "events_url": "https://api.github.com/users/mjmaher987/events{/privacy}",
            "received_events_url": "https://api.github.com/users/mjmaher987/received_events",
            "type": "User",
            "user_view_type": "public",
            "site_admin": false
        },
        "labels": [],
        "state": "open",
        "locked": false,
        "assignee": null,
        "assignees": [],
        "milestone": null,
        "comments": 0,
        "created_at": "2025-01-08T17:42:25Z",
        "updated_at": "2025-01-08T17:42:25Z",
        "closed_at": null,
        "author_association": "NONE",
        "active_lock_reason": null,
        "sub_issues_summary": {
            "total": 0,
            "completed": 0,
            "percent_completed": 0
        },
        "body": "there is no argument with name logs_root. but when you change it to logs_dir it's ok. example:\r\n! python3  FedEM/run_experiment.py cifar10 FedAvg \\\r\n    --n_learners 1 \\\r\n    --n_rounds 200 \\\r\n    --bz 128 \\\r\n    --lr 0.01 \\\r\n    --lr_scheduler multi_step \\\r\n    --log_freq 5 \\\r\n    --device cuda \\\r\n    --optimizer sgd \\\r\n    --seed 1234 \\\r\n    --logs_dir /content \\\r\n    --verbose 1",
        "closed_by": null,
        "reactions": {
            "url": "https://api.github.com/repos/omarfoq/FedEM/issues/9/reactions",
            "total_count": 0,
            "+1": 0,
            "-1": 0,
            "laugh": 0,
            "hooray": 0,
            "confused": 0,
            "heart": 0,
            "rocket": 0,
            "eyes": 0
        },
        "timeline_url": "https://api.github.com/repos/omarfoq/FedEM/issues/9/timeline",
        "performed_via_github_app": null,
        "state_reason": null
    },
    {
        "url": "https://api.github.com/repos/omarfoq/FedEM/issues/8",
        "repository_url": "https://api.github.com/repos/omarfoq/FedEM",
        "labels_url": "https://api.github.com/repos/omarfoq/FedEM/issues/8/labels{/name}",
        "comments_url": "https://api.github.com/repos/omarfoq/FedEM/issues/8/comments",
        "events_url": "https://api.github.com/repos/omarfoq/FedEM/issues/8/events",
        "html_url": "https://github.com/omarfoq/FedEM/issues/8",
        "id": 1985601217,
        "node_id": "I_kwDOF4uLGM52Wd7B",
        "number": 8,
        "title": "How to use make_plot function in utils/plots.py?",
        "user": {
            "login": "jxthyatt",
            "id": 95753326,
            "node_id": "U_kgDOBbUUbg",
            "avatar_url": "https://avatars.githubusercontent.com/u/95753326?v=4",
            "gravatar_id": "",
            "url": "https://api.github.com/users/jxthyatt",
            "html_url": "https://github.com/jxthyatt",
            "followers_url": "https://api.github.com/users/jxthyatt/followers",
            "following_url": "https://api.github.com/users/jxthyatt/following{/other_user}",
            "gists_url": "https://api.github.com/users/jxthyatt/gists{/gist_id}",
            "starred_url": "https://api.github.com/users/jxthyatt/starred{/owner}{/repo}",
            "subscriptions_url": "https://api.github.com/users/jxthyatt/subscriptions",
            "organizations_url": "https://api.github.com/users/jxthyatt/orgs",
            "repos_url": "https://api.github.com/users/jxthyatt/repos",
            "events_url": "https://api.github.com/users/jxthyatt/events{/privacy}",
            "received_events_url": "https://api.github.com/users/jxthyatt/received_events",
            "type": "User",
            "user_view_type": "public",
            "site_admin": false
        },
        "labels": [],
        "state": "closed",
        "locked": false,
        "assignee": null,
        "assignees": [],
        "milestone": null,
        "comments": 5,
        "created_at": "2023-11-09T13:14:38Z",
        "updated_at": "2023-11-13T07:39:02Z",
        "closed_at": "2023-11-13T07:39:02Z",
        "author_association": "NONE",
        "active_lock_reason": null,
        "sub_issues_summary": {
            "total": 0,
            "completed": 0,
            "percent_completed": 0
        },
        "body": "Hi, thanks for your work!\r\nCould you release script to use make_plot function in utils/plots.py? Looking forward it.",
        "closed_by": {
            "login": "omarfoq",
            "id": 42912620,
            "node_id": "MDQ6VXNlcjQyOTEyNjIw",
            "avatar_url": "https://avatars.githubusercontent.com/u/42912620?v=4",
            "gravatar_id": "",
            "url": "https://api.github.com/users/omarfoq",
            "html_url": "https://github.com/omarfoq",
            "followers_url": "https://api.github.com/users/omarfoq/followers",
            "following_url": "https://api.github.com/users/omarfoq/following{/other_user}",
            "gists_url": "https://api.github.com/users/omarfoq/gists{/gist_id}",
            "starred_url": "https://api.github.com/users/omarfoq/starred{/owner}{/repo}",
            "subscriptions_url": "https://api.github.com/users/omarfoq/subscriptions",
            "organizations_url": "https://api.github.com/users/omarfoq/orgs",
            "repos_url": "https://api.github.com/users/omarfoq/repos",
            "events_url": "https://api.github.com/users/omarfoq/events{/privacy}",
            "received_events_url": "https://api.github.com/users/omarfoq/received_events",
            "type": "User",
            "user_view_type": "public",
            "site_admin": false
        },
        "reactions": {
            "url": "https://api.github.com/repos/omarfoq/FedEM/issues/8/reactions",
            "total_count": 1,
            "+1": 1,
            "-1": 0,
            "laugh": 0,
            "hooray": 0,
            "confused": 0,
            "heart": 0,
            "rocket": 0,
            "eyes": 0
        },
        "timeline_url": "https://api.github.com/repos/omarfoq/FedEM/issues/8/timeline",
        "performed_via_github_app": null,
        "state_reason": "completed"
    },
    {
        "url": "https://api.github.com/repos/omarfoq/FedEM/issues/6",
        "repository_url": "https://api.github.com/repos/omarfoq/FedEM",
        "labels_url": "https://api.github.com/repos/omarfoq/FedEM/issues/6/labels{/name}",
        "comments_url": "https://api.github.com/repos/omarfoq/FedEM/issues/6/comments",
        "events_url": "https://api.github.com/repos/omarfoq/FedEM/issues/6/events",
        "html_url": "https://github.com/omarfoq/FedEM/issues/6",
        "id": 1395682916,
        "node_id": "I_kwDOF4uLGM5TMG5k",
        "number": 6,
        "title": "Any plan to provide a license?",
        "user": {
            "login": "nayopu",
            "id": 80670216,
            "node_id": "MDQ6VXNlcjgwNjcwMjE2",
            "avatar_url": "https://avatars.githubusercontent.com/u/80670216?v=4",
            "gravatar_id": "",
            "url": "https://api.github.com/users/nayopu",
            "html_url": "https://github.com/nayopu",
            "followers_url": "https://api.github.com/users/nayopu/followers",
            "following_url": "https://api.github.com/users/nayopu/following{/other_user}",
            "gists_url": "https://api.github.com/users/nayopu/gists{/gist_id}",
            "starred_url": "https://api.github.com/users/nayopu/starred{/owner}{/repo}",
            "subscriptions_url": "https://api.github.com/users/nayopu/subscriptions",
            "organizations_url": "https://api.github.com/users/nayopu/orgs",
            "repos_url": "https://api.github.com/users/nayopu/repos",
            "events_url": "https://api.github.com/users/nayopu/events{/privacy}",
            "received_events_url": "https://api.github.com/users/nayopu/received_events",
            "type": "User",
            "user_view_type": "public",
            "site_admin": false
        },
        "labels": [
            {
                "id": 3250206260,
                "node_id": "MDU6TGFiZWwzMjUwMjA2MjYw",
                "url": "https://api.github.com/repos/omarfoq/FedEM/labels/documentation",
                "name": "documentation",
                "color": "0075ca",
                "default": true,
                "description": "Improvements or additions to documentation"
            }
        ],
        "state": "closed",
        "locked": false,
        "assignee": {
            "login": "omarfoq",
            "id": 42912620,
            "node_id": "MDQ6VXNlcjQyOTEyNjIw",
            "avatar_url": "https://avatars.githubusercontent.com/u/42912620?v=4",
            "gravatar_id": "",
            "url": "https://api.github.com/users/omarfoq",
            "html_url": "https://github.com/omarfoq",
            "followers_url": "https://api.github.com/users/omarfoq/followers",
            "following_url": "https://api.github.com/users/omarfoq/following{/other_user}",
            "gists_url": "https://api.github.com/users/omarfoq/gists{/gist_id}",
            "starred_url": "https://api.github.com/users/omarfoq/starred{/owner}{/repo}",
            "subscriptions_url": "https://api.github.com/users/omarfoq/subscriptions",
            "organizations_url": "https://api.github.com/users/omarfoq/orgs",
            "repos_url": "https://api.github.com/users/omarfoq/repos",
            "events_url": "https://api.github.com/users/omarfoq/events{/privacy}",
            "received_events_url": "https://api.github.com/users/omarfoq/received_events",
            "type": "User",
            "user_view_type": "public",
            "site_admin": false
        },
        "assignees": [
            {
                "login": "omarfoq",
                "id": 42912620,
                "node_id": "MDQ6VXNlcjQyOTEyNjIw",
                "avatar_url": "https://avatars.githubusercontent.com/u/42912620?v=4",
                "gravatar_id": "",
                "url": "https://api.github.com/users/omarfoq",
                "html_url": "https://github.com/omarfoq",
                "followers_url": "https://api.github.com/users/omarfoq/followers",
                "following_url": "https://api.github.com/users/omarfoq/following{/other_user}",
                "gists_url": "https://api.github.com/users/omarfoq/gists{/gist_id}",
                "starred_url": "https://api.github.com/users/omarfoq/starred{/owner}{/repo}",
                "subscriptions_url": "https://api.github.com/users/omarfoq/subscriptions",
                "organizations_url": "https://api.github.com/users/omarfoq/orgs",
                "repos_url": "https://api.github.com/users/omarfoq/repos",
                "events_url": "https://api.github.com/users/omarfoq/events{/privacy}",
                "received_events_url": "https://api.github.com/users/omarfoq/received_events",
                "type": "User",
                "user_view_type": "public",
                "site_admin": false
            }
        ],
        "milestone": null,
        "comments": 0,
        "created_at": "2022-10-04T05:22:04Z",
        "updated_at": "2022-10-06T14:32:55Z",
        "closed_at": "2022-10-06T14:32:55Z",
        "author_association": "NONE",
        "active_lock_reason": null,
        "sub_issues_summary": {
            "total": 0,
            "completed": 0,
            "percent_completed": 0
        },
        "body": "Hello, thank you for sharing the helpful work!\r\n\r\ndo you have any plan for declaring the type of license for this code?\r\nHopefully, I would like to publish my experimental code containing a custmized part of your code, following the manner of the specified license.\r\n\r\n",
        "closed_by": {
            "login": "omarfoq",
            "id": 42912620,
            "node_id": "MDQ6VXNlcjQyOTEyNjIw",
            "avatar_url": "https://avatars.githubusercontent.com/u/42912620?v=4",
            "gravatar_id": "",
            "url": "https://api.github.com/users/omarfoq",
            "html_url": "https://github.com/omarfoq",
            "followers_url": "https://api.github.com/users/omarfoq/followers",
            "following_url": "https://api.github.com/users/omarfoq/following{/other_user}",
            "gists_url": "https://api.github.com/users/omarfoq/gists{/gist_id}",
            "starred_url": "https://api.github.com/users/omarfoq/starred{/owner}{/repo}",
            "subscriptions_url": "https://api.github.com/users/omarfoq/subscriptions",
            "organizations_url": "https://api.github.com/users/omarfoq/orgs",
            "repos_url": "https://api.github.com/users/omarfoq/repos",
            "events_url": "https://api.github.com/users/omarfoq/events{/privacy}",
            "received_events_url": "https://api.github.com/users/omarfoq/received_events",
            "type": "User",
            "user_view_type": "public",
            "site_admin": false
        },
        "reactions": {
            "url": "https://api.github.com/repos/omarfoq/FedEM/issues/6/reactions",
            "total_count": 1,
            "+1": 1,
            "-1": 0,
            "laugh": 0,
            "hooray": 0,
            "confused": 0,
            "heart": 0,
            "rocket": 0,
            "eyes": 0
        },
        "timeline_url": "https://api.github.com/repos/omarfoq/FedEM/issues/6/timeline",
        "performed_via_github_app": null,
        "state_reason": "completed"
    },
    {
        "url": "https://api.github.com/repos/omarfoq/FedEM/issues/5",
        "repository_url": "https://api.github.com/repos/omarfoq/FedEM",
        "labels_url": "https://api.github.com/repos/omarfoq/FedEM/issues/5/labels{/name}",
        "comments_url": "https://api.github.com/repos/omarfoq/FedEM/issues/5/comments",
        "events_url": "https://api.github.com/repos/omarfoq/FedEM/issues/5/events",
        "html_url": "https://github.com/omarfoq/FedEM/issues/5",
        "id": 1307040797,
        "node_id": "I_kwDOF4uLGM5N59wd",
        "number": 5,
        "title": "Question about MOCHA",
        "user": {
            "login": "Sherrylife",
            "id": 60345931,
            "node_id": "MDQ6VXNlcjYwMzQ1OTMx",
            "avatar_url": "https://avatars.githubusercontent.com/u/60345931?v=4",
            "gravatar_id": "",
            "url": "https://api.github.com/users/Sherrylife",
            "html_url": "https://github.com/Sherrylife",
            "followers_url": "https://api.github.com/users/Sherrylife/followers",
            "following_url": "https://api.github.com/users/Sherrylife/following{/other_user}",
            "gists_url": "https://api.github.com/users/Sherrylife/gists{/gist_id}",
            "starred_url": "https://api.github.com/users/Sherrylife/starred{/owner}{/repo}",
            "subscriptions_url": "https://api.github.com/users/Sherrylife/subscriptions",
            "organizations_url": "https://api.github.com/users/Sherrylife/orgs",
            "repos_url": "https://api.github.com/users/Sherrylife/repos",
            "events_url": "https://api.github.com/users/Sherrylife/events{/privacy}",
            "received_events_url": "https://api.github.com/users/Sherrylife/received_events",
            "type": "User",
            "user_view_type": "public",
            "site_admin": false
        },
        "labels": [],
        "state": "closed",
        "locked": false,
        "assignee": null,
        "assignees": [],
        "milestone": null,
        "comments": 4,
        "created_at": "2022-07-17T09:19:41Z",
        "updated_at": "2022-07-18T13:46:23Z",
        "closed_at": "2022-07-18T13:46:23Z",
        "author_association": "NONE",
        "active_lock_reason": null,
        "sub_issues_summary": {
            "total": 0,
            "completed": 0,
            "percent_completed": 0
        },
        "body": "Hi, @omarfoq, in the openreview(https://openreview.net/forum?id=YCqx6zhEzRp), you say that you implement the MOCHA algorithm in python and experimented with it. Can you updata this part of the code to your repository? I hace been implementing the MOCHA algorithm recently, but I am confused about the SDCA update part in the official matlab source code. I would like to see your implementation. Thank you very much!",
        "closed_by": {
            "login": "omarfoq",
            "id": 42912620,
            "node_id": "MDQ6VXNlcjQyOTEyNjIw",
            "avatar_url": "https://avatars.githubusercontent.com/u/42912620?v=4",
            "gravatar_id": "",
            "url": "https://api.github.com/users/omarfoq",
            "html_url": "https://github.com/omarfoq",
            "followers_url": "https://api.github.com/users/omarfoq/followers",
            "following_url": "https://api.github.com/users/omarfoq/following{/other_user}",
            "gists_url": "https://api.github.com/users/omarfoq/gists{/gist_id}",
            "starred_url": "https://api.github.com/users/omarfoq/starred{/owner}{/repo}",
            "subscriptions_url": "https://api.github.com/users/omarfoq/subscriptions",
            "organizations_url": "https://api.github.com/users/omarfoq/orgs",
            "repos_url": "https://api.github.com/users/omarfoq/repos",
            "events_url": "https://api.github.com/users/omarfoq/events{/privacy}",
            "received_events_url": "https://api.github.com/users/omarfoq/received_events",
            "type": "User",
            "user_view_type": "public",
            "site_admin": false
        },
        "reactions": {
            "url": "https://api.github.com/repos/omarfoq/FedEM/issues/5/reactions",
            "total_count": 1,
            "+1": 1,
            "-1": 0,
            "laugh": 0,
            "hooray": 0,
            "confused": 0,
            "heart": 0,
            "rocket": 0,
            "eyes": 0
        },
        "timeline_url": "https://api.github.com/repos/omarfoq/FedEM/issues/5/timeline",
        "performed_via_github_app": null,
        "state_reason": "completed"
    },
    {
        "url": "https://api.github.com/repos/omarfoq/FedEM/issues/4",
        "repository_url": "https://api.github.com/repos/omarfoq/FedEM",
        "labels_url": "https://api.github.com/repos/omarfoq/FedEM/issues/4/labels{/name}",
        "comments_url": "https://api.github.com/repos/omarfoq/FedEM/issues/4/comments",
        "events_url": "https://api.github.com/repos/omarfoq/FedEM/issues/4/events",
        "html_url": "https://github.com/omarfoq/FedEM/issues/4",
        "id": 1258391458,
        "node_id": "I_kwDOF4uLGM5LAYei",
        "number": 4,
        "title": "Args for synthetic datasets",
        "user": {
            "login": "RigCor7",
            "id": 102867142,
            "node_id": "U_kgDOBiGgxg",
            "avatar_url": "https://avatars.githubusercontent.com/u/102867142?v=4",
            "gravatar_id": "",
            "url": "https://api.github.com/users/RigCor7",
            "html_url": "https://github.com/RigCor7",
            "followers_url": "https://api.github.com/users/RigCor7/followers",
            "following_url": "https://api.github.com/users/RigCor7/following{/other_user}",
            "gists_url": "https://api.github.com/users/RigCor7/gists{/gist_id}",
            "starred_url": "https://api.github.com/users/RigCor7/starred{/owner}{/repo}",
            "subscriptions_url": "https://api.github.com/users/RigCor7/subscriptions",
            "organizations_url": "https://api.github.com/users/RigCor7/orgs",
            "repos_url": "https://api.github.com/users/RigCor7/repos",
            "events_url": "https://api.github.com/users/RigCor7/events{/privacy}",
            "received_events_url": "https://api.github.com/users/RigCor7/received_events",
            "type": "User",
            "user_view_type": "public",
            "site_admin": false
        },
        "labels": [],
        "state": "closed",
        "locked": false,
        "assignee": null,
        "assignees": [],
        "milestone": null,
        "comments": 2,
        "created_at": "2022-06-02T16:02:33Z",
        "updated_at": "2022-06-03T02:54:05Z",
        "closed_at": "2022-06-03T02:53:55Z",
        "author_association": "NONE",
        "active_lock_reason": null,
        "sub_issues_summary": {
            "total": 0,
            "completed": 0,
            "percent_completed": 0
        },
        "body": "Thanks for your interesting work! I really appreciate it and am trying to reuse some datasets you provide. And I want to generate a synthetic dataset of the same size as yours, would you mind telling me the args values used to generate it.\r\n\r\nBy the way, I saw in line 244 of the utils/utils file that val_iterator also uses the prefix of \u201ctrain\u201d. I think it may be \"val\", is it right?\r\n\r\nMany thanks!",
        "closed_by": {
            "login": "RigCor7",
            "id": 102867142,
            "node_id": "U_kgDOBiGgxg",
            "avatar_url": "https://avatars.githubusercontent.com/u/102867142?v=4",
            "gravatar_id": "",
            "url": "https://api.github.com/users/RigCor7",
            "html_url": "https://github.com/RigCor7",
            "followers_url": "https://api.github.com/users/RigCor7/followers",
            "following_url": "https://api.github.com/users/RigCor7/following{/other_user}",
            "gists_url": "https://api.github.com/users/RigCor7/gists{/gist_id}",
            "starred_url": "https://api.github.com/users/RigCor7/starred{/owner}{/repo}",
            "subscriptions_url": "https://api.github.com/users/RigCor7/subscriptions",
            "organizations_url": "https://api.github.com/users/RigCor7/orgs",
            "repos_url": "https://api.github.com/users/RigCor7/repos",
            "events_url": "https://api.github.com/users/RigCor7/events{/privacy}",
            "received_events_url": "https://api.github.com/users/RigCor7/received_events",
            "type": "User",
            "user_view_type": "public",
            "site_admin": false
        },
        "reactions": {
            "url": "https://api.github.com/repos/omarfoq/FedEM/issues/4/reactions",
            "total_count": 1,
            "+1": 1,
            "-1": 0,
            "laugh": 0,
            "hooray": 0,
            "confused": 0,
            "heart": 0,
            "rocket": 0,
            "eyes": 0
        },
        "timeline_url": "https://api.github.com/repos/omarfoq/FedEM/issues/4/timeline",
        "performed_via_github_app": null,
        "state_reason": "completed"
    },
    {
        "url": "https://api.github.com/repos/omarfoq/FedEM/issues/3",
        "repository_url": "https://api.github.com/repos/omarfoq/FedEM",
        "labels_url": "https://api.github.com/repos/omarfoq/FedEM/issues/3/labels{/name}",
        "comments_url": "https://api.github.com/repos/omarfoq/FedEM/issues/3/comments",
        "events_url": "https://api.github.com/repos/omarfoq/FedEM/issues/3/events",
        "html_url": "https://github.com/omarfoq/FedEM/issues/3",
        "id": 1195538345,
        "node_id": "I_kwDOF4uLGM5HQnep",
        "number": 3,
        "title": "Problem with the 'mix' method",
        "user": {
            "login": "NookLook2014",
            "id": 15016772,
            "node_id": "MDQ6VXNlcjE1MDE2Nzcy",
            "avatar_url": "https://avatars.githubusercontent.com/u/15016772?v=4",
            "gravatar_id": "",
            "url": "https://api.github.com/users/NookLook2014",
            "html_url": "https://github.com/NookLook2014",
            "followers_url": "https://api.github.com/users/NookLook2014/followers",
            "following_url": "https://api.github.com/users/NookLook2014/following{/other_user}",
            "gists_url": "https://api.github.com/users/NookLook2014/gists{/gist_id}",
            "starred_url": "https://api.github.com/users/NookLook2014/starred{/owner}{/repo}",
            "subscriptions_url": "https://api.github.com/users/NookLook2014/subscriptions",
            "organizations_url": "https://api.github.com/users/NookLook2014/orgs",
            "repos_url": "https://api.github.com/users/NookLook2014/repos",
            "events_url": "https://api.github.com/users/NookLook2014/events{/privacy}",
            "received_events_url": "https://api.github.com/users/NookLook2014/received_events",
            "type": "User",
            "user_view_type": "public",
            "site_admin": false
        },
        "labels": [],
        "state": "closed",
        "locked": false,
        "assignee": null,
        "assignees": [],
        "milestone": null,
        "comments": 2,
        "created_at": "2022-04-07T05:28:56Z",
        "updated_at": "2022-04-07T06:36:25Z",
        "closed_at": "2022-04-07T06:30:07Z",
        "author_association": "NONE",
        "active_lock_reason": null,
        "sub_issues_summary": {
            "total": 0,
            "completed": 0,
            "percent_completed": 0
        },
        "body": "In th aggregator.py, for the method \"mix\" in class CentralizedAggregator(Aggregator). I found that the average_learners method takes all clients as input rather than the sampled clients. Is that reasonable?  Since clients are sampled each round, i believe it should be better to average thosed sampled clients, then update the averaged global model to all clients.\r\n\r\n    def mix(self):\r\n        self.sample_clients()\r\n\r\n        for client in self.sampled_clients:\r\n            client.step()\r\n\r\n        for learner_id, learner in enumerate(self.global_learners_ensemble):\r\n            learners = [client.learners_ensemble[learner_id] for client in **self.clients**]\r\n            average_learners(learners, learner, weights=self.clients_weights)",
        "closed_by": {
            "login": "NookLook2014",
            "id": 15016772,
            "node_id": "MDQ6VXNlcjE1MDE2Nzcy",
            "avatar_url": "https://avatars.githubusercontent.com/u/15016772?v=4",
            "gravatar_id": "",
            "url": "https://api.github.com/users/NookLook2014",
            "html_url": "https://github.com/NookLook2014",
            "followers_url": "https://api.github.com/users/NookLook2014/followers",
            "following_url": "https://api.github.com/users/NookLook2014/following{/other_user}",
            "gists_url": "https://api.github.com/users/NookLook2014/gists{/gist_id}",
            "starred_url": "https://api.github.com/users/NookLook2014/starred{/owner}{/repo}",
            "subscriptions_url": "https://api.github.com/users/NookLook2014/subscriptions",
            "organizations_url": "https://api.github.com/users/NookLook2014/orgs",
            "repos_url": "https://api.github.com/users/NookLook2014/repos",
            "events_url": "https://api.github.com/users/NookLook2014/events{/privacy}",
            "received_events_url": "https://api.github.com/users/NookLook2014/received_events",
            "type": "User",
            "user_view_type": "public",
            "site_admin": false
        },
        "reactions": {
            "url": "https://api.github.com/repos/omarfoq/FedEM/issues/3/reactions",
            "total_count": 0,
            "+1": 0,
            "-1": 0,
            "laugh": 0,
            "hooray": 0,
            "confused": 0,
            "heart": 0,
            "rocket": 0,
            "eyes": 0
        },
        "timeline_url": "https://api.github.com/repos/omarfoq/FedEM/issues/3/timeline",
        "performed_via_github_app": null,
        "state_reason": "completed"
    },
    {
        "url": "https://api.github.com/repos/omarfoq/FedEM/issues/2",
        "repository_url": "https://api.github.com/repos/omarfoq/FedEM",
        "labels_url": "https://api.github.com/repos/omarfoq/FedEM/issues/2/labels{/name}",
        "comments_url": "https://api.github.com/repos/omarfoq/FedEM/issues/2/comments",
        "events_url": "https://api.github.com/repos/omarfoq/FedEM/issues/2/events",
        "html_url": "https://github.com/omarfoq/FedEM/issues/2",
        "id": 1086366342,
        "node_id": "I_kwDOF4uLGM5AwKKG",
        "number": 2,
        "title": "Data generation scripts mismatch the description in paper?",
        "user": {
            "login": "mengcz13",
            "id": 12379241,
            "node_id": "MDQ6VXNlcjEyMzc5MjQx",
            "avatar_url": "https://avatars.githubusercontent.com/u/12379241?v=4",
            "gravatar_id": "",
            "url": "https://api.github.com/users/mengcz13",
            "html_url": "https://github.com/mengcz13",
            "followers_url": "https://api.github.com/users/mengcz13/followers",
            "following_url": "https://api.github.com/users/mengcz13/following{/other_user}",
            "gists_url": "https://api.github.com/users/mengcz13/gists{/gist_id}",
            "starred_url": "https://api.github.com/users/mengcz13/starred{/owner}{/repo}",
            "subscriptions_url": "https://api.github.com/users/mengcz13/subscriptions",
            "organizations_url": "https://api.github.com/users/mengcz13/orgs",
            "repos_url": "https://api.github.com/users/mengcz13/repos",
            "events_url": "https://api.github.com/users/mengcz13/events{/privacy}",
            "received_events_url": "https://api.github.com/users/mengcz13/received_events",
            "type": "User",
            "user_view_type": "public",
            "site_admin": false
        },
        "labels": [],
        "state": "closed",
        "locked": false,
        "assignee": null,
        "assignees": [],
        "milestone": null,
        "comments": 2,
        "created_at": "2021-12-22T01:38:04Z",
        "updated_at": "2021-12-28T09:56:09Z",
        "closed_at": "2021-12-28T09:56:09Z",
        "author_association": "NONE",
        "active_lock_reason": null,
        "sub_issues_summary": {
            "total": 0,
            "completed": 0,
            "percent_completed": 0
        },
        "body": "Thanks for your interesting work! I really appreciate it and am trying to reuse some datasets you provide. However, I notice that the scripts provided cannot generate datasets matching the description in your paper...\r\n\r\nFor example, in FEMNIST, the paper claims that there are 359 clients in total after sampling (Table 1), and \"For all tasks, we randomly split each local dataset into training (60%), validation (20%) and test (20%) sets.\" (Section 4).\r\n\r\nHowever, the readme under `data/femnist` says that I should use the command `python generate_data.py --s_frac 0.2 --tr_frac 0.8 --seed 12345`, which samples >700 tasks (clients), and each client has 80% data for training and 20% for testing without any validation data.\r\n\r\nI guess that I should use something like `python generate_data.py --s_frac 0.1 --tr_frac 0.8 --val_frac 0.25 --seed 12345`?  (Still it does not match the description in the footnote of page 8 that \"subsampled 15% from FEMNIST\").\r\n\r\nI haven't checked other datasets but seems EMNIST also uses `--s_frac 0.2` (instead of 10% as claimed in the footnote) and does not include validation data.\r\n\r\nWould you like to clarify how to generate the data used in this paper better? Many thanks!",
        "closed_by": {
            "login": "omarfoq",
            "id": 42912620,
            "node_id": "MDQ6VXNlcjQyOTEyNjIw",
            "avatar_url": "https://avatars.githubusercontent.com/u/42912620?v=4",
            "gravatar_id": "",
            "url": "https://api.github.com/users/omarfoq",
            "html_url": "https://github.com/omarfoq",
            "followers_url": "https://api.github.com/users/omarfoq/followers",
            "following_url": "https://api.github.com/users/omarfoq/following{/other_user}",
            "gists_url": "https://api.github.com/users/omarfoq/gists{/gist_id}",
            "starred_url": "https://api.github.com/users/omarfoq/starred{/owner}{/repo}",
            "subscriptions_url": "https://api.github.com/users/omarfoq/subscriptions",
            "organizations_url": "https://api.github.com/users/omarfoq/orgs",
            "repos_url": "https://api.github.com/users/omarfoq/repos",
            "events_url": "https://api.github.com/users/omarfoq/events{/privacy}",
            "received_events_url": "https://api.github.com/users/omarfoq/received_events",
            "type": "User",
            "user_view_type": "public",
            "site_admin": false
        },
        "reactions": {
            "url": "https://api.github.com/repos/omarfoq/FedEM/issues/2/reactions",
            "total_count": 1,
            "+1": 1,
            "-1": 0,
            "laugh": 0,
            "hooray": 0,
            "confused": 0,
            "heart": 0,
            "rocket": 0,
            "eyes": 0
        },
        "timeline_url": "https://api.github.com/repos/omarfoq/FedEM/issues/2/timeline",
        "performed_via_github_app": null,
        "state_reason": "completed"
    },
    {
        "url": "https://api.github.com/repos/omarfoq/FedEM/issues/1",
        "repository_url": "https://api.github.com/repos/omarfoq/FedEM",
        "labels_url": "https://api.github.com/repos/omarfoq/FedEM/issues/1/labels{/name}",
        "comments_url": "https://api.github.com/repos/omarfoq/FedEM/issues/1/comments",
        "events_url": "https://api.github.com/repos/omarfoq/FedEM/issues/1/events",
        "html_url": "https://github.com/omarfoq/FedEM/issues/1",
        "id": 1070325377,
        "node_id": "I_kwDOF4uLGM4_y96B",
        "number": 1,
        "title": "Averaging manner of Aggregators: over all or only sampled clients?",
        "user": {
            "login": "yxdyc",
            "id": 67475544,
            "node_id": "MDQ6VXNlcjY3NDc1NTQ0",
            "avatar_url": "https://avatars.githubusercontent.com/u/67475544?v=4",
            "gravatar_id": "",
            "url": "https://api.github.com/users/yxdyc",
            "html_url": "https://github.com/yxdyc",
            "followers_url": "https://api.github.com/users/yxdyc/followers",
            "following_url": "https://api.github.com/users/yxdyc/following{/other_user}",
            "gists_url": "https://api.github.com/users/yxdyc/gists{/gist_id}",
            "starred_url": "https://api.github.com/users/yxdyc/starred{/owner}{/repo}",
            "subscriptions_url": "https://api.github.com/users/yxdyc/subscriptions",
            "organizations_url": "https://api.github.com/users/yxdyc/orgs",
            "repos_url": "https://api.github.com/users/yxdyc/repos",
            "events_url": "https://api.github.com/users/yxdyc/events{/privacy}",
            "received_events_url": "https://api.github.com/users/yxdyc/received_events",
            "type": "User",
            "user_view_type": "public",
            "site_admin": false
        },
        "labels": [],
        "state": "closed",
        "locked": false,
        "assignee": null,
        "assignees": [],
        "milestone": null,
        "comments": 1,
        "created_at": "2021-12-03T08:09:42Z",
        "updated_at": "2021-12-23T06:16:47Z",
        "closed_at": "2021-12-23T06:16:47Z",
        "author_association": "NONE",
        "active_lock_reason": null,
        "sub_issues_summary": {
            "total": 0,
            "completed": 0,
            "percent_completed": 0
        },
        "body": "Hi, thank you for your interesting work!  \r\n\r\nIt's nice to see the `Aggregators` support client sampling, which is natural and useful in cross-device FL scenarios.  However, I found that only the global averaging of `FFLAggregator` is conducted over sampled clients ([L717](https://github.com/omarfoq/FedEM/blob/main/aggregator.py#L717)), while all the other aggregators perform the global model averaging over all the *T* clients, e.g., [`in CentralizedAggregator`](https://github.com/omarfoq/FedEM/blob/main/aggregator.py#L300). As a result, for your [implementation](https://github.com/omarfoq/FedEM/blob/main/aggregator.py#L301), the averaging of model $w_{t+1}$ emphasizes more the global model $w_t$ from the last communication round as the non-sampled clients have not trained $w_t$ on their local data.\r\n\r\nWhy did you choose this setting rather than *averaging only over the sampled clients*? Do the conclusions hold if the experiments are conducted by averaging over the sampled clients?   Thanks\r\n\r\n",
        "closed_by": {
            "login": "yxdyc",
            "id": 67475544,
            "node_id": "MDQ6VXNlcjY3NDc1NTQ0",
            "avatar_url": "https://avatars.githubusercontent.com/u/67475544?v=4",
            "gravatar_id": "",
            "url": "https://api.github.com/users/yxdyc",
            "html_url": "https://github.com/yxdyc",
            "followers_url": "https://api.github.com/users/yxdyc/followers",
            "following_url": "https://api.github.com/users/yxdyc/following{/other_user}",
            "gists_url": "https://api.github.com/users/yxdyc/gists{/gist_id}",
            "starred_url": "https://api.github.com/users/yxdyc/starred{/owner}{/repo}",
            "subscriptions_url": "https://api.github.com/users/yxdyc/subscriptions",
            "organizations_url": "https://api.github.com/users/yxdyc/orgs",
            "repos_url": "https://api.github.com/users/yxdyc/repos",
            "events_url": "https://api.github.com/users/yxdyc/events{/privacy}",
            "received_events_url": "https://api.github.com/users/yxdyc/received_events",
            "type": "User",
            "user_view_type": "public",
            "site_admin": false
        },
        "reactions": {
            "url": "https://api.github.com/repos/omarfoq/FedEM/issues/1/reactions",
            "total_count": 0,
            "+1": 0,
            "-1": 0,
            "laugh": 0,
            "hooray": 0,
            "confused": 0,
            "heart": 0,
            "rocket": 0,
            "eyes": 0
        },
        "timeline_url": "https://api.github.com/repos/omarfoq/FedEM/issues/1/timeline",
        "performed_via_github_app": null,
        "state_reason": "completed"
    }
]