[
    {
        "url": "https://api.github.com/repos/PAIR-code/federated-learning/issues/72",
        "repository_url": "https://api.github.com/repos/PAIR-code/federated-learning",
        "labels_url": "https://api.github.com/repos/PAIR-code/federated-learning/issues/72/labels{/name}",
        "comments_url": "https://api.github.com/repos/PAIR-code/federated-learning/issues/72/comments",
        "events_url": "https://api.github.com/repos/PAIR-code/federated-learning/issues/72/events",
        "html_url": "https://github.com/PAIR-code/federated-learning/issues/72",
        "id": 667718538,
        "node_id": "MDU6SXNzdWU2Njc3MTg1Mzg=",
        "number": 72,
        "title": "Unable to Connect to server\u2026",
        "user": {
            "login": "prakhar-agarwal",
            "id": 3912359,
            "node_id": "MDQ6VXNlcjM5MTIzNTk=",
            "avatar_url": "https://avatars.githubusercontent.com/u/3912359?v=4",
            "gravatar_id": "",
            "url": "https://api.github.com/users/prakhar-agarwal",
            "html_url": "https://github.com/prakhar-agarwal",
            "followers_url": "https://api.github.com/users/prakhar-agarwal/followers",
            "following_url": "https://api.github.com/users/prakhar-agarwal/following{/other_user}",
            "gists_url": "https://api.github.com/users/prakhar-agarwal/gists{/gist_id}",
            "starred_url": "https://api.github.com/users/prakhar-agarwal/starred{/owner}{/repo}",
            "subscriptions_url": "https://api.github.com/users/prakhar-agarwal/subscriptions",
            "organizations_url": "https://api.github.com/users/prakhar-agarwal/orgs",
            "repos_url": "https://api.github.com/users/prakhar-agarwal/repos",
            "events_url": "https://api.github.com/users/prakhar-agarwal/events{/privacy}",
            "received_events_url": "https://api.github.com/users/prakhar-agarwal/received_events",
            "type": "User",
            "user_view_type": "public",
            "site_admin": false
        },
        "labels": [],
        "state": "open",
        "locked": false,
        "assignee": null,
        "assignees": [],
        "milestone": null,
        "comments": 0,
        "created_at": "2020-07-29T10:06:10Z",
        "updated_at": "2020-07-29T10:06:30Z",
        "closed_at": null,
        "author_association": "NONE",
        "type": null,
        "active_lock_reason": null,
        "sub_issues_summary": {
            "total": 0,
            "completed": 0,
            "percent_completed": 0
        },
        "body": "<img width=\"1307\" alt=\"Screen Shot 2020-07-29 at 3 02 07 AM\" src=\"https://user-images.githubusercontent.com/3912359/88786896-f2866a80-d147-11ea-9cf9-5f432cc8bcac.png\">\r\nI am trying to run the Hogwarts demo and is stuck at the following screen. Any ideas what could be the issue.\r\n\r\nTerminal output:\r\n<img width=\"1178\" alt=\"Screen Shot 2020-07-29 at 3 05 43 AM\" src=\"https://user-images.githubusercontent.com/3912359/88787243-6fb1df80-d148-11ea-9be3-840f77fbb716.png\">\r\n",
        "closed_by": null,
        "reactions": {
            "url": "https://api.github.com/repos/PAIR-code/federated-learning/issues/72/reactions",
            "total_count": 0,
            "+1": 0,
            "-1": 0,
            "laugh": 0,
            "hooray": 0,
            "confused": 0,
            "heart": 0,
            "rocket": 0,
            "eyes": 0
        },
        "timeline_url": "https://api.github.com/repos/PAIR-code/federated-learning/issues/72/timeline",
        "performed_via_github_app": null,
        "state_reason": null
    },
    {
        "url": "https://api.github.com/repos/PAIR-code/federated-learning/issues/61",
        "repository_url": "https://api.github.com/repos/PAIR-code/federated-learning",
        "labels_url": "https://api.github.com/repos/PAIR-code/federated-learning/issues/61/labels{/name}",
        "comments_url": "https://api.github.com/repos/PAIR-code/federated-learning/issues/61/comments",
        "events_url": "https://api.github.com/repos/PAIR-code/federated-learning/issues/61/events",
        "html_url": "https://github.com/PAIR-code/federated-learning/issues/61",
        "id": 491426503,
        "node_id": "MDU6SXNzdWU0OTE0MjY1MDM=",
        "number": 61,
        "title": "when I yarn Audio demo, i met this problem. Could not load source file \"../common.ts\" ",
        "user": {
            "login": "fallensnow",
            "id": 3394553,
            "node_id": "MDQ6VXNlcjMzOTQ1NTM=",
            "avatar_url": "https://avatars.githubusercontent.com/u/3394553?v=4",
            "gravatar_id": "",
            "url": "https://api.github.com/users/fallensnow",
            "html_url": "https://github.com/fallensnow",
            "followers_url": "https://api.github.com/users/fallensnow/followers",
            "following_url": "https://api.github.com/users/fallensnow/following{/other_user}",
            "gists_url": "https://api.github.com/users/fallensnow/gists{/gist_id}",
            "starred_url": "https://api.github.com/users/fallensnow/starred{/owner}{/repo}",
            "subscriptions_url": "https://api.github.com/users/fallensnow/subscriptions",
            "organizations_url": "https://api.github.com/users/fallensnow/orgs",
            "repos_url": "https://api.github.com/users/fallensnow/repos",
            "events_url": "https://api.github.com/users/fallensnow/events{/privacy}",
            "received_events_url": "https://api.github.com/users/fallensnow/received_events",
            "type": "User",
            "user_view_type": "public",
            "site_admin": false
        },
        "labels": [],
        "state": "open",
        "locked": false,
        "assignee": null,
        "assignees": [],
        "milestone": null,
        "comments": 0,
        "created_at": "2019-09-10T03:13:25Z",
        "updated_at": "2019-09-10T03:13:25Z",
        "closed_at": null,
        "author_association": "NONE",
        "type": null,
        "active_lock_reason": null,
        "sub_issues_summary": {
            "total": 0,
            "completed": 0,
            "percent_completed": 0
        },
        "body": "Could not load source file \"../common.ts\" in source map of \"node_modules/federated-learning-client/dist/common.js\".\r\n![image](https://user-images.githubusercontent.com/3394553/64581114-80842600-d3bb-11e9-997b-63acc8142a08.png)\r\n\r\n",
        "closed_by": null,
        "reactions": {
            "url": "https://api.github.com/repos/PAIR-code/federated-learning/issues/61/reactions",
            "total_count": 0,
            "+1": 0,
            "-1": 0,
            "laugh": 0,
            "hooray": 0,
            "confused": 0,
            "heart": 0,
            "rocket": 0,
            "eyes": 0
        },
        "timeline_url": "https://api.github.com/repos/PAIR-code/federated-learning/issues/61/timeline",
        "performed_via_github_app": null,
        "state_reason": null
    },
    {
        "url": "https://api.github.com/repos/PAIR-code/federated-learning/issues/59",
        "repository_url": "https://api.github.com/repos/PAIR-code/federated-learning",
        "labels_url": "https://api.github.com/repos/PAIR-code/federated-learning/issues/59/labels{/name}",
        "comments_url": "https://api.github.com/repos/PAIR-code/federated-learning/issues/59/comments",
        "events_url": "https://api.github.com/repos/PAIR-code/federated-learning/issues/59/events",
        "html_url": "https://github.com/PAIR-code/federated-learning/issues/59",
        "id": 484785072,
        "node_id": "MDU6SXNzdWU0ODQ3ODUwNzI=",
        "number": 59,
        "title": "Softmax tilts to one side (trained label) after aggregator mean computation",
        "user": {
            "login": "graykode",
            "id": 10525011,
            "node_id": "MDQ6VXNlcjEwNTI1MDEx",
            "avatar_url": "https://avatars.githubusercontent.com/u/10525011?v=4",
            "gravatar_id": "",
            "url": "https://api.github.com/users/graykode",
            "html_url": "https://github.com/graykode",
            "followers_url": "https://api.github.com/users/graykode/followers",
            "following_url": "https://api.github.com/users/graykode/following{/other_user}",
            "gists_url": "https://api.github.com/users/graykode/gists{/gist_id}",
            "starred_url": "https://api.github.com/users/graykode/starred{/owner}{/repo}",
            "subscriptions_url": "https://api.github.com/users/graykode/subscriptions",
            "organizations_url": "https://api.github.com/users/graykode/orgs",
            "repos_url": "https://api.github.com/users/graykode/repos",
            "events_url": "https://api.github.com/users/graykode/events{/privacy}",
            "received_events_url": "https://api.github.com/users/graykode/received_events",
            "type": "User",
            "user_view_type": "public",
            "site_admin": false
        },
        "labels": [],
        "state": "open",
        "locked": false,
        "assignee": null,
        "assignees": [],
        "milestone": null,
        "comments": 0,
        "created_at": "2019-08-24T06:29:44Z",
        "updated_at": "2019-08-24T08:58:20Z",
        "closed_at": null,
        "author_association": "NONE",
        "type": null,
        "active_lock_reason": null,
        "sub_issues_summary": {
            "total": 0,
            "completed": 0,
            "percent_completed": 0
        },
        "body": "Hello Authors! Thanks for sharing nice work. Your code are awesome.\r\nI try your emoji_hunt demo with my trained model.\r\nI think this is important issue to implement Ferderated Learning.\r\nAfter mean computation, Softmax tilts to one side (trained label ) was occured\r\n![image](https://user-images.githubusercontent.com/10525011/63633722-a99c7b00-c687-11e9-9a45-c685b05086df.png)\r\n\r\nI guess this is ocurring when `mean` aggreation computation.",
        "closed_by": null,
        "reactions": {
            "url": "https://api.github.com/repos/PAIR-code/federated-learning/issues/59/reactions",
            "total_count": 0,
            "+1": 0,
            "-1": 0,
            "laugh": 0,
            "hooray": 0,
            "confused": 0,
            "heart": 0,
            "rocket": 0,
            "eyes": 0
        },
        "timeline_url": "https://api.github.com/repos/PAIR-code/federated-learning/issues/59/timeline",
        "performed_via_github_app": null,
        "state_reason": null
    },
    {
        "url": "https://api.github.com/repos/PAIR-code/federated-learning/issues/51",
        "repository_url": "https://api.github.com/repos/PAIR-code/federated-learning",
        "labels_url": "https://api.github.com/repos/PAIR-code/federated-learning/issues/51/labels{/name}",
        "comments_url": "https://api.github.com/repos/PAIR-code/federated-learning/issues/51/comments",
        "events_url": "https://api.github.com/repos/PAIR-code/federated-learning/issues/51/events",
        "html_url": "https://github.com/PAIR-code/federated-learning/issues/51",
        "id": 429315050,
        "node_id": "MDU6SXNzdWU0MjkzMTUwNTA=",
        "number": 51,
        "title": "No save handlers found for the URL",
        "user": {
            "login": "raghu20ram",
            "id": 31058387,
            "node_id": "MDQ6VXNlcjMxMDU4Mzg3",
            "avatar_url": "https://avatars.githubusercontent.com/u/31058387?v=4",
            "gravatar_id": "",
            "url": "https://api.github.com/users/raghu20ram",
            "html_url": "https://github.com/raghu20ram",
            "followers_url": "https://api.github.com/users/raghu20ram/followers",
            "following_url": "https://api.github.com/users/raghu20ram/following{/other_user}",
            "gists_url": "https://api.github.com/users/raghu20ram/gists{/gist_id}",
            "starred_url": "https://api.github.com/users/raghu20ram/starred{/owner}{/repo}",
            "subscriptions_url": "https://api.github.com/users/raghu20ram/subscriptions",
            "organizations_url": "https://api.github.com/users/raghu20ram/orgs",
            "repos_url": "https://api.github.com/users/raghu20ram/repos",
            "events_url": "https://api.github.com/users/raghu20ram/events{/privacy}",
            "received_events_url": "https://api.github.com/users/raghu20ram/received_events",
            "type": "User",
            "user_view_type": "public",
            "site_admin": false
        },
        "labels": [],
        "state": "open",
        "locked": false,
        "assignee": null,
        "assignees": [],
        "milestone": null,
        "comments": 0,
        "created_at": "2019-04-04T14:35:13Z",
        "updated_at": "2019-04-04T14:35:55Z",
        "closed_at": null,
        "author_association": "NONE",
        "type": null,
        "active_lock_reason": null,
        "sub_issues_summary": {
            "total": 0,
            "completed": 0,
            "percent_completed": 0
        },
        "body": "Hi , I have been trying to run the tff server. I facing the below issue can anyone please help me out.\r\n```\r\n(node:19400) UnhandledPromiseRejectionWarning: Error: Cannot find any save handlers for URL 'file://D:Projects/1554387814204'\r\nwarning.js:18\r\n    at new ValueError (D:\\Projects\\tff_server\\node_modules\\@tensorflow\\tfjs-layers\\dist\\errors.js:36:28)\r\n        at Model.<anonymous> (D:\\Projects\\tff_server\\node_modules\\@tensorflow\\tfjs-layers\\dist\\engine\\training.js:1161:39)\r\n    at step (D:\\Projects\\tff_server\\node_modules\\@tensorflow\\tfjs-layers\\dist\\engine\\training.js:42:23)\r\n    at Object.next (D:\\Projects\\tff_server\\node_modules\\@tensorflow\\tfjs-layers\\dist\\engine\\training.js:23:53)\r\n    at D:\\Projects\\tff_server\\node_modules\\@tensorflow\\tfjs-layers\\dist\\engine\\training.js:17:71\r\n    at new Promise (<anonymous>)\r\n    at __awaiter (D:\\Projects\\tff_server\\node_modules\\@tensorflow\\tfjs-layers\\dist\\engine\\training.js:13:12)\r\n    at Model.save (D:\\Projects\\tff_server\\node_modules\\@tensorflow\\tfjs-layers\\dist\\engine\\training.js:1153:16)\r\n    at FederatedServerTfModel.<anonymous> (d:\\Projects\\tff_server\\federated-learning-server\\models.ts:111:22)\r\n    at step (D:\\Projects\\tff_server\\federated-learning-server\\dist\\models.js:42:23)\r\n(node:19400) UnhandledPromiseRejectionWarning: Unhandled promise rejection. This error originated either by throwing inside of an async function without a catch block, or by rejecting a promise which was not handled with .catch(). (rejection id: 2)\r\nwarning.js:18\r\n(node:19400) [DEP0018] DeprecationWarning: Unhandled promise rejections are deprecated. In the future, promise rejections that are not handled will terminate the Node.js process with a non-zero exit code.\r\nwarning.js:18\r\n```",
        "closed_by": null,
        "reactions": {
            "url": "https://api.github.com/repos/PAIR-code/federated-learning/issues/51/reactions",
            "total_count": 0,
            "+1": 0,
            "-1": 0,
            "laugh": 0,
            "hooray": 0,
            "confused": 0,
            "heart": 0,
            "rocket": 0,
            "eyes": 0
        },
        "timeline_url": "https://api.github.com/repos/PAIR-code/federated-learning/issues/51/timeline",
        "performed_via_github_app": null,
        "state_reason": null
    },
    {
        "url": "https://api.github.com/repos/PAIR-code/federated-learning/issues/50",
        "repository_url": "https://api.github.com/repos/PAIR-code/federated-learning",
        "labels_url": "https://api.github.com/repos/PAIR-code/federated-learning/issues/50/labels{/name}",
        "comments_url": "https://api.github.com/repos/PAIR-code/federated-learning/issues/50/comments",
        "events_url": "https://api.github.com/repos/PAIR-code/federated-learning/issues/50/events",
        "html_url": "https://github.com/PAIR-code/federated-learning/issues/50",
        "id": 428824414,
        "node_id": "MDU6SXNzdWU0Mjg4MjQ0MTQ=",
        "number": 50,
        "title": "Error while running  tff server",
        "user": {
            "login": "raghu20ram",
            "id": 31058387,
            "node_id": "MDQ6VXNlcjMxMDU4Mzg3",
            "avatar_url": "https://avatars.githubusercontent.com/u/31058387?v=4",
            "gravatar_id": "",
            "url": "https://api.github.com/users/raghu20ram",
            "html_url": "https://github.com/raghu20ram",
            "followers_url": "https://api.github.com/users/raghu20ram/followers",
            "following_url": "https://api.github.com/users/raghu20ram/following{/other_user}",
            "gists_url": "https://api.github.com/users/raghu20ram/gists{/gist_id}",
            "starred_url": "https://api.github.com/users/raghu20ram/starred{/owner}{/repo}",
            "subscriptions_url": "https://api.github.com/users/raghu20ram/subscriptions",
            "organizations_url": "https://api.github.com/users/raghu20ram/orgs",
            "repos_url": "https://api.github.com/users/raghu20ram/repos",
            "events_url": "https://api.github.com/users/raghu20ram/events{/privacy}",
            "received_events_url": "https://api.github.com/users/raghu20ram/received_events",
            "type": "User",
            "user_view_type": "public",
            "site_admin": false
        },
        "labels": [],
        "state": "open",
        "locked": false,
        "assignee": null,
        "assignees": [],
        "milestone": null,
        "comments": 0,
        "created_at": "2019-04-03T15:11:17Z",
        "updated_at": "2019-04-03T15:11:34Z",
        "closed_at": null,
        "author_association": "NONE",
        "type": null,
        "active_lock_reason": null,
        "sub_issues_summary": {
            "total": 0,
            "completed": 0,
            "percent_completed": 0
        },
        "body": "Hi , this is a great work. I have tried running the server using the below code \r\n```\r\nimport * as http from 'http';\r\nimport * as federated from 'federated-learning-server';\r\n\r\nconst INIT_MODEL = 'file:///initial/model.json';\r\nconst webServer = http.createServer(); // can also use https\r\nconst fedServer = new federated.Server(webServer, INIT_MODEL);\r\n\r\nfedServer.setup().then(() => {\r\n  webServer.listen(80);\r\n});\r\n```\r\nI have passed my pretrained keras model which was converted to tfjs. I am facing the below error \r\n`\r\n(node:8028) UnhandledPromiseRejectionWarning: Error: Unknown loss categoricalCrossEntropy\r\n    at new ValueError (D:\\Projects\\federated-learning\\src\\server\\node_modules\\@tensorflow\\tfjs-layers\\dist\\errors.js:36:28)\r\n`\r\nCan you please help out!. TIA\r\n\r\n",
        "closed_by": null,
        "reactions": {
            "url": "https://api.github.com/repos/PAIR-code/federated-learning/issues/50/reactions",
            "total_count": 0,
            "+1": 0,
            "-1": 0,
            "laugh": 0,
            "hooray": 0,
            "confused": 0,
            "heart": 0,
            "rocket": 0,
            "eyes": 0
        },
        "timeline_url": "https://api.github.com/repos/PAIR-code/federated-learning/issues/50/timeline",
        "performed_via_github_app": null,
        "state_reason": null
    },
    {
        "url": "https://api.github.com/repos/PAIR-code/federated-learning/issues/47",
        "repository_url": "https://api.github.com/repos/PAIR-code/federated-learning",
        "labels_url": "https://api.github.com/repos/PAIR-code/federated-learning/issues/47/labels{/name}",
        "comments_url": "https://api.github.com/repos/PAIR-code/federated-learning/issues/47/comments",
        "events_url": "https://api.github.com/repos/PAIR-code/federated-learning/issues/47/events",
        "html_url": "https://github.com/PAIR-code/federated-learning/issues/47",
        "id": 421858009,
        "node_id": "MDU6SXNzdWU0MjE4NTgwMDk=",
        "number": 47,
        "title": "Error when installing emoji server",
        "user": {
            "login": "VatsaPatel",
            "id": 16976367,
            "node_id": "MDQ6VXNlcjE2OTc2MzY3",
            "avatar_url": "https://avatars.githubusercontent.com/u/16976367?v=4",
            "gravatar_id": "",
            "url": "https://api.github.com/users/VatsaPatel",
            "html_url": "https://github.com/VatsaPatel",
            "followers_url": "https://api.github.com/users/VatsaPatel/followers",
            "following_url": "https://api.github.com/users/VatsaPatel/following{/other_user}",
            "gists_url": "https://api.github.com/users/VatsaPatel/gists{/gist_id}",
            "starred_url": "https://api.github.com/users/VatsaPatel/starred{/owner}{/repo}",
            "subscriptions_url": "https://api.github.com/users/VatsaPatel/subscriptions",
            "organizations_url": "https://api.github.com/users/VatsaPatel/orgs",
            "repos_url": "https://api.github.com/users/VatsaPatel/repos",
            "events_url": "https://api.github.com/users/VatsaPatel/events{/privacy}",
            "received_events_url": "https://api.github.com/users/VatsaPatel/received_events",
            "type": "User",
            "user_view_type": "public",
            "site_admin": false
        },
        "labels": [],
        "state": "open",
        "locked": false,
        "assignee": null,
        "assignees": [],
        "milestone": null,
        "comments": 1,
        "created_at": "2019-03-16T22:12:50Z",
        "updated_at": "2019-03-18T20:10:23Z",
        "closed_at": null,
        "author_association": "NONE",
        "type": null,
        "active_lock_reason": null,
        "sub_issues_summary": {
            "total": 0,
            "completed": 0,
            "percent_completed": 0
        },
        "body": "common.ts:103:16 - error TS7017: Element implicitly has an 'any' type because type '{ 'float32': Float32ArrayConstructor; 'int32': Int32ArrayConstructor; 'bool': Uint8ArrayConstruct...' has no index signature.\r\n\r\n103   const ctor = dtypeToTypedArrayCtor[dtype];\r\n                   ~~~~~~~~~~~~~~~~~~~~~~~~~~~~\r\n\r\n\r\nmodels.ts:227:3 - error TS2322: Type '{ data: Uint8Array; json: { meta: { shape: number[] | [number, number] | [number, number, number,...' is not assignable to type 'FlatVars'.\r\n  Types of property 'json' are incompatible.\r\n    Type '{ meta: { shape: number[] | [number, number] | [number, number, number, number] | [number, number...' is not assignable to type '{ meta: { shape: number[]; dtype: \"float32\" | \"int32\" | \"bool\"; }[]; byteOffsets: number[]; }'.\r\n      Types of property 'meta' are incompatible.\r\n        Type '{ shape: number[] | [number, number] | [number, number, number, number] | [number, number, number...' is not assignable to type '{ shape: number[]; dtype: \"float32\" | \"int32\" | \"bool\"; }[]'.\r\n          Type '{ shape: number[] | [number, number] | [number, number, number, number] | [number, number, number...' is not assignable to type '{ shape: number[]; dtype: \"float32\" | \"int32\" | \"bool\"; }'.\r\n            Types of property 'dtype' are incompatible.\r\n              Type '\"float32\" | \"int32\" | \"bool\" | \"complex64\"' is not assignable to type '\"float32\" | \"int32\" | \"bool\"'.\r\n                Type '\"complex64\"' is not assignable to type '\"float32\" | \"int32\" | \"bool\"'.\r\n\r\n227   return {data: dataArr, json: {meta, byteOffsets}};\r\n      ~~~~~~~~~~~~~~~~~~~~~~~~~~~~~~~~~~~~~~~~~~~~~~~~~~\r\n\r\n\r\nnode_modules/@tensorflow/tfjs-core/dist/kernels/webgl/gpgpu_context.d.ts:15:27 - error TS2304: Cannot find name 'WebGLLoseContext'.\r\n\r\n15     loseContextExtension: WebGLLoseContext;\r\n                             ~~~~~~~~~~~~~~~~\r\n\r\n\r\nerror Command failed with exit code 2.\r\ninfo Visit https://yarnpkg.com/en/docs/cli/run for documentation about this command.\r\nerror Command failed with exit code 1.\r\ninfo Visit https://yarnpkg.com/en/docs/cli/run for documentation about this command.\r\n$ yarn postinstall && parcel build index.html\r\n$ ./postinstall.sh\r\n$ rm -rf dist/ && yarn && yarn build && yalc publish\r\n[1/4] \ud83d\udd0d  Resolving packages...\r\nsuccess Already up-to-date.\r\n$ tsc\r\nfederated-learning-client@0.0.5-1634489f published in store.\r\nfederated-learning-client@0.0.5-1634489f linked ==> /Users/vatsa/Desktop/Proj/federated-learning-master/demo/emoji_hunt/client/node_modules/federated-learning-client\r\n/bin/sh: parcel: command not found\r\nerror Command failed with exit code 127.\r\ninfo Visit https://yarnpkg.com/en/docs/cli/run for documentation about this command.\r\nfederated-learning-server@0.0.5-d8a88bae linked ==> /Users/vatsa/Desktop/Proj/federated-learning-master/demo/emoji_hunt/server/node_modules/federated-learning-server\r\nerror Command \"parcel\" not found.\r\ninfo Visit https://yarnpkg.com/en/docs/cli/run for documentation about this command.\r\nTypeError: Object prototype may only be an Object or null: undefined\r\n    at setPrototypeOf (<anonymous>)\r\n    at __extends (/Users/vatsa/Desktop/Proj/federated-learning-master/demo/emoji_hunt/server/node_modules/@tensorflow/tfjs-node/dist/nodejs_kernel_backend.js:7:9)\r\n    at /Users/vatsa/Desktop/Proj/federated-learning-master/demo/emoji_hunt/server/node_modules/@tensorflow/tfjs-node/dist/nodejs_kernel_backend.js:53:5\r\n    at Object.<anonymous> (/Users/vatsa/Desktop/Proj/federated-learning-master/demo/emoji_hunt/server/node_modules/@tensorflow/tfjs-node/dist/nodejs_kernel_backend.js:1100:2)\r\n    at Module._compile (internal/modules/cjs/loader.js:701:30)\r\n    at Module._extensions..js (internal/modules/cjs/loader.js:712:10)\r\n    at Object.nodeDevHook [as .js] (/Users/vatsa/Desktop/Proj/federated-learning-master/demo/emoji_hunt/server/node_modules/ts-node-dev/lib/hook.js:61:7)\r\n    at Module.load (internal/modules/cjs/loader.js:600:32)\r\n    at tryModuleLoad (internal/modules/cjs/loader.js:539:12)\r\n    at Function.Module._load (internal/modules/cjs/loader.js:531:3)\r\n[ERROR] 03:37:32 TypeError: Object prototype may only be an Object or null: undefined",
        "closed_by": null,
        "reactions": {
            "url": "https://api.github.com/repos/PAIR-code/federated-learning/issues/47/reactions",
            "total_count": 0,
            "+1": 0,
            "-1": 0,
            "laugh": 0,
            "hooray": 0,
            "confused": 0,
            "heart": 0,
            "rocket": 0,
            "eyes": 0
        },
        "timeline_url": "https://api.github.com/repos/PAIR-code/federated-learning/issues/47/timeline",
        "performed_via_github_app": null,
        "state_reason": null
    },
    {
        "url": "https://api.github.com/repos/PAIR-code/federated-learning/issues/46",
        "repository_url": "https://api.github.com/repos/PAIR-code/federated-learning",
        "labels_url": "https://api.github.com/repos/PAIR-code/federated-learning/issues/46/labels{/name}",
        "comments_url": "https://api.github.com/repos/PAIR-code/federated-learning/issues/46/comments",
        "events_url": "https://api.github.com/repos/PAIR-code/federated-learning/issues/46/events",
        "html_url": "https://github.com/PAIR-code/federated-learning/issues/46",
        "id": 395551501,
        "node_id": "MDU6SXNzdWUzOTU1NTE1MDE=",
        "number": 46,
        "title": "Tutorial?",
        "user": {
            "login": "anupamme",
            "id": 667857,
            "node_id": "MDQ6VXNlcjY2Nzg1Nw==",
            "avatar_url": "https://avatars.githubusercontent.com/u/667857?v=4",
            "gravatar_id": "",
            "url": "https://api.github.com/users/anupamme",
            "html_url": "https://github.com/anupamme",
            "followers_url": "https://api.github.com/users/anupamme/followers",
            "following_url": "https://api.github.com/users/anupamme/following{/other_user}",
            "gists_url": "https://api.github.com/users/anupamme/gists{/gist_id}",
            "starred_url": "https://api.github.com/users/anupamme/starred{/owner}{/repo}",
            "subscriptions_url": "https://api.github.com/users/anupamme/subscriptions",
            "organizations_url": "https://api.github.com/users/anupamme/orgs",
            "repos_url": "https://api.github.com/users/anupamme/repos",
            "events_url": "https://api.github.com/users/anupamme/events{/privacy}",
            "received_events_url": "https://api.github.com/users/anupamme/received_events",
            "type": "User",
            "user_view_type": "public",
            "site_admin": false
        },
        "labels": [],
        "state": "open",
        "locked": false,
        "assignee": null,
        "assignees": [],
        "milestone": null,
        "comments": 5,
        "created_at": "2019-01-03T12:11:02Z",
        "updated_at": "2019-05-09T09:58:20Z",
        "closed_at": null,
        "author_association": "NONE",
        "type": null,
        "active_lock_reason": null,
        "sub_issues_summary": {
            "total": 0,
            "completed": 0,
            "percent_completed": 0
        },
        "body": "Hello,\r\n\r\nIs there a tutorial to get started on this repo? I would like to run it on 1 server and n clients to see how it works.\r\n\r\nI started with the demos but could not make them to run, got the same issue which other people have reported.\r\n\r\nIs there a tutorial or any other help?",
        "closed_by": null,
        "reactions": {
            "url": "https://api.github.com/repos/PAIR-code/federated-learning/issues/46/reactions",
            "total_count": 0,
            "+1": 0,
            "-1": 0,
            "laugh": 0,
            "hooray": 0,
            "confused": 0,
            "heart": 0,
            "rocket": 0,
            "eyes": 0
        },
        "timeline_url": "https://api.github.com/repos/PAIR-code/federated-learning/issues/46/timeline",
        "performed_via_github_app": null,
        "state_reason": null
    },
    {
        "url": "https://api.github.com/repos/PAIR-code/federated-learning/issues/44",
        "repository_url": "https://api.github.com/repos/PAIR-code/federated-learning",
        "labels_url": "https://api.github.com/repos/PAIR-code/federated-learning/issues/44/labels{/name}",
        "comments_url": "https://api.github.com/repos/PAIR-code/federated-learning/issues/44/comments",
        "events_url": "https://api.github.com/repos/PAIR-code/federated-learning/issues/44/events",
        "html_url": "https://github.com/PAIR-code/federated-learning/issues/44",
        "id": 372606088,
        "node_id": "MDU6SXNzdWUzNzI2MDYwODg=",
        "number": 44,
        "title": "RangeError: Invalid typed array length: 216",
        "user": {
            "login": "loretoparisi",
            "id": 163333,
            "node_id": "MDQ6VXNlcjE2MzMzMw==",
            "avatar_url": "https://avatars.githubusercontent.com/u/163333?v=4",
            "gravatar_id": "",
            "url": "https://api.github.com/users/loretoparisi",
            "html_url": "https://github.com/loretoparisi",
            "followers_url": "https://api.github.com/users/loretoparisi/followers",
            "following_url": "https://api.github.com/users/loretoparisi/following{/other_user}",
            "gists_url": "https://api.github.com/users/loretoparisi/gists{/gist_id}",
            "starred_url": "https://api.github.com/users/loretoparisi/starred{/owner}{/repo}",
            "subscriptions_url": "https://api.github.com/users/loretoparisi/subscriptions",
            "organizations_url": "https://api.github.com/users/loretoparisi/orgs",
            "repos_url": "https://api.github.com/users/loretoparisi/repos",
            "events_url": "https://api.github.com/users/loretoparisi/events{/privacy}",
            "received_events_url": "https://api.github.com/users/loretoparisi/received_events",
            "type": "User",
            "user_view_type": "public",
            "site_admin": false
        },
        "labels": [],
        "state": "open",
        "locked": false,
        "assignee": null,
        "assignees": [],
        "milestone": null,
        "comments": 2,
        "created_at": "2018-10-22T16:57:52Z",
        "updated_at": "2019-01-05T16:12:39Z",
        "closed_at": null,
        "author_association": "NONE",
        "type": null,
        "active_lock_reason": null,
        "sub_issues_summary": {
            "total": 0,
            "completed": 0,
            "percent_completed": 0
        },
        "body": "I get this error after running `yarn dev` in the `demo/emoji_hunt/server` demo.\r\n\r\n\r\n```\r\n$ yarn postinstall && ./deploy.sh\r\n$ ./postinstall.sh\r\n$ rm -rf dist/ && yarn && yarn build && yalc publish\r\n[1/4] \ud83d\udd0d  Resolving packages...\r\nsuccess Already up-to-date.\r\n$ tsc\r\nfederated-learning-server@0.0.5-d8a88bae published in store.\r\n$ yarn postinstall && parcel build index.html\r\n$ ./postinstall.sh\r\n$ rm -rf dist/ && yarn && yarn build && yalc publish\r\n[1/4] \ud83d\udd0d  Resolving packages...\r\nsuccess Already up-to-date.\r\n$ tsc\r\nfederated-learning-client@0.0.5-26e325e7 published in store.\r\nfederated-learning-client@0.0.5-26e325e7 linked ==> /Users/loretoparisi/Documents/Projects/AI/federated-learning/demo/emoji_hunt/client/node_modules/federated-learning-client\r\n[1/4] Resolving packages...\r\n[2/4] Fetching packages...\r\nwarning Pattern [\"babel-core@^6.26.3\"] is trying to unpack in the same destination \"/Users/loretoparisi/Library/Caches/Yarn/v1/npm-babel-core-6.26.3-b2e2f09e342d0f0c88e2f02e067794125e75c207\" as pattern [\"babel-core@^6.25.0\",\"babel-core@^6.26.0\"]. This could result in non-deterministic behavior, skipping.\r\n[3/4] Linking dependencies...\r\nwarning \" > @tensorflow/tfjs-converter@0.5.2\" has unmet peer dependency \"@tensorflow/tfjs-core@~0.12.4\".\r\nerror An unexpected error occurred: \"Reduce of empty array with no initial value\".\r\ninfo If you think this is a bug, please open a bug report with the information provided in \"/Users/loretoparisi/Documents/Projects/AI/federated-learning/demo/emoji_hunt/client/yarn-error.log\".\r\ninfo Visit https://yarnpkg.com/en/docs/cli/add for documentation about this command.\r\n\ud83d\udea8  /Users/loretoparisi/Documents/Projects/AI/federated-learning/demo/emoji_hunt/client/index.html: Failed to install babel-core.\r\n    at PromiseQueue.install [as process] (/usr/local/lib/node_modules/parcel/src/utils/installPackage.js:46:11)\r\n    at <anonymous>\r\nerror Command failed with exit code 1.\r\ninfo Visit https://yarnpkg.com/en/docs/cli/run for documentation about this command.\r\nfederated-learning-server@0.0.5-d8a88bae linked ==> /Users/loretoparisi/Documents/Projects/AI/federated-learning/demo/emoji_hunt/server/node_modules/federated-learning-server\r\nerror Command \"parcel\" not found.\r\ninfo Visit https://yarnpkg.com/en/docs/cli/run for documentation about this command.\r\n2018-10-22 18:56:52.407559: I tensorflow/core/platform/cpu_feature_guard.cc:140] Your CPU supports instructions that this TensorFlow binary was not compiled to use: SSE4.2 AVX AVX2 FMA\r\n1\r\n(node:74723) Warning: N-API is an experimental feature and could change at any time.\r\nRangeError: Invalid typed array length: 216\r\n    at typedArrayConstructByArrayBuffer (<anonymous>)\r\n    at new Float32Array (native)\r\n    at /Users/loretoparisi/Documents/Projects/AI/federated-learning/demo/emoji_hunt/server/.yalc/federated-learning-server/dist/models.js:391:19\r\n    at Array.map (<anonymous>)\r\n    at flatDeserialize (/Users/loretoparisi/Documents/Projects/AI/federated-learning/demo/emoji_hunt/server/.yalc/federated-learning-server/dist/models.js:388:24)\r\n    at FederatedServerDynamicModel.<anonymous> (/Users/loretoparisi/Documents/Projects/AI/federated-learning/demo/emoji_hunt/server/.yalc/federated-learning-server/dist/models.js:334:36)\r\n    at step (/Users/loretoparisi/Documents/Projects/AI/federated-learning/demo/emoji_hunt/server/.yalc/federated-learning-server/dist/models.js:42:23)\r\n    at Object.next (/Users/loretoparisi/Documents/Projects/AI/federated-learning/demo/emoji_hunt/server/.yalc/federated-learning-server/dist/models.js:23:53)\r\n    at fulfilled (/Users/loretoparisi/Documents/Projects/AI/federated-learning/demo/emoji_hunt/server/.yalc/federated-learning-server/dist/models.js:14:58)\r\n    at <anonymous>\r\n\u2728  Done in 21.70s.\r\n```",
        "closed_by": null,
        "reactions": {
            "url": "https://api.github.com/repos/PAIR-code/federated-learning/issues/44/reactions",
            "total_count": 0,
            "+1": 0,
            "-1": 0,
            "laugh": 0,
            "hooray": 0,
            "confused": 0,
            "heart": 0,
            "rocket": 0,
            "eyes": 0
        },
        "timeline_url": "https://api.github.com/repos/PAIR-code/federated-learning/issues/44/timeline",
        "performed_via_github_app": null,
        "state_reason": null
    },
    {
        "url": "https://api.github.com/repos/PAIR-code/federated-learning/issues/43",
        "repository_url": "https://api.github.com/repos/PAIR-code/federated-learning",
        "labels_url": "https://api.github.com/repos/PAIR-code/federated-learning/issues/43/labels{/name}",
        "comments_url": "https://api.github.com/repos/PAIR-code/federated-learning/issues/43/comments",
        "events_url": "https://api.github.com/repos/PAIR-code/federated-learning/issues/43/events",
        "html_url": "https://github.com/PAIR-code/federated-learning/issues/43",
        "id": 359342658,
        "node_id": "MDU6SXNzdWUzNTkzNDI2NTg=",
        "number": 43,
        "title": "Error in Emoji hunt demo",
        "user": {
            "login": "v7t-codes",
            "id": 13525186,
            "node_id": "MDQ6VXNlcjEzNTI1MTg2",
            "avatar_url": "https://avatars.githubusercontent.com/u/13525186?v=4",
            "gravatar_id": "",
            "url": "https://api.github.com/users/v7t-codes",
            "html_url": "https://github.com/v7t-codes",
            "followers_url": "https://api.github.com/users/v7t-codes/followers",
            "following_url": "https://api.github.com/users/v7t-codes/following{/other_user}",
            "gists_url": "https://api.github.com/users/v7t-codes/gists{/gist_id}",
            "starred_url": "https://api.github.com/users/v7t-codes/starred{/owner}{/repo}",
            "subscriptions_url": "https://api.github.com/users/v7t-codes/subscriptions",
            "organizations_url": "https://api.github.com/users/v7t-codes/orgs",
            "repos_url": "https://api.github.com/users/v7t-codes/repos",
            "events_url": "https://api.github.com/users/v7t-codes/events{/privacy}",
            "received_events_url": "https://api.github.com/users/v7t-codes/received_events",
            "type": "User",
            "user_view_type": "public",
            "site_admin": false
        },
        "labels": [],
        "state": "open",
        "locked": false,
        "assignee": null,
        "assignees": [],
        "milestone": null,
        "comments": 1,
        "created_at": "2018-09-12T07:06:04Z",
        "updated_at": "2019-04-05T10:29:15Z",
        "closed_at": null,
        "author_association": "NONE",
        "type": null,
        "active_lock_reason": null,
        "sub_issues_summary": {
            "total": 0,
            "completed": 0,
            "percent_completed": 0
        },
        "body": "I get the following error when I run `yarn dev` to setup the federated server\r\n\r\n`RangeError: Invalid typed array length: 424424\r\n    at new Float32Array (<anonymous>)\r\n    at /home/psi/flp/federated-learning/demo/emoji_hunt/server/.yalc/federated-learning-server/dist/models.js:391:19\r\n    at Array.map (<anonymous>)\r\n    at flatDeserialize (/home/psi/flp/federated-learning/demo/emoji_hunt/server/.yalc/federated-learning-server/dist/models.js:388:24)\r\n    at FederatedServerDynamicModel.<anonymous> (/home/psi/flp/federated-learning/demo/emoji_hunt/server/.yalc/federated-learning-server/dist/models.js:334:36)\r\n    at step (/home/psi/flp/federated-learning/demo/emoji_hunt/server/.yalc/federated-learning-server/dist/models.js:42:23)\r\n    at Object.next (/home/psi/flp/federated-learning/demo/emoji_hunt/server/.yalc/federated-learning-server/dist/models.js:23:53)\r\n    at fulfilled (/home/psi/flp/federated-learning/demo/emoji_hunt/server/.yalc/federated-learning-server/dist/models.js:14:58)`\r\n\r\nHere is the snippet that the error points to: \r\n381:  exports.flatSerialize = flatSerialize;\r\n             function flatDeserialize(_a) {\r\n             var data = _a.data, _b = _a.json, meta = _b.meta, byteOffsets = _b.byteOffsets;\r\n             var numels = meta.map(function (_a) {\r\n             var shape = _a.shape;\r\n             return shape.reduce(function (x, y) { return x * y; }, 1);\r\n          });\r\n        var tensors = meta.map(function (_a, i) {\r\n        var shape = _a.shape, dtype = _a.dtype;\r\n        var ctor = common_1.dtypeToTypedArrayCtor[dtype];\r\n        var arr = new ctor(data.buffer, byteOffsets[i], numels[i]);\r\n        return tf.tensor(arr, shape, dtype);\r\n        });\r\n        return tensors;\r\n395: }\r\n",
        "closed_by": null,
        "reactions": {
            "url": "https://api.github.com/repos/PAIR-code/federated-learning/issues/43/reactions",
            "total_count": 0,
            "+1": 0,
            "-1": 0,
            "laugh": 0,
            "hooray": 0,
            "confused": 0,
            "heart": 0,
            "rocket": 0,
            "eyes": 0
        },
        "timeline_url": "https://api.github.com/repos/PAIR-code/federated-learning/issues/43/timeline",
        "performed_via_github_app": null,
        "state_reason": null
    },
    {
        "url": "https://api.github.com/repos/PAIR-code/federated-learning/issues/42",
        "repository_url": "https://api.github.com/repos/PAIR-code/federated-learning",
        "labels_url": "https://api.github.com/repos/PAIR-code/federated-learning/issues/42/labels{/name}",
        "comments_url": "https://api.github.com/repos/PAIR-code/federated-learning/issues/42/comments",
        "events_url": "https://api.github.com/repos/PAIR-code/federated-learning/issues/42/events",
        "html_url": "https://github.com/PAIR-code/federated-learning/issues/42",
        "id": 358622394,
        "node_id": "MDU6SXNzdWUzNTg2MjIzOTQ=",
        "number": 42,
        "title": "Error Hogwarts Demo",
        "user": {
            "login": "setsometso",
            "id": 42881299,
            "node_id": "MDQ6VXNlcjQyODgxMjk5",
            "avatar_url": "https://avatars.githubusercontent.com/u/42881299?v=4",
            "gravatar_id": "",
            "url": "https://api.github.com/users/setsometso",
            "html_url": "https://github.com/setsometso",
            "followers_url": "https://api.github.com/users/setsometso/followers",
            "following_url": "https://api.github.com/users/setsometso/following{/other_user}",
            "gists_url": "https://api.github.com/users/setsometso/gists{/gist_id}",
            "starred_url": "https://api.github.com/users/setsometso/starred{/owner}{/repo}",
            "subscriptions_url": "https://api.github.com/users/setsometso/subscriptions",
            "organizations_url": "https://api.github.com/users/setsometso/orgs",
            "repos_url": "https://api.github.com/users/setsometso/repos",
            "events_url": "https://api.github.com/users/setsometso/events{/privacy}",
            "received_events_url": "https://api.github.com/users/setsometso/received_events",
            "type": "User",
            "user_view_type": "public",
            "site_admin": false
        },
        "labels": [],
        "state": "open",
        "locked": false,
        "assignee": null,
        "assignees": [],
        "milestone": null,
        "comments": 3,
        "created_at": "2018-09-10T13:27:12Z",
        "updated_at": "2019-01-05T16:08:32Z",
        "closed_at": null,
        "author_association": "NONE",
        "type": null,
        "active_lock_reason": null,
        "sub_issues_summary": {
            "total": 0,
            "completed": 0,
            "percent_completed": 0
        },
        "body": "Hi there, i cant start the hogwarts Demo. I am using mac os.\r\n\r\n> federated-learning-client@0.0.5-26e325e7 linked ==> /Users/21222433/Documents/TensorFlow_Fed/demo/audio/client/node_modules/federated-learning-client\r\n> events.js:167\r\n>       throw er; // Unhandled 'error' event\r\n>       ^\r\n> \r\n> Error: spawn parcel ENOENT\r\n>     at Process.ChildProcess._handle.onexit (internal/child_process.js:232:19)\r\n>     at onErrorNT (internal/child_process.js:407:16)\r\n>     at process._tickCallback (internal/process/next_tick.js:63:19)\r\n>     at Function.Module.runMain (internal/modules/cjs/loader.js:745:11)\r\n>     at startup (internal/bootstrap/node.js:279:19)\r\n>     at bootstrapNodeJSCore (internal/bootstrap/node.js:696:3)\r\n> Emitted 'error' event at:\r\n>     at Process.ChildProcess._handle.onexit (internal/child_process.js:238:12)\r\n>     at onErrorNT (internal/child_process.js:407:16)\r\n>     [... lines matching original stack trace ...]\r\n>     at bootstrapNodeJSCore (internal/bootstrap/node.js:696:3)\r\n> error Command failed with exit code 1.\r\n> info Visit https://yarnpkg.com/en/docs/cli/run for documentation about this command.\r\n> cp: dist/*: No such file or directory\r\n> 2018-09-12 14:12:26.826263: I tensorflow/core/platform/cpu_feature_guard.cc:140] Your CPU supports instructions that this TensorFlow binary was not compiled to use: SSE4.2 AVX AVX2 FMA\r\n> (node:10800) UnhandledPromiseRejectionWarning: FetchError: invalid json response body at https://storage.googleapis.com/tfjs-speech-command-model-14w/model.json reason: Unexpected token < in JSON at position 0\r\n>     at /Users/u719611/Documents/TensorFlow_Fed/demo/audio/server/node_modules/node-fetch/lib/index.js:239:32\r\n>     at process._tickCallback (internal/process/next_tick.js:68:7)\r\n> (node:10800) UnhandledPromiseRejectionWarning: Unhandled promise rejection. This error originated either by throwing inside of an async function without a catch block, or by rejecting a promise which was not handled with .catch(). (rejection id: 2)\r\n> (node:10800) [DEP0018] DeprecationWarning: Unhandled promise rejections are deprecated. In the future, promise rejections that are not handled will terminate the Node.js process with a non-zero exit code.\r\n",
        "closed_by": null,
        "reactions": {
            "url": "https://api.github.com/repos/PAIR-code/federated-learning/issues/42/reactions",
            "total_count": 0,
            "+1": 0,
            "-1": 0,
            "laugh": 0,
            "hooray": 0,
            "confused": 0,
            "heart": 0,
            "rocket": 0,
            "eyes": 0
        },
        "timeline_url": "https://api.github.com/repos/PAIR-code/federated-learning/issues/42/timeline",
        "performed_via_github_app": null,
        "state_reason": null
    },
    {
        "url": "https://api.github.com/repos/PAIR-code/federated-learning/issues/40",
        "repository_url": "https://api.github.com/repos/PAIR-code/federated-learning",
        "labels_url": "https://api.github.com/repos/PAIR-code/federated-learning/issues/40/labels{/name}",
        "comments_url": "https://api.github.com/repos/PAIR-code/federated-learning/issues/40/comments",
        "events_url": "https://api.github.com/repos/PAIR-code/federated-learning/issues/40/events",
        "html_url": "https://github.com/PAIR-code/federated-learning/issues/40",
        "id": 351610514,
        "node_id": "MDU6SXNzdWUzNTE2MTA1MTQ=",
        "number": 40,
        "title": "Deployment instructions for hogwarts",
        "user": {
            "login": "danacr",
            "id": 25296744,
            "node_id": "MDQ6VXNlcjI1Mjk2NzQ0",
            "avatar_url": "https://avatars.githubusercontent.com/u/25296744?v=4",
            "gravatar_id": "",
            "url": "https://api.github.com/users/danacr",
            "html_url": "https://github.com/danacr",
            "followers_url": "https://api.github.com/users/danacr/followers",
            "following_url": "https://api.github.com/users/danacr/following{/other_user}",
            "gists_url": "https://api.github.com/users/danacr/gists{/gist_id}",
            "starred_url": "https://api.github.com/users/danacr/starred{/owner}{/repo}",
            "subscriptions_url": "https://api.github.com/users/danacr/subscriptions",
            "organizations_url": "https://api.github.com/users/danacr/orgs",
            "repos_url": "https://api.github.com/users/danacr/repos",
            "events_url": "https://api.github.com/users/danacr/events{/privacy}",
            "received_events_url": "https://api.github.com/users/danacr/received_events",
            "type": "User",
            "user_view_type": "public",
            "site_admin": false
        },
        "labels": [],
        "state": "open",
        "locked": false,
        "assignee": null,
        "assignees": [],
        "milestone": null,
        "comments": 8,
        "created_at": "2018-08-17T14:11:44Z",
        "updated_at": "2018-08-21T13:52:54Z",
        "closed_at": null,
        "author_association": "NONE",
        "type": null,
        "active_lock_reason": null,
        "sub_issues_summary": {
            "total": 0,
            "completed": 0,
            "percent_completed": 0
        },
        "body": "When trying to deploy the hogwarts demo using Docker, it fails to build. Is there any specific command you require?",
        "closed_by": null,
        "reactions": {
            "url": "https://api.github.com/repos/PAIR-code/federated-learning/issues/40/reactions",
            "total_count": 0,
            "+1": 0,
            "-1": 0,
            "laugh": 0,
            "hooray": 0,
            "confused": 0,
            "heart": 0,
            "rocket": 0,
            "eyes": 0
        },
        "timeline_url": "https://api.github.com/repos/PAIR-code/federated-learning/issues/40/timeline",
        "performed_via_github_app": null,
        "state_reason": null
    },
    {
        "url": "https://api.github.com/repos/PAIR-code/federated-learning/issues/33",
        "repository_url": "https://api.github.com/repos/PAIR-code/federated-learning",
        "labels_url": "https://api.github.com/repos/PAIR-code/federated-learning/issues/33/labels{/name}",
        "comments_url": "https://api.github.com/repos/PAIR-code/federated-learning/issues/33/comments",
        "events_url": "https://api.github.com/repos/PAIR-code/federated-learning/issues/33/events",
        "html_url": "https://github.com/PAIR-code/federated-learning/issues/33",
        "id": 349631432,
        "node_id": "MDU6SXNzdWUzNDk2MzE0MzI=",
        "number": 33,
        "title": "Different versions of TF.js between library user & consumer cause instanceof check fail error",
        "user": {
            "login": "aman-tiwari",
            "id": 8798016,
            "node_id": "MDQ6VXNlcjg3OTgwMTY=",
            "avatar_url": "https://avatars.githubusercontent.com/u/8798016?v=4",
            "gravatar_id": "",
            "url": "https://api.github.com/users/aman-tiwari",
            "html_url": "https://github.com/aman-tiwari",
            "followers_url": "https://api.github.com/users/aman-tiwari/followers",
            "following_url": "https://api.github.com/users/aman-tiwari/following{/other_user}",
            "gists_url": "https://api.github.com/users/aman-tiwari/gists{/gist_id}",
            "starred_url": "https://api.github.com/users/aman-tiwari/starred{/owner}{/repo}",
            "subscriptions_url": "https://api.github.com/users/aman-tiwari/subscriptions",
            "organizations_url": "https://api.github.com/users/aman-tiwari/orgs",
            "repos_url": "https://api.github.com/users/aman-tiwari/repos",
            "events_url": "https://api.github.com/users/aman-tiwari/events{/privacy}",
            "received_events_url": "https://api.github.com/users/aman-tiwari/received_events",
            "type": "User",
            "user_view_type": "public",
            "site_admin": false
        },
        "labels": [],
        "state": "closed",
        "locked": false,
        "assignee": null,
        "assignees": [],
        "milestone": null,
        "comments": 2,
        "created_at": "2018-08-10T19:27:51Z",
        "updated_at": "2018-08-15T20:25:16Z",
        "closed_at": "2018-08-15T20:25:16Z",
        "author_association": "COLLABORATOR",
        "type": null,
        "active_lock_reason": null,
        "sub_issues_summary": {
            "total": 0,
            "completed": 0,
            "percent_completed": 0
        },
        "body": "If construct a `tf.Model` with a different instantiation of Tensorflow.js I get the error `User-defined optimizer must be an instance of tf.Optimizer`, as the library constructs its own [`SGDOptimizer`](src/common/index.ts#L250), which fails the instanceof check within the `tf.Model` constructed by the library consumer's version of Tensorflow.js\r\n\r\nI think this is due to the instanceof check in https://github.com/tensorflow/tfjs-layers/blob/de37e29133e2bc11defd3f5931e9e6afcacb7004/src/engine/training.ts#L745 failing. ",
        "closed_by": {
            "login": "asross",
            "id": 1022564,
            "node_id": "MDQ6VXNlcjEwMjI1NjQ=",
            "avatar_url": "https://avatars.githubusercontent.com/u/1022564?v=4",
            "gravatar_id": "",
            "url": "https://api.github.com/users/asross",
            "html_url": "https://github.com/asross",
            "followers_url": "https://api.github.com/users/asross/followers",
            "following_url": "https://api.github.com/users/asross/following{/other_user}",
            "gists_url": "https://api.github.com/users/asross/gists{/gist_id}",
            "starred_url": "https://api.github.com/users/asross/starred{/owner}{/repo}",
            "subscriptions_url": "https://api.github.com/users/asross/subscriptions",
            "organizations_url": "https://api.github.com/users/asross/orgs",
            "repos_url": "https://api.github.com/users/asross/repos",
            "events_url": "https://api.github.com/users/asross/events{/privacy}",
            "received_events_url": "https://api.github.com/users/asross/received_events",
            "type": "User",
            "user_view_type": "public",
            "site_admin": false
        },
        "reactions": {
            "url": "https://api.github.com/repos/PAIR-code/federated-learning/issues/33/reactions",
            "total_count": 0,
            "+1": 0,
            "-1": 0,
            "laugh": 0,
            "hooray": 0,
            "confused": 0,
            "heart": 0,
            "rocket": 0,
            "eyes": 0
        },
        "timeline_url": "https://api.github.com/repos/PAIR-code/federated-learning/issues/33/timeline",
        "performed_via_github_app": null,
        "state_reason": "completed"
    },
    {
        "url": "https://api.github.com/repos/PAIR-code/federated-learning/issues/7",
        "repository_url": "https://api.github.com/repos/PAIR-code/federated-learning",
        "labels_url": "https://api.github.com/repos/PAIR-code/federated-learning/issues/7/labels{/name}",
        "comments_url": "https://api.github.com/repos/PAIR-code/federated-learning/issues/7/comments",
        "events_url": "https://api.github.com/repos/PAIR-code/federated-learning/issues/7/events",
        "html_url": "https://github.com/PAIR-code/federated-learning/issues/7",
        "id": 331621188,
        "node_id": "MDU6SXNzdWUzMzE2MjExODg=",
        "number": 7,
        "title": "Handing multiple weight updates from same client",
        "user": {
            "login": "asross",
            "id": 1022564,
            "node_id": "MDQ6VXNlcjEwMjI1NjQ=",
            "avatar_url": "https://avatars.githubusercontent.com/u/1022564?v=4",
            "gravatar_id": "",
            "url": "https://api.github.com/users/asross",
            "html_url": "https://github.com/asross",
            "followers_url": "https://api.github.com/users/asross/followers",
            "following_url": "https://api.github.com/users/asross/following{/other_user}",
            "gists_url": "https://api.github.com/users/asross/gists{/gist_id}",
            "starred_url": "https://api.github.com/users/asross/starred{/owner}{/repo}",
            "subscriptions_url": "https://api.github.com/users/asross/subscriptions",
            "organizations_url": "https://api.github.com/users/asross/orgs",
            "repos_url": "https://api.github.com/users/asross/repos",
            "events_url": "https://api.github.com/users/asross/events{/privacy}",
            "received_events_url": "https://api.github.com/users/asross/received_events",
            "type": "User",
            "user_view_type": "public",
            "site_admin": false
        },
        "labels": [],
        "state": "open",
        "locked": false,
        "assignee": null,
        "assignees": [],
        "milestone": null,
        "comments": 0,
        "created_at": "2018-06-12T14:47:01Z",
        "updated_at": "2018-06-12T14:58:34Z",
        "closed_at": null,
        "author_association": "COLLABORATOR",
        "type": null,
        "active_lock_reason": null,
        "sub_issues_summary": {
            "total": 0,
            "completed": 0,
            "percent_completed": 0
        },
        "body": "This might not be something we decide right now, but I'm creating an issue to keep track of the discussion.\r\n\r\nIn the API right now, we treat weight updates from the same client (whom we identify solely via their autogenerated websocket id) as completely independent. If a client sends 10 weight updates, each with `numExamples=1`, we assume they labeled 10 separate examples, used the same `ModelFitConfig` to modify the original weights based on those examples, and sent us the results. This should work and allow us to learn, but another option would be to have the client retrain the model each time (starting from the original weights) using _all_ of the data they've labeled so far. In that case, they would send us successive updates with `numExamples=1`, then `numExamples=2`, and so on until `numExamples=10`, and when it comes time to average, we would only consider the latest update the client sent us.\r\n\r\nHere are some thoughts about the strengths of each strategy:\r\n\r\nGood things about keeping same-client updates totally independent:\r\n- We don't have to store old labeled examples on the client side; the client can throw away data as soon as it's been used to compute a weight update.\r\n- Computing weight updates might be a little faster, since the batch size will always be 1.\r\n- If we save old examples and a client disconnects and reconnects, it's possible they will either (a) keep the same client ID but lose the examples, or (b) keep the old examples but get assigned a new client ID. If either of these things happens, and we have superseding logic, the server might throw away updates for certain examples (under a) or double count them (under b). Having more persistent IDs might help address this, but it's nice to not have to worry about it.\r\n\r\nGood things about letting same-client updates supersede each other:\r\n- It might lead to faster learning. The results from a [very basic experiment](https://colab.sandbox.google.com/drive/1KCgzzaf_dZ-BsSkPfsp98f-qz5s3e5RY) suggest that, when clients take multiple local SGD steps, we learn slightly faster from 10 clients with 3 samples each than we do with 33 clients with 1 sample each. It's not clear how those results will generalize / how significant they are, but it makes intuitive sense that having only a single example would preclude us from taking more than a couple SGD steps. Taking multiple steps on the client is really important for learning faster overall. (Note that we could also experiment with federated averaging using different numbers of local SGD steps based on the number of examples!)\r\n- Learning might be comparatively even faster because of privacy concerns. If it turns out that sending an exact weight update for just one example lets us reconstruct the original input on the server, then the client might need to add a lot of extra noise to the weight update. However, if the client ran SGD with multiple examples, maybe they could get away with adding less noise to the new weight update, making it even more useful. Of course, now multiple files on the server will contain information about the same examples, so maybe we introduce a new privacy issue!\r\n- In cases where users are using the client app for a long time and actually care about improving the local versions of their model right now, it might be nice to use an updated version of the local model trained on _all_ the data points. Computing weight updates for one example at a time wouldn't help with that, whereas recomputing the update for all the examples would give us the new model for free.\r\n\r\nEither way:\r\n- We should compute and upload weight updates as soon as we can on the client side, whether they're for a single example or for many, since the user might leave the page at any time.\r\n- To prevent race conditions, we should never overwrite records or files on the server. If we have multiple updates from the same client that supersede each other, we just read all of them and take the latest, which is inherently safe / fails gracefully (worst that can happen is we miss an update).\r\n\r\nSorry if this got super long, but hopefully this will be useful for reference later.",
        "closed_by": null,
        "reactions": {
            "url": "https://api.github.com/repos/PAIR-code/federated-learning/issues/7/reactions",
            "total_count": 0,
            "+1": 0,
            "-1": 0,
            "laugh": 0,
            "hooray": 0,
            "confused": 0,
            "heart": 0,
            "rocket": 0,
            "eyes": 0
        },
        "timeline_url": "https://api.github.com/repos/PAIR-code/federated-learning/issues/7/timeline",
        "performed_via_github_app": null,
        "state_reason": null
    }
]