[
    {
        "url": "https://api.github.com/repos/pliang279/LG-FedAvg/issues/11",
        "repository_url": "https://api.github.com/repos/pliang279/LG-FedAvg",
        "labels_url": "https://api.github.com/repos/pliang279/LG-FedAvg/issues/11/labels{/name}",
        "comments_url": "https://api.github.com/repos/pliang279/LG-FedAvg/issues/11/comments",
        "events_url": "https://api.github.com/repos/pliang279/LG-FedAvg/issues/11/events",
        "html_url": "https://github.com/pliang279/LG-FedAvg/issues/11",
        "id": 1210630465,
        "node_id": "I_kwDODXttMM5IKMFB",
        "number": 11,
        "title": "Failed to converge when changing num_users and frac",
        "user": {
            "login": "jkup64",
            "id": 65334542,
            "node_id": "MDQ6VXNlcjY1MzM0NTQy",
            "avatar_url": "https://avatars.githubusercontent.com/u/65334542?v=4",
            "gravatar_id": "",
            "url": "https://api.github.com/users/jkup64",
            "html_url": "https://github.com/jkup64",
            "followers_url": "https://api.github.com/users/jkup64/followers",
            "following_url": "https://api.github.com/users/jkup64/following{/other_user}",
            "gists_url": "https://api.github.com/users/jkup64/gists{/gist_id}",
            "starred_url": "https://api.github.com/users/jkup64/starred{/owner}{/repo}",
            "subscriptions_url": "https://api.github.com/users/jkup64/subscriptions",
            "organizations_url": "https://api.github.com/users/jkup64/orgs",
            "repos_url": "https://api.github.com/users/jkup64/repos",
            "events_url": "https://api.github.com/users/jkup64/events{/privacy}",
            "received_events_url": "https://api.github.com/users/jkup64/received_events",
            "type": "User",
            "user_view_type": "public",
            "site_admin": false
        },
        "labels": [],
        "state": "open",
        "locked": false,
        "assignee": null,
        "assignees": [],
        "milestone": null,
        "comments": 1,
        "created_at": "2022-04-21T07:44:59Z",
        "updated_at": "2022-04-21T09:39:19Z",
        "closed_at": null,
        "author_association": "NONE",
        "active_lock_reason": null,
        "sub_issues_summary": {
            "total": 0,
            "completed": 0,
            "percent_completed": 0
        },
        "body": "# Description\r\nWhen I change the num_user to 10 and frac to 0.3 **with --iid**, which means each epoch there are 3 client been choosen, I find the model become better then worse.\r\n# Reproduce\r\n```bash\r\n$ python main_fed.py --dataset mnist --model mlp --num_classes 10 --epochs 1000 --lr 0.05 --num_users 10 --shard_per_user 2 --frac 0.3 --local_ep 1 --local_bs 8 --results_save run1 --iid\r\n```\r\n# Out\r\n```\r\ndevice: cuda:0\r\nMLP(\r\n  (layer_input): Linear(in_features=784, out_features=512, bias=True)\r\n  (relu): ReLU()\r\n  (dropout): Dropout(p=0.5, inplace=False)\r\n  (layer_hidden1): Linear(in_features=512, out_features=256, bias=True)\r\n  (layer_hidden2): Linear(in_features=256, out_features=256, bias=True)\r\n  (layer_hidden3): Linear(in_features=256, out_features=128, bias=True)\r\n  (layer_out): Linear(in_features=128, out_features=10, bias=True)\r\n  (softmax): Softmax(dim=1)\r\n)\r\nRound 0, lr: 0.050000, [5 6 0]\r\nRound   0, Average loss 2.038, Test loss 1.794, Test accuracy: 67.63\r\nRound 1, lr: 0.050000, [6 4 5]\r\nRound   1, Average loss 1.748, Test loss 1.611, Test accuracy: 85.05\r\nRound 2, lr: 0.050000, [7 9 4]\r\nRound   2, Average loss 1.761, Test loss 1.717, Test accuracy: 74.39\r\nRound 3, lr: 0.050000, [7 4 9]\r\nRound   3, Average loss 1.856, Test loss 1.843, Test accuracy: 61.74\r\nRound 4, lr: 0.050000, [9 2 5]\r\nRound   4, Average loss 1.948, Test loss 1.863, Test accuracy: 59.83\r\nRound 5, lr: 0.050000, [2 6 7]\r\nRound   5, Average loss 2.039, Test loss 1.990, Test accuracy: 47.11\r\nRound 6, lr: 0.050000, [0 7 2]\r\nRound   6, Average loss 2.025, Test loss 1.997, Test accuracy: 46.39\r\nRound 7, lr: 0.050000, [4 3 2]\r\nRound   7, Average loss 2.017, Test loss 2.104, Test accuracy: 35.68\r\nRound 8, lr: 0.050000, [2 9 1]\r\nRound   8, Average loss 2.128, Test loss 2.113, Test accuracy: 34.82\r\nRound 9, lr: 0.050000, [2 7 5]\r\nRound   9, Average loss 2.127, Test loss 2.190, Test accuracy: 27.09\r\nRound 10, lr: 0.050000, [1 9 7]\r\nRound  10, Average loss 2.194, Test loss 2.239, Test accuracy: 22.21\r\nRound 11, lr: 0.050000, [0 2 3]\r\nRound  11, Average loss 2.236, Test loss 2.186, Test accuracy: 27.53\r\nRound 12, lr: 0.050000, [3 9 5]\r\nRound  12, Average loss 2.188, Test loss 2.108, Test accuracy: 35.29\r\nRound 13, lr: 0.050000, [3 6 5]\r\nRound  13, Average loss 2.172, Test loss 2.237, Test accuracy: 22.45\r\nRound 14, lr: 0.050000, [9 8 4]\r\nRound  14, Average loss 2.258, Test loss 2.175, Test accuracy: 28.61\r\nRound 15, lr: 0.050000, [2 7 1]\r\nRound  15, Average loss 2.178, Test loss 2.161, Test accuracy: 29.99\r\nRound 16, lr: 0.050000, [9 6 4]\r\nRound  16, Average loss 2.192, Test loss 2.280, Test accuracy: 18.10\r\nRound 17, lr: 0.050000, [2 4 0]\r\nRound  17, Average loss 2.284, Test loss 2.125, Test accuracy: 33.60\r\nRound 18, lr: 0.050000, [4 1 0]\r\nRound  18, Average loss 2.226, Test loss 2.352, Test accuracy: 10.94\r\nRound 19, lr: 0.050000, [6 0 7]\r\nRound  19, Average loss 2.355, Test loss 2.352, Test accuracy: 10.94\r\nRound 20, lr: 0.050000, [1 8 6]\r\nRound  20, Average loss 2.351, Test loss 2.339, Test accuracy: 12.24\r\nRound 21, lr: 0.050000, [1 2 3]\r\nRound  21, Average loss 2.338, Test loss 2.339, Test accuracy: 12.24\r\nRound 22, lr: 0.050000, [9 3 1]\r\nRound  22, Average loss 2.340, Test loss 2.339, Test accuracy: 12.24\r\nRound 23, lr: 0.050000, [4 2 0]\r\nRound  23, Average loss 2.337, Test loss 2.339, Test accuracy: 12.24\r\nRound 24, lr: 0.050000, [8 1 5]\r\n```\r\n",
        "closed_by": null,
        "reactions": {
            "url": "https://api.github.com/repos/pliang279/LG-FedAvg/issues/11/reactions",
            "total_count": 0,
            "+1": 0,
            "-1": 0,
            "laugh": 0,
            "hooray": 0,
            "confused": 0,
            "heart": 0,
            "rocket": 0,
            "eyes": 0
        },
        "timeline_url": "https://api.github.com/repos/pliang279/LG-FedAvg/issues/11/timeline",
        "performed_via_github_app": null,
        "state_reason": null
    },
    {
        "url": "https://api.github.com/repos/pliang279/LG-FedAvg/issues/10",
        "repository_url": "https://api.github.com/repos/pliang279/LG-FedAvg",
        "labels_url": "https://api.github.com/repos/pliang279/LG-FedAvg/issues/10/labels{/name}",
        "comments_url": "https://api.github.com/repos/pliang279/LG-FedAvg/issues/10/comments",
        "events_url": "https://api.github.com/repos/pliang279/LG-FedAvg/issues/10/events",
        "html_url": "https://github.com/pliang279/LG-FedAvg/issues/10",
        "id": 1026088842,
        "node_id": "I_kwDODXttMM49KN-K",
        "number": 10,
        "title": "Omega is not updated after initialization",
        "user": {
            "login": "TsingZ0",
            "id": 24207672,
            "node_id": "MDQ6VXNlcjI0MjA3Njcy",
            "avatar_url": "https://avatars.githubusercontent.com/u/24207672?v=4",
            "gravatar_id": "",
            "url": "https://api.github.com/users/TsingZ0",
            "html_url": "https://github.com/TsingZ0",
            "followers_url": "https://api.github.com/users/TsingZ0/followers",
            "following_url": "https://api.github.com/users/TsingZ0/following{/other_user}",
            "gists_url": "https://api.github.com/users/TsingZ0/gists{/gist_id}",
            "starred_url": "https://api.github.com/users/TsingZ0/starred{/owner}{/repo}",
            "subscriptions_url": "https://api.github.com/users/TsingZ0/subscriptions",
            "organizations_url": "https://api.github.com/users/TsingZ0/orgs",
            "repos_url": "https://api.github.com/users/TsingZ0/repos",
            "events_url": "https://api.github.com/users/TsingZ0/events{/privacy}",
            "received_events_url": "https://api.github.com/users/TsingZ0/received_events",
            "type": "User",
            "user_view_type": "public",
            "site_admin": false
        },
        "labels": [],
        "state": "open",
        "locked": false,
        "assignee": null,
        "assignees": [],
        "milestone": null,
        "comments": 0,
        "created_at": "2021-10-14T08:04:23Z",
        "updated_at": "2021-10-14T08:04:23Z",
        "closed_at": null,
        "author_association": "NONE",
        "active_lock_reason": null,
        "sub_issues_summary": {
            "total": 0,
            "completed": 0,
            "percent_completed": 0
        },
        "body": "In main_mtl.py, the omega is not updated after initialization, with is different from Algorithm 1 line 11 in [MOCHA](https://arxiv.org/abs/1705.10467)\r\n\r\nI also print the omega during training, but its value does not change. ",
        "closed_by": null,
        "reactions": {
            "url": "https://api.github.com/repos/pliang279/LG-FedAvg/issues/10/reactions",
            "total_count": 1,
            "+1": 1,
            "-1": 0,
            "laugh": 0,
            "hooray": 0,
            "confused": 0,
            "heart": 0,
            "rocket": 0,
            "eyes": 0
        },
        "timeline_url": "https://api.github.com/repos/pliang279/LG-FedAvg/issues/10/timeline",
        "performed_via_github_app": null,
        "state_reason": null
    },
    {
        "url": "https://api.github.com/repos/pliang279/LG-FedAvg/issues/9",
        "repository_url": "https://api.github.com/repos/pliang279/LG-FedAvg",
        "labels_url": "https://api.github.com/repos/pliang279/LG-FedAvg/issues/9/labels{/name}",
        "comments_url": "https://api.github.com/repos/pliang279/LG-FedAvg/issues/9/comments",
        "events_url": "https://api.github.com/repos/pliang279/LG-FedAvg/issues/9/events",
        "html_url": "https://github.com/pliang279/LG-FedAvg/issues/9",
        "id": 942547812,
        "node_id": "MDU6SXNzdWU5NDI1NDc4MTI=",
        "number": 9,
        "title": "Wrong loss function?",
        "user": {
            "login": "mengcz13",
            "id": 12379241,
            "node_id": "MDQ6VXNlcjEyMzc5MjQx",
            "avatar_url": "https://avatars.githubusercontent.com/u/12379241?v=4",
            "gravatar_id": "",
            "url": "https://api.github.com/users/mengcz13",
            "html_url": "https://github.com/mengcz13",
            "followers_url": "https://api.github.com/users/mengcz13/followers",
            "following_url": "https://api.github.com/users/mengcz13/following{/other_user}",
            "gists_url": "https://api.github.com/users/mengcz13/gists{/gist_id}",
            "starred_url": "https://api.github.com/users/mengcz13/starred{/owner}{/repo}",
            "subscriptions_url": "https://api.github.com/users/mengcz13/subscriptions",
            "organizations_url": "https://api.github.com/users/mengcz13/orgs",
            "repos_url": "https://api.github.com/users/mengcz13/repos",
            "events_url": "https://api.github.com/users/mengcz13/events{/privacy}",
            "received_events_url": "https://api.github.com/users/mengcz13/received_events",
            "type": "User",
            "user_view_type": "public",
            "site_admin": false
        },
        "labels": [],
        "state": "open",
        "locked": false,
        "assignee": null,
        "assignees": [],
        "milestone": null,
        "comments": 1,
        "created_at": "2021-07-12T23:50:34Z",
        "updated_at": "2021-10-03T13:45:53Z",
        "closed_at": null,
        "author_association": "NONE",
        "active_lock_reason": null,
        "sub_issues_summary": {
            "total": 0,
            "completed": 0,
            "percent_completed": 0
        },
        "body": "I notice that the code uses CrossEntropyLoss for local training:\r\nhttps://github.com/pliang279/LG-FedAvg/blob/7af0568b2cae88922ebeacc021b1679815092f4e/models/Update.py#L28\r\n\r\nAnd it accepts the log-probabilities as input:\r\nhttps://github.com/pliang279/LG-FedAvg/blob/7af0568b2cae88922ebeacc021b1679815092f4e/models/Update.py#L50\r\n\r\nThe output of CNN networks is also logsoftmax:\r\nhttps://github.com/pliang279/LG-FedAvg/blob/7af0568b2cae88922ebeacc021b1679815092f4e/models/Nets.py#L104\r\n\r\nBut according to the doc of PyTorch, CrossEntropyLoss already has logsoftmax inside:\r\nhttps://pytorch.org/docs/stable/generated/torch.nn.CrossEntropyLoss.html#torch.nn.CrossEntropyLoss\r\n\r\nI think the loss should be calculated via NLLLoss instead if used with input after logsoftmax (https://pytorch.org/docs/stable/generated/torch.nn.NLLLoss.html#torch.nn.NLLLoss).\r\n\r\nOr is there any reason why the code uses logsoftmax twice for calculating the loss?",
        "closed_by": null,
        "reactions": {
            "url": "https://api.github.com/repos/pliang279/LG-FedAvg/issues/9/reactions",
            "total_count": 0,
            "+1": 0,
            "-1": 0,
            "laugh": 0,
            "hooray": 0,
            "confused": 0,
            "heart": 0,
            "rocket": 0,
            "eyes": 0
        },
        "timeline_url": "https://api.github.com/repos/pliang279/LG-FedAvg/issues/9/timeline",
        "performed_via_github_app": null,
        "state_reason": null
    },
    {
        "url": "https://api.github.com/repos/pliang279/LG-FedAvg/issues/8",
        "repository_url": "https://api.github.com/repos/pliang279/LG-FedAvg",
        "labels_url": "https://api.github.com/repos/pliang279/LG-FedAvg/issues/8/labels{/name}",
        "comments_url": "https://api.github.com/repos/pliang279/LG-FedAvg/issues/8/comments",
        "events_url": "https://api.github.com/repos/pliang279/LG-FedAvg/issues/8/events",
        "html_url": "https://github.com/pliang279/LG-FedAvg/issues/8",
        "id": 823526054,
        "node_id": "MDU6SXNzdWU4MjM1MjYwNTQ=",
        "number": 8,
        "title": "CNNCifar.weight_keys",
        "user": {
            "login": "KiteFlyKid",
            "id": 45324156,
            "node_id": "MDQ6VXNlcjQ1MzI0MTU2",
            "avatar_url": "https://avatars.githubusercontent.com/u/45324156?v=4",
            "gravatar_id": "",
            "url": "https://api.github.com/users/KiteFlyKid",
            "html_url": "https://github.com/KiteFlyKid",
            "followers_url": "https://api.github.com/users/KiteFlyKid/followers",
            "following_url": "https://api.github.com/users/KiteFlyKid/following{/other_user}",
            "gists_url": "https://api.github.com/users/KiteFlyKid/gists{/gist_id}",
            "starred_url": "https://api.github.com/users/KiteFlyKid/starred{/owner}{/repo}",
            "subscriptions_url": "https://api.github.com/users/KiteFlyKid/subscriptions",
            "organizations_url": "https://api.github.com/users/KiteFlyKid/orgs",
            "repos_url": "https://api.github.com/users/KiteFlyKid/repos",
            "events_url": "https://api.github.com/users/KiteFlyKid/events{/privacy}",
            "received_events_url": "https://api.github.com/users/KiteFlyKid/received_events",
            "type": "User",
            "user_view_type": "public",
            "site_admin": false
        },
        "labels": [],
        "state": "open",
        "locked": false,
        "assignee": null,
        "assignees": [],
        "milestone": null,
        "comments": 4,
        "created_at": "2021-03-06T01:27:29Z",
        "updated_at": "2022-10-11T01:14:47Z",
        "closed_at": null,
        "author_association": "NONE",
        "active_lock_reason": null,
        "sub_issues_summary": {
            "total": 0,
            "completed": 0,
            "percent_completed": 0
        },
        "body": "Nice Work!\r\nBut in Net.py CNNCifar.weight_keys,  why are fc layers ahead of conv?\r\n```python\r\n       self.weight_keys = [['fc1.weight', 'fc1.bias'],\r\n                            ['fc2.weight', 'fc2.bias'],\r\n                            ['fc3.weight', 'fc3.bias'],\r\n                            ['conv2.weight', 'conv2.bias'],\r\n                            ['conv1.weight', 'conv1.bias'],\r\n                            ]\r\n```\r\nIf nothing wrong with my understanding,  I suppose it should be like this because you do conv first then feedfoward\r\n```python\r\n        self.weight_keys = [['conv1.weight', 'conv1.bias'],\r\n                            ['conv2.weight', 'conv2.bias'],\r\n                            ['fc1.weight', 'fc1.bias'],\r\n                            ['fc2.weight', 'fc2.bias'],\r\n                            ['fc3.weight', 'fc3.bias'],\r\n                            ]\r\n```",
        "closed_by": null,
        "reactions": {
            "url": "https://api.github.com/repos/pliang279/LG-FedAvg/issues/8/reactions",
            "total_count": 0,
            "+1": 0,
            "-1": 0,
            "laugh": 0,
            "hooray": 0,
            "confused": 0,
            "heart": 0,
            "rocket": 0,
            "eyes": 0
        },
        "timeline_url": "https://api.github.com/repos/pliang279/LG-FedAvg/issues/8/timeline",
        "performed_via_github_app": null,
        "state_reason": null
    },
    {
        "url": "https://api.github.com/repos/pliang279/LG-FedAvg/issues/7",
        "repository_url": "https://api.github.com/repos/pliang279/LG-FedAvg",
        "labels_url": "https://api.github.com/repos/pliang279/LG-FedAvg/issues/7/labels{/name}",
        "comments_url": "https://api.github.com/repos/pliang279/LG-FedAvg/issues/7/comments",
        "events_url": "https://api.github.com/repos/pliang279/LG-FedAvg/issues/7/events",
        "html_url": "https://github.com/pliang279/LG-FedAvg/issues/7",
        "id": 781088748,
        "node_id": "MDU6SXNzdWU3ODEwODg3NDg=",
        "number": 7,
        "title": "Question about Eq. 1",
        "user": {
            "login": "FlyingRoastDuck",
            "id": 29745430,
            "node_id": "MDQ6VXNlcjI5NzQ1NDMw",
            "avatar_url": "https://avatars.githubusercontent.com/u/29745430?v=4",
            "gravatar_id": "",
            "url": "https://api.github.com/users/FlyingRoastDuck",
            "html_url": "https://github.com/FlyingRoastDuck",
            "followers_url": "https://api.github.com/users/FlyingRoastDuck/followers",
            "following_url": "https://api.github.com/users/FlyingRoastDuck/following{/other_user}",
            "gists_url": "https://api.github.com/users/FlyingRoastDuck/gists{/gist_id}",
            "starred_url": "https://api.github.com/users/FlyingRoastDuck/starred{/owner}{/repo}",
            "subscriptions_url": "https://api.github.com/users/FlyingRoastDuck/subscriptions",
            "organizations_url": "https://api.github.com/users/FlyingRoastDuck/orgs",
            "repos_url": "https://api.github.com/users/FlyingRoastDuck/repos",
            "events_url": "https://api.github.com/users/FlyingRoastDuck/events{/privacy}",
            "received_events_url": "https://api.github.com/users/FlyingRoastDuck/received_events",
            "type": "User",
            "user_view_type": "public",
            "site_admin": false
        },
        "labels": [],
        "state": "open",
        "locked": false,
        "assignee": null,
        "assignees": [],
        "milestone": null,
        "comments": 0,
        "created_at": "2021-01-07T07:10:21Z",
        "updated_at": "2021-01-07T11:24:11Z",
        "closed_at": null,
        "author_association": "NONE",
        "active_lock_reason": null,
        "sub_issues_summary": {
            "total": 0,
            "completed": 0,
            "percent_completed": 0
        },
        "body": "Hi, thanks for your code. However, I noticed that there is no implementation of Eq. 1 in your paper. Eq. 1 is leveraged in the training of the local model in LG-FedAvg if I have the right understanding. Could you please show me the code of Eq. 1? Thanks.",
        "closed_by": null,
        "reactions": {
            "url": "https://api.github.com/repos/pliang279/LG-FedAvg/issues/7/reactions",
            "total_count": 0,
            "+1": 0,
            "-1": 0,
            "laugh": 0,
            "hooray": 0,
            "confused": 0,
            "heart": 0,
            "rocket": 0,
            "eyes": 0
        },
        "timeline_url": "https://api.github.com/repos/pliang279/LG-FedAvg/issues/7/timeline",
        "performed_via_github_app": null,
        "state_reason": null
    },
    {
        "url": "https://api.github.com/repos/pliang279/LG-FedAvg/issues/6",
        "repository_url": "https://api.github.com/repos/pliang279/LG-FedAvg",
        "labels_url": "https://api.github.com/repos/pliang279/LG-FedAvg/issues/6/labels{/name}",
        "comments_url": "https://api.github.com/repos/pliang279/LG-FedAvg/issues/6/comments",
        "events_url": "https://api.github.com/repos/pliang279/LG-FedAvg/issues/6/events",
        "html_url": "https://github.com/pliang279/LG-FedAvg/issues/6",
        "id": 770615279,
        "node_id": "MDU6SXNzdWU3NzA2MTUyNzk=",
        "number": 6,
        "title": "Hi, I can't see local representations learning in main_lg.py. It just records the best local acc and the best local model, then updates the global model.",
        "user": {
            "login": "wardseptember",
            "id": 27876021,
            "node_id": "MDQ6VXNlcjI3ODc2MDIx",
            "avatar_url": "https://avatars.githubusercontent.com/u/27876021?v=4",
            "gravatar_id": "",
            "url": "https://api.github.com/users/wardseptember",
            "html_url": "https://github.com/wardseptember",
            "followers_url": "https://api.github.com/users/wardseptember/followers",
            "following_url": "https://api.github.com/users/wardseptember/following{/other_user}",
            "gists_url": "https://api.github.com/users/wardseptember/gists{/gist_id}",
            "starred_url": "https://api.github.com/users/wardseptember/starred{/owner}{/repo}",
            "subscriptions_url": "https://api.github.com/users/wardseptember/subscriptions",
            "organizations_url": "https://api.github.com/users/wardseptember/orgs",
            "repos_url": "https://api.github.com/users/wardseptember/repos",
            "events_url": "https://api.github.com/users/wardseptember/events{/privacy}",
            "received_events_url": "https://api.github.com/users/wardseptember/received_events",
            "type": "User",
            "user_view_type": "public",
            "site_admin": false
        },
        "labels": [],
        "state": "open",
        "locked": false,
        "assignee": null,
        "assignees": [],
        "milestone": null,
        "comments": 6,
        "created_at": "2020-12-18T06:48:20Z",
        "updated_at": "2021-09-10T18:17:26Z",
        "closed_at": null,
        "author_association": "NONE",
        "active_lock_reason": null,
        "sub_issues_summary": {
            "total": 0,
            "completed": 0,
            "percent_completed": 0
        },
        "body": "Hi, I can't see local representations learning in main_lg.py. It just records the best local acc and the best local model, then updates the global model. Did I understand it wrong? What did main_mtl.py do? I confuse it, looking forward you reply, thank you.",
        "closed_by": null,
        "reactions": {
            "url": "https://api.github.com/repos/pliang279/LG-FedAvg/issues/6/reactions",
            "total_count": 0,
            "+1": 0,
            "-1": 0,
            "laugh": 0,
            "hooray": 0,
            "confused": 0,
            "heart": 0,
            "rocket": 0,
            "eyes": 0
        },
        "timeline_url": "https://api.github.com/repos/pliang279/LG-FedAvg/issues/6/timeline",
        "performed_via_github_app": null,
        "state_reason": null
    },
    {
        "url": "https://api.github.com/repos/pliang279/LG-FedAvg/issues/5",
        "repository_url": "https://api.github.com/repos/pliang279/LG-FedAvg",
        "labels_url": "https://api.github.com/repos/pliang279/LG-FedAvg/issues/5/labels{/name}",
        "comments_url": "https://api.github.com/repos/pliang279/LG-FedAvg/issues/5/comments",
        "events_url": "https://api.github.com/repos/pliang279/LG-FedAvg/issues/5/events",
        "html_url": "https://github.com/pliang279/LG-FedAvg/issues/5",
        "id": 610760173,
        "node_id": "MDU6SXNzdWU2MTA3NjAxNzM=",
        "number": 5,
        "title": "No such file or directory: './save/mnist/mlp_iidFalse_num100_C0.1_le1/shard2/run1/dict_users.pkl'",
        "user": {
            "login": "Wemmy",
            "id": 46790620,
            "node_id": "MDQ6VXNlcjQ2NzkwNjIw",
            "avatar_url": "https://avatars.githubusercontent.com/u/46790620?v=4",
            "gravatar_id": "",
            "url": "https://api.github.com/users/Wemmy",
            "html_url": "https://github.com/Wemmy",
            "followers_url": "https://api.github.com/users/Wemmy/followers",
            "following_url": "https://api.github.com/users/Wemmy/following{/other_user}",
            "gists_url": "https://api.github.com/users/Wemmy/gists{/gist_id}",
            "starred_url": "https://api.github.com/users/Wemmy/starred{/owner}{/repo}",
            "subscriptions_url": "https://api.github.com/users/Wemmy/subscriptions",
            "organizations_url": "https://api.github.com/users/Wemmy/orgs",
            "repos_url": "https://api.github.com/users/Wemmy/repos",
            "events_url": "https://api.github.com/users/Wemmy/events{/privacy}",
            "received_events_url": "https://api.github.com/users/Wemmy/received_events",
            "type": "User",
            "user_view_type": "public",
            "site_admin": false
        },
        "labels": [],
        "state": "closed",
        "locked": false,
        "assignee": null,
        "assignees": [],
        "milestone": null,
        "comments": 1,
        "created_at": "2020-05-01T13:49:02Z",
        "updated_at": "2021-03-05T12:38:33Z",
        "closed_at": "2020-05-01T21:14:39Z",
        "author_association": "NONE",
        "active_lock_reason": null,
        "sub_issues_summary": {
            "total": 0,
            "completed": 0,
            "percent_completed": 0
        },
        "body": "Hi, thank you for your work. \r\nI meet the above error when i run it. Do you have any idea?\r\n",
        "closed_by": {
            "login": "Wemmy",
            "id": 46790620,
            "node_id": "MDQ6VXNlcjQ2NzkwNjIw",
            "avatar_url": "https://avatars.githubusercontent.com/u/46790620?v=4",
            "gravatar_id": "",
            "url": "https://api.github.com/users/Wemmy",
            "html_url": "https://github.com/Wemmy",
            "followers_url": "https://api.github.com/users/Wemmy/followers",
            "following_url": "https://api.github.com/users/Wemmy/following{/other_user}",
            "gists_url": "https://api.github.com/users/Wemmy/gists{/gist_id}",
            "starred_url": "https://api.github.com/users/Wemmy/starred{/owner}{/repo}",
            "subscriptions_url": "https://api.github.com/users/Wemmy/subscriptions",
            "organizations_url": "https://api.github.com/users/Wemmy/orgs",
            "repos_url": "https://api.github.com/users/Wemmy/repos",
            "events_url": "https://api.github.com/users/Wemmy/events{/privacy}",
            "received_events_url": "https://api.github.com/users/Wemmy/received_events",
            "type": "User",
            "user_view_type": "public",
            "site_admin": false
        },
        "reactions": {
            "url": "https://api.github.com/repos/pliang279/LG-FedAvg/issues/5/reactions",
            "total_count": 0,
            "+1": 0,
            "-1": 0,
            "laugh": 0,
            "hooray": 0,
            "confused": 0,
            "heart": 0,
            "rocket": 0,
            "eyes": 0
        },
        "timeline_url": "https://api.github.com/repos/pliang279/LG-FedAvg/issues/5/timeline",
        "performed_via_github_app": null,
        "state_reason": "completed"
    },
    {
        "url": "https://api.github.com/repos/pliang279/LG-FedAvg/issues/1",
        "repository_url": "https://api.github.com/repos/pliang279/LG-FedAvg",
        "labels_url": "https://api.github.com/repos/pliang279/LG-FedAvg/issues/1/labels{/name}",
        "comments_url": "https://api.github.com/repos/pliang279/LG-FedAvg/issues/1/comments",
        "events_url": "https://api.github.com/repos/pliang279/LG-FedAvg/issues/1/events",
        "html_url": "https://github.com/pliang279/LG-FedAvg/issues/1",
        "id": 602429080,
        "node_id": "MDU6SXNzdWU2MDI0MjkwODA=",
        "number": 1,
        "title": "The Results Reproduced About CIFAR-10 no-IID",
        "user": {
            "login": "wnma3mz",
            "id": 23001152,
            "node_id": "MDQ6VXNlcjIzMDAxMTUy",
            "avatar_url": "https://avatars.githubusercontent.com/u/23001152?v=4",
            "gravatar_id": "",
            "url": "https://api.github.com/users/wnma3mz",
            "html_url": "https://github.com/wnma3mz",
            "followers_url": "https://api.github.com/users/wnma3mz/followers",
            "following_url": "https://api.github.com/users/wnma3mz/following{/other_user}",
            "gists_url": "https://api.github.com/users/wnma3mz/gists{/gist_id}",
            "starred_url": "https://api.github.com/users/wnma3mz/starred{/owner}{/repo}",
            "subscriptions_url": "https://api.github.com/users/wnma3mz/subscriptions",
            "organizations_url": "https://api.github.com/users/wnma3mz/orgs",
            "repos_url": "https://api.github.com/users/wnma3mz/repos",
            "events_url": "https://api.github.com/users/wnma3mz/events{/privacy}",
            "received_events_url": "https://api.github.com/users/wnma3mz/received_events",
            "type": "User",
            "user_view_type": "public",
            "site_admin": false
        },
        "labels": [],
        "state": "closed",
        "locked": false,
        "assignee": null,
        "assignees": [],
        "milestone": null,
        "comments": 2,
        "created_at": "2020-04-18T10:33:45Z",
        "updated_at": "2020-10-12T07:01:24Z",
        "closed_at": "2020-10-12T07:01:24Z",
        "author_association": "NONE",
        "active_lock_reason": null,
        "sub_issues_summary": {
            "total": 0,
            "completed": 0,
            "percent_completed": 0
        },
        "body": "Thank you for the open source project. I think this is a very, very important step in federal learning, improving model performance while reducing communication parameters.\r\n\r\nBut when I use the command 'readme.md'\r\n`python main_lgy.py --dataset cifar10 --model CNN --num_classes 10 --epochs 2000 --lr 0.1 --num_users 100 --frac 0.1 --local_ep 1 --local_bs 50 --num_layers_keep 2`\r\n\r\nI can't seem to get the precision of the results in the paper. (I didn't complete 2000 rounds)\r\n\r\nHere are some of the results. This does not seem to reach the accuracy of about **89.66** of cifar-10 in Table1. And the `New Test Acc` has a similar problem.\r\n\r\n```\r\nRound 297, Avg Loss 0.322, Loss (local): 0.338, Acc (local): 84.78, Loss (Avg): 2.29, Acc (Avg): 11.21, Loss (ens) 2.151, Acc: (ens) 24.88,\r\nRound 298, Avg Loss 0.295, Loss (local): 0.338, Acc (local): 84.80, Loss (Avg): 2.29, Acc (Avg): 10.87, Loss (ens) 2.156, Acc: (ens) 24.39,\r\nRound 299, Avg Loss 0.363, Loss (local): 0.348, Acc (local): 84.51, Loss (Avg): 2.29, Acc (Avg): 10.42, Loss (ens) 2.170, Acc: (ens) 23.85,\r\nRound 300, Avg Loss 0.324, Loss (local): 0.336, Acc (local): 84.95, Loss (Avg): 2.29, Acc (Avg): 10.53, Loss (ens) 2.157, Acc: (ens) 24.84,\r\nRound 301, Avg Loss 0.403, Loss (local): 0.338, Acc (local): 85.08, Loss (Avg): 2.29, Acc (Avg): 10.80, Loss (ens) 2.154, Acc: (ens) 24.28,\r\nRound 302, Avg Loss 0.345, Loss (local): 0.338, Acc (local): 85.25, Loss (Avg): 2.29, Acc (Avg): 11.06, Loss (ens) 2.154, Acc: (ens) 24.38,\r\nRound 303, Avg Loss 0.395, Loss (local): 0.340, Acc (local): 85.22, Loss (Avg): 2.29, Acc (Avg): 10.48, Loss (ens) 2.166, Acc: (ens) 23.43,\r\nRound 304, Avg Loss 0.404, Loss (local): 0.337, Acc (local): 85.24, Loss (Avg): 2.29, Acc (Avg): 10.19, Loss (ens) 2.165, Acc: (ens) 23.34,\r\nRound 305, Avg Loss 0.343, Loss (local): 0.332, Acc (local): 85.44, Loss (Avg): 2.29, Acc (Avg): 10.79, Loss (ens) 2.161, Acc: (ens) 23.24,\r\nRound 306, Avg Loss 0.281, Loss (local): 0.331, Acc (local): 85.54, Loss (Avg): 2.29, Acc (Avg): 10.93, Loss (ens) 2.157, Acc: (ens) 23.86,\r\nRound 307, Avg Loss 0.253, Loss (local): 0.332, Acc (local): 85.57, Loss (Avg): 2.29, Acc (Avg): 10.88, Loss (ens) 2.147, Acc: (ens) 24.66,\r\nRound 308, Avg Loss 0.413, Loss (local): 0.330, Acc (local): 85.61, Loss (Avg): 2.29, Acc (Avg): 11.07, Loss (ens) 2.148, Acc: (ens) 24.40,\r\nRound 309, Avg Loss 0.287, Loss (local): 0.333, Acc (local): 85.44, Loss (Avg): 2.29, Acc (Avg): 10.67, Loss (ens) 2.151, Acc: (ens) 24.78,\r\nRound 310, Avg Loss 0.343, Loss (local): 0.332, Acc (local): 85.44, Loss (Avg): 2.29, Acc (Avg): 10.79, Loss (ens) 2.146, Acc: (ens) 23.75,\r\nRound 311, Avg Loss 0.355, Loss (local): 0.331, Acc (local): 85.44, Loss (Avg): 2.29, Acc (Avg): 10.70, Loss (ens) 2.154, Acc: (ens) 23.51,\r\nRound 312, Avg Loss 0.326, Loss (local): 0.333, Acc (local): 85.34, Loss (Avg): 2.29, Acc (Avg): 10.56, Loss (ens) 2.151, Acc: (ens) 24.29,\r\nRound 313, Avg Loss 0.264, Loss (local): 0.333, Acc (local): 85.37, Loss (Avg): 2.29, Acc (Avg): 10.57, Loss (ens) 2.155, Acc: (ens) 23.30,\r\nRound 314, Avg Loss 0.349, Loss (local): 0.334, Acc (local): 85.36, Loss (Avg): 2.29, Acc (Avg): 10.43, Loss (ens) 2.158, Acc: (ens) 22.82,\r\nRound 315, Avg Loss 0.327, Loss (local): 0.333, Acc (local): 85.20, Loss (Avg): 2.29, Acc (Avg): 10.83, Loss (ens) 2.155, Acc: (ens) 23.32,\r\n```\r\n\r\nIs this because `Rounds` is not enough? Or is there a problem with my understanding, And I hope someone can help.\r\n\r\nThank you again for your outstanding contribution",
        "closed_by": {
            "login": "wnma3mz",
            "id": 23001152,
            "node_id": "MDQ6VXNlcjIzMDAxMTUy",
            "avatar_url": "https://avatars.githubusercontent.com/u/23001152?v=4",
            "gravatar_id": "",
            "url": "https://api.github.com/users/wnma3mz",
            "html_url": "https://github.com/wnma3mz",
            "followers_url": "https://api.github.com/users/wnma3mz/followers",
            "following_url": "https://api.github.com/users/wnma3mz/following{/other_user}",
            "gists_url": "https://api.github.com/users/wnma3mz/gists{/gist_id}",
            "starred_url": "https://api.github.com/users/wnma3mz/starred{/owner}{/repo}",
            "subscriptions_url": "https://api.github.com/users/wnma3mz/subscriptions",
            "organizations_url": "https://api.github.com/users/wnma3mz/orgs",
            "repos_url": "https://api.github.com/users/wnma3mz/repos",
            "events_url": "https://api.github.com/users/wnma3mz/events{/privacy}",
            "received_events_url": "https://api.github.com/users/wnma3mz/received_events",
            "type": "User",
            "user_view_type": "public",
            "site_admin": false
        },
        "reactions": {
            "url": "https://api.github.com/repos/pliang279/LG-FedAvg/issues/1/reactions",
            "total_count": 0,
            "+1": 0,
            "-1": 0,
            "laugh": 0,
            "hooray": 0,
            "confused": 0,
            "heart": 0,
            "rocket": 0,
            "eyes": 0
        },
        "timeline_url": "https://api.github.com/repos/pliang279/LG-FedAvg/issues/1/timeline",
        "performed_via_github_app": null,
        "state_reason": "completed"
    }
]