[
    {
        "url": "https://api.github.com/repos/poga/awesome-federated-learning/issues/13",
        "repository_url": "https://api.github.com/repos/poga/awesome-federated-learning",
        "labels_url": "https://api.github.com/repos/poga/awesome-federated-learning/issues/13/labels{/name}",
        "comments_url": "https://api.github.com/repos/poga/awesome-federated-learning/issues/13/comments",
        "events_url": "https://api.github.com/repos/poga/awesome-federated-learning/issues/13/events",
        "html_url": "https://github.com/poga/awesome-federated-learning/issues/13",
        "id": 1125125118,
        "node_id": "I_kwDODR8G5c5DEAv-",
        "number": 13,
        "title": "add publish conference to links",
        "user": {
            "login": "poga",
            "id": 8631,
            "node_id": "MDQ6VXNlcjg2MzE=",
            "avatar_url": "https://avatars.githubusercontent.com/u/8631?v=4",
            "gravatar_id": "",
            "url": "https://api.github.com/users/poga",
            "html_url": "https://github.com/poga",
            "followers_url": "https://api.github.com/users/poga/followers",
            "following_url": "https://api.github.com/users/poga/following{/other_user}",
            "gists_url": "https://api.github.com/users/poga/gists{/gist_id}",
            "starred_url": "https://api.github.com/users/poga/starred{/owner}{/repo}",
            "subscriptions_url": "https://api.github.com/users/poga/subscriptions",
            "organizations_url": "https://api.github.com/users/poga/orgs",
            "repos_url": "https://api.github.com/users/poga/repos",
            "events_url": "https://api.github.com/users/poga/events{/privacy}",
            "received_events_url": "https://api.github.com/users/poga/received_events",
            "type": "User",
            "user_view_type": "public",
            "site_admin": false
        },
        "labels": [
            {
                "id": 1662363766,
                "node_id": "MDU6TGFiZWwxNjYyMzYzNzY2",
                "url": "https://api.github.com/repos/poga/awesome-federated-learning/labels/help%20wanted",
                "name": "help wanted",
                "color": "008672",
                "default": true,
                "description": "Extra attention is needed"
            }
        ],
        "state": "open",
        "locked": false,
        "assignee": null,
        "assignees": [],
        "milestone": null,
        "comments": 0,
        "created_at": "2022-02-06T07:02:13Z",
        "updated_at": "2022-02-06T07:02:13Z",
        "closed_at": null,
        "author_association": "OWNER",
        "active_lock_reason": null,
        "sub_issues_summary": {
            "total": 0,
            "completed": 0,
            "percent_completed": 0
        },
        "body": "For example, `ICLR DPML 2021` or `NIPS 2021`",
        "closed_by": null,
        "reactions": {
            "url": "https://api.github.com/repos/poga/awesome-federated-learning/issues/13/reactions",
            "total_count": 0,
            "+1": 0,
            "-1": 0,
            "laugh": 0,
            "hooray": 0,
            "confused": 0,
            "heart": 0,
            "rocket": 0,
            "eyes": 0
        },
        "timeline_url": "https://api.github.com/repos/poga/awesome-federated-learning/issues/13/timeline",
        "performed_via_github_app": null,
        "state_reason": null
    },
    {
        "url": "https://api.github.com/repos/poga/awesome-federated-learning/issues/9",
        "repository_url": "https://api.github.com/repos/poga/awesome-federated-learning",
        "labels_url": "https://api.github.com/repos/poga/awesome-federated-learning/issues/9/labels{/name}",
        "comments_url": "https://api.github.com/repos/poga/awesome-federated-learning/issues/9/comments",
        "events_url": "https://api.github.com/repos/poga/awesome-federated-learning/issues/9/events",
        "html_url": "https://github.com/poga/awesome-federated-learning/issues/9",
        "id": 761386224,
        "node_id": "MDU6SXNzdWU3NjEzODYyMjQ=",
        "number": 9,
        "title": "Add xaynet and Xayn AG",
        "user": {
            "login": "asmaier",
            "id": 3169297,
            "node_id": "MDQ6VXNlcjMxNjkyOTc=",
            "avatar_url": "https://avatars.githubusercontent.com/u/3169297?v=4",
            "gravatar_id": "",
            "url": "https://api.github.com/users/asmaier",
            "html_url": "https://github.com/asmaier",
            "followers_url": "https://api.github.com/users/asmaier/followers",
            "following_url": "https://api.github.com/users/asmaier/following{/other_user}",
            "gists_url": "https://api.github.com/users/asmaier/gists{/gist_id}",
            "starred_url": "https://api.github.com/users/asmaier/starred{/owner}{/repo}",
            "subscriptions_url": "https://api.github.com/users/asmaier/subscriptions",
            "organizations_url": "https://api.github.com/users/asmaier/orgs",
            "repos_url": "https://api.github.com/users/asmaier/repos",
            "events_url": "https://api.github.com/users/asmaier/events{/privacy}",
            "received_events_url": "https://api.github.com/users/asmaier/received_events",
            "type": "User",
            "user_view_type": "public",
            "site_admin": false
        },
        "labels": [],
        "state": "closed",
        "locked": false,
        "assignee": null,
        "assignees": [],
        "milestone": null,
        "comments": 3,
        "created_at": "2020-12-10T16:24:36Z",
        "updated_at": "2020-12-27T10:10:23Z",
        "closed_at": "2020-12-27T10:10:23Z",
        "author_association": "CONTRIBUTOR",
        "active_lock_reason": null,
        "sub_issues_summary": {
            "total": 0,
            "completed": 0,
            "percent_completed": 0
        },
        "body": "I suggest to add https://xaynet.webflow.io/  (Open source framework for\u00a0federated\u00a0learning\u00a0in Rust) to the code section and the company behind the framework Xayn AG (https://www.xayn.com/ ) to the company section. ",
        "closed_by": {
            "login": "poga",
            "id": 8631,
            "node_id": "MDQ6VXNlcjg2MzE=",
            "avatar_url": "https://avatars.githubusercontent.com/u/8631?v=4",
            "gravatar_id": "",
            "url": "https://api.github.com/users/poga",
            "html_url": "https://github.com/poga",
            "followers_url": "https://api.github.com/users/poga/followers",
            "following_url": "https://api.github.com/users/poga/following{/other_user}",
            "gists_url": "https://api.github.com/users/poga/gists{/gist_id}",
            "starred_url": "https://api.github.com/users/poga/starred{/owner}{/repo}",
            "subscriptions_url": "https://api.github.com/users/poga/subscriptions",
            "organizations_url": "https://api.github.com/users/poga/orgs",
            "repos_url": "https://api.github.com/users/poga/repos",
            "events_url": "https://api.github.com/users/poga/events{/privacy}",
            "received_events_url": "https://api.github.com/users/poga/received_events",
            "type": "User",
            "user_view_type": "public",
            "site_admin": false
        },
        "reactions": {
            "url": "https://api.github.com/repos/poga/awesome-federated-learning/issues/9/reactions",
            "total_count": 0,
            "+1": 0,
            "-1": 0,
            "laugh": 0,
            "hooray": 0,
            "confused": 0,
            "heart": 0,
            "rocket": 0,
            "eyes": 0
        },
        "timeline_url": "https://api.github.com/repos/poga/awesome-federated-learning/issues/9/timeline",
        "performed_via_github_app": null,
        "state_reason": "completed"
    },
    {
        "url": "https://api.github.com/repos/poga/awesome-federated-learning/issues/4",
        "repository_url": "https://api.github.com/repos/poga/awesome-federated-learning",
        "labels_url": "https://api.github.com/repos/poga/awesome-federated-learning/issues/4/labels{/name}",
        "comments_url": "https://api.github.com/repos/poga/awesome-federated-learning/issues/4/comments",
        "events_url": "https://api.github.com/repos/poga/awesome-federated-learning/issues/4/events",
        "html_url": "https://github.com/poga/awesome-federated-learning/issues/4",
        "id": 559713820,
        "node_id": "MDU6SXNzdWU1NTk3MTM4MjA=",
        "number": 4,
        "title": "Including code to papers",
        "user": {
            "login": "DonaldTsang",
            "id": 10583082,
            "node_id": "MDQ6VXNlcjEwNTgzMDgy",
            "avatar_url": "https://avatars.githubusercontent.com/u/10583082?v=4",
            "gravatar_id": "",
            "url": "https://api.github.com/users/DonaldTsang",
            "html_url": "https://github.com/DonaldTsang",
            "followers_url": "https://api.github.com/users/DonaldTsang/followers",
            "following_url": "https://api.github.com/users/DonaldTsang/following{/other_user}",
            "gists_url": "https://api.github.com/users/DonaldTsang/gists{/gist_id}",
            "starred_url": "https://api.github.com/users/DonaldTsang/starred{/owner}{/repo}",
            "subscriptions_url": "https://api.github.com/users/DonaldTsang/subscriptions",
            "organizations_url": "https://api.github.com/users/DonaldTsang/orgs",
            "repos_url": "https://api.github.com/users/DonaldTsang/repos",
            "events_url": "https://api.github.com/users/DonaldTsang/events{/privacy}",
            "received_events_url": "https://api.github.com/users/DonaldTsang/received_events",
            "type": "User",
            "user_view_type": "public",
            "site_admin": false
        },
        "labels": [],
        "state": "open",
        "locked": false,
        "assignee": null,
        "assignees": [],
        "milestone": null,
        "comments": 2,
        "created_at": "2020-02-04T13:17:58Z",
        "updated_at": "2020-02-04T13:34:44Z",
        "closed_at": null,
        "author_association": "NONE",
        "active_lock_reason": null,
        "sub_issues_summary": {
            "total": 0,
            "completed": 0,
            "percent_completed": 0
        },
        "body": "This might make testing and development easier.",
        "closed_by": null,
        "reactions": {
            "url": "https://api.github.com/repos/poga/awesome-federated-learning/issues/4/reactions",
            "total_count": 0,
            "+1": 0,
            "-1": 0,
            "laugh": 0,
            "hooray": 0,
            "confused": 0,
            "heart": 0,
            "rocket": 0,
            "eyes": 0
        },
        "timeline_url": "https://api.github.com/repos/poga/awesome-federated-learning/issues/4/timeline",
        "performed_via_github_app": null,
        "state_reason": null
    },
    {
        "url": "https://api.github.com/repos/poga/awesome-federated-learning/issues/3",
        "repository_url": "https://api.github.com/repos/poga/awesome-federated-learning",
        "labels_url": "https://api.github.com/repos/poga/awesome-federated-learning/issues/3/labels{/name}",
        "comments_url": "https://api.github.com/repos/poga/awesome-federated-learning/issues/3/comments",
        "events_url": "https://api.github.com/repos/poga/awesome-federated-learning/issues/3/events",
        "html_url": "https://github.com/poga/awesome-federated-learning/issues/3",
        "id": 559713473,
        "node_id": "MDU6SXNzdWU1NTk3MTM0NzM=",
        "number": 3,
        "title": "Cross-referencing other repos",
        "user": {
            "login": "DonaldTsang",
            "id": 10583082,
            "node_id": "MDQ6VXNlcjEwNTgzMDgy",
            "avatar_url": "https://avatars.githubusercontent.com/u/10583082?v=4",
            "gravatar_id": "",
            "url": "https://api.github.com/users/DonaldTsang",
            "html_url": "https://github.com/DonaldTsang",
            "followers_url": "https://api.github.com/users/DonaldTsang/followers",
            "following_url": "https://api.github.com/users/DonaldTsang/following{/other_user}",
            "gists_url": "https://api.github.com/users/DonaldTsang/gists{/gist_id}",
            "starred_url": "https://api.github.com/users/DonaldTsang/starred{/owner}{/repo}",
            "subscriptions_url": "https://api.github.com/users/DonaldTsang/subscriptions",
            "organizations_url": "https://api.github.com/users/DonaldTsang/orgs",
            "repos_url": "https://api.github.com/users/DonaldTsang/repos",
            "events_url": "https://api.github.com/users/DonaldTsang/events{/privacy}",
            "received_events_url": "https://api.github.com/users/DonaldTsang/received_events",
            "type": "User",
            "user_view_type": "public",
            "site_admin": false
        },
        "labels": [],
        "state": "open",
        "locked": false,
        "assignee": null,
        "assignees": [],
        "milestone": null,
        "comments": 1,
        "created_at": "2020-02-04T13:17:19Z",
        "updated_at": "2020-02-04T13:23:49Z",
        "closed_at": null,
        "author_association": "NONE",
        "active_lock_reason": null,
        "sub_issues_summary": {
            "total": 0,
            "completed": 0,
            "percent_completed": 0
        },
        "body": "Is it possible to add the resources from https://github.com/timmers/awesome-federated-learning to stay updated?",
        "closed_by": null,
        "reactions": {
            "url": "https://api.github.com/repos/poga/awesome-federated-learning/issues/3/reactions",
            "total_count": 0,
            "+1": 0,
            "-1": 0,
            "laugh": 0,
            "hooray": 0,
            "confused": 0,
            "heart": 0,
            "rocket": 0,
            "eyes": 0
        },
        "timeline_url": "https://api.github.com/repos/poga/awesome-federated-learning/issues/3/timeline",
        "performed_via_github_app": null,
        "state_reason": null
    },
    {
        "url": "https://api.github.com/repos/poga/awesome-federated-learning/issues/2",
        "repository_url": "https://api.github.com/repos/poga/awesome-federated-learning",
        "labels_url": "https://api.github.com/repos/poga/awesome-federated-learning/issues/2/labels{/name}",
        "comments_url": "https://api.github.com/repos/poga/awesome-federated-learning/issues/2/comments",
        "events_url": "https://api.github.com/repos/poga/awesome-federated-learning/issues/2/events",
        "html_url": "https://github.com/poga/awesome-federated-learning/issues/2",
        "id": 542520960,
        "node_id": "MDU6SXNzdWU1NDI1MjA5NjA=",
        "number": 2,
        "title": "Why reinvent the wheel? Please contribute here",
        "user": {
            "login": "tushar-semwal",
            "id": 8556809,
            "node_id": "MDQ6VXNlcjg1NTY4MDk=",
            "avatar_url": "https://avatars.githubusercontent.com/u/8556809?v=4",
            "gravatar_id": "",
            "url": "https://api.github.com/users/tushar-semwal",
            "html_url": "https://github.com/tushar-semwal",
            "followers_url": "https://api.github.com/users/tushar-semwal/followers",
            "following_url": "https://api.github.com/users/tushar-semwal/following{/other_user}",
            "gists_url": "https://api.github.com/users/tushar-semwal/gists{/gist_id}",
            "starred_url": "https://api.github.com/users/tushar-semwal/starred{/owner}{/repo}",
            "subscriptions_url": "https://api.github.com/users/tushar-semwal/subscriptions",
            "organizations_url": "https://api.github.com/users/tushar-semwal/orgs",
            "repos_url": "https://api.github.com/users/tushar-semwal/repos",
            "events_url": "https://api.github.com/users/tushar-semwal/events{/privacy}",
            "received_events_url": "https://api.github.com/users/tushar-semwal/received_events",
            "type": "User",
            "user_view_type": "public",
            "site_admin": false
        },
        "labels": [],
        "state": "closed",
        "locked": false,
        "assignee": null,
        "assignees": [],
        "milestone": null,
        "comments": 3,
        "created_at": "2019-12-26T10:56:23Z",
        "updated_at": "2019-12-27T02:22:38Z",
        "closed_at": "2019-12-26T11:20:39Z",
        "author_association": "NONE",
        "active_lock_reason": null,
        "sub_issues_summary": {
            "total": 0,
            "completed": 0,
            "percent_completed": 0
        },
        "body": "https://github.com/tushar-semwal/awesome-federated-computing",
        "closed_by": {
            "login": "poga",
            "id": 8631,
            "node_id": "MDQ6VXNlcjg2MzE=",
            "avatar_url": "https://avatars.githubusercontent.com/u/8631?v=4",
            "gravatar_id": "",
            "url": "https://api.github.com/users/poga",
            "html_url": "https://github.com/poga",
            "followers_url": "https://api.github.com/users/poga/followers",
            "following_url": "https://api.github.com/users/poga/following{/other_user}",
            "gists_url": "https://api.github.com/users/poga/gists{/gist_id}",
            "starred_url": "https://api.github.com/users/poga/starred{/owner}{/repo}",
            "subscriptions_url": "https://api.github.com/users/poga/subscriptions",
            "organizations_url": "https://api.github.com/users/poga/orgs",
            "repos_url": "https://api.github.com/users/poga/repos",
            "events_url": "https://api.github.com/users/poga/events{/privacy}",
            "received_events_url": "https://api.github.com/users/poga/received_events",
            "type": "User",
            "user_view_type": "public",
            "site_admin": false
        },
        "reactions": {
            "url": "https://api.github.com/repos/poga/awesome-federated-learning/issues/2/reactions",
            "total_count": 0,
            "+1": 0,
            "-1": 0,
            "laugh": 0,
            "hooray": 0,
            "confused": 0,
            "heart": 0,
            "rocket": 0,
            "eyes": 0
        },
        "timeline_url": "https://api.github.com/repos/poga/awesome-federated-learning/issues/2/timeline",
        "performed_via_github_app": null,
        "state_reason": "completed"
    }
]