[
    {
        "url": "https://api.github.com/repos/PrivPkt/PrivPkt/issues/75",
        "repository_url": "https://api.github.com/repos/PrivPkt/PrivPkt",
        "labels_url": "https://api.github.com/repos/PrivPkt/PrivPkt/issues/75/labels{/name}",
        "comments_url": "https://api.github.com/repos/PrivPkt/PrivPkt/issues/75/comments",
        "events_url": "https://api.github.com/repos/PrivPkt/PrivPkt/issues/75/events",
        "html_url": "https://github.com/PrivPkt/PrivPkt/issues/75",
        "id": 1760404417,
        "node_id": "I_kwDODWqNmM5o7aPB",
        "number": 75,
        "title": "Python version not mentioned",
        "user": {
            "login": "UvrajSB",
            "id": 73571511,
            "node_id": "MDQ6VXNlcjczNTcxNTEx",
            "avatar_url": "https://avatars.githubusercontent.com/u/73571511?v=4",
            "gravatar_id": "",
            "url": "https://api.github.com/users/UvrajSB",
            "html_url": "https://github.com/UvrajSB",
            "followers_url": "https://api.github.com/users/UvrajSB/followers",
            "following_url": "https://api.github.com/users/UvrajSB/following{/other_user}",
            "gists_url": "https://api.github.com/users/UvrajSB/gists{/gist_id}",
            "starred_url": "https://api.github.com/users/UvrajSB/starred{/owner}{/repo}",
            "subscriptions_url": "https://api.github.com/users/UvrajSB/subscriptions",
            "organizations_url": "https://api.github.com/users/UvrajSB/orgs",
            "repos_url": "https://api.github.com/users/UvrajSB/repos",
            "events_url": "https://api.github.com/users/UvrajSB/events{/privacy}",
            "received_events_url": "https://api.github.com/users/UvrajSB/received_events",
            "type": "User",
            "user_view_type": "public",
            "site_admin": false
        },
        "labels": [],
        "state": "open",
        "locked": false,
        "assignee": null,
        "assignees": [],
        "milestone": null,
        "comments": 0,
        "created_at": "2023-06-16T11:08:45Z",
        "updated_at": "2023-06-16T11:08:45Z",
        "closed_at": null,
        "author_association": "NONE",
        "type": null,
        "active_lock_reason": null,
        "sub_issues_summary": {
            "total": 0,
            "completed": 0,
            "percent_completed": 0
        },
        "body": "Which python version is supposed to be used?\r\nI am facing issues installing requirements file.",
        "closed_by": null,
        "reactions": {
            "url": "https://api.github.com/repos/PrivPkt/PrivPkt/issues/75/reactions",
            "total_count": 0,
            "+1": 0,
            "-1": 0,
            "laugh": 0,
            "hooray": 0,
            "confused": 0,
            "heart": 0,
            "rocket": 0,
            "eyes": 0
        },
        "timeline_url": "https://api.github.com/repos/PrivPkt/PrivPkt/issues/75/timeline",
        "performed_via_github_app": null,
        "state_reason": null
    },
    {
        "url": "https://api.github.com/repos/PrivPkt/PrivPkt/issues/7",
        "repository_url": "https://api.github.com/repos/PrivPkt/PrivPkt",
        "labels_url": "https://api.github.com/repos/PrivPkt/PrivPkt/issues/7/labels{/name}",
        "comments_url": "https://api.github.com/repos/PrivPkt/PrivPkt/issues/7/comments",
        "events_url": "https://api.github.com/repos/PrivPkt/PrivPkt/issues/7/events",
        "html_url": "https://github.com/PrivPkt/PrivPkt/issues/7",
        "id": 543105000,
        "node_id": "MDU6SXNzdWU1NDMxMDUwMDA=",
        "number": 7,
        "title": "DATA-preprocess by  M.Lotfollahi's method",
        "user": {
            "login": "ducMNSD",
            "id": 38862063,
            "node_id": "MDQ6VXNlcjM4ODYyMDYz",
            "avatar_url": "https://avatars.githubusercontent.com/u/38862063?v=4",
            "gravatar_id": "",
            "url": "https://api.github.com/users/ducMNSD",
            "html_url": "https://github.com/ducMNSD",
            "followers_url": "https://api.github.com/users/ducMNSD/followers",
            "following_url": "https://api.github.com/users/ducMNSD/following{/other_user}",
            "gists_url": "https://api.github.com/users/ducMNSD/gists{/gist_id}",
            "starred_url": "https://api.github.com/users/ducMNSD/starred{/owner}{/repo}",
            "subscriptions_url": "https://api.github.com/users/ducMNSD/subscriptions",
            "organizations_url": "https://api.github.com/users/ducMNSD/orgs",
            "repos_url": "https://api.github.com/users/ducMNSD/repos",
            "events_url": "https://api.github.com/users/ducMNSD/events{/privacy}",
            "received_events_url": "https://api.github.com/users/ducMNSD/received_events",
            "type": "User",
            "user_view_type": "public",
            "site_admin": false
        },
        "labels": [],
        "state": "closed",
        "locked": false,
        "assignee": {
            "login": "blackvvine",
            "id": 9886871,
            "node_id": "MDQ6VXNlcjk4ODY4NzE=",
            "avatar_url": "https://avatars.githubusercontent.com/u/9886871?v=4",
            "gravatar_id": "",
            "url": "https://api.github.com/users/blackvvine",
            "html_url": "https://github.com/blackvvine",
            "followers_url": "https://api.github.com/users/blackvvine/followers",
            "following_url": "https://api.github.com/users/blackvvine/following{/other_user}",
            "gists_url": "https://api.github.com/users/blackvvine/gists{/gist_id}",
            "starred_url": "https://api.github.com/users/blackvvine/starred{/owner}{/repo}",
            "subscriptions_url": "https://api.github.com/users/blackvvine/subscriptions",
            "organizations_url": "https://api.github.com/users/blackvvine/orgs",
            "repos_url": "https://api.github.com/users/blackvvine/repos",
            "events_url": "https://api.github.com/users/blackvvine/events{/privacy}",
            "received_events_url": "https://api.github.com/users/blackvvine/received_events",
            "type": "User",
            "user_view_type": "public",
            "site_admin": false
        },
        "assignees": [
            {
                "login": "blackvvine",
                "id": 9886871,
                "node_id": "MDQ6VXNlcjk4ODY4NzE=",
                "avatar_url": "https://avatars.githubusercontent.com/u/9886871?v=4",
                "gravatar_id": "",
                "url": "https://api.github.com/users/blackvvine",
                "html_url": "https://github.com/blackvvine",
                "followers_url": "https://api.github.com/users/blackvvine/followers",
                "following_url": "https://api.github.com/users/blackvvine/following{/other_user}",
                "gists_url": "https://api.github.com/users/blackvvine/gists{/gist_id}",
                "starred_url": "https://api.github.com/users/blackvvine/starred{/owner}{/repo}",
                "subscriptions_url": "https://api.github.com/users/blackvvine/subscriptions",
                "organizations_url": "https://api.github.com/users/blackvvine/orgs",
                "repos_url": "https://api.github.com/users/blackvvine/repos",
                "events_url": "https://api.github.com/users/blackvvine/events{/privacy}",
                "received_events_url": "https://api.github.com/users/blackvvine/received_events",
                "type": "User",
                "user_view_type": "public",
                "site_admin": false
            }
        ],
        "milestone": null,
        "comments": 4,
        "created_at": "2019-12-28T09:25:41Z",
        "updated_at": "2021-03-03T19:18:54Z",
        "closed_at": "2021-03-03T19:18:54Z",
        "author_association": "NONE",
        "type": null,
        "active_lock_reason": null,
        "sub_issues_summary": {
            "total": 0,
            "completed": 0,
            "percent_completed": 0
        },
        "body": "could you show me some file data when you output from ICSX-preproc.py ? I'm trying to process data by M.Lotfollahi's method with your code but result not good",
        "closed_by": {
            "login": "ezzeldinadel",
            "id": 15705851,
            "node_id": "MDQ6VXNlcjE1NzA1ODUx",
            "avatar_url": "https://avatars.githubusercontent.com/u/15705851?v=4",
            "gravatar_id": "",
            "url": "https://api.github.com/users/ezzeldinadel",
            "html_url": "https://github.com/ezzeldinadel",
            "followers_url": "https://api.github.com/users/ezzeldinadel/followers",
            "following_url": "https://api.github.com/users/ezzeldinadel/following{/other_user}",
            "gists_url": "https://api.github.com/users/ezzeldinadel/gists{/gist_id}",
            "starred_url": "https://api.github.com/users/ezzeldinadel/starred{/owner}{/repo}",
            "subscriptions_url": "https://api.github.com/users/ezzeldinadel/subscriptions",
            "organizations_url": "https://api.github.com/users/ezzeldinadel/orgs",
            "repos_url": "https://api.github.com/users/ezzeldinadel/repos",
            "events_url": "https://api.github.com/users/ezzeldinadel/events{/privacy}",
            "received_events_url": "https://api.github.com/users/ezzeldinadel/received_events",
            "type": "User",
            "user_view_type": "public",
            "site_admin": false
        },
        "reactions": {
            "url": "https://api.github.com/repos/PrivPkt/PrivPkt/issues/7/reactions",
            "total_count": 0,
            "+1": 0,
            "-1": 0,
            "laugh": 0,
            "hooray": 0,
            "confused": 0,
            "heart": 0,
            "rocket": 0,
            "eyes": 0
        },
        "timeline_url": "https://api.github.com/repos/PrivPkt/PrivPkt/issues/7/timeline",
        "performed_via_github_app": null,
        "state_reason": "completed"
    },
    {
        "url": "https://api.github.com/repos/PrivPkt/PrivPkt/issues/1",
        "repository_url": "https://api.github.com/repos/PrivPkt/PrivPkt",
        "labels_url": "https://api.github.com/repos/PrivPkt/PrivPkt/issues/1/labels{/name}",
        "comments_url": "https://api.github.com/repos/PrivPkt/PrivPkt/issues/1/comments",
        "events_url": "https://api.github.com/repos/PrivPkt/PrivPkt/issues/1/events",
        "html_url": "https://github.com/PrivPkt/PrivPkt/issues/1",
        "id": 532692952,
        "node_id": "MDU6SXNzdWU1MzI2OTI5NTI=",
        "number": 1,
        "title": "Tensorflow federated and Tensorflow Privacy Incompatible ",
        "user": {
            "login": "ezzeldinadel",
            "id": 15705851,
            "node_id": "MDQ6VXNlcjE1NzA1ODUx",
            "avatar_url": "https://avatars.githubusercontent.com/u/15705851?v=4",
            "gravatar_id": "",
            "url": "https://api.github.com/users/ezzeldinadel",
            "html_url": "https://github.com/ezzeldinadel",
            "followers_url": "https://api.github.com/users/ezzeldinadel/followers",
            "following_url": "https://api.github.com/users/ezzeldinadel/following{/other_user}",
            "gists_url": "https://api.github.com/users/ezzeldinadel/gists{/gist_id}",
            "starred_url": "https://api.github.com/users/ezzeldinadel/starred{/owner}{/repo}",
            "subscriptions_url": "https://api.github.com/users/ezzeldinadel/subscriptions",
            "organizations_url": "https://api.github.com/users/ezzeldinadel/orgs",
            "repos_url": "https://api.github.com/users/ezzeldinadel/repos",
            "events_url": "https://api.github.com/users/ezzeldinadel/events{/privacy}",
            "received_events_url": "https://api.github.com/users/ezzeldinadel/received_events",
            "type": "User",
            "user_view_type": "public",
            "site_admin": false
        },
        "labels": [],
        "state": "closed",
        "locked": false,
        "assignee": null,
        "assignees": [],
        "milestone": null,
        "comments": 0,
        "created_at": "2019-12-04T13:42:25Z",
        "updated_at": "2020-04-23T01:14:45Z",
        "closed_at": "2020-04-23T01:14:45Z",
        "author_association": "MEMBER",
        "type": null,
        "active_lock_reason": null,
        "sub_issues_summary": {
            "total": 0,
            "completed": 0,
            "percent_completed": 0
        },
        "body": "TFF and TFP are incompatible. \r\nTFF needs TF 2.0 & TFP needs TF 1.0 \r\n\r\n\r\nWhich means we need to do our own implementations ",
        "closed_by": {
            "login": "ezzeldinadel",
            "id": 15705851,
            "node_id": "MDQ6VXNlcjE1NzA1ODUx",
            "avatar_url": "https://avatars.githubusercontent.com/u/15705851?v=4",
            "gravatar_id": "",
            "url": "https://api.github.com/users/ezzeldinadel",
            "html_url": "https://github.com/ezzeldinadel",
            "followers_url": "https://api.github.com/users/ezzeldinadel/followers",
            "following_url": "https://api.github.com/users/ezzeldinadel/following{/other_user}",
            "gists_url": "https://api.github.com/users/ezzeldinadel/gists{/gist_id}",
            "starred_url": "https://api.github.com/users/ezzeldinadel/starred{/owner}{/repo}",
            "subscriptions_url": "https://api.github.com/users/ezzeldinadel/subscriptions",
            "organizations_url": "https://api.github.com/users/ezzeldinadel/orgs",
            "repos_url": "https://api.github.com/users/ezzeldinadel/repos",
            "events_url": "https://api.github.com/users/ezzeldinadel/events{/privacy}",
            "received_events_url": "https://api.github.com/users/ezzeldinadel/received_events",
            "type": "User",
            "user_view_type": "public",
            "site_admin": false
        },
        "reactions": {
            "url": "https://api.github.com/repos/PrivPkt/PrivPkt/issues/1/reactions",
            "total_count": 0,
            "+1": 0,
            "-1": 0,
            "laugh": 0,
            "hooray": 0,
            "confused": 0,
            "heart": 0,
            "rocket": 0,
            "eyes": 0
        },
        "timeline_url": "https://api.github.com/repos/PrivPkt/PrivPkt/issues/1/timeline",
        "performed_via_github_app": null,
        "state_reason": "completed"
    }
]