[
    {
        "url": "https://api.github.com/repos/roxanneluo/Federated-Learning/issues/4",
        "repository_url": "https://api.github.com/repos/roxanneluo/Federated-Learning",
        "labels_url": "https://api.github.com/repos/roxanneluo/Federated-Learning/issues/4/labels{/name}",
        "comments_url": "https://api.github.com/repos/roxanneluo/Federated-Learning/issues/4/comments",
        "events_url": "https://api.github.com/repos/roxanneluo/Federated-Learning/issues/4/events",
        "html_url": "https://github.com/roxanneluo/Federated-Learning/issues/4",
        "id": 1239704768,
        "node_id": "I_kwDOBqjLxM5J5GTA",
        "number": 4,
        "title": "I encounter some version control problems",
        "user": {
            "login": "Yukang-Lin",
            "id": 71579468,
            "node_id": "MDQ6VXNlcjcxNTc5NDY4",
            "avatar_url": "https://avatars.githubusercontent.com/u/71579468?v=4",
            "gravatar_id": "",
            "url": "https://api.github.com/users/Yukang-Lin",
            "html_url": "https://github.com/Yukang-Lin",
            "followers_url": "https://api.github.com/users/Yukang-Lin/followers",
            "following_url": "https://api.github.com/users/Yukang-Lin/following{/other_user}",
            "gists_url": "https://api.github.com/users/Yukang-Lin/gists{/gist_id}",
            "starred_url": "https://api.github.com/users/Yukang-Lin/starred{/owner}{/repo}",
            "subscriptions_url": "https://api.github.com/users/Yukang-Lin/subscriptions",
            "organizations_url": "https://api.github.com/users/Yukang-Lin/orgs",
            "repos_url": "https://api.github.com/users/Yukang-Lin/repos",
            "events_url": "https://api.github.com/users/Yukang-Lin/events{/privacy}",
            "received_events_url": "https://api.github.com/users/Yukang-Lin/received_events",
            "type": "User",
            "user_view_type": "public",
            "site_admin": false
        },
        "labels": [],
        "state": "open",
        "locked": false,
        "assignee": null,
        "assignees": [],
        "milestone": null,
        "comments": 6,
        "created_at": "2022-05-18T09:47:41Z",
        "updated_at": "2022-05-21T15:34:13Z",
        "closed_at": null,
        "author_association": "NONE",
        "active_lock_reason": null,
        "sub_issues_summary": {
            "total": 0,
            "completed": 0,
            "percent_completed": 0
        },
        "body": "Sorry to bother you, could you please tell me the version of the following package: socketio-client, flask, flask-socketio.",
        "closed_by": null,
        "reactions": {
            "url": "https://api.github.com/repos/roxanneluo/Federated-Learning/issues/4/reactions",
            "total_count": 0,
            "+1": 0,
            "-1": 0,
            "laugh": 0,
            "hooray": 0,
            "confused": 0,
            "heart": 0,
            "rocket": 0,
            "eyes": 0
        },
        "timeline_url": "https://api.github.com/repos/roxanneluo/Federated-Learning/issues/4/timeline",
        "performed_via_github_app": null,
        "state_reason": null
    },
    {
        "url": "https://api.github.com/repos/roxanneluo/Federated-Learning/issues/3",
        "repository_url": "https://api.github.com/repos/roxanneluo/Federated-Learning",
        "labels_url": "https://api.github.com/repos/roxanneluo/Federated-Learning/issues/3/labels{/name}",
        "comments_url": "https://api.github.com/repos/roxanneluo/Federated-Learning/issues/3/comments",
        "events_url": "https://api.github.com/repos/roxanneluo/Federated-Learning/issues/3/events",
        "html_url": "https://github.com/roxanneluo/Federated-Learning/issues/3",
        "id": 1147588418,
        "node_id": "I_kwDOBqjLxM5EZs9C",
        "number": 3,
        "title": "could you please introduce how to use this REPO ?",
        "user": {
            "login": "dongdongzhaoUP",
            "id": 45898026,
            "node_id": "MDQ6VXNlcjQ1ODk4MDI2",
            "avatar_url": "https://avatars.githubusercontent.com/u/45898026?v=4",
            "gravatar_id": "",
            "url": "https://api.github.com/users/dongdongzhaoUP",
            "html_url": "https://github.com/dongdongzhaoUP",
            "followers_url": "https://api.github.com/users/dongdongzhaoUP/followers",
            "following_url": "https://api.github.com/users/dongdongzhaoUP/following{/other_user}",
            "gists_url": "https://api.github.com/users/dongdongzhaoUP/gists{/gist_id}",
            "starred_url": "https://api.github.com/users/dongdongzhaoUP/starred{/owner}{/repo}",
            "subscriptions_url": "https://api.github.com/users/dongdongzhaoUP/subscriptions",
            "organizations_url": "https://api.github.com/users/dongdongzhaoUP/orgs",
            "repos_url": "https://api.github.com/users/dongdongzhaoUP/repos",
            "events_url": "https://api.github.com/users/dongdongzhaoUP/events{/privacy}",
            "received_events_url": "https://api.github.com/users/dongdongzhaoUP/received_events",
            "type": "User",
            "user_view_type": "public",
            "site_admin": false
        },
        "labels": [],
        "state": "open",
        "locked": false,
        "assignee": null,
        "assignees": [],
        "milestone": null,
        "comments": 0,
        "created_at": "2022-02-23T03:24:44Z",
        "updated_at": "2022-02-23T03:24:44Z",
        "closed_at": null,
        "author_association": "NONE",
        "active_lock_reason": null,
        "sub_issues_summary": {
            "total": 0,
            "completed": 0,
            "percent_completed": 0
        },
        "body": null,
        "closed_by": null,
        "reactions": {
            "url": "https://api.github.com/repos/roxanneluo/Federated-Learning/issues/3/reactions",
            "total_count": 0,
            "+1": 0,
            "-1": 0,
            "laugh": 0,
            "hooray": 0,
            "confused": 0,
            "heart": 0,
            "rocket": 0,
            "eyes": 0
        },
        "timeline_url": "https://api.github.com/repos/roxanneluo/Federated-Learning/issues/3/timeline",
        "performed_via_github_app": null,
        "state_reason": null
    },
    {
        "url": "https://api.github.com/repos/roxanneluo/Federated-Learning/issues/2",
        "repository_url": "https://api.github.com/repos/roxanneluo/Federated-Learning",
        "labels_url": "https://api.github.com/repos/roxanneluo/Federated-Learning/issues/2/labels{/name}",
        "comments_url": "https://api.github.com/repos/roxanneluo/Federated-Learning/issues/2/comments",
        "events_url": "https://api.github.com/repos/roxanneluo/Federated-Learning/issues/2/events",
        "html_url": "https://github.com/roxanneluo/Federated-Learning/issues/2",
        "id": 505287461,
        "node_id": "MDU6SXNzdWU1MDUyODc0NjE=",
        "number": 2,
        "title": "could you introduce how to use this REPO ?",
        "user": {
            "login": "MillionaireChen",
            "id": 35960345,
            "node_id": "MDQ6VXNlcjM1OTYwMzQ1",
            "avatar_url": "https://avatars.githubusercontent.com/u/35960345?v=4",
            "gravatar_id": "",
            "url": "https://api.github.com/users/MillionaireChen",
            "html_url": "https://github.com/MillionaireChen",
            "followers_url": "https://api.github.com/users/MillionaireChen/followers",
            "following_url": "https://api.github.com/users/MillionaireChen/following{/other_user}",
            "gists_url": "https://api.github.com/users/MillionaireChen/gists{/gist_id}",
            "starred_url": "https://api.github.com/users/MillionaireChen/starred{/owner}{/repo}",
            "subscriptions_url": "https://api.github.com/users/MillionaireChen/subscriptions",
            "organizations_url": "https://api.github.com/users/MillionaireChen/orgs",
            "repos_url": "https://api.github.com/users/MillionaireChen/repos",
            "events_url": "https://api.github.com/users/MillionaireChen/events{/privacy}",
            "received_events_url": "https://api.github.com/users/MillionaireChen/received_events",
            "type": "User",
            "user_view_type": "public",
            "site_admin": false
        },
        "labels": [],
        "state": "open",
        "locked": false,
        "assignee": null,
        "assignees": [],
        "milestone": null,
        "comments": 0,
        "created_at": "2019-10-10T13:53:21Z",
        "updated_at": "2019-10-10T13:53:21Z",
        "closed_at": null,
        "author_association": "NONE",
        "active_lock_reason": null,
        "sub_issues_summary": {
            "total": 0,
            "completed": 0,
            "percent_completed": 0
        },
        "body": "if you could ,i hope you can write down in the README.",
        "closed_by": null,
        "reactions": {
            "url": "https://api.github.com/repos/roxanneluo/Federated-Learning/issues/2/reactions",
            "total_count": 8,
            "+1": 8,
            "-1": 0,
            "laugh": 0,
            "hooray": 0,
            "confused": 0,
            "heart": 0,
            "rocket": 0,
            "eyes": 0
        },
        "timeline_url": "https://api.github.com/repos/roxanneluo/Federated-Learning/issues/2/timeline",
        "performed_via_github_app": null,
        "state_reason": null
    },
    {
        "url": "https://api.github.com/repos/roxanneluo/Federated-Learning/issues/1",
        "repository_url": "https://api.github.com/repos/roxanneluo/Federated-Learning",
        "labels_url": "https://api.github.com/repos/roxanneluo/Federated-Learning/issues/1/labels{/name}",
        "comments_url": "https://api.github.com/repos/roxanneluo/Federated-Learning/issues/1/comments",
        "events_url": "https://api.github.com/repos/roxanneluo/Federated-Learning/issues/1/events",
        "html_url": "https://github.com/roxanneluo/Federated-Learning/issues/1",
        "id": 296248612,
        "node_id": "MDU6SXNzdWUyOTYyNDg2MTI=",
        "number": 1,
        "title": "Issue while running",
        "user": {
            "login": "zxcve",
            "id": 7197533,
            "node_id": "MDQ6VXNlcjcxOTc1MzM=",
            "avatar_url": "https://avatars.githubusercontent.com/u/7197533?v=4",
            "gravatar_id": "",
            "url": "https://api.github.com/users/zxcve",
            "html_url": "https://github.com/zxcve",
            "followers_url": "https://api.github.com/users/zxcve/followers",
            "following_url": "https://api.github.com/users/zxcve/following{/other_user}",
            "gists_url": "https://api.github.com/users/zxcve/gists{/gist_id}",
            "starred_url": "https://api.github.com/users/zxcve/starred{/owner}{/repo}",
            "subscriptions_url": "https://api.github.com/users/zxcve/subscriptions",
            "organizations_url": "https://api.github.com/users/zxcve/orgs",
            "repos_url": "https://api.github.com/users/zxcve/repos",
            "events_url": "https://api.github.com/users/zxcve/events{/privacy}",
            "received_events_url": "https://api.github.com/users/zxcve/received_events",
            "type": "User",
            "user_view_type": "public",
            "site_admin": false
        },
        "labels": [],
        "state": "open",
        "locked": false,
        "assignee": null,
        "assignees": [],
        "milestone": null,
        "comments": 1,
        "created_at": "2018-02-12T01:52:40Z",
        "updated_at": "2019-11-22T05:18:38Z",
        "closed_at": null,
        "author_association": "NONE",
        "active_lock_reason": null,
        "sub_issues_summary": {
            "total": 0,
            "completed": 0,
            "percent_completed": 0
        },
        "body": "Hi ,\r\nI keep getting this error:\r\nTraceback (most recent call last):\r\n  File \"fl_client.py\", line 214, in <module>\r\n    FederatedClient(\"127.0.0.1\", 5000, datasource.Mnist)\r\n  File \"fl_client.py\", line 92, in __init__\r\n    self.sio.wait()\r\n  File \"C:\\Users\\zxcve\\Anaconda3\\lib\\site-packages\\socketIO_client\\__init__.py\", line 251, in wait\r\n    self._process_packets()\r\n  File \"C:\\Users\\zxcve\\Anaconda3\\lib\\site-packages\\socketIO_client\\__init__.py\", line 278, in _process_packets\r\n    self._process_packet(engineIO_packet)\r\n  File \"C:\\Users\\zxcve\\Anaconda3\\lib\\site-packages\\socketIO_client\\__init__.py\", line 491, in _process_packet\r\n    delegate(parse_socketIO_packet_data(socketIO_packet_data), namespace)\r\n  File \"C:\\Users\\zxcve\\Anaconda3\\lib\\site-packages\\socketIO_client\\__init__.py\", line 513, in _on_event\r\n    namespace._find_packet_callback(event)(*args)\r\n  File \"fl_client.py\", line 139, in on_request_update\r\n    my_weights, train_loss, train_accuracy = self.local_model.train_one_round()\r\n  File \"fl_client.py\", line 57, in train_one_round\r\n    validation_data=(self.x_valid, self.y_valid))\r\n  File \"C:\\Users\\zxcve\\Anaconda3\\lib\\site-packages\\keras\\models.py\", line 893, in fit\r\n    initial_epoch=initial_epoch)\r\n  File \"C:\\Users\\zxcve\\Anaconda3\\lib\\site-packages\\keras\\engine\\training.py\", line 1555, in fit\r\n    batch_size=batch_size)\r\n  File \"C:\\Users\\zxcve\\Anaconda3\\lib\\site-packages\\keras\\engine\\training.py\", line 1413, in _standardize_user_data\r\n    exception_prefix='target')\r\n  File \"C:\\Users\\zxcve\\Anaconda3\\lib\\site-packages\\keras\\engine\\training.py\", line 142, in _standardize_input_data\r\n    str(array.shape))\r\nValueError: Error when checking target: expected dense_2 to have 2 dimensions, but got array with shape (1200, 1, 10)\r\ndisconnect\r\n\r\n\r\nDo you know fix for this?",
        "closed_by": null,
        "reactions": {
            "url": "https://api.github.com/repos/roxanneluo/Federated-Learning/issues/1/reactions",
            "total_count": 0,
            "+1": 0,
            "-1": 0,
            "laugh": 0,
            "hooray": 0,
            "confused": 0,
            "heart": 0,
            "rocket": 0,
            "eyes": 0
        },
        "timeline_url": "https://api.github.com/repos/roxanneluo/Federated-Learning/issues/1/timeline",
        "performed_via_github_app": null,
        "state_reason": null
    }
]