[
    {
        "url": "https://api.github.com/repos/rruisong/pytorch_federated_learning/issues/10",
        "repository_url": "https://api.github.com/repos/rruisong/pytorch_federated_learning",
        "labels_url": "https://api.github.com/repos/rruisong/pytorch_federated_learning/issues/10/labels{/name}",
        "comments_url": "https://api.github.com/repos/rruisong/pytorch_federated_learning/issues/10/comments",
        "events_url": "https://api.github.com/repos/rruisong/pytorch_federated_learning/issues/10/events",
        "html_url": "https://github.com/rruisong/pytorch_federated_learning/issues/10",
        "id": 2563979836,
        "node_id": "I_kwDOJQnC8s6Y0zo8",
        "number": 10,
        "title": "Overfitting problem after dividing dataset",
        "user": {
            "login": "qianpiao",
            "id": 31945312,
            "node_id": "MDQ6VXNlcjMxOTQ1MzEy",
            "avatar_url": "https://avatars.githubusercontent.com/u/31945312?v=4",
            "gravatar_id": "",
            "url": "https://api.github.com/users/qianpiao",
            "html_url": "https://github.com/qianpiao",
            "followers_url": "https://api.github.com/users/qianpiao/followers",
            "following_url": "https://api.github.com/users/qianpiao/following{/other_user}",
            "gists_url": "https://api.github.com/users/qianpiao/gists{/gist_id}",
            "starred_url": "https://api.github.com/users/qianpiao/starred{/owner}{/repo}",
            "subscriptions_url": "https://api.github.com/users/qianpiao/subscriptions",
            "organizations_url": "https://api.github.com/users/qianpiao/orgs",
            "repos_url": "https://api.github.com/users/qianpiao/repos",
            "events_url": "https://api.github.com/users/qianpiao/events{/privacy}",
            "received_events_url": "https://api.github.com/users/qianpiao/received_events",
            "type": "User",
            "user_view_type": "public",
            "site_admin": false
        },
        "labels": [],
        "state": "open",
        "locked": false,
        "assignee": null,
        "assignees": [],
        "milestone": null,
        "comments": 0,
        "created_at": "2024-10-03T12:48:25Z",
        "updated_at": "2024-10-03T12:53:57Z",
        "closed_at": null,
        "author_association": "NONE",
        "active_lock_reason": null,
        "sub_issues_summary": {
            "total": 0,
            "completed": 0,
            "percent_completed": 0
        },
        "body": "\u6700\u8fd1\u5728\u7528pytorch\u5199FL\u4ee3\u7801\u65f6\u5019\uff0c\u53d1\u73b0\u4e00\u4e2a\u95ee\u9898\uff0c\u4e00\u65e6\u4eceMNIST\u6216CIFAR10\u6570\u636e\u96c6\u4e2d\u8bfb\u53d6\u6570\u636e\u91cd\u65b0\u6784\u5efadataloader\u540e\uff0c\u8bad\u7ec3\u90fd\u4f1a\u51fa\u73b0\u8fc7\u62df\u5408\u95ee\u9898\u3002\u5177\u4f53\u8868\u73b0\u4e3atest loss\u4e0b\u964d\u6570\u8f6e\u540e\uff0c\u53cd\u800c\u4e0a\u5347\uff0c\u800c\u7cbe\u5ea6\u5361\u5728\u4e00\u4e2a\u4e0d\u9ad8\u7684\u7a0b\u5ea6\u5c31\u4e0d\u52a8\u4e86\u3002\u54ea\u6015\u5982\u4e0b\u56fe\u7684\u4ee3\u7801\uff0c\u4f7f\u7528\u91cd\u65b0\u6784\u5efa\u7684train_loader_2\u5728\u4e00\u4e2aclient\u4e0a\u8bad\u7ec3\u90fd\u4f1a\u8fd9\u6837\uff0c\u800c\u5982\u679c\u4f7f\u7528\u539f\u88c5datasets.CIFAR10\u8f7d\u5165\u7684train_dataset\u5219\u4e0d\u4f1a\u51fa\u73b0\u8fc7\u62df\u5408\uff0c\u6a21\u578b\u53ef\u4ee5\u5230\u8fbe\u66f4\u9ad8\u7684\u7cbe\u5ea6\r\n\r\n![QQ\u56fe\u724720241003203654](https://github.com/user-attachments/assets/043fb28a-288b-46c4-ae5c-ab3127b14a61)\r\n\u6211\u4e0b\u8f7d\u4e86\u60a8\u7684\u4ee3\u7801\uff0c\u60a8\u7684\u6e90\u4ee3\u7801\u91cc\u53ea\u6253\u5370\u4e86train loss\uff0c\u6ca1\u6253\u5370test loss\uff0c\u800c\u6211\u6253\u5370\u4e86test loss\u53d1\u73b0\u4e5f\u4f1a\u51fa\u73b0\u5148\u4e0b\u964d\u540e\u4e0a\u5347\u7684\u73b0\u8c61\uff0c\u5982\u4e0b\u56fe\u6240\u793a\uff0c\u8bf7\u95ee\u6709\u89e3\u51b3\u7684\u529e\u6cd5\u5417\uff1f\r\n![image](https://github.com/user-attachments/assets/7cce0127-fca9-495c-9215-00ac9ef5b90f)\r\n\r\n",
        "closed_by": null,
        "reactions": {
            "url": "https://api.github.com/repos/rruisong/pytorch_federated_learning/issues/10/reactions",
            "total_count": 0,
            "+1": 0,
            "-1": 0,
            "laugh": 0,
            "hooray": 0,
            "confused": 0,
            "heart": 0,
            "rocket": 0,
            "eyes": 0
        },
        "timeline_url": "https://api.github.com/repos/rruisong/pytorch_federated_learning/issues/10/timeline",
        "performed_via_github_app": null,
        "state_reason": null
    },
    {
        "url": "https://api.github.com/repos/rruisong/pytorch_federated_learning/issues/9",
        "repository_url": "https://api.github.com/repos/rruisong/pytorch_federated_learning",
        "labels_url": "https://api.github.com/repos/rruisong/pytorch_federated_learning/issues/9/labels{/name}",
        "comments_url": "https://api.github.com/repos/rruisong/pytorch_federated_learning/issues/9/comments",
        "events_url": "https://api.github.com/repos/rruisong/pytorch_federated_learning/issues/9/events",
        "html_url": "https://github.com/rruisong/pytorch_federated_learning/issues/9",
        "id": 2337101127,
        "node_id": "I_kwDOJQnC8s6LTVVH",
        "number": 9,
        "title": "implement newer algos",
        "user": {
            "login": "johndpope",
            "id": 289994,
            "node_id": "MDQ6VXNlcjI4OTk5NA==",
            "avatar_url": "https://avatars.githubusercontent.com/u/289994?v=4",
            "gravatar_id": "",
            "url": "https://api.github.com/users/johndpope",
            "html_url": "https://github.com/johndpope",
            "followers_url": "https://api.github.com/users/johndpope/followers",
            "following_url": "https://api.github.com/users/johndpope/following{/other_user}",
            "gists_url": "https://api.github.com/users/johndpope/gists{/gist_id}",
            "starred_url": "https://api.github.com/users/johndpope/starred{/owner}{/repo}",
            "subscriptions_url": "https://api.github.com/users/johndpope/subscriptions",
            "organizations_url": "https://api.github.com/users/johndpope/orgs",
            "repos_url": "https://api.github.com/users/johndpope/repos",
            "events_url": "https://api.github.com/users/johndpope/events{/privacy}",
            "received_events_url": "https://api.github.com/users/johndpope/received_events",
            "type": "User",
            "user_view_type": "public",
            "site_admin": false
        },
        "labels": [],
        "state": "open",
        "locked": false,
        "assignee": null,
        "assignees": [],
        "milestone": null,
        "comments": 1,
        "created_at": "2024-06-06T01:13:30Z",
        "updated_at": "2024-06-08T06:29:00Z",
        "closed_at": null,
        "author_association": "NONE",
        "active_lock_reason": null,
        "sub_issues_summary": {
            "total": 0,
            "completed": 0,
            "percent_completed": 0
        },
        "body": "FedLGT (Language-Guided Transformer for Federated Multi-Label Classification)\r\nPaper: I-Jieh Liu et al., AAAI 2024\r\n\r\nIntuition:\r\nFedLGT is designed to handle multi-label image classification in federated learning settings, which is more challenging than single-label classification due to partial label correlations observed by local clients. This algorithm leverages the power of transformers to transfer knowledge across different clients, improving the performance of the global model even when dealing with heterogeneous data distributions\u200b ([GitHub](https://github.com/Jack24658735/FedLGT))\u200b.\r\n\r\n\r\n\r\nFedCompass (Efficient Cross-Silo Federated Learning)\r\nPaper: Presented at ICLR 2024\r\n\r\nIntuition:\r\nFedCompass introduces a semi-asynchronous federated learning approach that aims to address the inefficiencies of both synchronous and asynchronous methods. It uses a computing power-aware scheduler (COMPASS) to adaptively assign local training steps to clients based on their computational capabilities. This method helps synchronize the arrival of client models, reducing staleness and improving overall efficiency and performance\u200b ([GitHub](https://github.com/APPFL/FedCompass))\u200b.\r\n\r\nFedDyn (Federated Dynamics)\r\nOverview:\r\nFedDyn is noted for its dynamic adjustment of learning rates and model parameters during the training process. This algorithm aims to balance computational and communication efficiency while maintaining high accuracy. It adapts to client heterogeneity and data distribution changes dynamically, making it robust for various federated learning scenarios.\r\n\r\nFedYogi and FedAdam\r\nOverview:\r\nThese algorithms adapt techniques from centralized optimization (like the Adam optimizer) to federated settings. They aim to improve convergence rates and accuracy by adjusting learning rates based on gradient updates. They tend to perform better than traditional methods like FedAvg, especially in non-IID data settings\u200b ([Papers with Code](https://paperswithcode.com/paper/not-all-federated-learning-algorithms-are))\u200b .\r\n\r\nFOCUS (Federated Online Client Update Scheduling)\r\nOverview:\r\nFOCUS schedules client updates dynamically to minimize communication overhead while maximizing learning efficiency. It adapts the training process in real-time, based on the current state of the client models and network conditions, improving both convergence speed and model accuracy.\r\n\r\nThese newer algorithms show significant improvements over traditional federated learning methods, particularly in handling client and data heterogeneity, improving convergence rates, and maintaining model performance. Each algorithm brings unique advantages depending on the specific requirements and constraints of the federated learning setup.",
        "closed_by": null,
        "reactions": {
            "url": "https://api.github.com/repos/rruisong/pytorch_federated_learning/issues/9/reactions",
            "total_count": 0,
            "+1": 0,
            "-1": 0,
            "laugh": 0,
            "hooray": 0,
            "confused": 0,
            "heart": 0,
            "rocket": 0,
            "eyes": 0
        },
        "timeline_url": "https://api.github.com/repos/rruisong/pytorch_federated_learning/issues/9/timeline",
        "performed_via_github_app": null,
        "state_reason": null
    },
    {
        "url": "https://api.github.com/repos/rruisong/pytorch_federated_learning/issues/8",
        "repository_url": "https://api.github.com/repos/rruisong/pytorch_federated_learning",
        "labels_url": "https://api.github.com/repos/rruisong/pytorch_federated_learning/issues/8/labels{/name}",
        "comments_url": "https://api.github.com/repos/rruisong/pytorch_federated_learning/issues/8/comments",
        "events_url": "https://api.github.com/repos/rruisong/pytorch_federated_learning/issues/8/events",
        "html_url": "https://github.com/rruisong/pytorch_federated_learning/issues/8",
        "id": 2034371993,
        "node_id": "I_kwDOJQnC8s55Qg2Z",
        "number": 8,
        "title": "How to integrate a class-incremental learning setting into this awesome framework?",
        "user": {
            "login": "xingaocs",
            "id": 100128317,
            "node_id": "U_kgDOBffWPQ",
            "avatar_url": "https://avatars.githubusercontent.com/u/100128317?v=4",
            "gravatar_id": "",
            "url": "https://api.github.com/users/xingaocs",
            "html_url": "https://github.com/xingaocs",
            "followers_url": "https://api.github.com/users/xingaocs/followers",
            "following_url": "https://api.github.com/users/xingaocs/following{/other_user}",
            "gists_url": "https://api.github.com/users/xingaocs/gists{/gist_id}",
            "starred_url": "https://api.github.com/users/xingaocs/starred{/owner}{/repo}",
            "subscriptions_url": "https://api.github.com/users/xingaocs/subscriptions",
            "organizations_url": "https://api.github.com/users/xingaocs/orgs",
            "repos_url": "https://api.github.com/users/xingaocs/repos",
            "events_url": "https://api.github.com/users/xingaocs/events{/privacy}",
            "received_events_url": "https://api.github.com/users/xingaocs/received_events",
            "type": "User",
            "user_view_type": "public",
            "site_admin": false
        },
        "labels": [],
        "state": "closed",
        "locked": false,
        "assignee": null,
        "assignees": [],
        "milestone": null,
        "comments": 1,
        "created_at": "2023-12-10T13:29:48Z",
        "updated_at": "2024-03-14T19:15:52Z",
        "closed_at": "2024-03-14T19:15:52Z",
        "author_association": "NONE",
        "active_lock_reason": null,
        "sub_issues_summary": {
            "total": 0,
            "completed": 0,
            "percent_completed": 0
        },
        "body": "I don't know how to do it.....",
        "closed_by": {
            "login": "rruisong",
            "id": 70255526,
            "node_id": "MDQ6VXNlcjcwMjU1NTI2",
            "avatar_url": "https://avatars.githubusercontent.com/u/70255526?v=4",
            "gravatar_id": "",
            "url": "https://api.github.com/users/rruisong",
            "html_url": "https://github.com/rruisong",
            "followers_url": "https://api.github.com/users/rruisong/followers",
            "following_url": "https://api.github.com/users/rruisong/following{/other_user}",
            "gists_url": "https://api.github.com/users/rruisong/gists{/gist_id}",
            "starred_url": "https://api.github.com/users/rruisong/starred{/owner}{/repo}",
            "subscriptions_url": "https://api.github.com/users/rruisong/subscriptions",
            "organizations_url": "https://api.github.com/users/rruisong/orgs",
            "repos_url": "https://api.github.com/users/rruisong/repos",
            "events_url": "https://api.github.com/users/rruisong/events{/privacy}",
            "received_events_url": "https://api.github.com/users/rruisong/received_events",
            "type": "User",
            "user_view_type": "public",
            "site_admin": false
        },
        "reactions": {
            "url": "https://api.github.com/repos/rruisong/pytorch_federated_learning/issues/8/reactions",
            "total_count": 0,
            "+1": 0,
            "-1": 0,
            "laugh": 0,
            "hooray": 0,
            "confused": 0,
            "heart": 0,
            "rocket": 0,
            "eyes": 0
        },
        "timeline_url": "https://api.github.com/repos/rruisong/pytorch_federated_learning/issues/8/timeline",
        "performed_via_github_app": null,
        "state_reason": "completed"
    },
    {
        "url": "https://api.github.com/repos/rruisong/pytorch_federated_learning/issues/6",
        "repository_url": "https://api.github.com/repos/rruisong/pytorch_federated_learning",
        "labels_url": "https://api.github.com/repos/rruisong/pytorch_federated_learning/issues/6/labels{/name}",
        "comments_url": "https://api.github.com/repos/rruisong/pytorch_federated_learning/issues/6/comments",
        "events_url": "https://api.github.com/repos/rruisong/pytorch_federated_learning/issues/6/events",
        "html_url": "https://github.com/rruisong/pytorch_federated_learning/issues/6",
        "id": 2011310570,
        "node_id": "I_kwDOJQnC8s534inq",
        "number": 6,
        "title": "The Hardware environment",
        "user": {
            "login": "simba-axin",
            "id": 63863888,
            "node_id": "MDQ6VXNlcjYzODYzODg4",
            "avatar_url": "https://avatars.githubusercontent.com/u/63863888?v=4",
            "gravatar_id": "",
            "url": "https://api.github.com/users/simba-axin",
            "html_url": "https://github.com/simba-axin",
            "followers_url": "https://api.github.com/users/simba-axin/followers",
            "following_url": "https://api.github.com/users/simba-axin/following{/other_user}",
            "gists_url": "https://api.github.com/users/simba-axin/gists{/gist_id}",
            "starred_url": "https://api.github.com/users/simba-axin/starred{/owner}{/repo}",
            "subscriptions_url": "https://api.github.com/users/simba-axin/subscriptions",
            "organizations_url": "https://api.github.com/users/simba-axin/orgs",
            "repos_url": "https://api.github.com/users/simba-axin/repos",
            "events_url": "https://api.github.com/users/simba-axin/events{/privacy}",
            "received_events_url": "https://api.github.com/users/simba-axin/received_events",
            "type": "User",
            "user_view_type": "public",
            "site_admin": false
        },
        "labels": [],
        "state": "closed",
        "locked": false,
        "assignee": null,
        "assignees": [],
        "milestone": null,
        "comments": 1,
        "created_at": "2023-11-27T01:08:20Z",
        "updated_at": "2024-03-14T19:16:02Z",
        "closed_at": "2024-03-14T19:16:02Z",
        "author_association": "NONE",
        "active_lock_reason": null,
        "sub_issues_summary": {
            "total": 0,
            "completed": 0,
            "percent_completed": 0
        },
        "body": "Hello, could you please tell me what the minimum hardware requirements are for running this project? For example, memory size, video memory size, etc., because it crashed directly when I tried to run it on my 16g computer.",
        "closed_by": {
            "login": "rruisong",
            "id": 70255526,
            "node_id": "MDQ6VXNlcjcwMjU1NTI2",
            "avatar_url": "https://avatars.githubusercontent.com/u/70255526?v=4",
            "gravatar_id": "",
            "url": "https://api.github.com/users/rruisong",
            "html_url": "https://github.com/rruisong",
            "followers_url": "https://api.github.com/users/rruisong/followers",
            "following_url": "https://api.github.com/users/rruisong/following{/other_user}",
            "gists_url": "https://api.github.com/users/rruisong/gists{/gist_id}",
            "starred_url": "https://api.github.com/users/rruisong/starred{/owner}{/repo}",
            "subscriptions_url": "https://api.github.com/users/rruisong/subscriptions",
            "organizations_url": "https://api.github.com/users/rruisong/orgs",
            "repos_url": "https://api.github.com/users/rruisong/repos",
            "events_url": "https://api.github.com/users/rruisong/events{/privacy}",
            "received_events_url": "https://api.github.com/users/rruisong/received_events",
            "type": "User",
            "user_view_type": "public",
            "site_admin": false
        },
        "reactions": {
            "url": "https://api.github.com/repos/rruisong/pytorch_federated_learning/issues/6/reactions",
            "total_count": 0,
            "+1": 0,
            "-1": 0,
            "laugh": 0,
            "hooray": 0,
            "confused": 0,
            "heart": 0,
            "rocket": 0,
            "eyes": 0
        },
        "timeline_url": "https://api.github.com/repos/rruisong/pytorch_federated_learning/issues/6/timeline",
        "performed_via_github_app": null,
        "state_reason": "completed"
    },
    {
        "url": "https://api.github.com/repos/rruisong/pytorch_federated_learning/issues/4",
        "repository_url": "https://api.github.com/repos/rruisong/pytorch_federated_learning",
        "labels_url": "https://api.github.com/repos/rruisong/pytorch_federated_learning/issues/4/labels{/name}",
        "comments_url": "https://api.github.com/repos/rruisong/pytorch_federated_learning/issues/4/comments",
        "events_url": "https://api.github.com/repos/rruisong/pytorch_federated_learning/issues/4/events",
        "html_url": "https://github.com/rruisong/pytorch_federated_learning/issues/4",
        "id": 1834460174,
        "node_id": "I_kwDOJQnC8s5tV6QO",
        "number": 4,
        "title": "convergence about the connection_rate",
        "user": {
            "login": "1496nuonuo",
            "id": 91582947,
            "node_id": "U_kgDOBXVx4w",
            "avatar_url": "https://avatars.githubusercontent.com/u/91582947?v=4",
            "gravatar_id": "",
            "url": "https://api.github.com/users/1496nuonuo",
            "html_url": "https://github.com/1496nuonuo",
            "followers_url": "https://api.github.com/users/1496nuonuo/followers",
            "following_url": "https://api.github.com/users/1496nuonuo/following{/other_user}",
            "gists_url": "https://api.github.com/users/1496nuonuo/gists{/gist_id}",
            "starred_url": "https://api.github.com/users/1496nuonuo/starred{/owner}{/repo}",
            "subscriptions_url": "https://api.github.com/users/1496nuonuo/subscriptions",
            "organizations_url": "https://api.github.com/users/1496nuonuo/orgs",
            "repos_url": "https://api.github.com/users/1496nuonuo/repos",
            "events_url": "https://api.github.com/users/1496nuonuo/events{/privacy}",
            "received_events_url": "https://api.github.com/users/1496nuonuo/received_events",
            "type": "User",
            "user_view_type": "public",
            "site_admin": false
        },
        "labels": [
            {
                "id": 5330763418,
                "node_id": "LA_kwDOJQnC8s8AAAABPbz-mg",
                "url": "https://api.github.com/repos/rruisong/pytorch_federated_learning/labels/bug",
                "name": "bug",
                "color": "d73a4a",
                "default": true,
                "description": "Something isn't working"
            },
            {
                "id": 5330763456,
                "node_id": "LA_kwDOJQnC8s8AAAABPbz-wA",
                "url": "https://api.github.com/repos/rruisong/pytorch_federated_learning/labels/enhancement",
                "name": "enhancement",
                "color": "a2eeef",
                "default": true,
                "description": "New feature or request"
            }
        ],
        "state": "closed",
        "locked": false,
        "assignee": null,
        "assignees": [],
        "milestone": null,
        "comments": 6,
        "created_at": "2023-08-03T07:30:37Z",
        "updated_at": "2023-08-03T10:11:32Z",
        "closed_at": "2023-08-03T10:11:32Z",
        "author_association": "NONE",
        "active_lock_reason": null,
        "sub_issues_summary": {
            "total": 0,
            "completed": 0,
            "percent_completed": 0
        },
        "body": "I have done the experiment on the MINST. When connection_rate = 1, it is very easy to converge for about 400 rounds. On the contrary, I  test the connection_rate  = 0.5 and 0.2 and 0.1. It fails to converge. I don't know if someone has the same problem? \r\n![image](https://github.com/rruisong/pytorch_federated_learning/assets/91582947/83e96c75-765b-4b34-bfb8-2773518d9cf0)\r\n",
        "closed_by": {
            "login": "rruisong",
            "id": 70255526,
            "node_id": "MDQ6VXNlcjcwMjU1NTI2",
            "avatar_url": "https://avatars.githubusercontent.com/u/70255526?v=4",
            "gravatar_id": "",
            "url": "https://api.github.com/users/rruisong",
            "html_url": "https://github.com/rruisong",
            "followers_url": "https://api.github.com/users/rruisong/followers",
            "following_url": "https://api.github.com/users/rruisong/following{/other_user}",
            "gists_url": "https://api.github.com/users/rruisong/gists{/gist_id}",
            "starred_url": "https://api.github.com/users/rruisong/starred{/owner}{/repo}",
            "subscriptions_url": "https://api.github.com/users/rruisong/subscriptions",
            "organizations_url": "https://api.github.com/users/rruisong/orgs",
            "repos_url": "https://api.github.com/users/rruisong/repos",
            "events_url": "https://api.github.com/users/rruisong/events{/privacy}",
            "received_events_url": "https://api.github.com/users/rruisong/received_events",
            "type": "User",
            "user_view_type": "public",
            "site_admin": false
        },
        "reactions": {
            "url": "https://api.github.com/repos/rruisong/pytorch_federated_learning/issues/4/reactions",
            "total_count": 0,
            "+1": 0,
            "-1": 0,
            "laugh": 0,
            "hooray": 0,
            "confused": 0,
            "heart": 0,
            "rocket": 0,
            "eyes": 0
        },
        "timeline_url": "https://api.github.com/repos/rruisong/pytorch_federated_learning/issues/4/timeline",
        "performed_via_github_app": null,
        "state_reason": "completed"
    },
    {
        "url": "https://api.github.com/repos/rruisong/pytorch_federated_learning/issues/3",
        "repository_url": "https://api.github.com/repos/rruisong/pytorch_federated_learning",
        "labels_url": "https://api.github.com/repos/rruisong/pytorch_federated_learning/issues/3/labels{/name}",
        "comments_url": "https://api.github.com/repos/rruisong/pytorch_federated_learning/issues/3/comments",
        "events_url": "https://api.github.com/repos/rruisong/pytorch_federated_learning/issues/3/events",
        "html_url": "https://github.com/rruisong/pytorch_federated_learning/issues/3",
        "id": 1795336179,
        "node_id": "I_kwDOJQnC8s5rAqfz",
        "number": 3,
        "title": "IID and Non-IID Settings??",
        "user": {
            "login": "Pnme79",
            "id": 112838638,
            "node_id": "U_kgDOBrnH7g",
            "avatar_url": "https://avatars.githubusercontent.com/u/112838638?v=4",
            "gravatar_id": "",
            "url": "https://api.github.com/users/Pnme79",
            "html_url": "https://github.com/Pnme79",
            "followers_url": "https://api.github.com/users/Pnme79/followers",
            "following_url": "https://api.github.com/users/Pnme79/following{/other_user}",
            "gists_url": "https://api.github.com/users/Pnme79/gists{/gist_id}",
            "starred_url": "https://api.github.com/users/Pnme79/starred{/owner}{/repo}",
            "subscriptions_url": "https://api.github.com/users/Pnme79/subscriptions",
            "organizations_url": "https://api.github.com/users/Pnme79/orgs",
            "repos_url": "https://api.github.com/users/Pnme79/repos",
            "events_url": "https://api.github.com/users/Pnme79/events{/privacy}",
            "received_events_url": "https://api.github.com/users/Pnme79/received_events",
            "type": "User",
            "user_view_type": "public",
            "site_admin": false
        },
        "labels": [],
        "state": "closed",
        "locked": false,
        "assignee": null,
        "assignees": [],
        "milestone": null,
        "comments": 2,
        "created_at": "2023-07-09T10:30:51Z",
        "updated_at": "2023-08-03T10:09:42Z",
        "closed_at": "2023-07-09T15:44:18Z",
        "author_association": "NONE",
        "active_lock_reason": null,
        "sub_issues_summary": {
            "total": 0,
            "completed": 0,
            "percent_completed": 0
        },
        "body": "\u5982\u5bf9FedAVG + mnist+ \u533a\u5206NON-IID \u548cIID\u4e86\u5417\uff1f",
        "closed_by": {
            "login": "rruisong",
            "id": 70255526,
            "node_id": "MDQ6VXNlcjcwMjU1NTI2",
            "avatar_url": "https://avatars.githubusercontent.com/u/70255526?v=4",
            "gravatar_id": "",
            "url": "https://api.github.com/users/rruisong",
            "html_url": "https://github.com/rruisong",
            "followers_url": "https://api.github.com/users/rruisong/followers",
            "following_url": "https://api.github.com/users/rruisong/following{/other_user}",
            "gists_url": "https://api.github.com/users/rruisong/gists{/gist_id}",
            "starred_url": "https://api.github.com/users/rruisong/starred{/owner}{/repo}",
            "subscriptions_url": "https://api.github.com/users/rruisong/subscriptions",
            "organizations_url": "https://api.github.com/users/rruisong/orgs",
            "repos_url": "https://api.github.com/users/rruisong/repos",
            "events_url": "https://api.github.com/users/rruisong/events{/privacy}",
            "received_events_url": "https://api.github.com/users/rruisong/received_events",
            "type": "User",
            "user_view_type": "public",
            "site_admin": false
        },
        "reactions": {
            "url": "https://api.github.com/repos/rruisong/pytorch_federated_learning/issues/3/reactions",
            "total_count": 0,
            "+1": 0,
            "-1": 0,
            "laugh": 0,
            "hooray": 0,
            "confused": 0,
            "heart": 0,
            "rocket": 0,
            "eyes": 0
        },
        "timeline_url": "https://api.github.com/repos/rruisong/pytorch_federated_learning/issues/3/timeline",
        "performed_via_github_app": null,
        "state_reason": "completed"
    }
]