[
    {
        "url": "https://api.github.com/repos/SAP-samples/machine-learning-diff-private-federated-learning/issues/20",
        "repository_url": "https://api.github.com/repos/SAP-samples/machine-learning-diff-private-federated-learning",
        "labels_url": "https://api.github.com/repos/SAP-samples/machine-learning-diff-private-federated-learning/issues/20/labels{/name}",
        "comments_url": "https://api.github.com/repos/SAP-samples/machine-learning-diff-private-federated-learning/issues/20/comments",
        "events_url": "https://api.github.com/repos/SAP-samples/machine-learning-diff-private-federated-learning/issues/20/events",
        "html_url": "https://github.com/SAP-samples/machine-learning-diff-private-federated-learning/issues/20",
        "id": 2859489892,
        "node_id": "I_kwDOBzm-986qcFpk",
        "number": 20,
        "title": "FAILED: Repository Linter Issue: rl-assigned_teams",
        "user": {
            "login": "sap-repository-linter[bot]",
            "id": 186293388,
            "node_id": "BOT_kgDOCxqcjA",
            "avatar_url": "https://avatars.githubusercontent.com/in/1036389?v=4",
            "gravatar_id": "",
            "url": "https://api.github.com/users/sap-repository-linter%5Bbot%5D",
            "html_url": "https://github.com/apps/sap-repository-linter",
            "followers_url": "https://api.github.com/users/sap-repository-linter%5Bbot%5D/followers",
            "following_url": "https://api.github.com/users/sap-repository-linter%5Bbot%5D/following{/other_user}",
            "gists_url": "https://api.github.com/users/sap-repository-linter%5Bbot%5D/gists{/gist_id}",
            "starred_url": "https://api.github.com/users/sap-repository-linter%5Bbot%5D/starred{/owner}{/repo}",
            "subscriptions_url": "https://api.github.com/users/sap-repository-linter%5Bbot%5D/subscriptions",
            "organizations_url": "https://api.github.com/users/sap-repository-linter%5Bbot%5D/orgs",
            "repos_url": "https://api.github.com/users/sap-repository-linter%5Bbot%5D/repos",
            "events_url": "https://api.github.com/users/sap-repository-linter%5Bbot%5D/events{/privacy}",
            "received_events_url": "https://api.github.com/users/sap-repository-linter%5Bbot%5D/received_events",
            "type": "Bot",
            "user_view_type": "public",
            "site_admin": false
        },
        "labels": [],
        "state": "closed",
        "locked": false,
        "assignee": null,
        "assignees": [],
        "milestone": null,
        "comments": 1,
        "created_at": "2025-02-18T06:36:08Z",
        "updated_at": "2025-02-28T12:10:10Z",
        "closed_at": "2025-02-28T12:10:09Z",
        "author_association": "NONE",
        "type": null,
        "active_lock_reason": null,
        "sub_issues_summary": {
            "total": 0,
            "completed": 0,
            "percent_completed": 0
        },
        "body": "\nA violation against the SAP Open Source standards have been detected.\n\nRule: rl-assigned_teams\n\n\n*Message: Findings: The admin team needs at least two maintainers, The members team needs at least two maintainers*\n\n\n\nDescription: This rules checks the assigned teams of the repository.\n\n\n[Documentation](https://wiki.one.int.sap/wiki/display/ospodocs/Repository+Linter+Findings#RepositoryLinterFindings-AssignedTeams(rl-assigned_teams-XX))\n\n\n<!-- ruleId:assigned_teams -->\n",
        "closed_by": {
            "login": "sap-repository-linter[bot]",
            "id": 186293388,
            "node_id": "BOT_kgDOCxqcjA",
            "avatar_url": "https://avatars.githubusercontent.com/in/1036389?v=4",
            "gravatar_id": "",
            "url": "https://api.github.com/users/sap-repository-linter%5Bbot%5D",
            "html_url": "https://github.com/apps/sap-repository-linter",
            "followers_url": "https://api.github.com/users/sap-repository-linter%5Bbot%5D/followers",
            "following_url": "https://api.github.com/users/sap-repository-linter%5Bbot%5D/following{/other_user}",
            "gists_url": "https://api.github.com/users/sap-repository-linter%5Bbot%5D/gists{/gist_id}",
            "starred_url": "https://api.github.com/users/sap-repository-linter%5Bbot%5D/starred{/owner}{/repo}",
            "subscriptions_url": "https://api.github.com/users/sap-repository-linter%5Bbot%5D/subscriptions",
            "organizations_url": "https://api.github.com/users/sap-repository-linter%5Bbot%5D/orgs",
            "repos_url": "https://api.github.com/users/sap-repository-linter%5Bbot%5D/repos",
            "events_url": "https://api.github.com/users/sap-repository-linter%5Bbot%5D/events{/privacy}",
            "received_events_url": "https://api.github.com/users/sap-repository-linter%5Bbot%5D/received_events",
            "type": "Bot",
            "user_view_type": "public",
            "site_admin": false
        },
        "reactions": {
            "url": "https://api.github.com/repos/SAP-samples/machine-learning-diff-private-federated-learning/issues/20/reactions",
            "total_count": 0,
            "+1": 0,
            "-1": 0,
            "laugh": 0,
            "hooray": 0,
            "confused": 0,
            "heart": 0,
            "rocket": 0,
            "eyes": 0
        },
        "timeline_url": "https://api.github.com/repos/SAP-samples/machine-learning-diff-private-federated-learning/issues/20/timeline",
        "performed_via_github_app": null,
        "state_reason": "completed"
    },
    {
        "url": "https://api.github.com/repos/SAP-samples/machine-learning-diff-private-federated-learning/issues/19",
        "repository_url": "https://api.github.com/repos/SAP-samples/machine-learning-diff-private-federated-learning",
        "labels_url": "https://api.github.com/repos/SAP-samples/machine-learning-diff-private-federated-learning/issues/19/labels{/name}",
        "comments_url": "https://api.github.com/repos/SAP-samples/machine-learning-diff-private-federated-learning/issues/19/comments",
        "events_url": "https://api.github.com/repos/SAP-samples/machine-learning-diff-private-federated-learning/issues/19/events",
        "html_url": "https://github.com/SAP-samples/machine-learning-diff-private-federated-learning/issues/19",
        "id": 2400110751,
        "node_id": "I_kwDOBzm-986PDsif",
        "number": 19,
        "title": "problems with downloading datasets",
        "user": {
            "login": "hjxupup",
            "id": 169917408,
            "node_id": "U_kgDOCiC74A",
            "avatar_url": "https://avatars.githubusercontent.com/u/169917408?v=4",
            "gravatar_id": "",
            "url": "https://api.github.com/users/hjxupup",
            "html_url": "https://github.com/hjxupup",
            "followers_url": "https://api.github.com/users/hjxupup/followers",
            "following_url": "https://api.github.com/users/hjxupup/following{/other_user}",
            "gists_url": "https://api.github.com/users/hjxupup/gists{/gist_id}",
            "starred_url": "https://api.github.com/users/hjxupup/starred{/owner}{/repo}",
            "subscriptions_url": "https://api.github.com/users/hjxupup/subscriptions",
            "organizations_url": "https://api.github.com/users/hjxupup/orgs",
            "repos_url": "https://api.github.com/users/hjxupup/repos",
            "events_url": "https://api.github.com/users/hjxupup/events{/privacy}",
            "received_events_url": "https://api.github.com/users/hjxupup/received_events",
            "type": "User",
            "user_view_type": "public",
            "site_admin": false
        },
        "labels": [],
        "state": "closed",
        "locked": false,
        "assignee": null,
        "assignees": [],
        "milestone": null,
        "comments": 0,
        "created_at": "2024-07-10T08:33:59Z",
        "updated_at": "2024-07-13T02:55:23Z",
        "closed_at": "2024-07-13T02:55:23Z",
        "author_association": "NONE",
        "type": null,
        "active_lock_reason": null,
        "sub_issues_summary": {
            "total": 0,
            "completed": 0,
            "percent_completed": 0
        },
        "body": "hello \r\ni wondered if MNIST datasets are still available now?\r\ni met with problems when downloading these zips,,, it said that \"You don't have permission to access this resource.\"",
        "closed_by": {
            "login": "hjxupup",
            "id": 169917408,
            "node_id": "U_kgDOCiC74A",
            "avatar_url": "https://avatars.githubusercontent.com/u/169917408?v=4",
            "gravatar_id": "",
            "url": "https://api.github.com/users/hjxupup",
            "html_url": "https://github.com/hjxupup",
            "followers_url": "https://api.github.com/users/hjxupup/followers",
            "following_url": "https://api.github.com/users/hjxupup/following{/other_user}",
            "gists_url": "https://api.github.com/users/hjxupup/gists{/gist_id}",
            "starred_url": "https://api.github.com/users/hjxupup/starred{/owner}{/repo}",
            "subscriptions_url": "https://api.github.com/users/hjxupup/subscriptions",
            "organizations_url": "https://api.github.com/users/hjxupup/orgs",
            "repos_url": "https://api.github.com/users/hjxupup/repos",
            "events_url": "https://api.github.com/users/hjxupup/events{/privacy}",
            "received_events_url": "https://api.github.com/users/hjxupup/received_events",
            "type": "User",
            "user_view_type": "public",
            "site_admin": false
        },
        "reactions": {
            "url": "https://api.github.com/repos/SAP-samples/machine-learning-diff-private-federated-learning/issues/19/reactions",
            "total_count": 0,
            "+1": 0,
            "-1": 0,
            "laugh": 0,
            "hooray": 0,
            "confused": 0,
            "heart": 0,
            "rocket": 0,
            "eyes": 0
        },
        "timeline_url": "https://api.github.com/repos/SAP-samples/machine-learning-diff-private-federated-learning/issues/19/timeline",
        "performed_via_github_app": null,
        "state_reason": "completed"
    },
    {
        "url": "https://api.github.com/repos/SAP-samples/machine-learning-diff-private-federated-learning/issues/17",
        "repository_url": "https://api.github.com/repos/SAP-samples/machine-learning-diff-private-federated-learning",
        "labels_url": "https://api.github.com/repos/SAP-samples/machine-learning-diff-private-federated-learning/issues/17/labels{/name}",
        "comments_url": "https://api.github.com/repos/SAP-samples/machine-learning-diff-private-federated-learning/issues/17/comments",
        "events_url": "https://api.github.com/repos/SAP-samples/machine-learning-diff-private-federated-learning/issues/17/events",
        "html_url": "https://github.com/SAP-samples/machine-learning-diff-private-federated-learning/issues/17",
        "id": 1270162779,
        "node_id": "I_kwDOBzm-985LtSVb",
        "number": 17,
        "title": "[rl-assigned_teams-1] Violation against OSS Rules of Play",
        "user": {
            "login": "sap-ospo-bot",
            "id": 81750448,
            "node_id": "MDQ6VXNlcjgxNzUwNDQ4",
            "avatar_url": "https://avatars.githubusercontent.com/u/81750448?v=4",
            "gravatar_id": "",
            "url": "https://api.github.com/users/sap-ospo-bot",
            "html_url": "https://github.com/sap-ospo-bot",
            "followers_url": "https://api.github.com/users/sap-ospo-bot/followers",
            "following_url": "https://api.github.com/users/sap-ospo-bot/following{/other_user}",
            "gists_url": "https://api.github.com/users/sap-ospo-bot/gists{/gist_id}",
            "starred_url": "https://api.github.com/users/sap-ospo-bot/starred{/owner}{/repo}",
            "subscriptions_url": "https://api.github.com/users/sap-ospo-bot/subscriptions",
            "organizations_url": "https://api.github.com/users/sap-ospo-bot/orgs",
            "repos_url": "https://api.github.com/users/sap-ospo-bot/repos",
            "events_url": "https://api.github.com/users/sap-ospo-bot/events{/privacy}",
            "received_events_url": "https://api.github.com/users/sap-ospo-bot/received_events",
            "type": "User",
            "user_view_type": "public",
            "site_admin": false
        },
        "labels": [],
        "state": "closed",
        "locked": false,
        "assignee": null,
        "assignees": [],
        "milestone": null,
        "comments": 1,
        "created_at": "2022-06-14T02:18:37Z",
        "updated_at": "2025-02-18T14:10:11Z",
        "closed_at": "2025-02-18T14:10:10Z",
        "author_association": "NONE",
        "type": null,
        "active_lock_reason": null,
        "sub_issues_summary": {
            "total": 0,
            "completed": 0,
            "percent_completed": 0
        },
        "body": "A violation against the OSS Rules of Play has been detected.\n\nRule ID: rl-assigned_teams-1\nExplanation: Does it have enough teams on GitHub? **No**\n\nFind more information at: https://sap.github.io/fosstars-rating-core/oss_rules_of_play_rating.html",
        "closed_by": {
            "login": "sap-repository-linter[bot]",
            "id": 186293388,
            "node_id": "BOT_kgDOCxqcjA",
            "avatar_url": "https://avatars.githubusercontent.com/in/1036389?v=4",
            "gravatar_id": "",
            "url": "https://api.github.com/users/sap-repository-linter%5Bbot%5D",
            "html_url": "https://github.com/apps/sap-repository-linter",
            "followers_url": "https://api.github.com/users/sap-repository-linter%5Bbot%5D/followers",
            "following_url": "https://api.github.com/users/sap-repository-linter%5Bbot%5D/following{/other_user}",
            "gists_url": "https://api.github.com/users/sap-repository-linter%5Bbot%5D/gists{/gist_id}",
            "starred_url": "https://api.github.com/users/sap-repository-linter%5Bbot%5D/starred{/owner}{/repo}",
            "subscriptions_url": "https://api.github.com/users/sap-repository-linter%5Bbot%5D/subscriptions",
            "organizations_url": "https://api.github.com/users/sap-repository-linter%5Bbot%5D/orgs",
            "repos_url": "https://api.github.com/users/sap-repository-linter%5Bbot%5D/repos",
            "events_url": "https://api.github.com/users/sap-repository-linter%5Bbot%5D/events{/privacy}",
            "received_events_url": "https://api.github.com/users/sap-repository-linter%5Bbot%5D/received_events",
            "type": "Bot",
            "user_view_type": "public",
            "site_admin": false
        },
        "reactions": {
            "url": "https://api.github.com/repos/SAP-samples/machine-learning-diff-private-federated-learning/issues/17/reactions",
            "total_count": 0,
            "+1": 0,
            "-1": 0,
            "laugh": 0,
            "hooray": 0,
            "confused": 0,
            "heart": 0,
            "rocket": 0,
            "eyes": 0
        },
        "timeline_url": "https://api.github.com/repos/SAP-samples/machine-learning-diff-private-federated-learning/issues/17/timeline",
        "performed_via_github_app": null,
        "state_reason": "completed"
    },
    {
        "url": "https://api.github.com/repos/SAP-samples/machine-learning-diff-private-federated-learning/issues/16",
        "repository_url": "https://api.github.com/repos/SAP-samples/machine-learning-diff-private-federated-learning",
        "labels_url": "https://api.github.com/repos/SAP-samples/machine-learning-diff-private-federated-learning/issues/16/labels{/name}",
        "comments_url": "https://api.github.com/repos/SAP-samples/machine-learning-diff-private-federated-learning/issues/16/comments",
        "events_url": "https://api.github.com/repos/SAP-samples/machine-learning-diff-private-federated-learning/issues/16/events",
        "html_url": "https://github.com/SAP-samples/machine-learning-diff-private-federated-learning/issues/16",
        "id": 1270162767,
        "node_id": "I_kwDOBzm-985LtSVP",
        "number": 16,
        "title": "[rl-assigned_teams-3] Violation against OSS Rules of Play",
        "user": {
            "login": "sap-ospo-bot",
            "id": 81750448,
            "node_id": "MDQ6VXNlcjgxNzUwNDQ4",
            "avatar_url": "https://avatars.githubusercontent.com/u/81750448?v=4",
            "gravatar_id": "",
            "url": "https://api.github.com/users/sap-ospo-bot",
            "html_url": "https://github.com/sap-ospo-bot",
            "followers_url": "https://api.github.com/users/sap-ospo-bot/followers",
            "following_url": "https://api.github.com/users/sap-ospo-bot/following{/other_user}",
            "gists_url": "https://api.github.com/users/sap-ospo-bot/gists{/gist_id}",
            "starred_url": "https://api.github.com/users/sap-ospo-bot/starred{/owner}{/repo}",
            "subscriptions_url": "https://api.github.com/users/sap-ospo-bot/subscriptions",
            "organizations_url": "https://api.github.com/users/sap-ospo-bot/orgs",
            "repos_url": "https://api.github.com/users/sap-ospo-bot/repos",
            "events_url": "https://api.github.com/users/sap-ospo-bot/events{/privacy}",
            "received_events_url": "https://api.github.com/users/sap-ospo-bot/received_events",
            "type": "User",
            "user_view_type": "public",
            "site_admin": false
        },
        "labels": [],
        "state": "closed",
        "locked": false,
        "assignee": null,
        "assignees": [],
        "milestone": null,
        "comments": 1,
        "created_at": "2022-06-14T02:18:36Z",
        "updated_at": "2025-02-18T14:10:13Z",
        "closed_at": "2025-02-18T14:10:12Z",
        "author_association": "NONE",
        "type": null,
        "active_lock_reason": null,
        "sub_issues_summary": {
            "total": 0,
            "completed": 0,
            "percent_completed": 0
        },
        "body": "A violation against the OSS Rules of Play has been detected.\n\nRule ID: rl-assigned_teams-3\nExplanation: Does it have enough admins on GitHub? **No**\n\nFind more information at: https://sap.github.io/fosstars-rating-core/oss_rules_of_play_rating.html",
        "closed_by": {
            "login": "sap-repository-linter[bot]",
            "id": 186293388,
            "node_id": "BOT_kgDOCxqcjA",
            "avatar_url": "https://avatars.githubusercontent.com/in/1036389?v=4",
            "gravatar_id": "",
            "url": "https://api.github.com/users/sap-repository-linter%5Bbot%5D",
            "html_url": "https://github.com/apps/sap-repository-linter",
            "followers_url": "https://api.github.com/users/sap-repository-linter%5Bbot%5D/followers",
            "following_url": "https://api.github.com/users/sap-repository-linter%5Bbot%5D/following{/other_user}",
            "gists_url": "https://api.github.com/users/sap-repository-linter%5Bbot%5D/gists{/gist_id}",
            "starred_url": "https://api.github.com/users/sap-repository-linter%5Bbot%5D/starred{/owner}{/repo}",
            "subscriptions_url": "https://api.github.com/users/sap-repository-linter%5Bbot%5D/subscriptions",
            "organizations_url": "https://api.github.com/users/sap-repository-linter%5Bbot%5D/orgs",
            "repos_url": "https://api.github.com/users/sap-repository-linter%5Bbot%5D/repos",
            "events_url": "https://api.github.com/users/sap-repository-linter%5Bbot%5D/events{/privacy}",
            "received_events_url": "https://api.github.com/users/sap-repository-linter%5Bbot%5D/received_events",
            "type": "Bot",
            "user_view_type": "public",
            "site_admin": false
        },
        "reactions": {
            "url": "https://api.github.com/repos/SAP-samples/machine-learning-diff-private-federated-learning/issues/16/reactions",
            "total_count": 0,
            "+1": 0,
            "-1": 0,
            "laugh": 0,
            "hooray": 0,
            "confused": 0,
            "heart": 0,
            "rocket": 0,
            "eyes": 0
        },
        "timeline_url": "https://api.github.com/repos/SAP-samples/machine-learning-diff-private-federated-learning/issues/16/timeline",
        "performed_via_github_app": null,
        "state_reason": "completed"
    },
    {
        "url": "https://api.github.com/repos/SAP-samples/machine-learning-diff-private-federated-learning/issues/15",
        "repository_url": "https://api.github.com/repos/SAP-samples/machine-learning-diff-private-federated-learning",
        "labels_url": "https://api.github.com/repos/SAP-samples/machine-learning-diff-private-federated-learning/issues/15/labels{/name}",
        "comments_url": "https://api.github.com/repos/SAP-samples/machine-learning-diff-private-federated-learning/issues/15/comments",
        "events_url": "https://api.github.com/repos/SAP-samples/machine-learning-diff-private-federated-learning/issues/15/events",
        "html_url": "https://github.com/SAP-samples/machine-learning-diff-private-federated-learning/issues/15",
        "id": 1270162754,
        "node_id": "I_kwDOBzm-985LtSVC",
        "number": 15,
        "title": "[rl-assigned_teams-2] Violation against OSS Rules of Play",
        "user": {
            "login": "sap-ospo-bot",
            "id": 81750448,
            "node_id": "MDQ6VXNlcjgxNzUwNDQ4",
            "avatar_url": "https://avatars.githubusercontent.com/u/81750448?v=4",
            "gravatar_id": "",
            "url": "https://api.github.com/users/sap-ospo-bot",
            "html_url": "https://github.com/sap-ospo-bot",
            "followers_url": "https://api.github.com/users/sap-ospo-bot/followers",
            "following_url": "https://api.github.com/users/sap-ospo-bot/following{/other_user}",
            "gists_url": "https://api.github.com/users/sap-ospo-bot/gists{/gist_id}",
            "starred_url": "https://api.github.com/users/sap-ospo-bot/starred{/owner}{/repo}",
            "subscriptions_url": "https://api.github.com/users/sap-ospo-bot/subscriptions",
            "organizations_url": "https://api.github.com/users/sap-ospo-bot/orgs",
            "repos_url": "https://api.github.com/users/sap-ospo-bot/repos",
            "events_url": "https://api.github.com/users/sap-ospo-bot/events{/privacy}",
            "received_events_url": "https://api.github.com/users/sap-ospo-bot/received_events",
            "type": "User",
            "user_view_type": "public",
            "site_admin": false
        },
        "labels": [],
        "state": "closed",
        "locked": false,
        "assignee": null,
        "assignees": [],
        "milestone": null,
        "comments": 1,
        "created_at": "2022-06-14T02:18:35Z",
        "updated_at": "2025-02-18T14:10:15Z",
        "closed_at": "2025-02-18T14:10:14Z",
        "author_association": "NONE",
        "type": null,
        "active_lock_reason": null,
        "sub_issues_summary": {
            "total": 0,
            "completed": 0,
            "percent_completed": 0
        },
        "body": "A violation against the OSS Rules of Play has been detected.\n\nRule ID: rl-assigned_teams-2\nExplanation: Does it have an admin team on GitHub? **No**\n\nFind more information at: https://sap.github.io/fosstars-rating-core/oss_rules_of_play_rating.html",
        "closed_by": {
            "login": "sap-repository-linter[bot]",
            "id": 186293388,
            "node_id": "BOT_kgDOCxqcjA",
            "avatar_url": "https://avatars.githubusercontent.com/in/1036389?v=4",
            "gravatar_id": "",
            "url": "https://api.github.com/users/sap-repository-linter%5Bbot%5D",
            "html_url": "https://github.com/apps/sap-repository-linter",
            "followers_url": "https://api.github.com/users/sap-repository-linter%5Bbot%5D/followers",
            "following_url": "https://api.github.com/users/sap-repository-linter%5Bbot%5D/following{/other_user}",
            "gists_url": "https://api.github.com/users/sap-repository-linter%5Bbot%5D/gists{/gist_id}",
            "starred_url": "https://api.github.com/users/sap-repository-linter%5Bbot%5D/starred{/owner}{/repo}",
            "subscriptions_url": "https://api.github.com/users/sap-repository-linter%5Bbot%5D/subscriptions",
            "organizations_url": "https://api.github.com/users/sap-repository-linter%5Bbot%5D/orgs",
            "repos_url": "https://api.github.com/users/sap-repository-linter%5Bbot%5D/repos",
            "events_url": "https://api.github.com/users/sap-repository-linter%5Bbot%5D/events{/privacy}",
            "received_events_url": "https://api.github.com/users/sap-repository-linter%5Bbot%5D/received_events",
            "type": "Bot",
            "user_view_type": "public",
            "site_admin": false
        },
        "reactions": {
            "url": "https://api.github.com/repos/SAP-samples/machine-learning-diff-private-federated-learning/issues/15/reactions",
            "total_count": 0,
            "+1": 0,
            "-1": 0,
            "laugh": 0,
            "hooray": 0,
            "confused": 0,
            "heart": 0,
            "rocket": 0,
            "eyes": 0
        },
        "timeline_url": "https://api.github.com/repos/SAP-samples/machine-learning-diff-private-federated-learning/issues/15/timeline",
        "performed_via_github_app": null,
        "state_reason": "completed"
    },
    {
        "url": "https://api.github.com/repos/SAP-samples/machine-learning-diff-private-federated-learning/issues/14",
        "repository_url": "https://api.github.com/repos/SAP-samples/machine-learning-diff-private-federated-learning",
        "labels_url": "https://api.github.com/repos/SAP-samples/machine-learning-diff-private-federated-learning/issues/14/labels{/name}",
        "comments_url": "https://api.github.com/repos/SAP-samples/machine-learning-diff-private-federated-learning/issues/14/comments",
        "events_url": "https://api.github.com/repos/SAP-samples/machine-learning-diff-private-federated-learning/issues/14/events",
        "html_url": "https://github.com/SAP-samples/machine-learning-diff-private-federated-learning/issues/14",
        "id": 1270162747,
        "node_id": "I_kwDOBzm-985LtSU7",
        "number": 14,
        "title": "[rl-assigned_teams-5] Violation against OSS Rules of Play",
        "user": {
            "login": "sap-ospo-bot",
            "id": 81750448,
            "node_id": "MDQ6VXNlcjgxNzUwNDQ4",
            "avatar_url": "https://avatars.githubusercontent.com/u/81750448?v=4",
            "gravatar_id": "",
            "url": "https://api.github.com/users/sap-ospo-bot",
            "html_url": "https://github.com/sap-ospo-bot",
            "followers_url": "https://api.github.com/users/sap-ospo-bot/followers",
            "following_url": "https://api.github.com/users/sap-ospo-bot/following{/other_user}",
            "gists_url": "https://api.github.com/users/sap-ospo-bot/gists{/gist_id}",
            "starred_url": "https://api.github.com/users/sap-ospo-bot/starred{/owner}{/repo}",
            "subscriptions_url": "https://api.github.com/users/sap-ospo-bot/subscriptions",
            "organizations_url": "https://api.github.com/users/sap-ospo-bot/orgs",
            "repos_url": "https://api.github.com/users/sap-ospo-bot/repos",
            "events_url": "https://api.github.com/users/sap-ospo-bot/events{/privacy}",
            "received_events_url": "https://api.github.com/users/sap-ospo-bot/received_events",
            "type": "User",
            "user_view_type": "public",
            "site_admin": false
        },
        "labels": [],
        "state": "closed",
        "locked": false,
        "assignee": null,
        "assignees": [],
        "milestone": null,
        "comments": 1,
        "created_at": "2022-06-14T02:18:35Z",
        "updated_at": "2025-02-18T14:10:17Z",
        "closed_at": "2025-02-18T14:10:15Z",
        "author_association": "NONE",
        "type": null,
        "active_lock_reason": null,
        "sub_issues_summary": {
            "total": 0,
            "completed": 0,
            "percent_completed": 0
        },
        "body": "A violation against the OSS Rules of Play has been detected.\n\nRule ID: rl-assigned_teams-5\nExplanation: Does teams have enough members on GitHub? **No**\n\nFind more information at: https://sap.github.io/fosstars-rating-core/oss_rules_of_play_rating.html",
        "closed_by": {
            "login": "sap-repository-linter[bot]",
            "id": 186293388,
            "node_id": "BOT_kgDOCxqcjA",
            "avatar_url": "https://avatars.githubusercontent.com/in/1036389?v=4",
            "gravatar_id": "",
            "url": "https://api.github.com/users/sap-repository-linter%5Bbot%5D",
            "html_url": "https://github.com/apps/sap-repository-linter",
            "followers_url": "https://api.github.com/users/sap-repository-linter%5Bbot%5D/followers",
            "following_url": "https://api.github.com/users/sap-repository-linter%5Bbot%5D/following{/other_user}",
            "gists_url": "https://api.github.com/users/sap-repository-linter%5Bbot%5D/gists{/gist_id}",
            "starred_url": "https://api.github.com/users/sap-repository-linter%5Bbot%5D/starred{/owner}{/repo}",
            "subscriptions_url": "https://api.github.com/users/sap-repository-linter%5Bbot%5D/subscriptions",
            "organizations_url": "https://api.github.com/users/sap-repository-linter%5Bbot%5D/orgs",
            "repos_url": "https://api.github.com/users/sap-repository-linter%5Bbot%5D/repos",
            "events_url": "https://api.github.com/users/sap-repository-linter%5Bbot%5D/events{/privacy}",
            "received_events_url": "https://api.github.com/users/sap-repository-linter%5Bbot%5D/received_events",
            "type": "Bot",
            "user_view_type": "public",
            "site_admin": false
        },
        "reactions": {
            "url": "https://api.github.com/repos/SAP-samples/machine-learning-diff-private-federated-learning/issues/14/reactions",
            "total_count": 0,
            "+1": 0,
            "-1": 0,
            "laugh": 0,
            "hooray": 0,
            "confused": 0,
            "heart": 0,
            "rocket": 0,
            "eyes": 0
        },
        "timeline_url": "https://api.github.com/repos/SAP-samples/machine-learning-diff-private-federated-learning/issues/14/timeline",
        "performed_via_github_app": null,
        "state_reason": "completed"
    },
    {
        "url": "https://api.github.com/repos/SAP-samples/machine-learning-diff-private-federated-learning/issues/13",
        "repository_url": "https://api.github.com/repos/SAP-samples/machine-learning-diff-private-federated-learning",
        "labels_url": "https://api.github.com/repos/SAP-samples/machine-learning-diff-private-federated-learning/issues/13/labels{/name}",
        "comments_url": "https://api.github.com/repos/SAP-samples/machine-learning-diff-private-federated-learning/issues/13/comments",
        "events_url": "https://api.github.com/repos/SAP-samples/machine-learning-diff-private-federated-learning/issues/13/events",
        "html_url": "https://github.com/SAP-samples/machine-learning-diff-private-federated-learning/issues/13",
        "id": 1270162742,
        "node_id": "I_kwDOBzm-985LtSU2",
        "number": 13,
        "title": "[rl-license_file-3] Violation against OSS Rules of Play",
        "user": {
            "login": "sap-ospo-bot",
            "id": 81750448,
            "node_id": "MDQ6VXNlcjgxNzUwNDQ4",
            "avatar_url": "https://avatars.githubusercontent.com/u/81750448?v=4",
            "gravatar_id": "",
            "url": "https://api.github.com/users/sap-ospo-bot",
            "html_url": "https://github.com/sap-ospo-bot",
            "followers_url": "https://api.github.com/users/sap-ospo-bot/followers",
            "following_url": "https://api.github.com/users/sap-ospo-bot/following{/other_user}",
            "gists_url": "https://api.github.com/users/sap-ospo-bot/gists{/gist_id}",
            "starred_url": "https://api.github.com/users/sap-ospo-bot/starred{/owner}{/repo}",
            "subscriptions_url": "https://api.github.com/users/sap-ospo-bot/subscriptions",
            "organizations_url": "https://api.github.com/users/sap-ospo-bot/orgs",
            "repos_url": "https://api.github.com/users/sap-ospo-bot/repos",
            "events_url": "https://api.github.com/users/sap-ospo-bot/events{/privacy}",
            "received_events_url": "https://api.github.com/users/sap-ospo-bot/received_events",
            "type": "User",
            "user_view_type": "public",
            "site_admin": false
        },
        "labels": [],
        "state": "closed",
        "locked": false,
        "assignee": null,
        "assignees": [],
        "milestone": null,
        "comments": 1,
        "created_at": "2022-06-14T02:18:34Z",
        "updated_at": "2025-02-19T12:54:09Z",
        "closed_at": "2025-02-19T12:54:08Z",
        "author_association": "NONE",
        "type": null,
        "active_lock_reason": null,
        "sub_issues_summary": {
            "total": 0,
            "completed": 0,
            "percent_completed": 0
        },
        "body": "A violation against the OSS Rules of Play has been detected.\n\nRule ID: rl-license_file-3\nExplanation: Does the license have disallowed content? **Yes**\n\nFind more information at: https://sap.github.io/fosstars-rating-core/oss_rules_of_play_rating.html",
        "closed_by": {
            "login": "sap-repository-linter[bot]",
            "id": 186293388,
            "node_id": "BOT_kgDOCxqcjA",
            "avatar_url": "https://avatars.githubusercontent.com/in/1036389?v=4",
            "gravatar_id": "",
            "url": "https://api.github.com/users/sap-repository-linter%5Bbot%5D",
            "html_url": "https://github.com/apps/sap-repository-linter",
            "followers_url": "https://api.github.com/users/sap-repository-linter%5Bbot%5D/followers",
            "following_url": "https://api.github.com/users/sap-repository-linter%5Bbot%5D/following{/other_user}",
            "gists_url": "https://api.github.com/users/sap-repository-linter%5Bbot%5D/gists{/gist_id}",
            "starred_url": "https://api.github.com/users/sap-repository-linter%5Bbot%5D/starred{/owner}{/repo}",
            "subscriptions_url": "https://api.github.com/users/sap-repository-linter%5Bbot%5D/subscriptions",
            "organizations_url": "https://api.github.com/users/sap-repository-linter%5Bbot%5D/orgs",
            "repos_url": "https://api.github.com/users/sap-repository-linter%5Bbot%5D/repos",
            "events_url": "https://api.github.com/users/sap-repository-linter%5Bbot%5D/events{/privacy}",
            "received_events_url": "https://api.github.com/users/sap-repository-linter%5Bbot%5D/received_events",
            "type": "Bot",
            "user_view_type": "public",
            "site_admin": false
        },
        "reactions": {
            "url": "https://api.github.com/repos/SAP-samples/machine-learning-diff-private-federated-learning/issues/13/reactions",
            "total_count": 0,
            "+1": 0,
            "-1": 0,
            "laugh": 0,
            "hooray": 0,
            "confused": 0,
            "heart": 0,
            "rocket": 0,
            "eyes": 0
        },
        "timeline_url": "https://api.github.com/repos/SAP-samples/machine-learning-diff-private-federated-learning/issues/13/timeline",
        "performed_via_github_app": null,
        "state_reason": "completed"
    },
    {
        "url": "https://api.github.com/repos/SAP-samples/machine-learning-diff-private-federated-learning/issues/9",
        "repository_url": "https://api.github.com/repos/SAP-samples/machine-learning-diff-private-federated-learning",
        "labels_url": "https://api.github.com/repos/SAP-samples/machine-learning-diff-private-federated-learning/issues/9/labels{/name}",
        "comments_url": "https://api.github.com/repos/SAP-samples/machine-learning-diff-private-federated-learning/issues/9/comments",
        "events_url": "https://api.github.com/repos/SAP-samples/machine-learning-diff-private-federated-learning/issues/9/events",
        "html_url": "https://github.com/SAP-samples/machine-learning-diff-private-federated-learning/issues/9",
        "id": 376342827,
        "node_id": "MDU6SXNzdWUzNzYzNDI4Mjc=",
        "number": 9,
        "title": "issue with samply.py",
        "user": {
            "login": "haddadi",
            "id": 2929839,
            "node_id": "MDQ6VXNlcjI5Mjk4Mzk=",
            "avatar_url": "https://avatars.githubusercontent.com/u/2929839?v=4",
            "gravatar_id": "",
            "url": "https://api.github.com/users/haddadi",
            "html_url": "https://github.com/haddadi",
            "followers_url": "https://api.github.com/users/haddadi/followers",
            "following_url": "https://api.github.com/users/haddadi/following{/other_user}",
            "gists_url": "https://api.github.com/users/haddadi/gists{/gist_id}",
            "starred_url": "https://api.github.com/users/haddadi/starred{/owner}{/repo}",
            "subscriptions_url": "https://api.github.com/users/haddadi/subscriptions",
            "organizations_url": "https://api.github.com/users/haddadi/orgs",
            "repos_url": "https://api.github.com/users/haddadi/repos",
            "events_url": "https://api.github.com/users/haddadi/events{/privacy}",
            "received_events_url": "https://api.github.com/users/haddadi/received_events",
            "type": "User",
            "user_view_type": "public",
            "site_admin": false
        },
        "labels": [],
        "state": "closed",
        "locked": false,
        "assignee": null,
        "assignees": [],
        "milestone": null,
        "comments": 1,
        "created_at": "2018-11-01T10:50:32Z",
        "updated_at": "2018-11-15T09:07:03Z",
        "closed_at": "2018-11-15T09:07:03Z",
        "author_association": "NONE",
        "type": null,
        "active_lock_reason": null,
        "sub_issues_summary": {
            "total": 0,
            "completed": 0,
            "percent_completed": 0
        },
        "body": "Hello\r\nwas wondering if anyone has faced this before? upon running a clean install I get:\r\n\r\npython sample.py -N 100\r\n/anaconda2/lib/python2.7/site-packages/h5py/__init__.py:36: FutureWarning: Conversion of the second argument of issubdtype from `float` to `np.floating` is deprecated. In future, it will be treated as `np.float64 == np.dtype(float).type`.\r\n  from ._conv import register_converters as _register_converters\r\nTraceback (most recent call last):\r\n  File \"sample.py\", line 86, in <module>\r\n    help='Directory.'\r\n  File \"/anaconda2/lib/python2.7/argparse.py\", line 1308, in add_argument\r\n    return self._add_action(action)\r\n  File \"/anaconda2/lib/python2.7/argparse.py\", line 1682, in _add_action\r\n    self._optionals._add_action(action)\r\n  File \"/anaconda2/lib/python2.7/argparse.py\", line 1509, in _add_action\r\n    action = super(_ArgumentGroup, self)._add_action(action)\r\n  File \"/anaconda2/lib/python2.7/argparse.py\", line 1322, in _add_action\r\n    self._check_conflict(action)\r\n  File \"/anaconda2/lib/python2.7/argparse.py\", line 1460, in _check_conflict\r\n    conflict_handler(action, confl_optionals)\r\n  File \"/anaconda2/lib/python2.7/argparse.py\", line 1467, in _handle_conflict_error\r\n    raise ArgumentError(action, message % conflict_string)\r\nargparse.ArgumentError: argument --save_dir: conflicting option string(s): --save_dir",
        "closed_by": {
            "login": "cyrusgeyer",
            "id": 18593696,
            "node_id": "MDQ6VXNlcjE4NTkzNjk2",
            "avatar_url": "https://avatars.githubusercontent.com/u/18593696?v=4",
            "gravatar_id": "",
            "url": "https://api.github.com/users/cyrusgeyer",
            "html_url": "https://github.com/cyrusgeyer",
            "followers_url": "https://api.github.com/users/cyrusgeyer/followers",
            "following_url": "https://api.github.com/users/cyrusgeyer/following{/other_user}",
            "gists_url": "https://api.github.com/users/cyrusgeyer/gists{/gist_id}",
            "starred_url": "https://api.github.com/users/cyrusgeyer/starred{/owner}{/repo}",
            "subscriptions_url": "https://api.github.com/users/cyrusgeyer/subscriptions",
            "organizations_url": "https://api.github.com/users/cyrusgeyer/orgs",
            "repos_url": "https://api.github.com/users/cyrusgeyer/repos",
            "events_url": "https://api.github.com/users/cyrusgeyer/events{/privacy}",
            "received_events_url": "https://api.github.com/users/cyrusgeyer/received_events",
            "type": "User",
            "user_view_type": "public",
            "site_admin": false
        },
        "reactions": {
            "url": "https://api.github.com/repos/SAP-samples/machine-learning-diff-private-federated-learning/issues/9/reactions",
            "total_count": 0,
            "+1": 0,
            "-1": 0,
            "laugh": 0,
            "hooray": 0,
            "confused": 0,
            "heart": 0,
            "rocket": 0,
            "eyes": 0
        },
        "timeline_url": "https://api.github.com/repos/SAP-samples/machine-learning-diff-private-federated-learning/issues/9/timeline",
        "performed_via_github_app": null,
        "state_reason": "completed"
    }
]