[
    {
        "url": "https://api.github.com/repos/SIAT-INVS/CarlaFLCAV/issues/8",
        "repository_url": "https://api.github.com/repos/SIAT-INVS/CarlaFLCAV",
        "labels_url": "https://api.github.com/repos/SIAT-INVS/CarlaFLCAV/issues/8/labels{/name}",
        "comments_url": "https://api.github.com/repos/SIAT-INVS/CarlaFLCAV/issues/8/comments",
        "events_url": "https://api.github.com/repos/SIAT-INVS/CarlaFLCAV/issues/8/events",
        "html_url": "https://github.com/SIAT-INVS/CarlaFLCAV/issues/8",
        "id": 2628974345,
        "node_id": "I_kwDOHQncgM6csvcJ",
        "number": 8,
        "title": "How to run the display effect of \"fedyolo.mp4\"",
        "user": {
            "login": "wang313123",
            "id": 157260915,
            "node_id": "U_kgDOCV-ccw",
            "avatar_url": "https://avatars.githubusercontent.com/u/157260915?v=4",
            "gravatar_id": "",
            "url": "https://api.github.com/users/wang313123",
            "html_url": "https://github.com/wang313123",
            "followers_url": "https://api.github.com/users/wang313123/followers",
            "following_url": "https://api.github.com/users/wang313123/following{/other_user}",
            "gists_url": "https://api.github.com/users/wang313123/gists{/gist_id}",
            "starred_url": "https://api.github.com/users/wang313123/starred{/owner}{/repo}",
            "subscriptions_url": "https://api.github.com/users/wang313123/subscriptions",
            "organizations_url": "https://api.github.com/users/wang313123/orgs",
            "repos_url": "https://api.github.com/users/wang313123/repos",
            "events_url": "https://api.github.com/users/wang313123/events{/privacy}",
            "received_events_url": "https://api.github.com/users/wang313123/received_events",
            "type": "User",
            "user_view_type": "public",
            "site_admin": false
        },
        "labels": [],
        "state": "open",
        "locked": false,
        "assignee": null,
        "assignees": [],
        "milestone": null,
        "comments": 8,
        "created_at": "2024-11-01T12:50:09Z",
        "updated_at": "2025-07-01T09:16:38Z",
        "closed_at": null,
        "author_association": "NONE",
        "type": null,
        "active_lock_reason": null,
        "sub_issues_summary": {
            "total": 0,
            "completed": 0,
            "percent_completed": 0
        },
        "body": "Hi, this is a very outstanding work.\r\n\r\nI am a beginner and I would like to ask how to run the effect of **fedyolo.mp4** (Federated YOLOV5 for 2D image object detection)\r\n\r\n![fedyolo](https://github.com/user-attachments/assets/2cfba194-d404-4a55-bb75-06b8f0848cab)\r\n\r\nI have successfully run a series of commands according to **FLYolo's README.md**, but I don't see the linkage with **CARLA**.\r\n\r\nIf you can help me solve it, I will be very grateful!\r\n\r\nThanks again!",
        "closed_by": null,
        "reactions": {
            "url": "https://api.github.com/repos/SIAT-INVS/CarlaFLCAV/issues/8/reactions",
            "total_count": 0,
            "+1": 0,
            "-1": 0,
            "laugh": 0,
            "hooray": 0,
            "confused": 0,
            "heart": 0,
            "rocket": 0,
            "eyes": 0
        },
        "timeline_url": "https://api.github.com/repos/SIAT-INVS/CarlaFLCAV/issues/8/timeline",
        "performed_via_github_app": null,
        "state_reason": null
    },
    {
        "url": "https://api.github.com/repos/SIAT-INVS/CarlaFLCAV/issues/7",
        "repository_url": "https://api.github.com/repos/SIAT-INVS/CarlaFLCAV",
        "labels_url": "https://api.github.com/repos/SIAT-INVS/CarlaFLCAV/issues/7/labels{/name}",
        "comments_url": "https://api.github.com/repos/SIAT-INVS/CarlaFLCAV/issues/7/comments",
        "events_url": "https://api.github.com/repos/SIAT-INVS/CarlaFLCAV/issues/7/events",
        "html_url": "https://github.com/SIAT-INVS/CarlaFLCAV/issues/7",
        "id": 2248249482,
        "node_id": "I_kwDOHQncgM6GAZCK",
        "number": 7,
        "title": "Error: while executing flcav_second.py",
        "user": {
            "login": "shikharvashistha",
            "id": 51105234,
            "node_id": "MDQ6VXNlcjUxMTA1MjM0",
            "avatar_url": "https://avatars.githubusercontent.com/u/51105234?v=4",
            "gravatar_id": "",
            "url": "https://api.github.com/users/shikharvashistha",
            "html_url": "https://github.com/shikharvashistha",
            "followers_url": "https://api.github.com/users/shikharvashistha/followers",
            "following_url": "https://api.github.com/users/shikharvashistha/following{/other_user}",
            "gists_url": "https://api.github.com/users/shikharvashistha/gists{/gist_id}",
            "starred_url": "https://api.github.com/users/shikharvashistha/starred{/owner}{/repo}",
            "subscriptions_url": "https://api.github.com/users/shikharvashistha/subscriptions",
            "organizations_url": "https://api.github.com/users/shikharvashistha/orgs",
            "repos_url": "https://api.github.com/users/shikharvashistha/repos",
            "events_url": "https://api.github.com/users/shikharvashistha/events{/privacy}",
            "received_events_url": "https://api.github.com/users/shikharvashistha/received_events",
            "type": "User",
            "user_view_type": "public",
            "site_admin": false
        },
        "labels": [],
        "state": "closed",
        "locked": false,
        "assignee": null,
        "assignees": [],
        "milestone": null,
        "comments": 0,
        "created_at": "2024-04-17T13:03:30Z",
        "updated_at": "2024-04-23T07:07:15Z",
        "closed_at": "2024-04-23T07:07:15Z",
        "author_association": "NONE",
        "type": null,
        "active_lock_reason": null,
        "sub_issues_summary": {
            "total": 0,
            "completed": 0,
            "percent_completed": 0
        },
        "body": "> import spconv.core_cc as _ext \r\nImportError: generic_type: cannot initialize type \"GemmMainUnitTest\": an object with that name is already defined\r\nFileNotFoundError: [Errno 2] No such file or directory: './output/kitti_models/pretrain/vehicle_train/default/ckpt/pretrained_model_316.pth'\r\n\r\nHi @bearswang,\r\n\r\nHow can I get the pretrained_model file / resolve this error ",
        "closed_by": {
            "login": "shikharvashistha",
            "id": 51105234,
            "node_id": "MDQ6VXNlcjUxMTA1MjM0",
            "avatar_url": "https://avatars.githubusercontent.com/u/51105234?v=4",
            "gravatar_id": "",
            "url": "https://api.github.com/users/shikharvashistha",
            "html_url": "https://github.com/shikharvashistha",
            "followers_url": "https://api.github.com/users/shikharvashistha/followers",
            "following_url": "https://api.github.com/users/shikharvashistha/following{/other_user}",
            "gists_url": "https://api.github.com/users/shikharvashistha/gists{/gist_id}",
            "starred_url": "https://api.github.com/users/shikharvashistha/starred{/owner}{/repo}",
            "subscriptions_url": "https://api.github.com/users/shikharvashistha/subscriptions",
            "organizations_url": "https://api.github.com/users/shikharvashistha/orgs",
            "repos_url": "https://api.github.com/users/shikharvashistha/repos",
            "events_url": "https://api.github.com/users/shikharvashistha/events{/privacy}",
            "received_events_url": "https://api.github.com/users/shikharvashistha/received_events",
            "type": "User",
            "user_view_type": "public",
            "site_admin": false
        },
        "reactions": {
            "url": "https://api.github.com/repos/SIAT-INVS/CarlaFLCAV/issues/7/reactions",
            "total_count": 0,
            "+1": 0,
            "-1": 0,
            "laugh": 0,
            "hooray": 0,
            "confused": 0,
            "heart": 0,
            "rocket": 0,
            "eyes": 0
        },
        "timeline_url": "https://api.github.com/repos/SIAT-INVS/CarlaFLCAV/issues/7/timeline",
        "performed_via_github_app": null,
        "state_reason": "completed"
    },
    {
        "url": "https://api.github.com/repos/SIAT-INVS/CarlaFLCAV/issues/5",
        "repository_url": "https://api.github.com/repos/SIAT-INVS/CarlaFLCAV",
        "labels_url": "https://api.github.com/repos/SIAT-INVS/CarlaFLCAV/issues/5/labels{/name}",
        "comments_url": "https://api.github.com/repos/SIAT-INVS/CarlaFLCAV/issues/5/comments",
        "events_url": "https://api.github.com/repos/SIAT-INVS/CarlaFLCAV/issues/5/events",
        "html_url": "https://github.com/SIAT-INVS/CarlaFLCAV/issues/5",
        "id": 1749707245,
        "node_id": "I_kwDOHQncgM5oSmnt",
        "number": 5,
        "title": "FLYolo training",
        "user": {
            "login": "dalqattan",
            "id": 29692551,
            "node_id": "MDQ6VXNlcjI5NjkyNTUx",
            "avatar_url": "https://avatars.githubusercontent.com/u/29692551?v=4",
            "gravatar_id": "",
            "url": "https://api.github.com/users/dalqattan",
            "html_url": "https://github.com/dalqattan",
            "followers_url": "https://api.github.com/users/dalqattan/followers",
            "following_url": "https://api.github.com/users/dalqattan/following{/other_user}",
            "gists_url": "https://api.github.com/users/dalqattan/gists{/gist_id}",
            "starred_url": "https://api.github.com/users/dalqattan/starred{/owner}{/repo}",
            "subscriptions_url": "https://api.github.com/users/dalqattan/subscriptions",
            "organizations_url": "https://api.github.com/users/dalqattan/orgs",
            "repos_url": "https://api.github.com/users/dalqattan/repos",
            "events_url": "https://api.github.com/users/dalqattan/events{/privacy}",
            "received_events_url": "https://api.github.com/users/dalqattan/received_events",
            "type": "User",
            "user_view_type": "public",
            "site_admin": false
        },
        "labels": [],
        "state": "open",
        "locked": false,
        "assignee": null,
        "assignees": [],
        "milestone": null,
        "comments": 1,
        "created_at": "2023-06-09T11:23:09Z",
        "updated_at": "2023-06-12T16:26:16Z",
        "closed_at": null,
        "author_association": "NONE",
        "type": null,
        "active_lock_reason": null,
        "sub_issues_summary": {
            "total": 0,
            "completed": 0,
            "percent_completed": 0
        },
        "body": "Hi, \r\nI am trying to text the FLyolo using quick start example.\r\n\r\nI run train.py but I got the error below\r\n\r\n ```\r\n\r\nStarting training for 5 epochs...\r\n\r\nEpoch   gpu_mem       box       obj       cls    labels  img_size\r\n  0%|                                                                                                                                                                                                                                                                                                | 0/12 [00:08<?, ?it/s]\r\nTraceback (most recent call last):\r\n  File \"C:\\temp\\CarlaFLCAV\\FLYolo\\yolov5\\train.py\", line 628, in <module>\r\n    main(opt)\r\n  File \"C:\\temp\\CarlaFLCAV\\FLYolo\\yolov5\\train.py\", line 525, in main\r\n    train(opt.hyp, opt, device, callbacks)\r\n  File \"C:\\temp\\CarlaFLCAV\\FLYolo\\yolov5\\train.py\", line 322, in train\r\n    loss, loss_items = compute_loss(pred, targets.to(device))  # loss scaled by batch_size\r\n  File \"C:\\temp\\CarlaFLCAV\\FLYolo\\yolov5\\utils\\loss.py\", line 120, in __call__\r\n    tcls, tbox, indices, anchors = self.build_targets(p, targets)  # targets\r\n  File \"C:\\temp\\CarlaFLCAV\\FLYolo\\yolov5\\utils\\loss.py\", line 217, in build_targets\r\n    indices.append((b, a, gj.clamp_(0, gain[3] - 1), gi.clamp_(0, gain[2] - 1)))  # image, anchor, grid indices\r\nRuntimeError: result type Float can't be cast to the desired output type __int64\r\n```\r\n\r\n\r\n\r\nIt would be appreciated if you can help.\r\n\r\nThanks\r\nDuaa",
        "closed_by": null,
        "reactions": {
            "url": "https://api.github.com/repos/SIAT-INVS/CarlaFLCAV/issues/5/reactions",
            "total_count": 0,
            "+1": 0,
            "-1": 0,
            "laugh": 0,
            "hooray": 0,
            "confused": 0,
            "heart": 0,
            "rocket": 0,
            "eyes": 0
        },
        "timeline_url": "https://api.github.com/repos/SIAT-INVS/CarlaFLCAV/issues/5/timeline",
        "performed_via_github_app": null,
        "state_reason": null
    },
    {
        "url": "https://api.github.com/repos/SIAT-INVS/CarlaFLCAV/issues/4",
        "repository_url": "https://api.github.com/repos/SIAT-INVS/CarlaFLCAV",
        "labels_url": "https://api.github.com/repos/SIAT-INVS/CarlaFLCAV/issues/4/labels{/name}",
        "comments_url": "https://api.github.com/repos/SIAT-INVS/CarlaFLCAV/issues/4/comments",
        "events_url": "https://api.github.com/repos/SIAT-INVS/CarlaFLCAV/issues/4/events",
        "html_url": "https://github.com/SIAT-INVS/CarlaFLCAV/issues/4",
        "id": 1586960809,
        "node_id": "I_kwDOHQncgM5elxmp",
        "number": 4,
        "title": "FileNotFoundError: [Errno 2] No such file or directory: 'fedmodels/pretrain/423/weights/best.pt'",
        "user": {
            "login": "Xiaodiudiudiu",
            "id": 91064440,
            "node_id": "MDQ6VXNlcjkxMDY0NDQw",
            "avatar_url": "https://avatars.githubusercontent.com/u/91064440?v=4",
            "gravatar_id": "",
            "url": "https://api.github.com/users/Xiaodiudiudiu",
            "html_url": "https://github.com/Xiaodiudiudiu",
            "followers_url": "https://api.github.com/users/Xiaodiudiudiu/followers",
            "following_url": "https://api.github.com/users/Xiaodiudiudiu/following{/other_user}",
            "gists_url": "https://api.github.com/users/Xiaodiudiudiu/gists{/gist_id}",
            "starred_url": "https://api.github.com/users/Xiaodiudiudiu/starred{/owner}{/repo}",
            "subscriptions_url": "https://api.github.com/users/Xiaodiudiudiu/subscriptions",
            "organizations_url": "https://api.github.com/users/Xiaodiudiudiu/orgs",
            "repos_url": "https://api.github.com/users/Xiaodiudiudiu/repos",
            "events_url": "https://api.github.com/users/Xiaodiudiudiu/events{/privacy}",
            "received_events_url": "https://api.github.com/users/Xiaodiudiudiu/received_events",
            "type": "User",
            "user_view_type": "public",
            "site_admin": false
        },
        "labels": [],
        "state": "open",
        "locked": false,
        "assignee": null,
        "assignees": [],
        "milestone": null,
        "comments": 2,
        "created_at": "2023-02-16T03:54:55Z",
        "updated_at": "2023-06-12T11:46:18Z",
        "closed_at": null,
        "author_association": "NONE",
        "type": null,
        "active_lock_reason": null,
        "sub_issues_summary": {
            "total": 0,
            "completed": 0,
            "percent_completed": 0
        },
        "body": "Hi, bearshuai.\r\n\r\nI hope this comment finds you well.\r\nWhile I am running your Flyolo folder flcav_yolo.py, I meet this problem.\r\nCould you please tell me where is the \"best.pt\", or do I have to train my own local model to have a weight model?\r\n\r\nThanks for your cooperation and understanding, I am a new grad to this field.\r\n:) ",
        "closed_by": null,
        "reactions": {
            "url": "https://api.github.com/repos/SIAT-INVS/CarlaFLCAV/issues/4/reactions",
            "total_count": 0,
            "+1": 0,
            "-1": 0,
            "laugh": 0,
            "hooray": 0,
            "confused": 0,
            "heart": 0,
            "rocket": 0,
            "eyes": 0
        },
        "timeline_url": "https://api.github.com/repos/SIAT-INVS/CarlaFLCAV/issues/4/timeline",
        "performed_via_github_app": null,
        "state_reason": null
    },
    {
        "url": "https://api.github.com/repos/SIAT-INVS/CarlaFLCAV/issues/3",
        "repository_url": "https://api.github.com/repos/SIAT-INVS/CarlaFLCAV",
        "labels_url": "https://api.github.com/repos/SIAT-INVS/CarlaFLCAV/issues/3/labels{/name}",
        "comments_url": "https://api.github.com/repos/SIAT-INVS/CarlaFLCAV/issues/3/comments",
        "events_url": "https://api.github.com/repos/SIAT-INVS/CarlaFLCAV/issues/3/events",
        "html_url": "https://github.com/SIAT-INVS/CarlaFLCAV/issues/3",
        "id": 1462661031,
        "node_id": "I_kwDOHQncgM5XLm-n",
        "number": 3,
        "title": "question about the data collction tools",
        "user": {
            "login": "DarrenWong",
            "id": 5771106,
            "node_id": "MDQ6VXNlcjU3NzExMDY=",
            "avatar_url": "https://avatars.githubusercontent.com/u/5771106?v=4",
            "gravatar_id": "",
            "url": "https://api.github.com/users/DarrenWong",
            "html_url": "https://github.com/DarrenWong",
            "followers_url": "https://api.github.com/users/DarrenWong/followers",
            "following_url": "https://api.github.com/users/DarrenWong/following{/other_user}",
            "gists_url": "https://api.github.com/users/DarrenWong/gists{/gist_id}",
            "starred_url": "https://api.github.com/users/DarrenWong/starred{/owner}{/repo}",
            "subscriptions_url": "https://api.github.com/users/DarrenWong/subscriptions",
            "organizations_url": "https://api.github.com/users/DarrenWong/orgs",
            "repos_url": "https://api.github.com/users/DarrenWong/repos",
            "events_url": "https://api.github.com/users/DarrenWong/events{/privacy}",
            "received_events_url": "https://api.github.com/users/DarrenWong/received_events",
            "type": "User",
            "user_view_type": "public",
            "site_admin": false
        },
        "labels": [],
        "state": "closed",
        "locked": false,
        "assignee": null,
        "assignees": [],
        "milestone": null,
        "comments": 2,
        "created_at": "2022-11-24T02:25:50Z",
        "updated_at": "2022-11-24T14:32:22Z",
        "closed_at": "2022-11-24T14:32:22Z",
        "author_association": "NONE",
        "type": null,
        "active_lock_reason": null,
        "sub_issues_summary": {
            "total": 0,
            "completed": 0,
            "percent_completed": 0
        },
        "body": "Thanks for sharing the great work! I have a question regarding the data collection tools following the [step](https://github.com/SIAT-INVS/CarlaFLCAV/tree/main/FLDatasetTool) \r\n\r\nI am able to run the \r\n\r\n`python3 data_recorder.py\r\n`\r\nThe log and output \r\n![image](https://user-images.githubusercontent.com/5771106/203679539-ccb10c47-a442-4bb7-a5b4-849947d0e09e.png)\r\n\r\nand \r\n![image](https://user-images.githubusercontent.com/5771106/203679446-20e34ddf-9e97-4c65-8f62-307159376663.png)\r\n\r\nThe NPC vehicles are normal, but the data collection vehicles crash after a few seconds.\r\n\r\nMy question is: Do I need to add some parameters to make it work? I am thinking of too many collection vehicle problems but still not working after one vehicle left. (tried running on Ubuntu 20.04 and 18.04)\r\n\r\n1. Worldview \r\n\r\n![image](https://user-images.githubusercontent.com/5771106/203679878-1d0df9b7-7172-401f-a215-9e4020d550c0.png)\r\n\r\n2. Vehicle camera view\r\n![0000000010](https://user-images.githubusercontent.com/5771106/203680107-8170cf12-3178-4d27-a67f-ebf6a2a40902.png)\r\n\r\n\r\n![0000000031](https://user-images.githubusercontent.com/5771106/203680159-a0cd1064-5ca7-4d86-bc8d-948684f11e44.png)\r\n\r\n![0000000073](https://user-images.githubusercontent.com/5771106/203680168-040fc7ed-d53a-447f-8422-a3da8c266b0c.png)\r\n\r\n\r\nThanks a lot",
        "closed_by": {
            "login": "DarrenWong",
            "id": 5771106,
            "node_id": "MDQ6VXNlcjU3NzExMDY=",
            "avatar_url": "https://avatars.githubusercontent.com/u/5771106?v=4",
            "gravatar_id": "",
            "url": "https://api.github.com/users/DarrenWong",
            "html_url": "https://github.com/DarrenWong",
            "followers_url": "https://api.github.com/users/DarrenWong/followers",
            "following_url": "https://api.github.com/users/DarrenWong/following{/other_user}",
            "gists_url": "https://api.github.com/users/DarrenWong/gists{/gist_id}",
            "starred_url": "https://api.github.com/users/DarrenWong/starred{/owner}{/repo}",
            "subscriptions_url": "https://api.github.com/users/DarrenWong/subscriptions",
            "organizations_url": "https://api.github.com/users/DarrenWong/orgs",
            "repos_url": "https://api.github.com/users/DarrenWong/repos",
            "events_url": "https://api.github.com/users/DarrenWong/events{/privacy}",
            "received_events_url": "https://api.github.com/users/DarrenWong/received_events",
            "type": "User",
            "user_view_type": "public",
            "site_admin": false
        },
        "reactions": {
            "url": "https://api.github.com/repos/SIAT-INVS/CarlaFLCAV/issues/3/reactions",
            "total_count": 0,
            "+1": 0,
            "-1": 0,
            "laugh": 0,
            "hooray": 0,
            "confused": 0,
            "heart": 0,
            "rocket": 0,
            "eyes": 0
        },
        "timeline_url": "https://api.github.com/repos/SIAT-INVS/CarlaFLCAV/issues/3/timeline",
        "performed_via_github_app": null,
        "state_reason": "completed"
    },
    {
        "url": "https://api.github.com/repos/SIAT-INVS/CarlaFLCAV/issues/2",
        "repository_url": "https://api.github.com/repos/SIAT-INVS/CarlaFLCAV",
        "labels_url": "https://api.github.com/repos/SIAT-INVS/CarlaFLCAV/issues/2/labels{/name}",
        "comments_url": "https://api.github.com/repos/SIAT-INVS/CarlaFLCAV/issues/2/comments",
        "events_url": "https://api.github.com/repos/SIAT-INVS/CarlaFLCAV/issues/2/events",
        "html_url": "https://github.com/SIAT-INVS/CarlaFLCAV/issues/2",
        "id": 1323769603,
        "node_id": "I_kwDOHQncgM5O5x8D",
        "number": 2,
        "title": "question about FLDatasetTool",
        "user": {
            "login": "atusi-nakajima",
            "id": 63640603,
            "node_id": "MDQ6VXNlcjYzNjQwNjAz",
            "avatar_url": "https://avatars.githubusercontent.com/u/63640603?v=4",
            "gravatar_id": "",
            "url": "https://api.github.com/users/atusi-nakajima",
            "html_url": "https://github.com/atusi-nakajima",
            "followers_url": "https://api.github.com/users/atusi-nakajima/followers",
            "following_url": "https://api.github.com/users/atusi-nakajima/following{/other_user}",
            "gists_url": "https://api.github.com/users/atusi-nakajima/gists{/gist_id}",
            "starred_url": "https://api.github.com/users/atusi-nakajima/starred{/owner}{/repo}",
            "subscriptions_url": "https://api.github.com/users/atusi-nakajima/subscriptions",
            "organizations_url": "https://api.github.com/users/atusi-nakajima/orgs",
            "repos_url": "https://api.github.com/users/atusi-nakajima/repos",
            "events_url": "https://api.github.com/users/atusi-nakajima/events{/privacy}",
            "received_events_url": "https://api.github.com/users/atusi-nakajima/received_events",
            "type": "User",
            "user_view_type": "public",
            "site_admin": false
        },
        "labels": [],
        "state": "closed",
        "locked": false,
        "assignee": null,
        "assignees": [],
        "milestone": null,
        "comments": 0,
        "created_at": "2022-08-01T03:52:40Z",
        "updated_at": "2022-08-03T18:40:52Z",
        "closed_at": "2022-08-03T18:40:52Z",
        "author_association": "NONE",
        "type": null,
        "active_lock_reason": null,
        "sub_issues_summary": {
            "total": 0,
            "completed": 0,
            "percent_completed": 0
        },
        "body": null,
        "closed_by": {
            "login": "atusi-nakajima",
            "id": 63640603,
            "node_id": "MDQ6VXNlcjYzNjQwNjAz",
            "avatar_url": "https://avatars.githubusercontent.com/u/63640603?v=4",
            "gravatar_id": "",
            "url": "https://api.github.com/users/atusi-nakajima",
            "html_url": "https://github.com/atusi-nakajima",
            "followers_url": "https://api.github.com/users/atusi-nakajima/followers",
            "following_url": "https://api.github.com/users/atusi-nakajima/following{/other_user}",
            "gists_url": "https://api.github.com/users/atusi-nakajima/gists{/gist_id}",
            "starred_url": "https://api.github.com/users/atusi-nakajima/starred{/owner}{/repo}",
            "subscriptions_url": "https://api.github.com/users/atusi-nakajima/subscriptions",
            "organizations_url": "https://api.github.com/users/atusi-nakajima/orgs",
            "repos_url": "https://api.github.com/users/atusi-nakajima/repos",
            "events_url": "https://api.github.com/users/atusi-nakajima/events{/privacy}",
            "received_events_url": "https://api.github.com/users/atusi-nakajima/received_events",
            "type": "User",
            "user_view_type": "public",
            "site_admin": false
        },
        "reactions": {
            "url": "https://api.github.com/repos/SIAT-INVS/CarlaFLCAV/issues/2/reactions",
            "total_count": 0,
            "+1": 0,
            "-1": 0,
            "laugh": 0,
            "hooray": 0,
            "confused": 0,
            "heart": 0,
            "rocket": 0,
            "eyes": 0
        },
        "timeline_url": "https://api.github.com/repos/SIAT-INVS/CarlaFLCAV/issues/2/timeline",
        "performed_via_github_app": null,
        "state_reason": "completed"
    },
    {
        "url": "https://api.github.com/repos/SIAT-INVS/CarlaFLCAV/issues/1",
        "repository_url": "https://api.github.com/repos/SIAT-INVS/CarlaFLCAV",
        "labels_url": "https://api.github.com/repos/SIAT-INVS/CarlaFLCAV/issues/1/labels{/name}",
        "comments_url": "https://api.github.com/repos/SIAT-INVS/CarlaFLCAV/issues/1/comments",
        "events_url": "https://api.github.com/repos/SIAT-INVS/CarlaFLCAV/issues/1/events",
        "html_url": "https://github.com/SIAT-INVS/CarlaFLCAV/issues/1",
        "id": 1322467881,
        "node_id": "I_kwDOHQncgM5O00Ip",
        "number": 1,
        "title": "question about FLYolo",
        "user": {
            "login": "atusi-nakajima",
            "id": 63640603,
            "node_id": "MDQ6VXNlcjYzNjQwNjAz",
            "avatar_url": "https://avatars.githubusercontent.com/u/63640603?v=4",
            "gravatar_id": "",
            "url": "https://api.github.com/users/atusi-nakajima",
            "html_url": "https://github.com/atusi-nakajima",
            "followers_url": "https://api.github.com/users/atusi-nakajima/followers",
            "following_url": "https://api.github.com/users/atusi-nakajima/following{/other_user}",
            "gists_url": "https://api.github.com/users/atusi-nakajima/gists{/gist_id}",
            "starred_url": "https://api.github.com/users/atusi-nakajima/starred{/owner}{/repo}",
            "subscriptions_url": "https://api.github.com/users/atusi-nakajima/subscriptions",
            "organizations_url": "https://api.github.com/users/atusi-nakajima/orgs",
            "repos_url": "https://api.github.com/users/atusi-nakajima/repos",
            "events_url": "https://api.github.com/users/atusi-nakajima/events{/privacy}",
            "received_events_url": "https://api.github.com/users/atusi-nakajima/received_events",
            "type": "User",
            "user_view_type": "public",
            "site_admin": false
        },
        "labels": [],
        "state": "open",
        "locked": false,
        "assignee": null,
        "assignees": [],
        "milestone": null,
        "comments": 10,
        "created_at": "2022-07-29T16:37:47Z",
        "updated_at": "2023-06-12T09:59:27Z",
        "closed_at": null,
        "author_association": "NONE",
        "type": null,
        "active_lock_reason": null,
        "sub_issues_summary": {
            "total": 0,
            "completed": 0,
            "percent_completed": 0
        },
        "body": "I have a question about FLYolo\r\nI have checked the operation with the provided EXAMPLE rawdata.\r\nAfter that, we would like to try training with a new dataset, in which folder should we place the dataset? (raw_data/pretrain or raw_data/town03 or another location?)\r\n\r\nAlso, what is the role of the pretrain, town03 and town05 directories under the rawdata directory? (are you using data from all locations for training?)\r\n\r\n",
        "closed_by": null,
        "reactions": {
            "url": "https://api.github.com/repos/SIAT-INVS/CarlaFLCAV/issues/1/reactions",
            "total_count": 0,
            "+1": 0,
            "-1": 0,
            "laugh": 0,
            "hooray": 0,
            "confused": 0,
            "heart": 0,
            "rocket": 0,
            "eyes": 0
        },
        "timeline_url": "https://api.github.com/repos/SIAT-INVS/CarlaFLCAV/issues/1/timeline",
        "performed_via_github_app": null,
        "state_reason": null
    }
]