[
    {
        "url": "https://api.github.com/repos/SMILELab-FL/FedLab-benchmarks/issues/46",
        "repository_url": "https://api.github.com/repos/SMILELab-FL/FedLab-benchmarks",
        "labels_url": "https://api.github.com/repos/SMILELab-FL/FedLab-benchmarks/issues/46/labels{/name}",
        "comments_url": "https://api.github.com/repos/SMILELab-FL/FedLab-benchmarks/issues/46/comments",
        "events_url": "https://api.github.com/repos/SMILELab-FL/FedLab-benchmarks/issues/46/events",
        "html_url": "https://github.com/SMILELab-FL/FedLab-benchmarks/issues/46",
        "id": 1695948660,
        "node_id": "I_kwDOGAJ2a85lFh90",
        "number": 46,
        "title": "\u8fd9\u91cc\u7684\u4ee3\u7801\u54ea\u91cc\u4f53\u73b0\u4e86\u5143\u5b66\u4e60\u5462\uff1f\u5e0c\u671b\u80fd\u5f97\u5230\u89e3\u7b54\uff0c\u975e\u5e38\u611f\u8c22\uff01",
        "user": {
            "login": "YAPDF",
            "id": 100507887,
            "node_id": "U_kgDOBf2g7w",
            "avatar_url": "https://avatars.githubusercontent.com/u/100507887?v=4",
            "gravatar_id": "",
            "url": "https://api.github.com/users/YAPDF",
            "html_url": "https://github.com/YAPDF",
            "followers_url": "https://api.github.com/users/YAPDF/followers",
            "following_url": "https://api.github.com/users/YAPDF/following{/other_user}",
            "gists_url": "https://api.github.com/users/YAPDF/gists{/gist_id}",
            "starred_url": "https://api.github.com/users/YAPDF/starred{/owner}{/repo}",
            "subscriptions_url": "https://api.github.com/users/YAPDF/subscriptions",
            "organizations_url": "https://api.github.com/users/YAPDF/orgs",
            "repos_url": "https://api.github.com/users/YAPDF/repos",
            "events_url": "https://api.github.com/users/YAPDF/events{/privacy}",
            "received_events_url": "https://api.github.com/users/YAPDF/received_events",
            "type": "User",
            "user_view_type": "public",
            "site_admin": false
        },
        "labels": [],
        "state": "closed",
        "locked": false,
        "assignee": null,
        "assignees": [],
        "milestone": null,
        "comments": 1,
        "created_at": "2023-05-04T12:50:50Z",
        "updated_at": "2023-06-02T02:22:32Z",
        "closed_at": "2023-06-02T02:22:32Z",
        "author_association": "NONE",
        "type": null,
        "active_lock_reason": null,
        "sub_issues_summary": {
            "total": 0,
            "completed": 0,
            "percent_completed": 0
        },
        "body": "\u697c\u4e3b\u60a8\u597d\uff0c\u6211\u5f88\u4ed4\u7ec6\u5730\u770b\u8fc7\u4e86perfedavg\u8fd9\u4e2a\u4ee3\u7801\uff0c\u4f46\u662f\u7ed9\u6211\u7684\u611f\u89c9\u5c31\u662flocal train \u548cfine tune\u90fd\u662ffedavg\u7684\u8fc7\u7a0b\uff0c\u6362\u4e86\u4e00\u4e2a\u4f18\u5316\u5668\uff0c\u5c31\u50cf\u662f\u8fdb\u884c\u4e86\u4e24\u6b21fedavg\uff0c\u6211\u5e76\u6ca1\u6709\u7406\u89e3\u54ea\u91cc\u4f53\u73b0\u4e86\u5143\u5b66\u4e60\uff0c\u80fd\u5426\u7ed9\u4e88\u89e3\u7b54\u5462\uff1f\u8c22\u8c22\uff01",
        "closed_by": {
            "login": "dunzeng",
            "id": 32679207,
            "node_id": "MDQ6VXNlcjMyNjc5MjA3",
            "avatar_url": "https://avatars.githubusercontent.com/u/32679207?v=4",
            "gravatar_id": "",
            "url": "https://api.github.com/users/dunzeng",
            "html_url": "https://github.com/dunzeng",
            "followers_url": "https://api.github.com/users/dunzeng/followers",
            "following_url": "https://api.github.com/users/dunzeng/following{/other_user}",
            "gists_url": "https://api.github.com/users/dunzeng/gists{/gist_id}",
            "starred_url": "https://api.github.com/users/dunzeng/starred{/owner}{/repo}",
            "subscriptions_url": "https://api.github.com/users/dunzeng/subscriptions",
            "organizations_url": "https://api.github.com/users/dunzeng/orgs",
            "repos_url": "https://api.github.com/users/dunzeng/repos",
            "events_url": "https://api.github.com/users/dunzeng/events{/privacy}",
            "received_events_url": "https://api.github.com/users/dunzeng/received_events",
            "type": "User",
            "user_view_type": "public",
            "site_admin": false
        },
        "reactions": {
            "url": "https://api.github.com/repos/SMILELab-FL/FedLab-benchmarks/issues/46/reactions",
            "total_count": 0,
            "+1": 0,
            "-1": 0,
            "laugh": 0,
            "hooray": 0,
            "confused": 0,
            "heart": 0,
            "rocket": 0,
            "eyes": 0
        },
        "timeline_url": "https://api.github.com/repos/SMILELab-FL/FedLab-benchmarks/issues/46/timeline",
        "performed_via_github_app": null,
        "state_reason": "completed"
    },
    {
        "url": "https://api.github.com/repos/SMILELab-FL/FedLab-benchmarks/issues/45",
        "repository_url": "https://api.github.com/repos/SMILELab-FL/FedLab-benchmarks",
        "labels_url": "https://api.github.com/repos/SMILELab-FL/FedLab-benchmarks/issues/45/labels{/name}",
        "comments_url": "https://api.github.com/repos/SMILELab-FL/FedLab-benchmarks/issues/45/comments",
        "events_url": "https://api.github.com/repos/SMILELab-FL/FedLab-benchmarks/issues/45/events",
        "html_url": "https://github.com/SMILELab-FL/FedLab-benchmarks/issues/45",
        "id": 1581297102,
        "node_id": "I_kwDOGAJ2a85eQK3O",
        "number": 45,
        "title": "celeba\u5904\u7406\u6570\u636e\u627e\u4e0d\u5230\u56fe\u7247",
        "user": {
            "login": "wanonymous",
            "id": 44428488,
            "node_id": "MDQ6VXNlcjQ0NDI4NDg4",
            "avatar_url": "https://avatars.githubusercontent.com/u/44428488?v=4",
            "gravatar_id": "",
            "url": "https://api.github.com/users/wanonymous",
            "html_url": "https://github.com/wanonymous",
            "followers_url": "https://api.github.com/users/wanonymous/followers",
            "following_url": "https://api.github.com/users/wanonymous/following{/other_user}",
            "gists_url": "https://api.github.com/users/wanonymous/gists{/gist_id}",
            "starred_url": "https://api.github.com/users/wanonymous/starred{/owner}{/repo}",
            "subscriptions_url": "https://api.github.com/users/wanonymous/subscriptions",
            "organizations_url": "https://api.github.com/users/wanonymous/orgs",
            "repos_url": "https://api.github.com/users/wanonymous/repos",
            "events_url": "https://api.github.com/users/wanonymous/events{/privacy}",
            "received_events_url": "https://api.github.com/users/wanonymous/received_events",
            "type": "User",
            "user_view_type": "public",
            "site_admin": false
        },
        "labels": [],
        "state": "closed",
        "locked": false,
        "assignee": null,
        "assignees": [],
        "milestone": null,
        "comments": 3,
        "created_at": "2023-02-12T15:17:39Z",
        "updated_at": "2023-06-02T02:22:41Z",
        "closed_at": "2023-06-02T02:22:41Z",
        "author_association": "NONE",
        "type": null,
        "active_lock_reason": null,
        "sub_issues_summary": {
            "total": 0,
            "completed": 0,
            "percent_completed": 0
        },
        "body": "\u5728\u4f7f\u7528celeba\u6570\u636e\u96c6\u65f6\uff0cpreprocess\u540e bash gen_pickle_dataset.sh \"celeba\" \"../datasets\" \"./pickle_datasets\"\u65f6\u4f1a\u62a5\u9519\r\nFileNotFoundError: [Errno 2] No such file or directory: '/home/fedlab/leaf/datasets/celeba/data/raw/img_align_celeba/162887.jpg'\uff0c\u91cd\u65b0\u4e0b\u8f7d\u6570\u636e\u96c6\u6216\u8005\u91cd\u65b0\u5904\u7406\uff0c\u9519\u8bef\u4ecd\u5b58\u5728\uff0c\u8bf7\u95ee\u662f\u81ea\u5df1\u4ee3\u7801\u7684\u95ee\u9898\u5417\r\n",
        "closed_by": {
            "login": "dunzeng",
            "id": 32679207,
            "node_id": "MDQ6VXNlcjMyNjc5MjA3",
            "avatar_url": "https://avatars.githubusercontent.com/u/32679207?v=4",
            "gravatar_id": "",
            "url": "https://api.github.com/users/dunzeng",
            "html_url": "https://github.com/dunzeng",
            "followers_url": "https://api.github.com/users/dunzeng/followers",
            "following_url": "https://api.github.com/users/dunzeng/following{/other_user}",
            "gists_url": "https://api.github.com/users/dunzeng/gists{/gist_id}",
            "starred_url": "https://api.github.com/users/dunzeng/starred{/owner}{/repo}",
            "subscriptions_url": "https://api.github.com/users/dunzeng/subscriptions",
            "organizations_url": "https://api.github.com/users/dunzeng/orgs",
            "repos_url": "https://api.github.com/users/dunzeng/repos",
            "events_url": "https://api.github.com/users/dunzeng/events{/privacy}",
            "received_events_url": "https://api.github.com/users/dunzeng/received_events",
            "type": "User",
            "user_view_type": "public",
            "site_admin": false
        },
        "reactions": {
            "url": "https://api.github.com/repos/SMILELab-FL/FedLab-benchmarks/issues/45/reactions",
            "total_count": 0,
            "+1": 0,
            "-1": 0,
            "laugh": 0,
            "hooray": 0,
            "confused": 0,
            "heart": 0,
            "rocket": 0,
            "eyes": 0
        },
        "timeline_url": "https://api.github.com/repos/SMILELab-FL/FedLab-benchmarks/issues/45/timeline",
        "performed_via_github_app": null,
        "state_reason": "completed"
    },
    {
        "url": "https://api.github.com/repos/SMILELab-FL/FedLab-benchmarks/issues/41",
        "repository_url": "https://api.github.com/repos/SMILELab-FL/FedLab-benchmarks",
        "labels_url": "https://api.github.com/repos/SMILELab-FL/FedLab-benchmarks/issues/41/labels{/name}",
        "comments_url": "https://api.github.com/repos/SMILELab-FL/FedLab-benchmarks/issues/41/comments",
        "events_url": "https://api.github.com/repos/SMILELab-FL/FedLab-benchmarks/issues/41/events",
        "html_url": "https://github.com/SMILELab-FL/FedLab-benchmarks/issues/41",
        "id": 1295534197,
        "node_id": "I_kwDOGAJ2a85NOEh1",
        "number": 41,
        "title": "[Fedasync] Executing error",
        "user": {
            "login": "ysrese",
            "id": 108757656,
            "node_id": "U_kgDOBnuCmA",
            "avatar_url": "https://avatars.githubusercontent.com/u/108757656?v=4",
            "gravatar_id": "",
            "url": "https://api.github.com/users/ysrese",
            "html_url": "https://github.com/ysrese",
            "followers_url": "https://api.github.com/users/ysrese/followers",
            "following_url": "https://api.github.com/users/ysrese/following{/other_user}",
            "gists_url": "https://api.github.com/users/ysrese/gists{/gist_id}",
            "starred_url": "https://api.github.com/users/ysrese/starred{/owner}{/repo}",
            "subscriptions_url": "https://api.github.com/users/ysrese/subscriptions",
            "organizations_url": "https://api.github.com/users/ysrese/orgs",
            "repos_url": "https://api.github.com/users/ysrese/repos",
            "events_url": "https://api.github.com/users/ysrese/events{/privacy}",
            "received_events_url": "https://api.github.com/users/ysrese/received_events",
            "type": "User",
            "user_view_type": "public",
            "site_admin": false
        },
        "labels": [],
        "state": "closed",
        "locked": false,
        "assignee": null,
        "assignees": [],
        "milestone": null,
        "comments": 3,
        "created_at": "2022-07-06T09:18:44Z",
        "updated_at": "2022-07-18T08:55:29Z",
        "closed_at": "2022-07-18T08:55:29Z",
        "author_association": "NONE",
        "type": null,
        "active_lock_reason": null,
        "sub_issues_summary": {
            "total": 0,
            "completed": 0,
            "percent_completed": 0
        },
        "body": "I got this error when executing `FedLab-benchmarks/fedlab_benchmarks/fedasync/standalone/standalone.py` with fedlab==1.1.2.\r\n```\r\nTraceback (most recent call last):\r\n  File \"standalone.py\", line 300, in <module>\r\n    params_list = trainer.train(model_parameters=model_parameters,\r\n  File \"/home/xuan/.local/lib/python3.8/site-packages/fedlab/core/client/scale/trainer.py\", line 77, in train\r\n    self._LOGGER.info(\r\nAttributeError: 'NoneType' object has no attribute 'info'\r\n```\r\nAm I missing anything?\r\nFurthermore, which version of fedlab should I used in fedlab_benchmark?",
        "closed_by": {
            "login": "dunzeng",
            "id": 32679207,
            "node_id": "MDQ6VXNlcjMyNjc5MjA3",
            "avatar_url": "https://avatars.githubusercontent.com/u/32679207?v=4",
            "gravatar_id": "",
            "url": "https://api.github.com/users/dunzeng",
            "html_url": "https://github.com/dunzeng",
            "followers_url": "https://api.github.com/users/dunzeng/followers",
            "following_url": "https://api.github.com/users/dunzeng/following{/other_user}",
            "gists_url": "https://api.github.com/users/dunzeng/gists{/gist_id}",
            "starred_url": "https://api.github.com/users/dunzeng/starred{/owner}{/repo}",
            "subscriptions_url": "https://api.github.com/users/dunzeng/subscriptions",
            "organizations_url": "https://api.github.com/users/dunzeng/orgs",
            "repos_url": "https://api.github.com/users/dunzeng/repos",
            "events_url": "https://api.github.com/users/dunzeng/events{/privacy}",
            "received_events_url": "https://api.github.com/users/dunzeng/received_events",
            "type": "User",
            "user_view_type": "public",
            "site_admin": false
        },
        "reactions": {
            "url": "https://api.github.com/repos/SMILELab-FL/FedLab-benchmarks/issues/41/reactions",
            "total_count": 0,
            "+1": 0,
            "-1": 0,
            "laugh": 0,
            "hooray": 0,
            "confused": 0,
            "heart": 0,
            "rocket": 0,
            "eyes": 0
        },
        "timeline_url": "https://api.github.com/repos/SMILELab-FL/FedLab-benchmarks/issues/41/timeline",
        "performed_via_github_app": null,
        "state_reason": "completed"
    },
    {
        "url": "https://api.github.com/repos/SMILELab-FL/FedLab-benchmarks/issues/40",
        "repository_url": "https://api.github.com/repos/SMILELab-FL/FedLab-benchmarks",
        "labels_url": "https://api.github.com/repos/SMILELab-FL/FedLab-benchmarks/issues/40/labels{/name}",
        "comments_url": "https://api.github.com/repos/SMILELab-FL/FedLab-benchmarks/issues/40/comments",
        "events_url": "https://api.github.com/repos/SMILELab-FL/FedLab-benchmarks/issues/40/events",
        "html_url": "https://github.com/SMILELab-FL/FedLab-benchmarks/issues/40",
        "id": 1247728679,
        "node_id": "I_kwDOGAJ2a85KXtQn",
        "number": 40,
        "title": "\u8bf7\u95eeperfedavg\u7684\u4ee3\u7801\u662f\u5426\u80fd\u7528\u6765\u8dd1reddit\u6570\u636e\u96c6\uff1f",
        "user": {
            "login": "L-ien",
            "id": 66815471,
            "node_id": "MDQ6VXNlcjY2ODE1NDcx",
            "avatar_url": "https://avatars.githubusercontent.com/u/66815471?v=4",
            "gravatar_id": "",
            "url": "https://api.github.com/users/L-ien",
            "html_url": "https://github.com/L-ien",
            "followers_url": "https://api.github.com/users/L-ien/followers",
            "following_url": "https://api.github.com/users/L-ien/following{/other_user}",
            "gists_url": "https://api.github.com/users/L-ien/gists{/gist_id}",
            "starred_url": "https://api.github.com/users/L-ien/starred{/owner}{/repo}",
            "subscriptions_url": "https://api.github.com/users/L-ien/subscriptions",
            "organizations_url": "https://api.github.com/users/L-ien/orgs",
            "repos_url": "https://api.github.com/users/L-ien/repos",
            "events_url": "https://api.github.com/users/L-ien/events{/privacy}",
            "received_events_url": "https://api.github.com/users/L-ien/received_events",
            "type": "User",
            "user_view_type": "public",
            "site_admin": false
        },
        "labels": [],
        "state": "closed",
        "locked": false,
        "assignee": null,
        "assignees": [],
        "milestone": null,
        "comments": 4,
        "created_at": "2022-05-25T08:13:35Z",
        "updated_at": "2022-05-25T08:36:57Z",
        "closed_at": "2022-05-25T08:36:57Z",
        "author_association": "NONE",
        "type": null,
        "active_lock_reason": null,
        "sub_issues_summary": {
            "total": 0,
            "completed": 0,
            "percent_completed": 0
        },
        "body": "\u65b0\u624b\u60f3\u5c1d\u8bd5\u4e00\u4e0b\u8054\u90a6\u5b66\u4e60\u4e2a\u6027\u5316\u65b9\u5411\uff0c\u6c42\u6559",
        "closed_by": {
            "login": "L-ien",
            "id": 66815471,
            "node_id": "MDQ6VXNlcjY2ODE1NDcx",
            "avatar_url": "https://avatars.githubusercontent.com/u/66815471?v=4",
            "gravatar_id": "",
            "url": "https://api.github.com/users/L-ien",
            "html_url": "https://github.com/L-ien",
            "followers_url": "https://api.github.com/users/L-ien/followers",
            "following_url": "https://api.github.com/users/L-ien/following{/other_user}",
            "gists_url": "https://api.github.com/users/L-ien/gists{/gist_id}",
            "starred_url": "https://api.github.com/users/L-ien/starred{/owner}{/repo}",
            "subscriptions_url": "https://api.github.com/users/L-ien/subscriptions",
            "organizations_url": "https://api.github.com/users/L-ien/orgs",
            "repos_url": "https://api.github.com/users/L-ien/repos",
            "events_url": "https://api.github.com/users/L-ien/events{/privacy}",
            "received_events_url": "https://api.github.com/users/L-ien/received_events",
            "type": "User",
            "user_view_type": "public",
            "site_admin": false
        },
        "reactions": {
            "url": "https://api.github.com/repos/SMILELab-FL/FedLab-benchmarks/issues/40/reactions",
            "total_count": 0,
            "+1": 0,
            "-1": 0,
            "laugh": 0,
            "hooray": 0,
            "confused": 0,
            "heart": 0,
            "rocket": 0,
            "eyes": 0
        },
        "timeline_url": "https://api.github.com/repos/SMILELab-FL/FedLab-benchmarks/issues/40/timeline",
        "performed_via_github_app": null,
        "state_reason": "completed"
    },
    {
        "url": "https://api.github.com/repos/SMILELab-FL/FedLab-benchmarks/issues/32",
        "repository_url": "https://api.github.com/repos/SMILELab-FL/FedLab-benchmarks",
        "labels_url": "https://api.github.com/repos/SMILELab-FL/FedLab-benchmarks/issues/32/labels{/name}",
        "comments_url": "https://api.github.com/repos/SMILELab-FL/FedLab-benchmarks/issues/32/comments",
        "events_url": "https://api.github.com/repos/SMILELab-FL/FedLab-benchmarks/issues/32/events",
        "html_url": "https://github.com/SMILELab-FL/FedLab-benchmarks/issues/32",
        "id": 1206013288,
        "node_id": "I_kwDOGAJ2a85H4k1o",
        "number": 32,
        "title": "\u8bf7\u95eeFedAvg\u7684Scale\u4ee3\u7801\u4f7f\u7528\u65f6\u662f\u5426\u9700\u8981\u6539\u52a8\uff1f",
        "user": {
            "login": "rebear077",
            "id": 51772538,
            "node_id": "MDQ6VXNlcjUxNzcyNTM4",
            "avatar_url": "https://avatars.githubusercontent.com/u/51772538?v=4",
            "gravatar_id": "",
            "url": "https://api.github.com/users/rebear077",
            "html_url": "https://github.com/rebear077",
            "followers_url": "https://api.github.com/users/rebear077/followers",
            "following_url": "https://api.github.com/users/rebear077/following{/other_user}",
            "gists_url": "https://api.github.com/users/rebear077/gists{/gist_id}",
            "starred_url": "https://api.github.com/users/rebear077/starred{/owner}{/repo}",
            "subscriptions_url": "https://api.github.com/users/rebear077/subscriptions",
            "organizations_url": "https://api.github.com/users/rebear077/orgs",
            "repos_url": "https://api.github.com/users/rebear077/repos",
            "events_url": "https://api.github.com/users/rebear077/events{/privacy}",
            "received_events_url": "https://api.github.com/users/rebear077/received_events",
            "type": "User",
            "user_view_type": "public",
            "site_admin": false
        },
        "labels": [],
        "state": "closed",
        "locked": false,
        "assignee": null,
        "assignees": [],
        "milestone": null,
        "comments": 2,
        "created_at": "2022-04-16T04:45:01Z",
        "updated_at": "2022-04-17T03:22:40Z",
        "closed_at": "2022-04-17T03:22:40Z",
        "author_association": "NONE",
        "type": null,
        "active_lock_reason": null,
        "sub_issues_summary": {
            "total": 0,
            "completed": 0,
            "percent_completed": 0
        },
        "body": "<img width=\"912\" alt=\"\u622a\u56fe_20224316124327\" src=\"https://user-images.githubusercontent.com/51772538/163661780-e07d1863-293e-47b0-adcd-a7e809f3f2d4.png\">\r\nargs\u53c2\u6570\u51fa\u73b0\u95ee\u9898\uff0c\u8bf7\u95ee\u5982\u4f55\u4fee\u6539\uff1f\u8c22\u8c22",
        "closed_by": {
            "login": "dunzeng",
            "id": 32679207,
            "node_id": "MDQ6VXNlcjMyNjc5MjA3",
            "avatar_url": "https://avatars.githubusercontent.com/u/32679207?v=4",
            "gravatar_id": "",
            "url": "https://api.github.com/users/dunzeng",
            "html_url": "https://github.com/dunzeng",
            "followers_url": "https://api.github.com/users/dunzeng/followers",
            "following_url": "https://api.github.com/users/dunzeng/following{/other_user}",
            "gists_url": "https://api.github.com/users/dunzeng/gists{/gist_id}",
            "starred_url": "https://api.github.com/users/dunzeng/starred{/owner}{/repo}",
            "subscriptions_url": "https://api.github.com/users/dunzeng/subscriptions",
            "organizations_url": "https://api.github.com/users/dunzeng/orgs",
            "repos_url": "https://api.github.com/users/dunzeng/repos",
            "events_url": "https://api.github.com/users/dunzeng/events{/privacy}",
            "received_events_url": "https://api.github.com/users/dunzeng/received_events",
            "type": "User",
            "user_view_type": "public",
            "site_admin": false
        },
        "reactions": {
            "url": "https://api.github.com/repos/SMILELab-FL/FedLab-benchmarks/issues/32/reactions",
            "total_count": 0,
            "+1": 0,
            "-1": 0,
            "laugh": 0,
            "hooray": 0,
            "confused": 0,
            "heart": 0,
            "rocket": 0,
            "eyes": 0
        },
        "timeline_url": "https://api.github.com/repos/SMILELab-FL/FedLab-benchmarks/issues/32/timeline",
        "performed_via_github_app": null,
        "state_reason": "completed"
    },
    {
        "url": "https://api.github.com/repos/SMILELab-FL/FedLab-benchmarks/issues/31",
        "repository_url": "https://api.github.com/repos/SMILELab-FL/FedLab-benchmarks",
        "labels_url": "https://api.github.com/repos/SMILELab-FL/FedLab-benchmarks/issues/31/labels{/name}",
        "comments_url": "https://api.github.com/repos/SMILELab-FL/FedLab-benchmarks/issues/31/comments",
        "events_url": "https://api.github.com/repos/SMILELab-FL/FedLab-benchmarks/issues/31/events",
        "html_url": "https://github.com/SMILELab-FL/FedLab-benchmarks/issues/31",
        "id": 1204353478,
        "node_id": "I_kwDOGAJ2a85HyPnG",
        "number": 31,
        "title": "\u5f02\u6b65\u591a\u7ebf\u7a0b\u4e2d model_time \u4f20\u8f93\u662f\u5426\u6709\u95ee\u9898\uff1f",
        "user": {
            "login": "kid1999",
            "id": 44324159,
            "node_id": "MDQ6VXNlcjQ0MzI0MTU5",
            "avatar_url": "https://avatars.githubusercontent.com/u/44324159?v=4",
            "gravatar_id": "",
            "url": "https://api.github.com/users/kid1999",
            "html_url": "https://github.com/kid1999",
            "followers_url": "https://api.github.com/users/kid1999/followers",
            "following_url": "https://api.github.com/users/kid1999/following{/other_user}",
            "gists_url": "https://api.github.com/users/kid1999/gists{/gist_id}",
            "starred_url": "https://api.github.com/users/kid1999/starred{/owner}{/repo}",
            "subscriptions_url": "https://api.github.com/users/kid1999/subscriptions",
            "organizations_url": "https://api.github.com/users/kid1999/orgs",
            "repos_url": "https://api.github.com/users/kid1999/repos",
            "events_url": "https://api.github.com/users/kid1999/events{/privacy}",
            "received_events_url": "https://api.github.com/users/kid1999/received_events",
            "type": "User",
            "user_view_type": "public",
            "site_admin": false
        },
        "labels": [],
        "state": "closed",
        "locked": false,
        "assignee": null,
        "assignees": [],
        "milestone": null,
        "comments": 3,
        "created_at": "2022-04-14T10:26:02Z",
        "updated_at": "2022-04-22T05:59:13Z",
        "closed_at": "2022-04-22T05:59:13Z",
        "author_association": "NONE",
        "type": null,
        "active_lock_reason": null,
        "sub_issues_summary": {
            "total": 0,
            "completed": 0,
            "percent_completed": 0
        },
        "body": "server manager \u4f20\u8f93\u7684 `torch.Tensor(self._handler.server_time)` \r\nclient \u56de\u4f20\u65f6\u76f4\u63a5\u4f7f\u7528`self.model_time + 1` \r\n\u7136\u540eserver\u518d\u6b21\u62ff\u5230model_time\u8fdb\u884c\u805a\u5408\u7684\u65f6\u5019\uff0c`staleness = self.current_time - receive_model_time`\r\n\r\n\u6700\u540e\u5bfc\u81f4\u4f20\u8f93\u7684model_time tensor\u6301\u7eed\u53d8\u5927\uff01\r\n`2022-04-14 05:34:07,112 - server - INFO - model time : tensor([-1.1402e+13,  1.0000e+00,  1.0000e+00,  1.0000e+00])\r\n2022-04-14 05:34:07,112 - server - INFO - staleness : tensor([1.1402e+13, 4.0000e+00, 4.0000e+00, 4.0000e+00])\r\n`",
        "closed_by": {
            "login": "dunzeng",
            "id": 32679207,
            "node_id": "MDQ6VXNlcjMyNjc5MjA3",
            "avatar_url": "https://avatars.githubusercontent.com/u/32679207?v=4",
            "gravatar_id": "",
            "url": "https://api.github.com/users/dunzeng",
            "html_url": "https://github.com/dunzeng",
            "followers_url": "https://api.github.com/users/dunzeng/followers",
            "following_url": "https://api.github.com/users/dunzeng/following{/other_user}",
            "gists_url": "https://api.github.com/users/dunzeng/gists{/gist_id}",
            "starred_url": "https://api.github.com/users/dunzeng/starred{/owner}{/repo}",
            "subscriptions_url": "https://api.github.com/users/dunzeng/subscriptions",
            "organizations_url": "https://api.github.com/users/dunzeng/orgs",
            "repos_url": "https://api.github.com/users/dunzeng/repos",
            "events_url": "https://api.github.com/users/dunzeng/events{/privacy}",
            "received_events_url": "https://api.github.com/users/dunzeng/received_events",
            "type": "User",
            "user_view_type": "public",
            "site_admin": false
        },
        "reactions": {
            "url": "https://api.github.com/repos/SMILELab-FL/FedLab-benchmarks/issues/31/reactions",
            "total_count": 0,
            "+1": 0,
            "-1": 0,
            "laugh": 0,
            "hooray": 0,
            "confused": 0,
            "heart": 0,
            "rocket": 0,
            "eyes": 0
        },
        "timeline_url": "https://api.github.com/repos/SMILELab-FL/FedLab-benchmarks/issues/31/timeline",
        "performed_via_github_app": null,
        "state_reason": "completed"
    },
    {
        "url": "https://api.github.com/repos/SMILELab-FL/FedLab-benchmarks/issues/29",
        "repository_url": "https://api.github.com/repos/SMILELab-FL/FedLab-benchmarks",
        "labels_url": "https://api.github.com/repos/SMILELab-FL/FedLab-benchmarks/issues/29/labels{/name}",
        "comments_url": "https://api.github.com/repos/SMILELab-FL/FedLab-benchmarks/issues/29/comments",
        "events_url": "https://api.github.com/repos/SMILELab-FL/FedLab-benchmarks/issues/29/events",
        "html_url": "https://github.com/SMILELab-FL/FedLab-benchmarks/issues/29",
        "id": 1196759092,
        "node_id": "I_kwDOGAJ2a85HVRg0",
        "number": 29,
        "title": "\u8fd0\u884cfedasync/cross_process demo\u51fa\u9519",
        "user": {
            "login": "kid1999",
            "id": 44324159,
            "node_id": "MDQ6VXNlcjQ0MzI0MTU5",
            "avatar_url": "https://avatars.githubusercontent.com/u/44324159?v=4",
            "gravatar_id": "",
            "url": "https://api.github.com/users/kid1999",
            "html_url": "https://github.com/kid1999",
            "followers_url": "https://api.github.com/users/kid1999/followers",
            "following_url": "https://api.github.com/users/kid1999/following{/other_user}",
            "gists_url": "https://api.github.com/users/kid1999/gists{/gist_id}",
            "starred_url": "https://api.github.com/users/kid1999/starred{/owner}{/repo}",
            "subscriptions_url": "https://api.github.com/users/kid1999/subscriptions",
            "organizations_url": "https://api.github.com/users/kid1999/orgs",
            "repos_url": "https://api.github.com/users/kid1999/repos",
            "events_url": "https://api.github.com/users/kid1999/events{/privacy}",
            "received_events_url": "https://api.github.com/users/kid1999/received_events",
            "type": "User",
            "user_view_type": "public",
            "site_admin": false
        },
        "labels": [],
        "state": "closed",
        "locked": false,
        "assignee": null,
        "assignees": [],
        "milestone": null,
        "comments": 6,
        "created_at": "2022-04-08T02:36:01Z",
        "updated_at": "2022-04-14T13:53:08Z",
        "closed_at": "2022-04-10T08:11:28Z",
        "author_association": "NONE",
        "type": null,
        "active_lock_reason": null,
        "sub_issues_summary": {
            "total": 0,
            "completed": 0,
            "percent_completed": 0
        },
        "body": "\u5728\u6267\u884c\u8de8\u8fdb\u7a0b\u7684\u5f02\u6b65FL\u4efb\u52a1\u65f6\u4f1a\u9677\u5165\u7b49\u5f85\u3002\r\n```\r\nhm@hm-IdeaCentre-GeekPro-15ICK:~/test/fedasync$ bash quick_start.sh \r\ntorch.distributed connection is initializing with ip address 127.0.0.1:3002, rank 0, world size: 3, backend gloo, ethernet None.\r\ntorch.distributed connection is initializing with ip address 127.0.0.1:3002, rank 1, world size: 3, backend gloo, ethernet None.\r\ntorch.distributed connection is initializing with ip address 127.0.0.1:3002, rank 2, world size: 3, backend gloo, ethernet None.\r\n2022-04-07 22:13:36,811 - root - INFO - Added key: store_based_barrier_key:1 to store for rank: 1\r\n2022-04-07 22:13:36,811 - root - INFO - Added key: store_based_barrier_key:1 to store for rank: 0\r\n2022-04-07 22:13:36,811 - root - INFO - Added key: store_based_barrier_key:1 to store for rank: 2\r\n2022-04-07 22:13:36,812 - client 1 - INFO - request parameter procedure\r\n2022-04-07 22:13:36,812 - client 2 - INFO - request parameter procedure\r\n```",
        "closed_by": {
            "login": "dunzeng",
            "id": 32679207,
            "node_id": "MDQ6VXNlcjMyNjc5MjA3",
            "avatar_url": "https://avatars.githubusercontent.com/u/32679207?v=4",
            "gravatar_id": "",
            "url": "https://api.github.com/users/dunzeng",
            "html_url": "https://github.com/dunzeng",
            "followers_url": "https://api.github.com/users/dunzeng/followers",
            "following_url": "https://api.github.com/users/dunzeng/following{/other_user}",
            "gists_url": "https://api.github.com/users/dunzeng/gists{/gist_id}",
            "starred_url": "https://api.github.com/users/dunzeng/starred{/owner}{/repo}",
            "subscriptions_url": "https://api.github.com/users/dunzeng/subscriptions",
            "organizations_url": "https://api.github.com/users/dunzeng/orgs",
            "repos_url": "https://api.github.com/users/dunzeng/repos",
            "events_url": "https://api.github.com/users/dunzeng/events{/privacy}",
            "received_events_url": "https://api.github.com/users/dunzeng/received_events",
            "type": "User",
            "user_view_type": "public",
            "site_admin": false
        },
        "reactions": {
            "url": "https://api.github.com/repos/SMILELab-FL/FedLab-benchmarks/issues/29/reactions",
            "total_count": 1,
            "+1": 0,
            "-1": 0,
            "laugh": 0,
            "hooray": 0,
            "confused": 0,
            "heart": 0,
            "rocket": 0,
            "eyes": 1
        },
        "timeline_url": "https://api.github.com/repos/SMILELab-FL/FedLab-benchmarks/issues/29/timeline",
        "performed_via_github_app": null,
        "state_reason": "completed"
    },
    {
        "url": "https://api.github.com/repos/SMILELab-FL/FedLab-benchmarks/issues/23",
        "repository_url": "https://api.github.com/repos/SMILELab-FL/FedLab-benchmarks",
        "labels_url": "https://api.github.com/repos/SMILELab-FL/FedLab-benchmarks/issues/23/labels{/name}",
        "comments_url": "https://api.github.com/repos/SMILELab-FL/FedLab-benchmarks/issues/23/comments",
        "events_url": "https://api.github.com/repos/SMILELab-FL/FedLab-benchmarks/issues/23/events",
        "html_url": "https://github.com/SMILELab-FL/FedLab-benchmarks/issues/23",
        "id": 1159164471,
        "node_id": "I_kwDOGAJ2a85FF3I3",
        "number": 23,
        "title": "\u8fd0\u884c fedavg/LEAF_test.sh \u62a5\u9519",
        "user": {
            "login": "KarhouTam",
            "id": 82705454,
            "node_id": "MDQ6VXNlcjgyNzA1NDU0",
            "avatar_url": "https://avatars.githubusercontent.com/u/82705454?v=4",
            "gravatar_id": "",
            "url": "https://api.github.com/users/KarhouTam",
            "html_url": "https://github.com/KarhouTam",
            "followers_url": "https://api.github.com/users/KarhouTam/followers",
            "following_url": "https://api.github.com/users/KarhouTam/following{/other_user}",
            "gists_url": "https://api.github.com/users/KarhouTam/gists{/gist_id}",
            "starred_url": "https://api.github.com/users/KarhouTam/starred{/owner}{/repo}",
            "subscriptions_url": "https://api.github.com/users/KarhouTam/subscriptions",
            "organizations_url": "https://api.github.com/users/KarhouTam/orgs",
            "repos_url": "https://api.github.com/users/KarhouTam/repos",
            "events_url": "https://api.github.com/users/KarhouTam/events{/privacy}",
            "received_events_url": "https://api.github.com/users/KarhouTam/received_events",
            "type": "User",
            "user_view_type": "public",
            "site_admin": false
        },
        "labels": [],
        "state": "closed",
        "locked": false,
        "assignee": null,
        "assignees": [],
        "milestone": null,
        "comments": 9,
        "created_at": "2022-03-04T02:11:27Z",
        "updated_at": "2022-06-17T15:02:55Z",
        "closed_at": "2022-03-04T07:50:27Z",
        "author_association": "CONTRIBUTOR",
        "type": null,
        "active_lock_reason": null,
        "sub_issues_summary": {
            "total": 0,
            "completed": 0,
            "percent_completed": 0
        },
        "body": "\u62a5\u9519\u663e\u793a\u627e\u4e0d\u5230\u9700\u8981\u7684 .pkl \u6587\u4ef6\u3002 \u4f1a\u4e0d\u4f1a\u662f\u5728\u4e4b\u524d\u7684\u6574\u5408\u76ee\u5f55\u65f6\u6ca1\u6709\u4fee\u6539\u8fd9\u91cc\u3002 \uff08\u6211\u5df2\u7ecf\u5728 `fedlab_benchmarks/datasets/` \u7684 `/femnist` \u548c `/shakespeare` \u76ee\u5f55\u4e2d\u8fd0\u884c\u8fc7\u4f60\u4eec\u7684 README \u6587\u6863\u4e2d\u7684 preprocess.sh \u793a\u4f8b\uff09 ",
        "closed_by": {
            "login": "KarhouTam",
            "id": 82705454,
            "node_id": "MDQ6VXNlcjgyNzA1NDU0",
            "avatar_url": "https://avatars.githubusercontent.com/u/82705454?v=4",
            "gravatar_id": "",
            "url": "https://api.github.com/users/KarhouTam",
            "html_url": "https://github.com/KarhouTam",
            "followers_url": "https://api.github.com/users/KarhouTam/followers",
            "following_url": "https://api.github.com/users/KarhouTam/following{/other_user}",
            "gists_url": "https://api.github.com/users/KarhouTam/gists{/gist_id}",
            "starred_url": "https://api.github.com/users/KarhouTam/starred{/owner}{/repo}",
            "subscriptions_url": "https://api.github.com/users/KarhouTam/subscriptions",
            "organizations_url": "https://api.github.com/users/KarhouTam/orgs",
            "repos_url": "https://api.github.com/users/KarhouTam/repos",
            "events_url": "https://api.github.com/users/KarhouTam/events{/privacy}",
            "received_events_url": "https://api.github.com/users/KarhouTam/received_events",
            "type": "User",
            "user_view_type": "public",
            "site_admin": false
        },
        "reactions": {
            "url": "https://api.github.com/repos/SMILELab-FL/FedLab-benchmarks/issues/23/reactions",
            "total_count": 0,
            "+1": 0,
            "-1": 0,
            "laugh": 0,
            "hooray": 0,
            "confused": 0,
            "heart": 0,
            "rocket": 0,
            "eyes": 0
        },
        "timeline_url": "https://api.github.com/repos/SMILELab-FL/FedLab-benchmarks/issues/23/timeline",
        "performed_via_github_app": null,
        "state_reason": "completed"
    },
    {
        "url": "https://api.github.com/repos/SMILELab-FL/FedLab-benchmarks/issues/21",
        "repository_url": "https://api.github.com/repos/SMILELab-FL/FedLab-benchmarks",
        "labels_url": "https://api.github.com/repos/SMILELab-FL/FedLab-benchmarks/issues/21/labels{/name}",
        "comments_url": "https://api.github.com/repos/SMILELab-FL/FedLab-benchmarks/issues/21/comments",
        "events_url": "https://api.github.com/repos/SMILELab-FL/FedLab-benchmarks/issues/21/events",
        "html_url": "https://github.com/SMILELab-FL/FedLab-benchmarks/issues/21",
        "id": 1155047606,
        "node_id": "I_kwDOGAJ2a85E2KC2",
        "number": 21,
        "title": "Errors in the current version",
        "user": {
            "login": "Zmjcc",
            "id": 41252743,
            "node_id": "MDQ6VXNlcjQxMjUyNzQz",
            "avatar_url": "https://avatars.githubusercontent.com/u/41252743?v=4",
            "gravatar_id": "",
            "url": "https://api.github.com/users/Zmjcc",
            "html_url": "https://github.com/Zmjcc",
            "followers_url": "https://api.github.com/users/Zmjcc/followers",
            "following_url": "https://api.github.com/users/Zmjcc/following{/other_user}",
            "gists_url": "https://api.github.com/users/Zmjcc/gists{/gist_id}",
            "starred_url": "https://api.github.com/users/Zmjcc/starred{/owner}{/repo}",
            "subscriptions_url": "https://api.github.com/users/Zmjcc/subscriptions",
            "organizations_url": "https://api.github.com/users/Zmjcc/orgs",
            "repos_url": "https://api.github.com/users/Zmjcc/repos",
            "events_url": "https://api.github.com/users/Zmjcc/events{/privacy}",
            "received_events_url": "https://api.github.com/users/Zmjcc/received_events",
            "type": "User",
            "user_view_type": "public",
            "site_admin": false
        },
        "labels": [
            {
                "id": 3320780498,
                "node_id": "MDU6TGFiZWwzMzIwNzgwNDk4",
                "url": "https://api.github.com/repos/SMILELab-FL/FedLab-benchmarks/labels/bug",
                "name": "bug",
                "color": "d73a4a",
                "default": true,
                "description": "Something isn't working"
            }
        ],
        "state": "closed",
        "locked": false,
        "assignee": null,
        "assignees": [],
        "milestone": null,
        "comments": 3,
        "created_at": "2022-03-01T08:47:55Z",
        "updated_at": "2022-03-04T02:56:46Z",
        "closed_at": "2022-03-04T01:22:12Z",
        "author_association": "NONE",
        "type": null,
        "active_lock_reason": null,
        "sub_issues_summary": {
            "total": 0,
            "completed": 0,
            "percent_completed": 0
        },
        "body": "When I try to run the demo, there seems that some files are lost, like the following\r\nModuleNotFoundError: No module named 'leaf.read_util'.\r\n\r\nMoreover, It is suggested that your example on LEAF can be completed in a folder instead of using ''...'' other ways to call the files under the parent folder, it makes the program look messy and prone to the following errors:\r\nValueError: attempted relative import beyond top-level package\r\n\r\nAnyway, this is a nice work for the federated learning experiment. I hope it can be improved.  ",
        "closed_by": {
            "login": "Zmjcc",
            "id": 41252743,
            "node_id": "MDQ6VXNlcjQxMjUyNzQz",
            "avatar_url": "https://avatars.githubusercontent.com/u/41252743?v=4",
            "gravatar_id": "",
            "url": "https://api.github.com/users/Zmjcc",
            "html_url": "https://github.com/Zmjcc",
            "followers_url": "https://api.github.com/users/Zmjcc/followers",
            "following_url": "https://api.github.com/users/Zmjcc/following{/other_user}",
            "gists_url": "https://api.github.com/users/Zmjcc/gists{/gist_id}",
            "starred_url": "https://api.github.com/users/Zmjcc/starred{/owner}{/repo}",
            "subscriptions_url": "https://api.github.com/users/Zmjcc/subscriptions",
            "organizations_url": "https://api.github.com/users/Zmjcc/orgs",
            "repos_url": "https://api.github.com/users/Zmjcc/repos",
            "events_url": "https://api.github.com/users/Zmjcc/events{/privacy}",
            "received_events_url": "https://api.github.com/users/Zmjcc/received_events",
            "type": "User",
            "user_view_type": "public",
            "site_admin": false
        },
        "reactions": {
            "url": "https://api.github.com/repos/SMILELab-FL/FedLab-benchmarks/issues/21/reactions",
            "total_count": 0,
            "+1": 0,
            "-1": 0,
            "laugh": 0,
            "hooray": 0,
            "confused": 0,
            "heart": 0,
            "rocket": 0,
            "eyes": 0
        },
        "timeline_url": "https://api.github.com/repos/SMILELab-FL/FedLab-benchmarks/issues/21/timeline",
        "performed_via_github_app": null,
        "state_reason": "completed"
    },
    {
        "url": "https://api.github.com/repos/SMILELab-FL/FedLab-benchmarks/issues/20",
        "repository_url": "https://api.github.com/repos/SMILELab-FL/FedLab-benchmarks",
        "labels_url": "https://api.github.com/repos/SMILELab-FL/FedLab-benchmarks/issues/20/labels{/name}",
        "comments_url": "https://api.github.com/repos/SMILELab-FL/FedLab-benchmarks/issues/20/comments",
        "events_url": "https://api.github.com/repos/SMILELab-FL/FedLab-benchmarks/issues/20/events",
        "html_url": "https://github.com/SMILELab-FL/FedLab-benchmarks/issues/20",
        "id": 1150034526,
        "node_id": "I_kwDOGAJ2a85EjCJe",
        "number": 20,
        "title": "\u8fd0\u884c\u5b9e\u4f8b\u4e2d\u7684 demo \u65f6\u51fa\u9519",
        "user": {
            "login": "KarhouTam",
            "id": 82705454,
            "node_id": "MDQ6VXNlcjgyNzA1NDU0",
            "avatar_url": "https://avatars.githubusercontent.com/u/82705454?v=4",
            "gravatar_id": "",
            "url": "https://api.github.com/users/KarhouTam",
            "html_url": "https://github.com/KarhouTam",
            "followers_url": "https://api.github.com/users/KarhouTam/followers",
            "following_url": "https://api.github.com/users/KarhouTam/following{/other_user}",
            "gists_url": "https://api.github.com/users/KarhouTam/gists{/gist_id}",
            "starred_url": "https://api.github.com/users/KarhouTam/starred{/owner}{/repo}",
            "subscriptions_url": "https://api.github.com/users/KarhouTam/subscriptions",
            "organizations_url": "https://api.github.com/users/KarhouTam/orgs",
            "repos_url": "https://api.github.com/users/KarhouTam/repos",
            "events_url": "https://api.github.com/users/KarhouTam/events{/privacy}",
            "received_events_url": "https://api.github.com/users/KarhouTam/received_events",
            "type": "User",
            "user_view_type": "public",
            "site_admin": false
        },
        "labels": [],
        "state": "closed",
        "locked": false,
        "assignee": null,
        "assignees": [],
        "milestone": null,
        "comments": 2,
        "created_at": "2022-02-25T04:37:30Z",
        "updated_at": "2022-02-28T03:14:15Z",
        "closed_at": "2022-02-28T03:14:15Z",
        "author_association": "CONTRIBUTOR",
        "type": null,
        "active_lock_reason": null,
        "sub_issues_summary": {
            "total": 0,
            "completed": 0,
            "percent_completed": 0
        },
        "body": "\u8ddf\u7740 [\u793a\u4f8b](https://fedlab.readthedocs.io/zh_CN/latest/examples/quick_start.html) \u8d70, \u5f53\u8fd0\u884c `standalone.py` \u65f6\u62a5\u9519\r\n\r\n```\r\nTraceback (most recent call last):\r\n  File \"standalone.py\", line 21, in <module>\r\n    from models.cnn import CNN_MNIST\r\nModuleNotFoundError: No module named 'models'\r\n\r\n```\r\n",
        "closed_by": {
            "login": "KarhouTam",
            "id": 82705454,
            "node_id": "MDQ6VXNlcjgyNzA1NDU0",
            "avatar_url": "https://avatars.githubusercontent.com/u/82705454?v=4",
            "gravatar_id": "",
            "url": "https://api.github.com/users/KarhouTam",
            "html_url": "https://github.com/KarhouTam",
            "followers_url": "https://api.github.com/users/KarhouTam/followers",
            "following_url": "https://api.github.com/users/KarhouTam/following{/other_user}",
            "gists_url": "https://api.github.com/users/KarhouTam/gists{/gist_id}",
            "starred_url": "https://api.github.com/users/KarhouTam/starred{/owner}{/repo}",
            "subscriptions_url": "https://api.github.com/users/KarhouTam/subscriptions",
            "organizations_url": "https://api.github.com/users/KarhouTam/orgs",
            "repos_url": "https://api.github.com/users/KarhouTam/repos",
            "events_url": "https://api.github.com/users/KarhouTam/events{/privacy}",
            "received_events_url": "https://api.github.com/users/KarhouTam/received_events",
            "type": "User",
            "user_view_type": "public",
            "site_admin": false
        },
        "reactions": {
            "url": "https://api.github.com/repos/SMILELab-FL/FedLab-benchmarks/issues/20/reactions",
            "total_count": 0,
            "+1": 0,
            "-1": 0,
            "laugh": 0,
            "hooray": 0,
            "confused": 0,
            "heart": 0,
            "rocket": 0,
            "eyes": 0
        },
        "timeline_url": "https://api.github.com/repos/SMILELab-FL/FedLab-benchmarks/issues/20/timeline",
        "performed_via_github_app": null,
        "state_reason": "completed"
    },
    {
        "url": "https://api.github.com/repos/SMILELab-FL/FedLab-benchmarks/issues/19",
        "repository_url": "https://api.github.com/repos/SMILELab-FL/FedLab-benchmarks",
        "labels_url": "https://api.github.com/repos/SMILELab-FL/FedLab-benchmarks/issues/19/labels{/name}",
        "comments_url": "https://api.github.com/repos/SMILELab-FL/FedLab-benchmarks/issues/19/comments",
        "events_url": "https://api.github.com/repos/SMILELab-FL/FedLab-benchmarks/issues/19/events",
        "html_url": "https://github.com/SMILELab-FL/FedLab-benchmarks/issues/19",
        "id": 1080716344,
        "node_id": "I_kwDOGAJ2a85Aamw4",
        "number": 19,
        "title": "Ask for help",
        "user": {
            "login": "skyejy",
            "id": 26304541,
            "node_id": "MDQ6VXNlcjI2MzA0NTQx",
            "avatar_url": "https://avatars.githubusercontent.com/u/26304541?v=4",
            "gravatar_id": "",
            "url": "https://api.github.com/users/skyejy",
            "html_url": "https://github.com/skyejy",
            "followers_url": "https://api.github.com/users/skyejy/followers",
            "following_url": "https://api.github.com/users/skyejy/following{/other_user}",
            "gists_url": "https://api.github.com/users/skyejy/gists{/gist_id}",
            "starred_url": "https://api.github.com/users/skyejy/starred{/owner}{/repo}",
            "subscriptions_url": "https://api.github.com/users/skyejy/subscriptions",
            "organizations_url": "https://api.github.com/users/skyejy/orgs",
            "repos_url": "https://api.github.com/users/skyejy/repos",
            "events_url": "https://api.github.com/users/skyejy/events{/privacy}",
            "received_events_url": "https://api.github.com/users/skyejy/received_events",
            "type": "User",
            "user_view_type": "public",
            "site_admin": false
        },
        "labels": [
            {
                "id": 3320780504,
                "node_id": "MDU6TGFiZWwzMzIwNzgwNTA0",
                "url": "https://api.github.com/repos/SMILELab-FL/FedLab-benchmarks/labels/good%20first%20issue",
                "name": "good first issue",
                "color": "7057ff",
                "default": true,
                "description": "Good for newcomers"
            },
            {
                "id": 3320780508,
                "node_id": "MDU6TGFiZWwzMzIwNzgwNTA4",
                "url": "https://api.github.com/repos/SMILELab-FL/FedLab-benchmarks/labels/help%20wanted",
                "name": "help wanted",
                "color": "008672",
                "default": true,
                "description": "Extra attention is needed"
            }
        ],
        "state": "closed",
        "locked": false,
        "assignee": {
            "login": "AgentDS",
            "id": 19991349,
            "node_id": "MDQ6VXNlcjE5OTkxMzQ5",
            "avatar_url": "https://avatars.githubusercontent.com/u/19991349?v=4",
            "gravatar_id": "",
            "url": "https://api.github.com/users/AgentDS",
            "html_url": "https://github.com/AgentDS",
            "followers_url": "https://api.github.com/users/AgentDS/followers",
            "following_url": "https://api.github.com/users/AgentDS/following{/other_user}",
            "gists_url": "https://api.github.com/users/AgentDS/gists{/gist_id}",
            "starred_url": "https://api.github.com/users/AgentDS/starred{/owner}{/repo}",
            "subscriptions_url": "https://api.github.com/users/AgentDS/subscriptions",
            "organizations_url": "https://api.github.com/users/AgentDS/orgs",
            "repos_url": "https://api.github.com/users/AgentDS/repos",
            "events_url": "https://api.github.com/users/AgentDS/events{/privacy}",
            "received_events_url": "https://api.github.com/users/AgentDS/received_events",
            "type": "User",
            "user_view_type": "public",
            "site_admin": false
        },
        "assignees": [
            {
                "login": "AgentDS",
                "id": 19991349,
                "node_id": "MDQ6VXNlcjE5OTkxMzQ5",
                "avatar_url": "https://avatars.githubusercontent.com/u/19991349?v=4",
                "gravatar_id": "",
                "url": "https://api.github.com/users/AgentDS",
                "html_url": "https://github.com/AgentDS",
                "followers_url": "https://api.github.com/users/AgentDS/followers",
                "following_url": "https://api.github.com/users/AgentDS/following{/other_user}",
                "gists_url": "https://api.github.com/users/AgentDS/gists{/gist_id}",
                "starred_url": "https://api.github.com/users/AgentDS/starred{/owner}{/repo}",
                "subscriptions_url": "https://api.github.com/users/AgentDS/subscriptions",
                "organizations_url": "https://api.github.com/users/AgentDS/orgs",
                "repos_url": "https://api.github.com/users/AgentDS/repos",
                "events_url": "https://api.github.com/users/AgentDS/events{/privacy}",
                "received_events_url": "https://api.github.com/users/AgentDS/received_events",
                "type": "User",
                "user_view_type": "public",
                "site_admin": false
            }
        ],
        "milestone": null,
        "comments": 3,
        "created_at": "2021-12-15T08:17:07Z",
        "updated_at": "2021-12-17T04:06:06Z",
        "closed_at": "2021-12-17T04:06:06Z",
        "author_association": "NONE",
        "type": null,
        "active_lock_reason": null,
        "sub_issues_summary": {
            "total": 0,
            "completed": 0,
            "percent_completed": 0
        },
        "body": "Hello\uff0c \r\nThanks for reading~\r\n\r\nI follow the tutorial from \uff1ahttps://github.com/SMILELab-FL/FedLab-benchmarks/blob/master/fedlab_benchmarks/datasets/fmnist/fmnist_tutorial.ipynb\r\n\r\nHowever, the following error exists:\r\n**FileNotFoundError: [Errno 2] No such file or directory: '../partition-reports/fmnist_noniid-label_1_clients_10.csv'**\r\n\r\nHow can I fix it? Please.\r\n\r\n",
        "closed_by": {
            "login": "dunzeng",
            "id": 32679207,
            "node_id": "MDQ6VXNlcjMyNjc5MjA3",
            "avatar_url": "https://avatars.githubusercontent.com/u/32679207?v=4",
            "gravatar_id": "",
            "url": "https://api.github.com/users/dunzeng",
            "html_url": "https://github.com/dunzeng",
            "followers_url": "https://api.github.com/users/dunzeng/followers",
            "following_url": "https://api.github.com/users/dunzeng/following{/other_user}",
            "gists_url": "https://api.github.com/users/dunzeng/gists{/gist_id}",
            "starred_url": "https://api.github.com/users/dunzeng/starred{/owner}{/repo}",
            "subscriptions_url": "https://api.github.com/users/dunzeng/subscriptions",
            "organizations_url": "https://api.github.com/users/dunzeng/orgs",
            "repos_url": "https://api.github.com/users/dunzeng/repos",
            "events_url": "https://api.github.com/users/dunzeng/events{/privacy}",
            "received_events_url": "https://api.github.com/users/dunzeng/received_events",
            "type": "User",
            "user_view_type": "public",
            "site_admin": false
        },
        "reactions": {
            "url": "https://api.github.com/repos/SMILELab-FL/FedLab-benchmarks/issues/19/reactions",
            "total_count": 0,
            "+1": 0,
            "-1": 0,
            "laugh": 0,
            "hooray": 0,
            "confused": 0,
            "heart": 0,
            "rocket": 0,
            "eyes": 0
        },
        "timeline_url": "https://api.github.com/repos/SMILELab-FL/FedLab-benchmarks/issues/19/timeline",
        "performed_via_github_app": null,
        "state_reason": "completed"
    }
]