[
    {
        "url": "https://api.github.com/repos/SonyResearch/COALA/issues/6",
        "repository_url": "https://api.github.com/repos/SonyResearch/COALA",
        "labels_url": "https://api.github.com/repos/SonyResearch/COALA/issues/6/labels{/name}",
        "comments_url": "https://api.github.com/repos/SonyResearch/COALA/issues/6/comments",
        "events_url": "https://api.github.com/repos/SonyResearch/COALA/issues/6/events",
        "html_url": "https://github.com/SonyResearch/COALA/issues/6",
        "id": 2899203447,
        "node_id": "I_kwDOMRQyg86szlV3",
        "number": 6,
        "title": "cifar100\uff1aAssertion `t >= 0 && t < n_classes` failed.",
        "user": {
            "login": "komaike",
            "id": 104140087,
            "node_id": "U_kgDOBjUNNw",
            "avatar_url": "https://avatars.githubusercontent.com/u/104140087?v=4",
            "gravatar_id": "",
            "url": "https://api.github.com/users/komaike",
            "html_url": "https://github.com/komaike",
            "followers_url": "https://api.github.com/users/komaike/followers",
            "following_url": "https://api.github.com/users/komaike/following{/other_user}",
            "gists_url": "https://api.github.com/users/komaike/gists{/gist_id}",
            "starred_url": "https://api.github.com/users/komaike/starred{/owner}{/repo}",
            "subscriptions_url": "https://api.github.com/users/komaike/subscriptions",
            "organizations_url": "https://api.github.com/users/komaike/orgs",
            "repos_url": "https://api.github.com/users/komaike/repos",
            "events_url": "https://api.github.com/users/komaike/events{/privacy}",
            "received_events_url": "https://api.github.com/users/komaike/received_events",
            "type": "User",
            "user_view_type": "public",
            "site_admin": false
        },
        "labels": [],
        "state": "open",
        "locked": false,
        "assignee": null,
        "assignees": [],
        "milestone": null,
        "comments": 0,
        "created_at": "2025-03-06T03:04:46Z",
        "updated_at": "2025-03-06T03:04:46Z",
        "closed_at": null,
        "author_association": "NONE",
        "type": null,
        "active_lock_reason": null,
        "sub_issues_summary": {
            "total": 0,
            "completed": 0,
            "percent_completed": 0
        },
        "body": "**The following conditions\uff1a**\nconfig = {\n    \"data\": {\"dataset\": \"cifar100\", \"num_of_clients\": 5,\"split_type\": \"class\",\"class_per_client\": 10},\n    \"server\": {\"rounds\": 5, \"clients_per_round\": 2, \"test_all\": False,\"batch_size\": 32},\n    \"client\": {\"local_epoch\": 5,\"batch_size\": 32},\n    \"model\": \"resnet18\",\n    \"test_mode\": \"test_in_server\",\n    \"gpu\": 1, \n}\ncoala.init(config)\ncoala.run()\n\n**result\uff1a**\n\u30fb\n\u30fb\n\u30fb\n/pytorch/aten/src/ATen/native/cuda/Loss.cu:250: nll_loss_forward_reduce_cuda_kernel_2d: block: [0,0,0], thread: [31,0,0] Assertion `t >= 0 && t < n_classes` failed.\n\u30fb\n\u30fb\n\u30fb\nRuntimeError: CUDA error: device-side assert triggered\nCompile with `TORCH_USE_CUDA_DSA` to enable device-side assertions.\n\n**question\uff1a**\nIs it a settings problem?\n",
        "closed_by": null,
        "reactions": {
            "url": "https://api.github.com/repos/SonyResearch/COALA/issues/6/reactions",
            "total_count": 0,
            "+1": 0,
            "-1": 0,
            "laugh": 0,
            "hooray": 0,
            "confused": 0,
            "heart": 0,
            "rocket": 0,
            "eyes": 0
        },
        "timeline_url": "https://api.github.com/repos/SonyResearch/COALA/issues/6/timeline",
        "performed_via_github_app": null,
        "state_reason": null
    },
    {
        "url": "https://api.github.com/repos/SonyResearch/COALA/issues/3",
        "repository_url": "https://api.github.com/repos/SonyResearch/COALA",
        "labels_url": "https://api.github.com/repos/SonyResearch/COALA/issues/3/labels{/name}",
        "comments_url": "https://api.github.com/repos/SonyResearch/COALA/issues/3/comments",
        "events_url": "https://api.github.com/repos/SonyResearch/COALA/issues/3/events",
        "html_url": "https://github.com/SonyResearch/COALA/issues/3",
        "id": 2507625533,
        "node_id": "I_kwDOMRQyg86Vd1Q9",
        "number": 3,
        "title": "Main Branch Not Protected",
        "user": {
            "login": "sina-sony",
            "id": 148117871,
            "node_id": "U_kgDOCNQZbw",
            "avatar_url": "https://avatars.githubusercontent.com/u/148117871?v=4",
            "gravatar_id": "",
            "url": "https://api.github.com/users/sina-sony",
            "html_url": "https://github.com/sina-sony",
            "followers_url": "https://api.github.com/users/sina-sony/followers",
            "following_url": "https://api.github.com/users/sina-sony/following{/other_user}",
            "gists_url": "https://api.github.com/users/sina-sony/gists{/gist_id}",
            "starred_url": "https://api.github.com/users/sina-sony/starred{/owner}{/repo}",
            "subscriptions_url": "https://api.github.com/users/sina-sony/subscriptions",
            "organizations_url": "https://api.github.com/users/sina-sony/orgs",
            "repos_url": "https://api.github.com/users/sina-sony/repos",
            "events_url": "https://api.github.com/users/sina-sony/events{/privacy}",
            "received_events_url": "https://api.github.com/users/sina-sony/received_events",
            "type": "User",
            "user_view_type": "public",
            "site_admin": false
        },
        "labels": [],
        "state": "closed",
        "locked": false,
        "assignee": null,
        "assignees": [],
        "milestone": null,
        "comments": 1,
        "created_at": "2024-09-05T12:20:51Z",
        "updated_at": "2024-09-09T08:12:22Z",
        "closed_at": "2024-09-09T08:12:22Z",
        "author_association": "CONTRIBUTOR",
        "type": null,
        "active_lock_reason": null,
        "sub_issues_summary": {
            "total": 0,
            "completed": 0,
            "percent_completed": 0
        },
        "body": "PRs can currently be merged without review.",
        "closed_by": {
            "login": "weiming-sony",
            "id": 117247489,
            "node_id": "U_kgDOBv0OAQ",
            "avatar_url": "https://avatars.githubusercontent.com/u/117247489?v=4",
            "gravatar_id": "",
            "url": "https://api.github.com/users/weiming-sony",
            "html_url": "https://github.com/weiming-sony",
            "followers_url": "https://api.github.com/users/weiming-sony/followers",
            "following_url": "https://api.github.com/users/weiming-sony/following{/other_user}",
            "gists_url": "https://api.github.com/users/weiming-sony/gists{/gist_id}",
            "starred_url": "https://api.github.com/users/weiming-sony/starred{/owner}{/repo}",
            "subscriptions_url": "https://api.github.com/users/weiming-sony/subscriptions",
            "organizations_url": "https://api.github.com/users/weiming-sony/orgs",
            "repos_url": "https://api.github.com/users/weiming-sony/repos",
            "events_url": "https://api.github.com/users/weiming-sony/events{/privacy}",
            "received_events_url": "https://api.github.com/users/weiming-sony/received_events",
            "type": "User",
            "user_view_type": "public",
            "site_admin": false
        },
        "reactions": {
            "url": "https://api.github.com/repos/SonyResearch/COALA/issues/3/reactions",
            "total_count": 0,
            "+1": 0,
            "-1": 0,
            "laugh": 0,
            "hooray": 0,
            "confused": 0,
            "heart": 0,
            "rocket": 0,
            "eyes": 0
        },
        "timeline_url": "https://api.github.com/repos/SonyResearch/COALA/issues/3/timeline",
        "performed_via_github_app": null,
        "state_reason": "completed"
    },
    {
        "url": "https://api.github.com/repos/SonyResearch/COALA/issues/1",
        "repository_url": "https://api.github.com/repos/SonyResearch/COALA",
        "labels_url": "https://api.github.com/repos/SonyResearch/COALA/issues/1/labels{/name}",
        "comments_url": "https://api.github.com/repos/SonyResearch/COALA/issues/1/comments",
        "events_url": "https://api.github.com/repos/SonyResearch/COALA/issues/1/events",
        "html_url": "https://github.com/SonyResearch/COALA/issues/1",
        "id": 2451864608,
        "node_id": "I_kwDOMRQyg86SJHwg",
        "number": 1,
        "title": "FL Non-IID, Cross-domain & Personalization Baseline",
        "user": {
            "login": "jingtaoli-sony",
            "id": 141179638,
            "node_id": "U_kgDOCGo69g",
            "avatar_url": "https://avatars.githubusercontent.com/u/141179638?v=4",
            "gravatar_id": "",
            "url": "https://api.github.com/users/jingtaoli-sony",
            "html_url": "https://github.com/jingtaoli-sony",
            "followers_url": "https://api.github.com/users/jingtaoli-sony/followers",
            "following_url": "https://api.github.com/users/jingtaoli-sony/following{/other_user}",
            "gists_url": "https://api.github.com/users/jingtaoli-sony/gists{/gist_id}",
            "starred_url": "https://api.github.com/users/jingtaoli-sony/starred{/owner}{/repo}",
            "subscriptions_url": "https://api.github.com/users/jingtaoli-sony/subscriptions",
            "organizations_url": "https://api.github.com/users/jingtaoli-sony/orgs",
            "repos_url": "https://api.github.com/users/jingtaoli-sony/repos",
            "events_url": "https://api.github.com/users/jingtaoli-sony/events{/privacy}",
            "received_events_url": "https://api.github.com/users/jingtaoli-sony/received_events",
            "type": "User",
            "user_view_type": "public",
            "site_admin": false
        },
        "labels": [
            {
                "id": 7156531605,
                "node_id": "LA_kwDOMRQyg88AAAABqpABlQ",
                "url": "https://api.github.com/repos/SonyResearch/COALA/labels/documentation",
                "name": "documentation",
                "color": "0075ca",
                "default": true,
                "description": "Improvements or additions to documentation"
            }
        ],
        "state": "open",
        "locked": false,
        "assignee": {
            "login": "weiming-sony",
            "id": 117247489,
            "node_id": "U_kgDOBv0OAQ",
            "avatar_url": "https://avatars.githubusercontent.com/u/117247489?v=4",
            "gravatar_id": "",
            "url": "https://api.github.com/users/weiming-sony",
            "html_url": "https://github.com/weiming-sony",
            "followers_url": "https://api.github.com/users/weiming-sony/followers",
            "following_url": "https://api.github.com/users/weiming-sony/following{/other_user}",
            "gists_url": "https://api.github.com/users/weiming-sony/gists{/gist_id}",
            "starred_url": "https://api.github.com/users/weiming-sony/starred{/owner}{/repo}",
            "subscriptions_url": "https://api.github.com/users/weiming-sony/subscriptions",
            "organizations_url": "https://api.github.com/users/weiming-sony/orgs",
            "repos_url": "https://api.github.com/users/weiming-sony/repos",
            "events_url": "https://api.github.com/users/weiming-sony/events{/privacy}",
            "received_events_url": "https://api.github.com/users/weiming-sony/received_events",
            "type": "User",
            "user_view_type": "public",
            "site_admin": false
        },
        "assignees": [
            {
                "login": "weiming-sony",
                "id": 117247489,
                "node_id": "U_kgDOBv0OAQ",
                "avatar_url": "https://avatars.githubusercontent.com/u/117247489?v=4",
                "gravatar_id": "",
                "url": "https://api.github.com/users/weiming-sony",
                "html_url": "https://github.com/weiming-sony",
                "followers_url": "https://api.github.com/users/weiming-sony/followers",
                "following_url": "https://api.github.com/users/weiming-sony/following{/other_user}",
                "gists_url": "https://api.github.com/users/weiming-sony/gists{/gist_id}",
                "starred_url": "https://api.github.com/users/weiming-sony/starred{/owner}{/repo}",
                "subscriptions_url": "https://api.github.com/users/weiming-sony/subscriptions",
                "organizations_url": "https://api.github.com/users/weiming-sony/orgs",
                "repos_url": "https://api.github.com/users/weiming-sony/repos",
                "events_url": "https://api.github.com/users/weiming-sony/events{/privacy}",
                "received_events_url": "https://api.github.com/users/weiming-sony/received_events",
                "type": "User",
                "user_view_type": "public",
                "site_admin": false
            },
            {
                "login": "jingtaoli-sony",
                "id": 141179638,
                "node_id": "U_kgDOCGo69g",
                "avatar_url": "https://avatars.githubusercontent.com/u/141179638?v=4",
                "gravatar_id": "",
                "url": "https://api.github.com/users/jingtaoli-sony",
                "html_url": "https://github.com/jingtaoli-sony",
                "followers_url": "https://api.github.com/users/jingtaoli-sony/followers",
                "following_url": "https://api.github.com/users/jingtaoli-sony/following{/other_user}",
                "gists_url": "https://api.github.com/users/jingtaoli-sony/gists{/gist_id}",
                "starred_url": "https://api.github.com/users/jingtaoli-sony/starred{/owner}{/repo}",
                "subscriptions_url": "https://api.github.com/users/jingtaoli-sony/subscriptions",
                "organizations_url": "https://api.github.com/users/jingtaoli-sony/orgs",
                "repos_url": "https://api.github.com/users/jingtaoli-sony/repos",
                "events_url": "https://api.github.com/users/jingtaoli-sony/events{/privacy}",
                "received_events_url": "https://api.github.com/users/jingtaoli-sony/received_events",
                "type": "User",
                "user_view_type": "public",
                "site_admin": false
            }
        ],
        "milestone": null,
        "comments": 0,
        "created_at": "2024-08-06T23:53:45Z",
        "updated_at": "2024-08-06T23:55:41Z",
        "closed_at": null,
        "author_association": "CONTRIBUTOR",
        "type": null,
        "active_lock_reason": null,
        "sub_issues_summary": {
            "total": 0,
            "completed": 0,
            "percent_completed": 0
        },
        "body": "@weiming-sony Can you list all supported FL algorithms that address Non-IID, domain gap, or Personalized FL? I can see the `FedRep` is located in the `application` folder, not sure about others. I am also thinking we can create an entry in the document to list & explain existing applications. \r\n\r\nTo be precise, FL for FM projects need comparison with existing methods. Once we know what is already there and what is missing, we can implement them into the platform with the help of interns.\r\n\r\n============================\r\nExisting FL algorithms \r\n- [x] FedRep\r\n- [ ] ...",
        "closed_by": null,
        "reactions": {
            "url": "https://api.github.com/repos/SonyResearch/COALA/issues/1/reactions",
            "total_count": 0,
            "+1": 0,
            "-1": 0,
            "laugh": 0,
            "hooray": 0,
            "confused": 0,
            "heart": 0,
            "rocket": 0,
            "eyes": 0
        },
        "timeline_url": "https://api.github.com/repos/SonyResearch/COALA/issues/1/timeline",
        "performed_via_github_app": null,
        "state_reason": null
    }
]