[
    {
        "url": "https://api.github.com/repos/vaseline555/Federated-Learning-in-PyTorch/issues/21",
        "repository_url": "https://api.github.com/repos/vaseline555/Federated-Learning-in-PyTorch",
        "labels_url": "https://api.github.com/repos/vaseline555/Federated-Learning-in-PyTorch/issues/21/labels{/name}",
        "comments_url": "https://api.github.com/repos/vaseline555/Federated-Learning-in-PyTorch/issues/21/comments",
        "events_url": "https://api.github.com/repos/vaseline555/Federated-Learning-in-PyTorch/issues/21/events",
        "html_url": "https://github.com/vaseline555/Federated-Learning-in-PyTorch/issues/21",
        "id": 2331076708,
        "node_id": "I_kwDOFciFKc6K8Whk",
        "number": 21,
        "title": "\u6211\u8fd0\u884ccifar10\u6570\u636e\u96c6\u51fa\u73b0\u9519\u8bef\uff0c\u8be5\u600e\u4e48\u89e3\u51b3",
        "user": {
            "login": "zhujian129",
            "id": 145652767,
            "node_id": "U_kgDOCK58Hw",
            "avatar_url": "https://avatars.githubusercontent.com/u/145652767?v=4",
            "gravatar_id": "",
            "url": "https://api.github.com/users/zhujian129",
            "html_url": "https://github.com/zhujian129",
            "followers_url": "https://api.github.com/users/zhujian129/followers",
            "following_url": "https://api.github.com/users/zhujian129/following{/other_user}",
            "gists_url": "https://api.github.com/users/zhujian129/gists{/gist_id}",
            "starred_url": "https://api.github.com/users/zhujian129/starred{/owner}{/repo}",
            "subscriptions_url": "https://api.github.com/users/zhujian129/subscriptions",
            "organizations_url": "https://api.github.com/users/zhujian129/orgs",
            "repos_url": "https://api.github.com/users/zhujian129/repos",
            "events_url": "https://api.github.com/users/zhujian129/events{/privacy}",
            "received_events_url": "https://api.github.com/users/zhujian129/received_events",
            "type": "User",
            "user_view_type": "public",
            "site_admin": false
        },
        "labels": [],
        "state": "closed",
        "locked": false,
        "assignee": null,
        "assignees": [],
        "milestone": null,
        "comments": 1,
        "created_at": "2024-06-03T12:50:24Z",
        "updated_at": "2024-07-12T07:25:15Z",
        "closed_at": "2024-07-12T07:25:15Z",
        "author_association": "NONE",
        "active_lock_reason": null,
        "sub_issues_summary": {
            "total": 0,
            "completed": 0,
            "percent_completed": 0
        },
        "body": "![\u56fe\u72471](https://github.com/vaseline555/Federated-Learning-in-PyTorch/assets/145652767/d4453894-7572-4b86-b8d2-6407c79971d9)\r\n",
        "closed_by": {
            "login": "zhujian129",
            "id": 145652767,
            "node_id": "U_kgDOCK58Hw",
            "avatar_url": "https://avatars.githubusercontent.com/u/145652767?v=4",
            "gravatar_id": "",
            "url": "https://api.github.com/users/zhujian129",
            "html_url": "https://github.com/zhujian129",
            "followers_url": "https://api.github.com/users/zhujian129/followers",
            "following_url": "https://api.github.com/users/zhujian129/following{/other_user}",
            "gists_url": "https://api.github.com/users/zhujian129/gists{/gist_id}",
            "starred_url": "https://api.github.com/users/zhujian129/starred{/owner}{/repo}",
            "subscriptions_url": "https://api.github.com/users/zhujian129/subscriptions",
            "organizations_url": "https://api.github.com/users/zhujian129/orgs",
            "repos_url": "https://api.github.com/users/zhujian129/repos",
            "events_url": "https://api.github.com/users/zhujian129/events{/privacy}",
            "received_events_url": "https://api.github.com/users/zhujian129/received_events",
            "type": "User",
            "user_view_type": "public",
            "site_admin": false
        },
        "reactions": {
            "url": "https://api.github.com/repos/vaseline555/Federated-Learning-in-PyTorch/issues/21/reactions",
            "total_count": 0,
            "+1": 0,
            "-1": 0,
            "laugh": 0,
            "hooray": 0,
            "confused": 0,
            "heart": 0,
            "rocket": 0,
            "eyes": 0
        },
        "timeline_url": "https://api.github.com/repos/vaseline555/Federated-Learning-in-PyTorch/issues/21/timeline",
        "performed_via_github_app": null,
        "state_reason": "completed"
    },
    {
        "url": "https://api.github.com/repos/vaseline555/Federated-Learning-in-PyTorch/issues/20",
        "repository_url": "https://api.github.com/repos/vaseline555/Federated-Learning-in-PyTorch",
        "labels_url": "https://api.github.com/repos/vaseline555/Federated-Learning-in-PyTorch/issues/20/labels{/name}",
        "comments_url": "https://api.github.com/repos/vaseline555/Federated-Learning-in-PyTorch/issues/20/comments",
        "events_url": "https://api.github.com/repos/vaseline555/Federated-Learning-in-PyTorch/issues/20/events",
        "html_url": "https://github.com/vaseline555/Federated-Learning-in-PyTorch/issues/20",
        "id": 2267826691,
        "node_id": "I_kwDOFciFKc6HLEoD",
        "number": 20,
        "title": "Sent140 Dataset",
        "user": {
            "login": "0x14-kim",
            "id": 109654095,
            "node_id": "U_kgDOBokwTw",
            "avatar_url": "https://avatars.githubusercontent.com/u/109654095?v=4",
            "gravatar_id": "",
            "url": "https://api.github.com/users/0x14-kim",
            "html_url": "https://github.com/0x14-kim",
            "followers_url": "https://api.github.com/users/0x14-kim/followers",
            "following_url": "https://api.github.com/users/0x14-kim/following{/other_user}",
            "gists_url": "https://api.github.com/users/0x14-kim/gists{/gist_id}",
            "starred_url": "https://api.github.com/users/0x14-kim/starred{/owner}{/repo}",
            "subscriptions_url": "https://api.github.com/users/0x14-kim/subscriptions",
            "organizations_url": "https://api.github.com/users/0x14-kim/orgs",
            "repos_url": "https://api.github.com/users/0x14-kim/repos",
            "events_url": "https://api.github.com/users/0x14-kim/events{/privacy}",
            "received_events_url": "https://api.github.com/users/0x14-kim/received_events",
            "type": "User",
            "user_view_type": "public",
            "site_admin": false
        },
        "labels": [],
        "state": "open",
        "locked": false,
        "assignee": null,
        "assignees": [],
        "milestone": null,
        "comments": 0,
        "created_at": "2024-04-28T21:29:16Z",
        "updated_at": "2024-04-28T21:29:16Z",
        "closed_at": null,
        "author_association": "NONE",
        "active_lock_reason": null,
        "sub_issues_summary": {
            "total": 0,
            "completed": 0,
            "percent_completed": 0
        },
        "body": "Thank you for your nice work.\r\n\r\nIt seems that URL for downloading Sent140 dataset does not work. How can I fix this issue?\r\n",
        "closed_by": null,
        "reactions": {
            "url": "https://api.github.com/repos/vaseline555/Federated-Learning-in-PyTorch/issues/20/reactions",
            "total_count": 0,
            "+1": 0,
            "-1": 0,
            "laugh": 0,
            "hooray": 0,
            "confused": 0,
            "heart": 0,
            "rocket": 0,
            "eyes": 0
        },
        "timeline_url": "https://api.github.com/repos/vaseline555/Federated-Learning-in-PyTorch/issues/20/timeline",
        "performed_via_github_app": null,
        "state_reason": null
    },
    {
        "url": "https://api.github.com/repos/vaseline555/Federated-Learning-in-PyTorch/issues/19",
        "repository_url": "https://api.github.com/repos/vaseline555/Federated-Learning-in-PyTorch",
        "labels_url": "https://api.github.com/repos/vaseline555/Federated-Learning-in-PyTorch/issues/19/labels{/name}",
        "comments_url": "https://api.github.com/repos/vaseline555/Federated-Learning-in-PyTorch/issues/19/comments",
        "events_url": "https://api.github.com/repos/vaseline555/Federated-Learning-in-PyTorch/issues/19/events",
        "html_url": "https://github.com/vaseline555/Federated-Learning-in-PyTorch/issues/19",
        "id": 2260418747,
        "node_id": "I_kwDOFciFKc6Gu0C7",
        "number": 19,
        "title": "Is there any plan to implement DITTO Algorithm?",
        "user": {
            "login": "tejalgoyal2",
            "id": 132282123,
            "node_id": "U_kgDOB-J3Cw",
            "avatar_url": "https://avatars.githubusercontent.com/u/132282123?v=4",
            "gravatar_id": "",
            "url": "https://api.github.com/users/tejalgoyal2",
            "html_url": "https://github.com/tejalgoyal2",
            "followers_url": "https://api.github.com/users/tejalgoyal2/followers",
            "following_url": "https://api.github.com/users/tejalgoyal2/following{/other_user}",
            "gists_url": "https://api.github.com/users/tejalgoyal2/gists{/gist_id}",
            "starred_url": "https://api.github.com/users/tejalgoyal2/starred{/owner}{/repo}",
            "subscriptions_url": "https://api.github.com/users/tejalgoyal2/subscriptions",
            "organizations_url": "https://api.github.com/users/tejalgoyal2/orgs",
            "repos_url": "https://api.github.com/users/tejalgoyal2/repos",
            "events_url": "https://api.github.com/users/tejalgoyal2/events{/privacy}",
            "received_events_url": "https://api.github.com/users/tejalgoyal2/received_events",
            "type": "User",
            "user_view_type": "public",
            "site_admin": false
        },
        "labels": [],
        "state": "open",
        "locked": false,
        "assignee": null,
        "assignees": [],
        "milestone": null,
        "comments": 0,
        "created_at": "2024-04-24T06:01:25Z",
        "updated_at": "2024-04-24T06:01:25Z",
        "closed_at": null,
        "author_association": "NONE",
        "active_lock_reason": null,
        "sub_issues_summary": {
            "total": 0,
            "completed": 0,
            "percent_completed": 0
        },
        "body": "Hi, thank you for this repository. It has been really helpful.\r\n\r\nI wanted to know if you have any plans to include DITTO Algorithm in your method also. As it could be helpful for some people trying to implement it. \r\n[DITTO Paper](https://arxiv.org/pdf/2012.04221.pdf)\r\n\r\nAgain, thanks for your time :)",
        "closed_by": null,
        "reactions": {
            "url": "https://api.github.com/repos/vaseline555/Federated-Learning-in-PyTorch/issues/19/reactions",
            "total_count": 0,
            "+1": 0,
            "-1": 0,
            "laugh": 0,
            "hooray": 0,
            "confused": 0,
            "heart": 0,
            "rocket": 0,
            "eyes": 0
        },
        "timeline_url": "https://api.github.com/repos/vaseline555/Federated-Learning-in-PyTorch/issues/19/timeline",
        "performed_via_github_app": null,
        "state_reason": null
    },
    {
        "url": "https://api.github.com/repos/vaseline555/Federated-Learning-in-PyTorch/issues/18",
        "repository_url": "https://api.github.com/repos/vaseline555/Federated-Learning-in-PyTorch",
        "labels_url": "https://api.github.com/repos/vaseline555/Federated-Learning-in-PyTorch/issues/18/labels{/name}",
        "comments_url": "https://api.github.com/repos/vaseline555/Federated-Learning-in-PyTorch/issues/18/comments",
        "events_url": "https://api.github.com/repos/vaseline555/Federated-Learning-in-PyTorch/issues/18/events",
        "html_url": "https://github.com/vaseline555/Federated-Learning-in-PyTorch/issues/18",
        "id": 2066396949,
        "node_id": "I_kwDOFciFKc57KrcV",
        "number": 18,
        "title": "Clients won't download server model under the global evaluation",
        "user": {
            "login": "imguangyu",
            "id": 31287763,
            "node_id": "MDQ6VXNlcjMxMjg3NzYz",
            "avatar_url": "https://avatars.githubusercontent.com/u/31287763?v=4",
            "gravatar_id": "",
            "url": "https://api.github.com/users/imguangyu",
            "html_url": "https://github.com/imguangyu",
            "followers_url": "https://api.github.com/users/imguangyu/followers",
            "following_url": "https://api.github.com/users/imguangyu/following{/other_user}",
            "gists_url": "https://api.github.com/users/imguangyu/gists{/gist_id}",
            "starred_url": "https://api.github.com/users/imguangyu/starred{/owner}{/repo}",
            "subscriptions_url": "https://api.github.com/users/imguangyu/subscriptions",
            "organizations_url": "https://api.github.com/users/imguangyu/orgs",
            "repos_url": "https://api.github.com/users/imguangyu/repos",
            "events_url": "https://api.github.com/users/imguangyu/events{/privacy}",
            "received_events_url": "https://api.github.com/users/imguangyu/received_events",
            "type": "User",
            "user_view_type": "public",
            "site_admin": false
        },
        "labels": [],
        "state": "open",
        "locked": false,
        "assignee": null,
        "assignees": [],
        "milestone": null,
        "comments": 2,
        "created_at": "2024-01-04T22:03:39Z",
        "updated_at": "2024-03-14T10:31:04Z",
        "closed_at": null,
        "author_association": "NONE",
        "active_lock_reason": null,
        "sub_issues_summary": {
            "total": 0,
            "completed": 0,
            "percent_completed": 0
        },
        "body": "Hi, Thanks for your efforts in providing such a neat and handy framework.\r\n\r\nHowever, it seems` _request` with `retain_model=False` is never called under the global evaluation setting. As a result, the sampled client won't download the global model since `client.model` is not None.\r\n\r\nPlease correct me if there is anything I overlooked.\r\n\r\nThanks!",
        "closed_by": null,
        "reactions": {
            "url": "https://api.github.com/repos/vaseline555/Federated-Learning-in-PyTorch/issues/18/reactions",
            "total_count": 0,
            "+1": 0,
            "-1": 0,
            "laugh": 0,
            "hooray": 0,
            "confused": 0,
            "heart": 0,
            "rocket": 0,
            "eyes": 0
        },
        "timeline_url": "https://api.github.com/repos/vaseline555/Federated-Learning-in-PyTorch/issues/18/timeline",
        "performed_via_github_app": null,
        "state_reason": null
    },
    {
        "url": "https://api.github.com/repos/vaseline555/Federated-Learning-in-PyTorch/issues/17",
        "repository_url": "https://api.github.com/repos/vaseline555/Federated-Learning-in-PyTorch",
        "labels_url": "https://api.github.com/repos/vaseline555/Federated-Learning-in-PyTorch/issues/17/labels{/name}",
        "comments_url": "https://api.github.com/repos/vaseline555/Federated-Learning-in-PyTorch/issues/17/comments",
        "events_url": "https://api.github.com/repos/vaseline555/Federated-Learning-in-PyTorch/issues/17/events",
        "html_url": "https://github.com/vaseline555/Federated-Learning-in-PyTorch/issues/17",
        "id": 1996912514,
        "node_id": "I_kwDOFciFKc53BneC",
        "number": 17,
        "title": "About Dirichlet non-iid Partition",
        "user": {
            "login": "SpeeeedLee",
            "id": 132431571,
            "node_id": "U_kgDOB-S-0w",
            "avatar_url": "https://avatars.githubusercontent.com/u/132431571?v=4",
            "gravatar_id": "",
            "url": "https://api.github.com/users/SpeeeedLee",
            "html_url": "https://github.com/SpeeeedLee",
            "followers_url": "https://api.github.com/users/SpeeeedLee/followers",
            "following_url": "https://api.github.com/users/SpeeeedLee/following{/other_user}",
            "gists_url": "https://api.github.com/users/SpeeeedLee/gists{/gist_id}",
            "starred_url": "https://api.github.com/users/SpeeeedLee/starred{/owner}{/repo}",
            "subscriptions_url": "https://api.github.com/users/SpeeeedLee/subscriptions",
            "organizations_url": "https://api.github.com/users/SpeeeedLee/orgs",
            "repos_url": "https://api.github.com/users/SpeeeedLee/repos",
            "events_url": "https://api.github.com/users/SpeeeedLee/events{/privacy}",
            "received_events_url": "https://api.github.com/users/SpeeeedLee/received_events",
            "type": "User",
            "user_view_type": "public",
            "site_admin": false
        },
        "labels": [
            {
                "id": 2982391072,
                "node_id": "MDU6TGFiZWwyOTgyMzkxMDcy",
                "url": "https://api.github.com/repos/vaseline555/Federated-Learning-in-PyTorch/labels/bug",
                "name": "bug",
                "color": "d73a4a",
                "default": true,
                "description": "Something isn't working"
            },
            {
                "id": 2982391076,
                "node_id": "MDU6TGFiZWwyOTgyMzkxMDc2",
                "url": "https://api.github.com/repos/vaseline555/Federated-Learning-in-PyTorch/labels/help%20wanted",
                "name": "help wanted",
                "color": "008672",
                "default": true,
                "description": "Extra attention is needed"
            },
            {
                "id": 2982391077,
                "node_id": "MDU6TGFiZWwyOTgyMzkxMDc3",
                "url": "https://api.github.com/repos/vaseline555/Federated-Learning-in-PyTorch/labels/good%20first%20issue",
                "name": "good first issue",
                "color": "7057ff",
                "default": true,
                "description": "Good for newcomers"
            }
        ],
        "state": "open",
        "locked": false,
        "assignee": {
            "login": "vaseline555",
            "id": 33894768,
            "node_id": "MDQ6VXNlcjMzODk0NzY4",
            "avatar_url": "https://avatars.githubusercontent.com/u/33894768?v=4",
            "gravatar_id": "",
            "url": "https://api.github.com/users/vaseline555",
            "html_url": "https://github.com/vaseline555",
            "followers_url": "https://api.github.com/users/vaseline555/followers",
            "following_url": "https://api.github.com/users/vaseline555/following{/other_user}",
            "gists_url": "https://api.github.com/users/vaseline555/gists{/gist_id}",
            "starred_url": "https://api.github.com/users/vaseline555/starred{/owner}{/repo}",
            "subscriptions_url": "https://api.github.com/users/vaseline555/subscriptions",
            "organizations_url": "https://api.github.com/users/vaseline555/orgs",
            "repos_url": "https://api.github.com/users/vaseline555/repos",
            "events_url": "https://api.github.com/users/vaseline555/events{/privacy}",
            "received_events_url": "https://api.github.com/users/vaseline555/received_events",
            "type": "User",
            "user_view_type": "public",
            "site_admin": false
        },
        "assignees": [
            {
                "login": "vaseline555",
                "id": 33894768,
                "node_id": "MDQ6VXNlcjMzODk0NzY4",
                "avatar_url": "https://avatars.githubusercontent.com/u/33894768?v=4",
                "gravatar_id": "",
                "url": "https://api.github.com/users/vaseline555",
                "html_url": "https://github.com/vaseline555",
                "followers_url": "https://api.github.com/users/vaseline555/followers",
                "following_url": "https://api.github.com/users/vaseline555/following{/other_user}",
                "gists_url": "https://api.github.com/users/vaseline555/gists{/gist_id}",
                "starred_url": "https://api.github.com/users/vaseline555/starred{/owner}{/repo}",
                "subscriptions_url": "https://api.github.com/users/vaseline555/subscriptions",
                "organizations_url": "https://api.github.com/users/vaseline555/orgs",
                "repos_url": "https://api.github.com/users/vaseline555/repos",
                "events_url": "https://api.github.com/users/vaseline555/events{/privacy}",
                "received_events_url": "https://api.github.com/users/vaseline555/received_events",
                "type": "User",
                "user_view_type": "public",
                "site_admin": false
            }
        ],
        "milestone": null,
        "comments": 3,
        "created_at": "2023-11-16T13:54:46Z",
        "updated_at": "2024-01-30T19:38:59Z",
        "closed_at": null,
        "author_association": "NONE",
        "active_lock_reason": null,
        "sub_issues_summary": {
            "total": 0,
            "completed": 0,
            "percent_completed": 0
        },
        "body": "Hello, I am working on non-iid partition method in FL, and have some problems with Dirichlet partition.\r\nIn ./src/loaders/split.py,  it seems like that :\r\n1. Do not consider the situation where a client requires number of data in a class that is larger than remaining data in that class\r\n\r\n2. Do not properly update the remaining class_idcs :\r\n    class_indices[required_class] = class_indices[required_class][:required_counts[idx]]\r\n    maybe it should be:\r\n    class_indices[required_class] = class_indices[required_class][required_counts[idx]:]\r\n   \r\n3. If the satisfied_counts is less than ideal_counts in the first while loop, then in the second while loop, the client is just given another ideal_counts sample (sampled = np.random.choice(args.num_classes, ideal_counts, p=cat_param)), which may lead to the client having sample way too much than ideal_counts.\r\n\r\nThanks for your code and hope you can help me with these concerns \r\n",
        "closed_by": null,
        "reactions": {
            "url": "https://api.github.com/repos/vaseline555/Federated-Learning-in-PyTorch/issues/17/reactions",
            "total_count": 1,
            "+1": 1,
            "-1": 0,
            "laugh": 0,
            "hooray": 0,
            "confused": 0,
            "heart": 0,
            "rocket": 0,
            "eyes": 0
        },
        "timeline_url": "https://api.github.com/repos/vaseline555/Federated-Learning-in-PyTorch/issues/17/timeline",
        "performed_via_github_app": null,
        "state_reason": null
    },
    {
        "url": "https://api.github.com/repos/vaseline555/Federated-Learning-in-PyTorch/issues/15",
        "repository_url": "https://api.github.com/repos/vaseline555/Federated-Learning-in-PyTorch",
        "labels_url": "https://api.github.com/repos/vaseline555/Federated-Learning-in-PyTorch/issues/15/labels{/name}",
        "comments_url": "https://api.github.com/repos/vaseline555/Federated-Learning-in-PyTorch/issues/15/comments",
        "events_url": "https://api.github.com/repos/vaseline555/Federated-Learning-in-PyTorch/issues/15/events",
        "html_url": "https://github.com/vaseline555/Federated-Learning-in-PyTorch/issues/15",
        "id": 1955953200,
        "node_id": "I_kwDOFciFKc50lXow",
        "number": 15,
        "title": "Client Multithreading is actually not Working.",
        "user": {
            "login": "imguangyu",
            "id": 31287763,
            "node_id": "MDQ6VXNlcjMxMjg3NzYz",
            "avatar_url": "https://avatars.githubusercontent.com/u/31287763?v=4",
            "gravatar_id": "",
            "url": "https://api.github.com/users/imguangyu",
            "html_url": "https://github.com/imguangyu",
            "followers_url": "https://api.github.com/users/imguangyu/followers",
            "following_url": "https://api.github.com/users/imguangyu/following{/other_user}",
            "gists_url": "https://api.github.com/users/imguangyu/gists{/gist_id}",
            "starred_url": "https://api.github.com/users/imguangyu/starred{/owner}{/repo}",
            "subscriptions_url": "https://api.github.com/users/imguangyu/subscriptions",
            "organizations_url": "https://api.github.com/users/imguangyu/orgs",
            "repos_url": "https://api.github.com/users/imguangyu/repos",
            "events_url": "https://api.github.com/users/imguangyu/events{/privacy}",
            "received_events_url": "https://api.github.com/users/imguangyu/received_events",
            "type": "User",
            "user_view_type": "public",
            "site_admin": false
        },
        "labels": [
            {
                "id": 2982391072,
                "node_id": "MDU6TGFiZWwyOTgyMzkxMDcy",
                "url": "https://api.github.com/repos/vaseline555/Federated-Learning-in-PyTorch/labels/bug",
                "name": "bug",
                "color": "d73a4a",
                "default": true,
                "description": "Something isn't working"
            },
            {
                "id": 2982391075,
                "node_id": "MDU6TGFiZWwyOTgyMzkxMDc1",
                "url": "https://api.github.com/repos/vaseline555/Federated-Learning-in-PyTorch/labels/enhancement",
                "name": "enhancement",
                "color": "a2eeef",
                "default": true,
                "description": "New feature or request"
            },
            {
                "id": 2982391077,
                "node_id": "MDU6TGFiZWwyOTgyMzkxMDc3",
                "url": "https://api.github.com/repos/vaseline555/Federated-Learning-in-PyTorch/labels/good%20first%20issue",
                "name": "good first issue",
                "color": "7057ff",
                "default": true,
                "description": "Good for newcomers"
            }
        ],
        "state": "closed",
        "locked": false,
        "assignee": {
            "login": "vaseline555",
            "id": 33894768,
            "node_id": "MDQ6VXNlcjMzODk0NzY4",
            "avatar_url": "https://avatars.githubusercontent.com/u/33894768?v=4",
            "gravatar_id": "",
            "url": "https://api.github.com/users/vaseline555",
            "html_url": "https://github.com/vaseline555",
            "followers_url": "https://api.github.com/users/vaseline555/followers",
            "following_url": "https://api.github.com/users/vaseline555/following{/other_user}",
            "gists_url": "https://api.github.com/users/vaseline555/gists{/gist_id}",
            "starred_url": "https://api.github.com/users/vaseline555/starred{/owner}{/repo}",
            "subscriptions_url": "https://api.github.com/users/vaseline555/subscriptions",
            "organizations_url": "https://api.github.com/users/vaseline555/orgs",
            "repos_url": "https://api.github.com/users/vaseline555/repos",
            "events_url": "https://api.github.com/users/vaseline555/events{/privacy}",
            "received_events_url": "https://api.github.com/users/vaseline555/received_events",
            "type": "User",
            "user_view_type": "public",
            "site_admin": false
        },
        "assignees": [
            {
                "login": "vaseline555",
                "id": 33894768,
                "node_id": "MDQ6VXNlcjMzODk0NzY4",
                "avatar_url": "https://avatars.githubusercontent.com/u/33894768?v=4",
                "gravatar_id": "",
                "url": "https://api.github.com/users/vaseline555",
                "html_url": "https://github.com/vaseline555",
                "followers_url": "https://api.github.com/users/vaseline555/followers",
                "following_url": "https://api.github.com/users/vaseline555/following{/other_user}",
                "gists_url": "https://api.github.com/users/vaseline555/gists{/gist_id}",
                "starred_url": "https://api.github.com/users/vaseline555/starred{/owner}{/repo}",
                "subscriptions_url": "https://api.github.com/users/vaseline555/subscriptions",
                "organizations_url": "https://api.github.com/users/vaseline555/orgs",
                "repos_url": "https://api.github.com/users/vaseline555/repos",
                "events_url": "https://api.github.com/users/vaseline555/events{/privacy}",
                "received_events_url": "https://api.github.com/users/vaseline555/received_events",
                "type": "User",
                "user_view_type": "public",
                "site_admin": false
            }
        ],
        "milestone": null,
        "comments": 5,
        "created_at": "2023-10-22T15:53:29Z",
        "updated_at": "2023-10-31T11:59:15Z",
        "closed_at": "2023-10-31T11:57:59Z",
        "author_association": "NONE",
        "active_lock_reason": null,
        "sub_issues_summary": {
            "total": 0,
            "completed": 0,
            "percent_completed": 0
        },
        "body": "Here is a fix provided by ChatGPT:\r\n\r\nThe way your code is structured right now, it submits one job to the `ThreadPoolExecutor` and then immediately waits for the result of that job before proceeding to the next iteration of the loop. This is due to the `.result()` call right after the `.submit()` call, which blocks the execution until the future is done and returns the result.\r\n\r\nIf you want to run the tasks in parallel, you should submit all the tasks first, and then wait for the results. Here is how you can adjust your code to do that:\r\n\r\n```python\r\nresults = []\r\nfutures = []\r\n\r\nwith concurrent.futures.ThreadPoolExecutor(max_workers=min(len(ids), os.cpu_count() - 1)) as workhorse:\r\n    for idx in TqdmToLogger(ids, logger=logger, desc=f'[{self.args.algorithm.upper()}] [Round: {str(self.round).zfill(4)}] ...update clients... ', total=len(ids)):\r\n        future = workhorse.submit(__update_clients, self.clients[idx])\r\n        futures.append(future)\r\n\r\n    for future in concurrent.futures.as_completed(futures):\r\n        result = future.result()\r\n        results.append(result)\r\n```\r\n\r\nIn this code snippet, all the tasks are first submitted to the executor and their corresponding Future objects are stored in the `futures` list. The `concurrent.futures.as_completed(futures)` function is then used to yield the futures as they are completed, and the results are retrieved and stored in the `results` list.\r\n\r\nThis way, the tasks will run in parallel (up to the number specified by `max_workers`), and you can collect the results as they become available.",
        "closed_by": {
            "login": "vaseline555",
            "id": 33894768,
            "node_id": "MDQ6VXNlcjMzODk0NzY4",
            "avatar_url": "https://avatars.githubusercontent.com/u/33894768?v=4",
            "gravatar_id": "",
            "url": "https://api.github.com/users/vaseline555",
            "html_url": "https://github.com/vaseline555",
            "followers_url": "https://api.github.com/users/vaseline555/followers",
            "following_url": "https://api.github.com/users/vaseline555/following{/other_user}",
            "gists_url": "https://api.github.com/users/vaseline555/gists{/gist_id}",
            "starred_url": "https://api.github.com/users/vaseline555/starred{/owner}{/repo}",
            "subscriptions_url": "https://api.github.com/users/vaseline555/subscriptions",
            "organizations_url": "https://api.github.com/users/vaseline555/orgs",
            "repos_url": "https://api.github.com/users/vaseline555/repos",
            "events_url": "https://api.github.com/users/vaseline555/events{/privacy}",
            "received_events_url": "https://api.github.com/users/vaseline555/received_events",
            "type": "User",
            "user_view_type": "public",
            "site_admin": false
        },
        "reactions": {
            "url": "https://api.github.com/repos/vaseline555/Federated-Learning-in-PyTorch/issues/15/reactions",
            "total_count": 1,
            "+1": 1,
            "-1": 0,
            "laugh": 0,
            "hooray": 0,
            "confused": 0,
            "heart": 0,
            "rocket": 0,
            "eyes": 0
        },
        "timeline_url": "https://api.github.com/repos/vaseline555/Federated-Learning-in-PyTorch/issues/15/timeline",
        "performed_via_github_app": null,
        "state_reason": "completed"
    },
    {
        "url": "https://api.github.com/repos/vaseline555/Federated-Learning-in-PyTorch/issues/14",
        "repository_url": "https://api.github.com/repos/vaseline555/Federated-Learning-in-PyTorch",
        "labels_url": "https://api.github.com/repos/vaseline555/Federated-Learning-in-PyTorch/issues/14/labels{/name}",
        "comments_url": "https://api.github.com/repos/vaseline555/Federated-Learning-in-PyTorch/issues/14/comments",
        "events_url": "https://api.github.com/repos/vaseline555/Federated-Learning-in-PyTorch/issues/14/events",
        "html_url": "https://github.com/vaseline555/Federated-Learning-in-PyTorch/issues/14",
        "id": 1941156046,
        "node_id": "I_kwDOFciFKc5zs7DO",
        "number": 14,
        "title": "Thank you very much for your kind contribution. I am using your FL architecture for my research purposes. But i have a concern: why the accuracy of training with iid datasets is lower than patho and diri  dataset?  would you explain the reason? in theory the accuracy of training a ML model with iid is expected to have higher accuracy.",
        "user": {
            "login": "bbw251",
            "id": 76777175,
            "node_id": "MDQ6VXNlcjc2Nzc3MTc1",
            "avatar_url": "https://avatars.githubusercontent.com/u/76777175?v=4",
            "gravatar_id": "",
            "url": "https://api.github.com/users/bbw251",
            "html_url": "https://github.com/bbw251",
            "followers_url": "https://api.github.com/users/bbw251/followers",
            "following_url": "https://api.github.com/users/bbw251/following{/other_user}",
            "gists_url": "https://api.github.com/users/bbw251/gists{/gist_id}",
            "starred_url": "https://api.github.com/users/bbw251/starred{/owner}{/repo}",
            "subscriptions_url": "https://api.github.com/users/bbw251/subscriptions",
            "organizations_url": "https://api.github.com/users/bbw251/orgs",
            "repos_url": "https://api.github.com/users/bbw251/repos",
            "events_url": "https://api.github.com/users/bbw251/events{/privacy}",
            "received_events_url": "https://api.github.com/users/bbw251/received_events",
            "type": "User",
            "user_view_type": "public",
            "site_admin": false
        },
        "labels": [],
        "state": "closed",
        "locked": false,
        "assignee": null,
        "assignees": [],
        "milestone": null,
        "comments": 14,
        "created_at": "2023-10-13T03:14:40Z",
        "updated_at": "2023-10-16T10:52:50Z",
        "closed_at": "2023-10-16T10:52:49Z",
        "author_association": "NONE",
        "active_lock_reason": null,
        "sub_issues_summary": {
            "total": 0,
            "completed": 0,
            "percent_completed": 0
        },
        "body": null,
        "closed_by": {
            "login": "vaseline555",
            "id": 33894768,
            "node_id": "MDQ6VXNlcjMzODk0NzY4",
            "avatar_url": "https://avatars.githubusercontent.com/u/33894768?v=4",
            "gravatar_id": "",
            "url": "https://api.github.com/users/vaseline555",
            "html_url": "https://github.com/vaseline555",
            "followers_url": "https://api.github.com/users/vaseline555/followers",
            "following_url": "https://api.github.com/users/vaseline555/following{/other_user}",
            "gists_url": "https://api.github.com/users/vaseline555/gists{/gist_id}",
            "starred_url": "https://api.github.com/users/vaseline555/starred{/owner}{/repo}",
            "subscriptions_url": "https://api.github.com/users/vaseline555/subscriptions",
            "organizations_url": "https://api.github.com/users/vaseline555/orgs",
            "repos_url": "https://api.github.com/users/vaseline555/repos",
            "events_url": "https://api.github.com/users/vaseline555/events{/privacy}",
            "received_events_url": "https://api.github.com/users/vaseline555/received_events",
            "type": "User",
            "user_view_type": "public",
            "site_admin": false
        },
        "reactions": {
            "url": "https://api.github.com/repos/vaseline555/Federated-Learning-in-PyTorch/issues/14/reactions",
            "total_count": 0,
            "+1": 0,
            "-1": 0,
            "laugh": 0,
            "hooray": 0,
            "confused": 0,
            "heart": 0,
            "rocket": 0,
            "eyes": 0
        },
        "timeline_url": "https://api.github.com/repos/vaseline555/Federated-Learning-in-PyTorch/issues/14/timeline",
        "performed_via_github_app": null,
        "state_reason": "completed"
    },
    {
        "url": "https://api.github.com/repos/vaseline555/Federated-Learning-in-PyTorch/issues/13",
        "repository_url": "https://api.github.com/repos/vaseline555/Federated-Learning-in-PyTorch",
        "labels_url": "https://api.github.com/repos/vaseline555/Federated-Learning-in-PyTorch/issues/13/labels{/name}",
        "comments_url": "https://api.github.com/repos/vaseline555/Federated-Learning-in-PyTorch/issues/13/comments",
        "events_url": "https://api.github.com/repos/vaseline555/Federated-Learning-in-PyTorch/issues/13/events",
        "html_url": "https://github.com/vaseline555/Federated-Learning-in-PyTorch/issues/13",
        "id": 1936306668,
        "node_id": "I_kwDOFciFKc5zabHs",
        "number": 13,
        "title": "Type error for `_request()`",
        "user": {
            "login": "imguangyu",
            "id": 31287763,
            "node_id": "MDQ6VXNlcjMxMjg3NzYz",
            "avatar_url": "https://avatars.githubusercontent.com/u/31287763?v=4",
            "gravatar_id": "",
            "url": "https://api.github.com/users/imguangyu",
            "html_url": "https://github.com/imguangyu",
            "followers_url": "https://api.github.com/users/imguangyu/followers",
            "following_url": "https://api.github.com/users/imguangyu/following{/other_user}",
            "gists_url": "https://api.github.com/users/imguangyu/gists{/gist_id}",
            "starred_url": "https://api.github.com/users/imguangyu/starred{/owner}{/repo}",
            "subscriptions_url": "https://api.github.com/users/imguangyu/subscriptions",
            "organizations_url": "https://api.github.com/users/imguangyu/orgs",
            "repos_url": "https://api.github.com/users/imguangyu/repos",
            "events_url": "https://api.github.com/users/imguangyu/events{/privacy}",
            "received_events_url": "https://api.github.com/users/imguangyu/received_events",
            "type": "User",
            "user_view_type": "public",
            "site_admin": false
        },
        "labels": [],
        "state": "closed",
        "locked": false,
        "assignee": null,
        "assignees": [],
        "milestone": null,
        "comments": 2,
        "created_at": "2023-10-10T21:34:55Z",
        "updated_at": "2023-10-13T01:27:49Z",
        "closed_at": "2023-10-13T01:27:49Z",
        "author_association": "NONE",
        "active_lock_reason": null,
        "sub_issues_summary": {
            "total": 0,
            "completed": 0,
            "percent_completed": 0
        },
        "body": "Thanks for the well-organized code base. However, when I run the example experiments, it shows that two arguments are missing. Are the default values of them missing? \r\n```\r\nTypeError: _request() missing 2 required positional arguments: 'participated' and 'retain_model'\r\n```",
        "closed_by": {
            "login": "vaseline555",
            "id": 33894768,
            "node_id": "MDQ6VXNlcjMzODk0NzY4",
            "avatar_url": "https://avatars.githubusercontent.com/u/33894768?v=4",
            "gravatar_id": "",
            "url": "https://api.github.com/users/vaseline555",
            "html_url": "https://github.com/vaseline555",
            "followers_url": "https://api.github.com/users/vaseline555/followers",
            "following_url": "https://api.github.com/users/vaseline555/following{/other_user}",
            "gists_url": "https://api.github.com/users/vaseline555/gists{/gist_id}",
            "starred_url": "https://api.github.com/users/vaseline555/starred{/owner}{/repo}",
            "subscriptions_url": "https://api.github.com/users/vaseline555/subscriptions",
            "organizations_url": "https://api.github.com/users/vaseline555/orgs",
            "repos_url": "https://api.github.com/users/vaseline555/repos",
            "events_url": "https://api.github.com/users/vaseline555/events{/privacy}",
            "received_events_url": "https://api.github.com/users/vaseline555/received_events",
            "type": "User",
            "user_view_type": "public",
            "site_admin": false
        },
        "reactions": {
            "url": "https://api.github.com/repos/vaseline555/Federated-Learning-in-PyTorch/issues/13/reactions",
            "total_count": 0,
            "+1": 0,
            "-1": 0,
            "laugh": 0,
            "hooray": 0,
            "confused": 0,
            "heart": 0,
            "rocket": 0,
            "eyes": 0
        },
        "timeline_url": "https://api.github.com/repos/vaseline555/Federated-Learning-in-PyTorch/issues/13/timeline",
        "performed_via_github_app": null,
        "state_reason": "completed"
    },
    {
        "url": "https://api.github.com/repos/vaseline555/Federated-Learning-in-PyTorch/issues/12",
        "repository_url": "https://api.github.com/repos/vaseline555/Federated-Learning-in-PyTorch",
        "labels_url": "https://api.github.com/repos/vaseline555/Federated-Learning-in-PyTorch/issues/12/labels{/name}",
        "comments_url": "https://api.github.com/repos/vaseline555/Federated-Learning-in-PyTorch/issues/12/comments",
        "events_url": "https://api.github.com/repos/vaseline555/Federated-Learning-in-PyTorch/issues/12/events",
        "html_url": "https://github.com/vaseline555/Federated-Learning-in-PyTorch/issues/12",
        "id": 1871608682,
        "node_id": "I_kwDOFciFKc5vjntq",
        "number": 12,
        "title": "AttributeError: 'FedavgServer' object has no attribute 'lr_scheduler'",
        "user": {
            "login": "Jinfeng-Xu",
            "id": 73060940,
            "node_id": "MDQ6VXNlcjczMDYwOTQw",
            "avatar_url": "https://avatars.githubusercontent.com/u/73060940?v=4",
            "gravatar_id": "",
            "url": "https://api.github.com/users/Jinfeng-Xu",
            "html_url": "https://github.com/Jinfeng-Xu",
            "followers_url": "https://api.github.com/users/Jinfeng-Xu/followers",
            "following_url": "https://api.github.com/users/Jinfeng-Xu/following{/other_user}",
            "gists_url": "https://api.github.com/users/Jinfeng-Xu/gists{/gist_id}",
            "starred_url": "https://api.github.com/users/Jinfeng-Xu/starred{/owner}{/repo}",
            "subscriptions_url": "https://api.github.com/users/Jinfeng-Xu/subscriptions",
            "organizations_url": "https://api.github.com/users/Jinfeng-Xu/orgs",
            "repos_url": "https://api.github.com/users/Jinfeng-Xu/repos",
            "events_url": "https://api.github.com/users/Jinfeng-Xu/events{/privacy}",
            "received_events_url": "https://api.github.com/users/Jinfeng-Xu/received_events",
            "type": "User",
            "user_view_type": "public",
            "site_admin": false
        },
        "labels": [],
        "state": "closed",
        "locked": false,
        "assignee": null,
        "assignees": [],
        "milestone": null,
        "comments": 5,
        "created_at": "2023-08-29T12:50:59Z",
        "updated_at": "2023-09-01T06:23:08Z",
        "closed_at": "2023-09-01T06:23:08Z",
        "author_association": "NONE",
        "active_lock_reason": null,
        "sub_issues_summary": {
            "total": 0,
            "completed": 0,
            "percent_completed": 0
        },
        "body": "Fantastic work!\r\nI'm a freshman in the FL field.\r\nWhen I use your project, it raises an error about 'AttributeError: 'FedavgServer' object has no attribute 'lr_scheduler''\r\nHoping to get your help!\r\nMany thanks.\r\n\r\nKindest regards,\r\nJinfeng",
        "closed_by": {
            "login": "vaseline555",
            "id": 33894768,
            "node_id": "MDQ6VXNlcjMzODk0NzY4",
            "avatar_url": "https://avatars.githubusercontent.com/u/33894768?v=4",
            "gravatar_id": "",
            "url": "https://api.github.com/users/vaseline555",
            "html_url": "https://github.com/vaseline555",
            "followers_url": "https://api.github.com/users/vaseline555/followers",
            "following_url": "https://api.github.com/users/vaseline555/following{/other_user}",
            "gists_url": "https://api.github.com/users/vaseline555/gists{/gist_id}",
            "starred_url": "https://api.github.com/users/vaseline555/starred{/owner}{/repo}",
            "subscriptions_url": "https://api.github.com/users/vaseline555/subscriptions",
            "organizations_url": "https://api.github.com/users/vaseline555/orgs",
            "repos_url": "https://api.github.com/users/vaseline555/repos",
            "events_url": "https://api.github.com/users/vaseline555/events{/privacy}",
            "received_events_url": "https://api.github.com/users/vaseline555/received_events",
            "type": "User",
            "user_view_type": "public",
            "site_admin": false
        },
        "reactions": {
            "url": "https://api.github.com/repos/vaseline555/Federated-Learning-in-PyTorch/issues/12/reactions",
            "total_count": 1,
            "+1": 0,
            "-1": 0,
            "laugh": 0,
            "hooray": 0,
            "confused": 0,
            "heart": 1,
            "rocket": 0,
            "eyes": 0
        },
        "timeline_url": "https://api.github.com/repos/vaseline555/Federated-Learning-in-PyTorch/issues/12/timeline",
        "performed_via_github_app": null,
        "state_reason": "completed"
    },
    {
        "url": "https://api.github.com/repos/vaseline555/Federated-Learning-in-PyTorch/issues/11",
        "repository_url": "https://api.github.com/repos/vaseline555/Federated-Learning-in-PyTorch",
        "labels_url": "https://api.github.com/repos/vaseline555/Federated-Learning-in-PyTorch/issues/11/labels{/name}",
        "comments_url": "https://api.github.com/repos/vaseline555/Federated-Learning-in-PyTorch/issues/11/comments",
        "events_url": "https://api.github.com/repos/vaseline555/Federated-Learning-in-PyTorch/issues/11/events",
        "html_url": "https://github.com/vaseline555/Federated-Learning-in-PyTorch/issues/11",
        "id": 1868458314,
        "node_id": "I_kwDOFciFKc5vXmlK",
        "number": 11,
        "title": "Set a different number of Clients when using LEAF dataset",
        "user": {
            "login": "ChristianInterno",
            "id": 80530899,
            "node_id": "MDQ6VXNlcjgwNTMwODk5",
            "avatar_url": "https://avatars.githubusercontent.com/u/80530899?v=4",
            "gravatar_id": "",
            "url": "https://api.github.com/users/ChristianInterno",
            "html_url": "https://github.com/ChristianInterno",
            "followers_url": "https://api.github.com/users/ChristianInterno/followers",
            "following_url": "https://api.github.com/users/ChristianInterno/following{/other_user}",
            "gists_url": "https://api.github.com/users/ChristianInterno/gists{/gist_id}",
            "starred_url": "https://api.github.com/users/ChristianInterno/starred{/owner}{/repo}",
            "subscriptions_url": "https://api.github.com/users/ChristianInterno/subscriptions",
            "organizations_url": "https://api.github.com/users/ChristianInterno/orgs",
            "repos_url": "https://api.github.com/users/ChristianInterno/repos",
            "events_url": "https://api.github.com/users/ChristianInterno/events{/privacy}",
            "received_events_url": "https://api.github.com/users/ChristianInterno/received_events",
            "type": "User",
            "user_view_type": "public",
            "site_admin": false
        },
        "labels": [],
        "state": "closed",
        "locked": false,
        "assignee": null,
        "assignees": [],
        "milestone": null,
        "comments": 1,
        "created_at": "2023-08-27T11:19:58Z",
        "updated_at": "2023-08-31T00:05:54Z",
        "closed_at": "2023-08-31T00:05:54Z",
        "author_association": "NONE",
        "active_lock_reason": null,
        "sub_issues_summary": {
            "total": 0,
            "completed": 0,
            "percent_completed": 0
        },
        "body": "First of all, amazing work! :)\r\nThere is a way to set a different number of Clients when using LEAF dataset? For example if I use FEMNIST fro LEAF the number of clients is 3597. Is possible to modify this for time and resources issue?\r\n\r\nThanks a lot!",
        "closed_by": {
            "login": "vaseline555",
            "id": 33894768,
            "node_id": "MDQ6VXNlcjMzODk0NzY4",
            "avatar_url": "https://avatars.githubusercontent.com/u/33894768?v=4",
            "gravatar_id": "",
            "url": "https://api.github.com/users/vaseline555",
            "html_url": "https://github.com/vaseline555",
            "followers_url": "https://api.github.com/users/vaseline555/followers",
            "following_url": "https://api.github.com/users/vaseline555/following{/other_user}",
            "gists_url": "https://api.github.com/users/vaseline555/gists{/gist_id}",
            "starred_url": "https://api.github.com/users/vaseline555/starred{/owner}{/repo}",
            "subscriptions_url": "https://api.github.com/users/vaseline555/subscriptions",
            "organizations_url": "https://api.github.com/users/vaseline555/orgs",
            "repos_url": "https://api.github.com/users/vaseline555/repos",
            "events_url": "https://api.github.com/users/vaseline555/events{/privacy}",
            "received_events_url": "https://api.github.com/users/vaseline555/received_events",
            "type": "User",
            "user_view_type": "public",
            "site_admin": false
        },
        "reactions": {
            "url": "https://api.github.com/repos/vaseline555/Federated-Learning-in-PyTorch/issues/11/reactions",
            "total_count": 1,
            "+1": 0,
            "-1": 0,
            "laugh": 0,
            "hooray": 0,
            "confused": 0,
            "heart": 1,
            "rocket": 0,
            "eyes": 0
        },
        "timeline_url": "https://api.github.com/repos/vaseline555/Federated-Learning-in-PyTorch/issues/11/timeline",
        "performed_via_github_app": null,
        "state_reason": "completed"
    },
    {
        "url": "https://api.github.com/repos/vaseline555/Federated-Learning-in-PyTorch/issues/10",
        "repository_url": "https://api.github.com/repos/vaseline555/Federated-Learning-in-PyTorch",
        "labels_url": "https://api.github.com/repos/vaseline555/Federated-Learning-in-PyTorch/issues/10/labels{/name}",
        "comments_url": "https://api.github.com/repos/vaseline555/Federated-Learning-in-PyTorch/issues/10/comments",
        "events_url": "https://api.github.com/repos/vaseline555/Federated-Learning-in-PyTorch/issues/10/events",
        "html_url": "https://github.com/vaseline555/Federated-Learning-in-PyTorch/issues/10",
        "id": 1783031219,
        "node_id": "I_kwDOFciFKc5qRuWz",
        "number": 10,
        "title": "Implemented aggregation is different from the description in McMahan 2016 paper",
        "user": {
            "login": "bokun-wang",
            "id": 107740068,
            "node_id": "U_kgDOBmv7pA",
            "avatar_url": "https://avatars.githubusercontent.com/u/107740068?v=4",
            "gravatar_id": "",
            "url": "https://api.github.com/users/bokun-wang",
            "html_url": "https://github.com/bokun-wang",
            "followers_url": "https://api.github.com/users/bokun-wang/followers",
            "following_url": "https://api.github.com/users/bokun-wang/following{/other_user}",
            "gists_url": "https://api.github.com/users/bokun-wang/gists{/gist_id}",
            "starred_url": "https://api.github.com/users/bokun-wang/starred{/owner}{/repo}",
            "subscriptions_url": "https://api.github.com/users/bokun-wang/subscriptions",
            "organizations_url": "https://api.github.com/users/bokun-wang/orgs",
            "repos_url": "https://api.github.com/users/bokun-wang/repos",
            "events_url": "https://api.github.com/users/bokun-wang/events{/privacy}",
            "received_events_url": "https://api.github.com/users/bokun-wang/received_events",
            "type": "User",
            "user_view_type": "public",
            "site_admin": false
        },
        "labels": [],
        "state": "closed",
        "locked": false,
        "assignee": null,
        "assignees": [],
        "milestone": null,
        "comments": 2,
        "created_at": "2023-06-30T19:02:12Z",
        "updated_at": "2023-07-01T06:22:26Z",
        "closed_at": "2023-07-01T06:22:25Z",
        "author_association": "NONE",
        "active_lock_reason": null,
        "sub_issues_summary": {
            "total": 0,
            "completed": 0,
            "percent_completed": 0
        },
        "body": "Hello. Thanks for the nice repo.\r\n\r\nI have a question about the implementation of aggregation on the server. According to the McMahan 2016 paper, the server does\r\n$$w_{t+1}\\leftarrow \\sum_{k\\in S_t} \\frac{n_k}{m_t} w_{t+1}^k.$$\r\n\r\nIf I understand it correctly, there is a server-side optimizer in your code and [your implementation](https://github.com/vaseline555/Federated-Learning-in-PyTorch/blob/7607857265a2ef4b71a67f892965cbf0f2d52aac/src/algorithm/fedavg.py#L33C1-L41C1) can be translated into\r\n\r\n$$w_{t+1}\\leftarrow w_t - \\eta(w_t - \\sum_{k\\in S_t} \\frac{n_k}{m_t} w_{t+1}^k).$$\r\n\r\nThis looks like a momentum update of the server's model. Could you please explain the motivation behind this?\r\n",
        "closed_by": {
            "login": "bokun-wang",
            "id": 107740068,
            "node_id": "U_kgDOBmv7pA",
            "avatar_url": "https://avatars.githubusercontent.com/u/107740068?v=4",
            "gravatar_id": "",
            "url": "https://api.github.com/users/bokun-wang",
            "html_url": "https://github.com/bokun-wang",
            "followers_url": "https://api.github.com/users/bokun-wang/followers",
            "following_url": "https://api.github.com/users/bokun-wang/following{/other_user}",
            "gists_url": "https://api.github.com/users/bokun-wang/gists{/gist_id}",
            "starred_url": "https://api.github.com/users/bokun-wang/starred{/owner}{/repo}",
            "subscriptions_url": "https://api.github.com/users/bokun-wang/subscriptions",
            "organizations_url": "https://api.github.com/users/bokun-wang/orgs",
            "repos_url": "https://api.github.com/users/bokun-wang/repos",
            "events_url": "https://api.github.com/users/bokun-wang/events{/privacy}",
            "received_events_url": "https://api.github.com/users/bokun-wang/received_events",
            "type": "User",
            "user_view_type": "public",
            "site_admin": false
        },
        "reactions": {
            "url": "https://api.github.com/repos/vaseline555/Federated-Learning-in-PyTorch/issues/10/reactions",
            "total_count": 0,
            "+1": 0,
            "-1": 0,
            "laugh": 0,
            "hooray": 0,
            "confused": 0,
            "heart": 0,
            "rocket": 0,
            "eyes": 0
        },
        "timeline_url": "https://api.github.com/repos/vaseline555/Federated-Learning-in-PyTorch/issues/10/timeline",
        "performed_via_github_app": null,
        "state_reason": "completed"
    },
    {
        "url": "https://api.github.com/repos/vaseline555/Federated-Learning-in-PyTorch/issues/9",
        "repository_url": "https://api.github.com/repos/vaseline555/Federated-Learning-in-PyTorch",
        "labels_url": "https://api.github.com/repos/vaseline555/Federated-Learning-in-PyTorch/issues/9/labels{/name}",
        "comments_url": "https://api.github.com/repos/vaseline555/Federated-Learning-in-PyTorch/issues/9/comments",
        "events_url": "https://api.github.com/repos/vaseline555/Federated-Learning-in-PyTorch/issues/9/events",
        "html_url": "https://github.com/vaseline555/Federated-Learning-in-PyTorch/issues/9",
        "id": 1766211627,
        "node_id": "I_kwDOFciFKc5pRkAr",
        "number": 9,
        "title": "Instructions to run on separate server/client devices?",
        "user": {
            "login": "cleong110",
            "id": 122366389,
            "node_id": "U_kgDOB0sptQ",
            "avatar_url": "https://avatars.githubusercontent.com/u/122366389?v=4",
            "gravatar_id": "",
            "url": "https://api.github.com/users/cleong110",
            "html_url": "https://github.com/cleong110",
            "followers_url": "https://api.github.com/users/cleong110/followers",
            "following_url": "https://api.github.com/users/cleong110/following{/other_user}",
            "gists_url": "https://api.github.com/users/cleong110/gists{/gist_id}",
            "starred_url": "https://api.github.com/users/cleong110/starred{/owner}{/repo}",
            "subscriptions_url": "https://api.github.com/users/cleong110/subscriptions",
            "organizations_url": "https://api.github.com/users/cleong110/orgs",
            "repos_url": "https://api.github.com/users/cleong110/repos",
            "events_url": "https://api.github.com/users/cleong110/events{/privacy}",
            "received_events_url": "https://api.github.com/users/cleong110/received_events",
            "type": "User",
            "user_view_type": "public",
            "site_admin": false
        },
        "labels": [],
        "state": "closed",
        "locked": false,
        "assignee": null,
        "assignees": [],
        "milestone": null,
        "comments": 5,
        "created_at": "2023-06-20T21:23:38Z",
        "updated_at": "2023-07-09T02:26:31Z",
        "closed_at": "2023-06-24T04:54:09Z",
        "author_association": "NONE",
        "active_lock_reason": null,
        "sub_issues_summary": {
            "total": 0,
            "completed": 0,
            "percent_completed": 0
        },
        "body": "Hello! I was interested in potentially running this across a network connections, with the server on one device and clients running on other devices. \r\n\r\nI looked through the `commands` directory and the Readme.md, and also read through main.py it seems the existing examples assume that all code is running on the same machine? Is there a method to run server and client separately? ",
        "closed_by": {
            "login": "vaseline555",
            "id": 33894768,
            "node_id": "MDQ6VXNlcjMzODk0NzY4",
            "avatar_url": "https://avatars.githubusercontent.com/u/33894768?v=4",
            "gravatar_id": "",
            "url": "https://api.github.com/users/vaseline555",
            "html_url": "https://github.com/vaseline555",
            "followers_url": "https://api.github.com/users/vaseline555/followers",
            "following_url": "https://api.github.com/users/vaseline555/following{/other_user}",
            "gists_url": "https://api.github.com/users/vaseline555/gists{/gist_id}",
            "starred_url": "https://api.github.com/users/vaseline555/starred{/owner}{/repo}",
            "subscriptions_url": "https://api.github.com/users/vaseline555/subscriptions",
            "organizations_url": "https://api.github.com/users/vaseline555/orgs",
            "repos_url": "https://api.github.com/users/vaseline555/repos",
            "events_url": "https://api.github.com/users/vaseline555/events{/privacy}",
            "received_events_url": "https://api.github.com/users/vaseline555/received_events",
            "type": "User",
            "user_view_type": "public",
            "site_admin": false
        },
        "reactions": {
            "url": "https://api.github.com/repos/vaseline555/Federated-Learning-in-PyTorch/issues/9/reactions",
            "total_count": 0,
            "+1": 0,
            "-1": 0,
            "laugh": 0,
            "hooray": 0,
            "confused": 0,
            "heart": 0,
            "rocket": 0,
            "eyes": 0
        },
        "timeline_url": "https://api.github.com/repos/vaseline555/Federated-Learning-in-PyTorch/issues/9/timeline",
        "performed_via_github_app": null,
        "state_reason": "completed"
    },
    {
        "url": "https://api.github.com/repos/vaseline555/Federated-Learning-in-PyTorch/issues/7",
        "repository_url": "https://api.github.com/repos/vaseline555/Federated-Learning-in-PyTorch",
        "labels_url": "https://api.github.com/repos/vaseline555/Federated-Learning-in-PyTorch/issues/7/labels{/name}",
        "comments_url": "https://api.github.com/repos/vaseline555/Federated-Learning-in-PyTorch/issues/7/comments",
        "events_url": "https://api.github.com/repos/vaseline555/Federated-Learning-in-PyTorch/issues/7/events",
        "html_url": "https://github.com/vaseline555/Federated-Learning-in-PyTorch/issues/7",
        "id": 1462096362,
        "node_id": "I_kwDOFciFKc5XJdHq",
        "number": 7,
        "title": "Datasets location",
        "user": {
            "login": "gestefane",
            "id": 9505612,
            "node_id": "MDQ6VXNlcjk1MDU2MTI=",
            "avatar_url": "https://avatars.githubusercontent.com/u/9505612?v=4",
            "gravatar_id": "",
            "url": "https://api.github.com/users/gestefane",
            "html_url": "https://github.com/gestefane",
            "followers_url": "https://api.github.com/users/gestefane/followers",
            "following_url": "https://api.github.com/users/gestefane/following{/other_user}",
            "gists_url": "https://api.github.com/users/gestefane/gists{/gist_id}",
            "starred_url": "https://api.github.com/users/gestefane/starred{/owner}{/repo}",
            "subscriptions_url": "https://api.github.com/users/gestefane/subscriptions",
            "organizations_url": "https://api.github.com/users/gestefane/orgs",
            "repos_url": "https://api.github.com/users/gestefane/repos",
            "events_url": "https://api.github.com/users/gestefane/events{/privacy}",
            "received_events_url": "https://api.github.com/users/gestefane/received_events",
            "type": "User",
            "user_view_type": "public",
            "site_admin": false
        },
        "labels": [],
        "state": "closed",
        "locked": false,
        "assignee": null,
        "assignees": [],
        "milestone": null,
        "comments": 2,
        "created_at": "2022-11-23T16:55:34Z",
        "updated_at": "2022-12-16T04:33:52Z",
        "closed_at": "2022-12-16T04:33:52Z",
        "author_association": "NONE",
        "active_lock_reason": null,
        "sub_issues_summary": {
            "total": 0,
            "completed": 0,
            "percent_completed": 0
        },
        "body": "Please, can you provide more information about datasets location as exact name for files to download, website, etc? Thank you!",
        "closed_by": {
            "login": "vaseline555",
            "id": 33894768,
            "node_id": "MDQ6VXNlcjMzODk0NzY4",
            "avatar_url": "https://avatars.githubusercontent.com/u/33894768?v=4",
            "gravatar_id": "",
            "url": "https://api.github.com/users/vaseline555",
            "html_url": "https://github.com/vaseline555",
            "followers_url": "https://api.github.com/users/vaseline555/followers",
            "following_url": "https://api.github.com/users/vaseline555/following{/other_user}",
            "gists_url": "https://api.github.com/users/vaseline555/gists{/gist_id}",
            "starred_url": "https://api.github.com/users/vaseline555/starred{/owner}{/repo}",
            "subscriptions_url": "https://api.github.com/users/vaseline555/subscriptions",
            "organizations_url": "https://api.github.com/users/vaseline555/orgs",
            "repos_url": "https://api.github.com/users/vaseline555/repos",
            "events_url": "https://api.github.com/users/vaseline555/events{/privacy}",
            "received_events_url": "https://api.github.com/users/vaseline555/received_events",
            "type": "User",
            "user_view_type": "public",
            "site_admin": false
        },
        "reactions": {
            "url": "https://api.github.com/repos/vaseline555/Federated-Learning-in-PyTorch/issues/7/reactions",
            "total_count": 0,
            "+1": 0,
            "-1": 0,
            "laugh": 0,
            "hooray": 0,
            "confused": 0,
            "heart": 0,
            "rocket": 0,
            "eyes": 0
        },
        "timeline_url": "https://api.github.com/repos/vaseline555/Federated-Learning-in-PyTorch/issues/7/timeline",
        "performed_via_github_app": null,
        "state_reason": "completed"
    },
    {
        "url": "https://api.github.com/repos/vaseline555/Federated-Learning-in-PyTorch/issues/6",
        "repository_url": "https://api.github.com/repos/vaseline555/Federated-Learning-in-PyTorch",
        "labels_url": "https://api.github.com/repos/vaseline555/Federated-Learning-in-PyTorch/issues/6/labels{/name}",
        "comments_url": "https://api.github.com/repos/vaseline555/Federated-Learning-in-PyTorch/issues/6/comments",
        "events_url": "https://api.github.com/repos/vaseline555/Federated-Learning-in-PyTorch/issues/6/events",
        "html_url": "https://github.com/vaseline555/Federated-Learning-in-PyTorch/issues/6",
        "id": 1315907097,
        "node_id": "I_kwDOFciFKc5ObyYZ",
        "number": 6,
        "title": "The accuracy on Cifar10 may be low.",
        "user": {
            "login": "ADAM0064",
            "id": 49082871,
            "node_id": "MDQ6VXNlcjQ5MDgyODcx",
            "avatar_url": "https://avatars.githubusercontent.com/u/49082871?v=4",
            "gravatar_id": "",
            "url": "https://api.github.com/users/ADAM0064",
            "html_url": "https://github.com/ADAM0064",
            "followers_url": "https://api.github.com/users/ADAM0064/followers",
            "following_url": "https://api.github.com/users/ADAM0064/following{/other_user}",
            "gists_url": "https://api.github.com/users/ADAM0064/gists{/gist_id}",
            "starred_url": "https://api.github.com/users/ADAM0064/starred{/owner}{/repo}",
            "subscriptions_url": "https://api.github.com/users/ADAM0064/subscriptions",
            "organizations_url": "https://api.github.com/users/ADAM0064/orgs",
            "repos_url": "https://api.github.com/users/ADAM0064/repos",
            "events_url": "https://api.github.com/users/ADAM0064/events{/privacy}",
            "received_events_url": "https://api.github.com/users/ADAM0064/received_events",
            "type": "User",
            "user_view_type": "public",
            "site_admin": false
        },
        "labels": [],
        "state": "closed",
        "locked": false,
        "assignee": null,
        "assignees": [],
        "milestone": null,
        "comments": 3,
        "created_at": "2022-07-24T13:24:12Z",
        "updated_at": "2022-12-16T04:26:38Z",
        "closed_at": "2022-12-16T04:26:38Z",
        "author_association": "NONE",
        "active_lock_reason": null,
        "sub_issues_summary": {
            "total": 0,
            "completed": 0,
            "percent_completed": 0
        },
        "body": "I ran the FedAvg code with the CNN2 given in model.py, with regard to the Cifar10 dataset. I also excluded the model initialization in server.py, and all of the clients (only 10) were set to update and upload their models to the server. However, over about 100 rounds, the accuracy can only raise up to around 70%, and do not go up afterwards. I wonder if there is anything I've missed or mistaken. Could anyone please offer me some advice?",
        "closed_by": {
            "login": "vaseline555",
            "id": 33894768,
            "node_id": "MDQ6VXNlcjMzODk0NzY4",
            "avatar_url": "https://avatars.githubusercontent.com/u/33894768?v=4",
            "gravatar_id": "",
            "url": "https://api.github.com/users/vaseline555",
            "html_url": "https://github.com/vaseline555",
            "followers_url": "https://api.github.com/users/vaseline555/followers",
            "following_url": "https://api.github.com/users/vaseline555/following{/other_user}",
            "gists_url": "https://api.github.com/users/vaseline555/gists{/gist_id}",
            "starred_url": "https://api.github.com/users/vaseline555/starred{/owner}{/repo}",
            "subscriptions_url": "https://api.github.com/users/vaseline555/subscriptions",
            "organizations_url": "https://api.github.com/users/vaseline555/orgs",
            "repos_url": "https://api.github.com/users/vaseline555/repos",
            "events_url": "https://api.github.com/users/vaseline555/events{/privacy}",
            "received_events_url": "https://api.github.com/users/vaseline555/received_events",
            "type": "User",
            "user_view_type": "public",
            "site_admin": false
        },
        "reactions": {
            "url": "https://api.github.com/repos/vaseline555/Federated-Learning-in-PyTorch/issues/6/reactions",
            "total_count": 0,
            "+1": 0,
            "-1": 0,
            "laugh": 0,
            "hooray": 0,
            "confused": 0,
            "heart": 0,
            "rocket": 0,
            "eyes": 0
        },
        "timeline_url": "https://api.github.com/repos/vaseline555/Federated-Learning-in-PyTorch/issues/6/timeline",
        "performed_via_github_app": null,
        "state_reason": "completed"
    },
    {
        "url": "https://api.github.com/repos/vaseline555/Federated-Learning-in-PyTorch/issues/5",
        "repository_url": "https://api.github.com/repos/vaseline555/Federated-Learning-in-PyTorch",
        "labels_url": "https://api.github.com/repos/vaseline555/Federated-Learning-in-PyTorch/issues/5/labels{/name}",
        "comments_url": "https://api.github.com/repos/vaseline555/Federated-Learning-in-PyTorch/issues/5/comments",
        "events_url": "https://api.github.com/repos/vaseline555/Federated-Learning-in-PyTorch/issues/5/events",
        "html_url": "https://github.com/vaseline555/Federated-Learning-in-PyTorch/issues/5",
        "id": 1287280766,
        "node_id": "I_kwDOFciFKc5Mulh-",
        "number": 5,
        "title": "Looking forward to the introduction, clear code on the CIFAR dataset!",
        "user": {
            "login": "realcly",
            "id": 59962243,
            "node_id": "MDQ6VXNlcjU5OTYyMjQz",
            "avatar_url": "https://avatars.githubusercontent.com/u/59962243?v=4",
            "gravatar_id": "",
            "url": "https://api.github.com/users/realcly",
            "html_url": "https://github.com/realcly",
            "followers_url": "https://api.github.com/users/realcly/followers",
            "following_url": "https://api.github.com/users/realcly/following{/other_user}",
            "gists_url": "https://api.github.com/users/realcly/gists{/gist_id}",
            "starred_url": "https://api.github.com/users/realcly/starred{/owner}{/repo}",
            "subscriptions_url": "https://api.github.com/users/realcly/subscriptions",
            "organizations_url": "https://api.github.com/users/realcly/orgs",
            "repos_url": "https://api.github.com/users/realcly/repos",
            "events_url": "https://api.github.com/users/realcly/events{/privacy}",
            "received_events_url": "https://api.github.com/users/realcly/received_events",
            "type": "User",
            "user_view_type": "public",
            "site_admin": false
        },
        "labels": [],
        "state": "closed",
        "locked": false,
        "assignee": null,
        "assignees": [],
        "milestone": null,
        "comments": 2,
        "created_at": "2022-06-28T12:37:40Z",
        "updated_at": "2022-06-28T13:09:25Z",
        "closed_at": "2022-06-28T13:05:15Z",
        "author_association": "NONE",
        "active_lock_reason": null,
        "sub_issues_summary": {
            "total": 0,
            "completed": 0,
            "percent_completed": 0
        },
        "body": "Looking forward to the introduction, clear code on the CIFAR dataset! Thanks\uff01",
        "closed_by": {
            "login": "vaseline555",
            "id": 33894768,
            "node_id": "MDQ6VXNlcjMzODk0NzY4",
            "avatar_url": "https://avatars.githubusercontent.com/u/33894768?v=4",
            "gravatar_id": "",
            "url": "https://api.github.com/users/vaseline555",
            "html_url": "https://github.com/vaseline555",
            "followers_url": "https://api.github.com/users/vaseline555/followers",
            "following_url": "https://api.github.com/users/vaseline555/following{/other_user}",
            "gists_url": "https://api.github.com/users/vaseline555/gists{/gist_id}",
            "starred_url": "https://api.github.com/users/vaseline555/starred{/owner}{/repo}",
            "subscriptions_url": "https://api.github.com/users/vaseline555/subscriptions",
            "organizations_url": "https://api.github.com/users/vaseline555/orgs",
            "repos_url": "https://api.github.com/users/vaseline555/repos",
            "events_url": "https://api.github.com/users/vaseline555/events{/privacy}",
            "received_events_url": "https://api.github.com/users/vaseline555/received_events",
            "type": "User",
            "user_view_type": "public",
            "site_admin": false
        },
        "reactions": {
            "url": "https://api.github.com/repos/vaseline555/Federated-Learning-in-PyTorch/issues/5/reactions",
            "total_count": 0,
            "+1": 0,
            "-1": 0,
            "laugh": 0,
            "hooray": 0,
            "confused": 0,
            "heart": 0,
            "rocket": 0,
            "eyes": 0
        },
        "timeline_url": "https://api.github.com/repos/vaseline555/Federated-Learning-in-PyTorch/issues/5/timeline",
        "performed_via_github_app": null,
        "state_reason": "completed"
    },
    {
        "url": "https://api.github.com/repos/vaseline555/Federated-Learning-in-PyTorch/issues/4",
        "repository_url": "https://api.github.com/repos/vaseline555/Federated-Learning-in-PyTorch",
        "labels_url": "https://api.github.com/repos/vaseline555/Federated-Learning-in-PyTorch/issues/4/labels{/name}",
        "comments_url": "https://api.github.com/repos/vaseline555/Federated-Learning-in-PyTorch/issues/4/comments",
        "events_url": "https://api.github.com/repos/vaseline555/Federated-Learning-in-PyTorch/issues/4/events",
        "html_url": "https://github.com/vaseline555/Federated-Learning-in-PyTorch/issues/4",
        "id": 1235953468,
        "node_id": "I_kwDOFciFKc5Jqyc8",
        "number": 4,
        "title": "AssertionError: Invalid device id",
        "user": {
            "login": "brainie",
            "id": 27743733,
            "node_id": "MDQ6VXNlcjI3NzQzNzMz",
            "avatar_url": "https://avatars.githubusercontent.com/u/27743733?v=4",
            "gravatar_id": "",
            "url": "https://api.github.com/users/brainie",
            "html_url": "https://github.com/brainie",
            "followers_url": "https://api.github.com/users/brainie/followers",
            "following_url": "https://api.github.com/users/brainie/following{/other_user}",
            "gists_url": "https://api.github.com/users/brainie/gists{/gist_id}",
            "starred_url": "https://api.github.com/users/brainie/starred{/owner}{/repo}",
            "subscriptions_url": "https://api.github.com/users/brainie/subscriptions",
            "organizations_url": "https://api.github.com/users/brainie/orgs",
            "repos_url": "https://api.github.com/users/brainie/repos",
            "events_url": "https://api.github.com/users/brainie/events{/privacy}",
            "received_events_url": "https://api.github.com/users/brainie/received_events",
            "type": "User",
            "user_view_type": "public",
            "site_admin": false
        },
        "labels": [],
        "state": "closed",
        "locked": false,
        "assignee": null,
        "assignees": [],
        "milestone": null,
        "comments": 2,
        "created_at": "2022-05-14T11:46:44Z",
        "updated_at": "2022-12-16T04:20:08Z",
        "closed_at": "2022-12-16T04:20:08Z",
        "author_association": "NONE",
        "active_lock_reason": null,
        "sub_issues_summary": {
            "total": 0,
            "completed": 0,
            "percent_completed": 0
        },
        "body": "So while trying to set up my Cuda GPU and installing pytorch so as to run main.py. I came across this error\r\n\r\n```Traceback (most recent call last):\r\n  File \"main.py\", line 57, in <module>\r\n    central_server.setup()\r\n  File \"/content/Federated-Averaging-PyTorch/src/server.py\", line 85, in setup\r\n    init_net(self.model, **self.init_config)\r\n  File \"/content/Federated-Averaging-PyTorch/src/utils.py\", line 77, in init_net\r\n    model = nn.DataParallel(model, gpu_ids)\r\n  File \"/usr/local/lib/python3.7/dist-packages/torch/nn/parallel/data_parallel.py\", line 142, in __init__\r\n    _check_balance(self.device_ids)\r\n  File \"/usr/local/lib/python3.7/dist-packages/torch/nn/parallel/data_parallel.py\", line 23, in _check_balance\r\n    dev_props = _get_devices_properties(device_ids)\r\n  File \"/usr/local/lib/python3.7/dist-packages/torch/_utils.py\", line 487, in _get_devices_properties\r\n    return [_get_device_attr(lambda m: m.get_device_properties(i)) for i in device_ids]\r\n  File \"/usr/local/lib/python3.7/dist-packages/torch/_utils.py\", line 487, in <listcomp>\r\n    return [_get_device_attr(lambda m: m.get_device_properties(i)) for i in device_ids]\r\n  File \"/usr/local/lib/python3.7/dist-packages/torch/_utils.py\", line 470, in _get_device_attr\r\n    return get_member(torch.cuda)\r\n  File \"/usr/local/lib/python3.7/dist-packages/torch/_utils.py\", line 487, in <lambda>\r\n    return [_get_device_attr(lambda m: m.get_device_properties(i)) for i in device_ids]\r\n  File \"/usr/local/lib/python3.7/dist-packages/torch/cuda/__init__.py\", line 361, in get_device_properties\r\n    raise AssertionError(\"Invalid device id\")\r\nAssertionError: Invalid device id \r\n```\r\n\r\nHow can i fix the device ID issue.",
        "closed_by": {
            "login": "vaseline555",
            "id": 33894768,
            "node_id": "MDQ6VXNlcjMzODk0NzY4",
            "avatar_url": "https://avatars.githubusercontent.com/u/33894768?v=4",
            "gravatar_id": "",
            "url": "https://api.github.com/users/vaseline555",
            "html_url": "https://github.com/vaseline555",
            "followers_url": "https://api.github.com/users/vaseline555/followers",
            "following_url": "https://api.github.com/users/vaseline555/following{/other_user}",
            "gists_url": "https://api.github.com/users/vaseline555/gists{/gist_id}",
            "starred_url": "https://api.github.com/users/vaseline555/starred{/owner}{/repo}",
            "subscriptions_url": "https://api.github.com/users/vaseline555/subscriptions",
            "organizations_url": "https://api.github.com/users/vaseline555/orgs",
            "repos_url": "https://api.github.com/users/vaseline555/repos",
            "events_url": "https://api.github.com/users/vaseline555/events{/privacy}",
            "received_events_url": "https://api.github.com/users/vaseline555/received_events",
            "type": "User",
            "user_view_type": "public",
            "site_admin": false
        },
        "reactions": {
            "url": "https://api.github.com/repos/vaseline555/Federated-Learning-in-PyTorch/issues/4/reactions",
            "total_count": 0,
            "+1": 0,
            "-1": 0,
            "laugh": 0,
            "hooray": 0,
            "confused": 0,
            "heart": 0,
            "rocket": 0,
            "eyes": 0
        },
        "timeline_url": "https://api.github.com/repos/vaseline555/Federated-Learning-in-PyTorch/issues/4/timeline",
        "performed_via_github_app": null,
        "state_reason": "completed"
    },
    {
        "url": "https://api.github.com/repos/vaseline555/Federated-Learning-in-PyTorch/issues/3",
        "repository_url": "https://api.github.com/repos/vaseline555/Federated-Learning-in-PyTorch",
        "labels_url": "https://api.github.com/repos/vaseline555/Federated-Learning-in-PyTorch/issues/3/labels{/name}",
        "comments_url": "https://api.github.com/repos/vaseline555/Federated-Learning-in-PyTorch/issues/3/comments",
        "events_url": "https://api.github.com/repos/vaseline555/Federated-Learning-in-PyTorch/issues/3/events",
        "html_url": "https://github.com/vaseline555/Federated-Learning-in-PyTorch/issues/3",
        "id": 1218168338,
        "node_id": "I_kwDOFciFKc5Im8YS",
        "number": 3,
        "title": "undefined variable error",
        "user": {
            "login": "henry174Ajou",
            "id": 92661594,
            "node_id": "U_kgDOBYXnWg",
            "avatar_url": "https://avatars.githubusercontent.com/u/92661594?v=4",
            "gravatar_id": "",
            "url": "https://api.github.com/users/henry174Ajou",
            "html_url": "https://github.com/henry174Ajou",
            "followers_url": "https://api.github.com/users/henry174Ajou/followers",
            "following_url": "https://api.github.com/users/henry174Ajou/following{/other_user}",
            "gists_url": "https://api.github.com/users/henry174Ajou/gists{/gist_id}",
            "starred_url": "https://api.github.com/users/henry174Ajou/starred{/owner}{/repo}",
            "subscriptions_url": "https://api.github.com/users/henry174Ajou/subscriptions",
            "organizations_url": "https://api.github.com/users/henry174Ajou/orgs",
            "repos_url": "https://api.github.com/users/henry174Ajou/repos",
            "events_url": "https://api.github.com/users/henry174Ajou/events{/privacy}",
            "received_events_url": "https://api.github.com/users/henry174Ajou/received_events",
            "type": "User",
            "user_view_type": "public",
            "site_admin": false
        },
        "labels": [],
        "state": "closed",
        "locked": false,
        "assignee": null,
        "assignees": [],
        "milestone": null,
        "comments": 1,
        "created_at": "2022-04-28T04:12:07Z",
        "updated_at": "2022-04-29T05:05:35Z",
        "closed_at": "2022-04-29T05:05:34Z",
        "author_association": "NONE",
        "active_lock_reason": null,
        "sub_issues_summary": {
            "total": 0,
            "completed": 0,
            "percent_completed": 0
        },
        "body": "In \"utils.py\", modules of Torch Vision are imported by `from torchvision import datasets, transforms`.\r\n\r\nHowever, in the line 106 of the same file, these modules are referred to by `torchvision.datasets`, but there is no variable named by `torchvision`.\r\n\r\nI fixed it by rewrite the import statement by just `import torchvision`. Now it works.",
        "closed_by": {
            "login": "vaseline555",
            "id": 33894768,
            "node_id": "MDQ6VXNlcjMzODk0NzY4",
            "avatar_url": "https://avatars.githubusercontent.com/u/33894768?v=4",
            "gravatar_id": "",
            "url": "https://api.github.com/users/vaseline555",
            "html_url": "https://github.com/vaseline555",
            "followers_url": "https://api.github.com/users/vaseline555/followers",
            "following_url": "https://api.github.com/users/vaseline555/following{/other_user}",
            "gists_url": "https://api.github.com/users/vaseline555/gists{/gist_id}",
            "starred_url": "https://api.github.com/users/vaseline555/starred{/owner}{/repo}",
            "subscriptions_url": "https://api.github.com/users/vaseline555/subscriptions",
            "organizations_url": "https://api.github.com/users/vaseline555/orgs",
            "repos_url": "https://api.github.com/users/vaseline555/repos",
            "events_url": "https://api.github.com/users/vaseline555/events{/privacy}",
            "received_events_url": "https://api.github.com/users/vaseline555/received_events",
            "type": "User",
            "user_view_type": "public",
            "site_admin": false
        },
        "reactions": {
            "url": "https://api.github.com/repos/vaseline555/Federated-Learning-in-PyTorch/issues/3/reactions",
            "total_count": 0,
            "+1": 0,
            "-1": 0,
            "laugh": 0,
            "hooray": 0,
            "confused": 0,
            "heart": 0,
            "rocket": 0,
            "eyes": 0
        },
        "timeline_url": "https://api.github.com/repos/vaseline555/Federated-Learning-in-PyTorch/issues/3/timeline",
        "performed_via_github_app": null,
        "state_reason": "completed"
    },
    {
        "url": "https://api.github.com/repos/vaseline555/Federated-Learning-in-PyTorch/issues/2",
        "repository_url": "https://api.github.com/repos/vaseline555/Federated-Learning-in-PyTorch",
        "labels_url": "https://api.github.com/repos/vaseline555/Federated-Learning-in-PyTorch/issues/2/labels{/name}",
        "comments_url": "https://api.github.com/repos/vaseline555/Federated-Learning-in-PyTorch/issues/2/comments",
        "events_url": "https://api.github.com/repos/vaseline555/Federated-Learning-in-PyTorch/issues/2/events",
        "html_url": "https://github.com/vaseline555/Federated-Learning-in-PyTorch/issues/2",
        "id": 1213726095,
        "node_id": "I_kwDOFciFKc5IV_2P",
        "number": 2,
        "title": "maximum recursion depth exceeded while calling a Python object error",
        "user": {
            "login": "brainie",
            "id": 27743733,
            "node_id": "MDQ6VXNlcjI3NzQzNzMz",
            "avatar_url": "https://avatars.githubusercontent.com/u/27743733?v=4",
            "gravatar_id": "",
            "url": "https://api.github.com/users/brainie",
            "html_url": "https://github.com/brainie",
            "followers_url": "https://api.github.com/users/brainie/followers",
            "following_url": "https://api.github.com/users/brainie/following{/other_user}",
            "gists_url": "https://api.github.com/users/brainie/gists{/gist_id}",
            "starred_url": "https://api.github.com/users/brainie/starred{/owner}{/repo}",
            "subscriptions_url": "https://api.github.com/users/brainie/subscriptions",
            "organizations_url": "https://api.github.com/users/brainie/orgs",
            "repos_url": "https://api.github.com/users/brainie/repos",
            "events_url": "https://api.github.com/users/brainie/events{/privacy}",
            "received_events_url": "https://api.github.com/users/brainie/received_events",
            "type": "User",
            "user_view_type": "public",
            "site_admin": false
        },
        "labels": [],
        "state": "closed",
        "locked": false,
        "assignee": null,
        "assignees": [],
        "milestone": null,
        "comments": 3,
        "created_at": "2022-04-24T18:09:39Z",
        "updated_at": "2022-12-16T04:19:01Z",
        "closed_at": "2022-12-16T04:19:00Z",
        "author_association": "NONE",
        "active_lock_reason": null,
        "sub_issues_summary": {
            "total": 0,
            "completed": 0,
            "percent_completed": 0
        },
        "body": "Good evening sir.\r\n\r\nplease I come across this error\r\n\r\n`\"RecursionError: maximum recursion depth exceeded while calling a Python object\"`\r\n\r\nwhenever i run main.py even after installing all the dependencies\r\nplease is there anything I can do to make the code work?",
        "closed_by": {
            "login": "vaseline555",
            "id": 33894768,
            "node_id": "MDQ6VXNlcjMzODk0NzY4",
            "avatar_url": "https://avatars.githubusercontent.com/u/33894768?v=4",
            "gravatar_id": "",
            "url": "https://api.github.com/users/vaseline555",
            "html_url": "https://github.com/vaseline555",
            "followers_url": "https://api.github.com/users/vaseline555/followers",
            "following_url": "https://api.github.com/users/vaseline555/following{/other_user}",
            "gists_url": "https://api.github.com/users/vaseline555/gists{/gist_id}",
            "starred_url": "https://api.github.com/users/vaseline555/starred{/owner}{/repo}",
            "subscriptions_url": "https://api.github.com/users/vaseline555/subscriptions",
            "organizations_url": "https://api.github.com/users/vaseline555/orgs",
            "repos_url": "https://api.github.com/users/vaseline555/repos",
            "events_url": "https://api.github.com/users/vaseline555/events{/privacy}",
            "received_events_url": "https://api.github.com/users/vaseline555/received_events",
            "type": "User",
            "user_view_type": "public",
            "site_admin": false
        },
        "reactions": {
            "url": "https://api.github.com/repos/vaseline555/Federated-Learning-in-PyTorch/issues/2/reactions",
            "total_count": 0,
            "+1": 0,
            "-1": 0,
            "laugh": 0,
            "hooray": 0,
            "confused": 0,
            "heart": 0,
            "rocket": 0,
            "eyes": 0
        },
        "timeline_url": "https://api.github.com/repos/vaseline555/Federated-Learning-in-PyTorch/issues/2/timeline",
        "performed_via_github_app": null,
        "state_reason": "completed"
    },
    {
        "url": "https://api.github.com/repos/vaseline555/Federated-Learning-in-PyTorch/issues/1",
        "repository_url": "https://api.github.com/repos/vaseline555/Federated-Learning-in-PyTorch",
        "labels_url": "https://api.github.com/repos/vaseline555/Federated-Learning-in-PyTorch/issues/1/labels{/name}",
        "comments_url": "https://api.github.com/repos/vaseline555/Federated-Learning-in-PyTorch/issues/1/comments",
        "events_url": "https://api.github.com/repos/vaseline555/Federated-Learning-in-PyTorch/issues/1/events",
        "html_url": "https://github.com/vaseline555/Federated-Learning-in-PyTorch/issues/1",
        "id": 1091605153,
        "node_id": "I_kwDOFciFKc5BEJKh",
        "number": 1,
        "title": "when num_clients =1000, shards_per_clients=0, and there is a ValueError!  ",
        "user": {
            "login": "DominicccLUO",
            "id": 61530137,
            "node_id": "MDQ6VXNlcjYxNTMwMTM3",
            "avatar_url": "https://avatars.githubusercontent.com/u/61530137?v=4",
            "gravatar_id": "",
            "url": "https://api.github.com/users/DominicccLUO",
            "html_url": "https://github.com/DominicccLUO",
            "followers_url": "https://api.github.com/users/DominicccLUO/followers",
            "following_url": "https://api.github.com/users/DominicccLUO/following{/other_user}",
            "gists_url": "https://api.github.com/users/DominicccLUO/gists{/gist_id}",
            "starred_url": "https://api.github.com/users/DominicccLUO/starred{/owner}{/repo}",
            "subscriptions_url": "https://api.github.com/users/DominicccLUO/subscriptions",
            "organizations_url": "https://api.github.com/users/DominicccLUO/orgs",
            "repos_url": "https://api.github.com/users/DominicccLUO/repos",
            "events_url": "https://api.github.com/users/DominicccLUO/events{/privacy}",
            "received_events_url": "https://api.github.com/users/DominicccLUO/received_events",
            "type": "User",
            "user_view_type": "public",
            "site_admin": false
        },
        "labels": [],
        "state": "closed",
        "locked": false,
        "assignee": null,
        "assignees": [],
        "milestone": null,
        "comments": 1,
        "created_at": "2021-12-31T15:27:40Z",
        "updated_at": "2022-01-01T16:45:37Z",
        "closed_at": "2022-01-01T16:45:37Z",
        "author_association": "NONE",
        "active_lock_reason": null,
        "sub_issues_summary": {
            "total": 0,
            "completed": 0,
            "percent_completed": 0
        },
        "body": null,
        "closed_by": {
            "login": "vaseline555",
            "id": 33894768,
            "node_id": "MDQ6VXNlcjMzODk0NzY4",
            "avatar_url": "https://avatars.githubusercontent.com/u/33894768?v=4",
            "gravatar_id": "",
            "url": "https://api.github.com/users/vaseline555",
            "html_url": "https://github.com/vaseline555",
            "followers_url": "https://api.github.com/users/vaseline555/followers",
            "following_url": "https://api.github.com/users/vaseline555/following{/other_user}",
            "gists_url": "https://api.github.com/users/vaseline555/gists{/gist_id}",
            "starred_url": "https://api.github.com/users/vaseline555/starred{/owner}{/repo}",
            "subscriptions_url": "https://api.github.com/users/vaseline555/subscriptions",
            "organizations_url": "https://api.github.com/users/vaseline555/orgs",
            "repos_url": "https://api.github.com/users/vaseline555/repos",
            "events_url": "https://api.github.com/users/vaseline555/events{/privacy}",
            "received_events_url": "https://api.github.com/users/vaseline555/received_events",
            "type": "User",
            "user_view_type": "public",
            "site_admin": false
        },
        "reactions": {
            "url": "https://api.github.com/repos/vaseline555/Federated-Learning-in-PyTorch/issues/1/reactions",
            "total_count": 0,
            "+1": 0,
            "-1": 0,
            "laugh": 0,
            "hooray": 0,
            "confused": 0,
            "heart": 0,
            "rocket": 0,
            "eyes": 0
        },
        "timeline_url": "https://api.github.com/repos/vaseline555/Federated-Learning-in-PyTorch/issues/1/timeline",
        "performed_via_github_app": null,
        "state_reason": "completed"
    }
]