[
    {
        "url": "https://api.github.com/repos/visitworld123/FedFed/issues/9",
        "repository_url": "https://api.github.com/repos/visitworld123/FedFed",
        "labels_url": "https://api.github.com/repos/visitworld123/FedFed/issues/9/labels{/name}",
        "comments_url": "https://api.github.com/repos/visitworld123/FedFed/issues/9/comments",
        "events_url": "https://api.github.com/repos/visitworld123/FedFed/issues/9/events",
        "html_url": "https://github.com/visitworld123/FedFed/issues/9",
        "id": 2971218452,
        "node_id": "I_kwDOKeX9XM6xGTIU",
        "number": 9,
        "title": "Cannot use GPU to train the model.",
        "user": {
            "login": "4959-lab",
            "id": 206165670,
            "node_id": "U_kgDODEnWpg",
            "avatar_url": "https://avatars.githubusercontent.com/u/206165670?v=4",
            "gravatar_id": "",
            "url": "https://api.github.com/users/4959-lab",
            "html_url": "https://github.com/4959-lab",
            "followers_url": "https://api.github.com/users/4959-lab/followers",
            "following_url": "https://api.github.com/users/4959-lab/following{/other_user}",
            "gists_url": "https://api.github.com/users/4959-lab/gists{/gist_id}",
            "starred_url": "https://api.github.com/users/4959-lab/starred{/owner}{/repo}",
            "subscriptions_url": "https://api.github.com/users/4959-lab/subscriptions",
            "organizations_url": "https://api.github.com/users/4959-lab/orgs",
            "repos_url": "https://api.github.com/users/4959-lab/repos",
            "events_url": "https://api.github.com/users/4959-lab/events{/privacy}",
            "received_events_url": "https://api.github.com/users/4959-lab/received_events",
            "type": "User",
            "user_view_type": "public",
            "site_admin": false
        },
        "labels": [],
        "state": "closed",
        "locked": false,
        "assignee": null,
        "assignees": [],
        "milestone": null,
        "comments": 0,
        "created_at": "2025-04-04T04:09:13Z",
        "updated_at": "2025-04-04T04:09:33Z",
        "closed_at": "2025-04-04T04:09:33Z",
        "author_association": "NONE",
        "active_lock_reason": null,
        "sub_issues_summary": {
            "total": 0,
            "completed": 0,
            "percent_completed": 0
        },
        "body": "Dear Professor, my GPU is a 2060, and the Torch version is 1.13.1+cu117. I am training with this configuration, but it is using the CPU instead of the GPU. Is this a hardware issue?",
        "closed_by": {
            "login": "4959-lab",
            "id": 206165670,
            "node_id": "U_kgDODEnWpg",
            "avatar_url": "https://avatars.githubusercontent.com/u/206165670?v=4",
            "gravatar_id": "",
            "url": "https://api.github.com/users/4959-lab",
            "html_url": "https://github.com/4959-lab",
            "followers_url": "https://api.github.com/users/4959-lab/followers",
            "following_url": "https://api.github.com/users/4959-lab/following{/other_user}",
            "gists_url": "https://api.github.com/users/4959-lab/gists{/gist_id}",
            "starred_url": "https://api.github.com/users/4959-lab/starred{/owner}{/repo}",
            "subscriptions_url": "https://api.github.com/users/4959-lab/subscriptions",
            "organizations_url": "https://api.github.com/users/4959-lab/orgs",
            "repos_url": "https://api.github.com/users/4959-lab/repos",
            "events_url": "https://api.github.com/users/4959-lab/events{/privacy}",
            "received_events_url": "https://api.github.com/users/4959-lab/received_events",
            "type": "User",
            "user_view_type": "public",
            "site_admin": false
        },
        "reactions": {
            "url": "https://api.github.com/repos/visitworld123/FedFed/issues/9/reactions",
            "total_count": 0,
            "+1": 0,
            "-1": 0,
            "laugh": 0,
            "hooray": 0,
            "confused": 0,
            "heart": 0,
            "rocket": 0,
            "eyes": 0
        },
        "timeline_url": "https://api.github.com/repos/visitworld123/FedFed/issues/9/timeline",
        "performed_via_github_app": null,
        "state_reason": "completed"
    },
    {
        "url": "https://api.github.com/repos/visitworld123/FedFed/issues/8",
        "repository_url": "https://api.github.com/repos/visitworld123/FedFed",
        "labels_url": "https://api.github.com/repos/visitworld123/FedFed/issues/8/labels{/name}",
        "comments_url": "https://api.github.com/repos/visitworld123/FedFed/issues/8/comments",
        "events_url": "https://api.github.com/repos/visitworld123/FedFed/issues/8/events",
        "html_url": "https://github.com/visitworld123/FedFed/issues/8",
        "id": 2870771573,
        "node_id": "I_kwDOKeX9XM6rHH91",
        "number": 8,
        "title": "Feature Distillation Module",
        "user": {
            "login": "llsteven",
            "id": 37969753,
            "node_id": "MDQ6VXNlcjM3OTY5NzUz",
            "avatar_url": "https://avatars.githubusercontent.com/u/37969753?v=4",
            "gravatar_id": "",
            "url": "https://api.github.com/users/llsteven",
            "html_url": "https://github.com/llsteven",
            "followers_url": "https://api.github.com/users/llsteven/followers",
            "following_url": "https://api.github.com/users/llsteven/following{/other_user}",
            "gists_url": "https://api.github.com/users/llsteven/gists{/gist_id}",
            "starred_url": "https://api.github.com/users/llsteven/starred{/owner}{/repo}",
            "subscriptions_url": "https://api.github.com/users/llsteven/subscriptions",
            "organizations_url": "https://api.github.com/users/llsteven/orgs",
            "repos_url": "https://api.github.com/users/llsteven/repos",
            "events_url": "https://api.github.com/users/llsteven/events{/privacy}",
            "received_events_url": "https://api.github.com/users/llsteven/received_events",
            "type": "User",
            "user_view_type": "public",
            "site_admin": false
        },
        "labels": [],
        "state": "closed",
        "locked": false,
        "assignee": null,
        "assignees": [],
        "milestone": null,
        "comments": 1,
        "created_at": "2025-02-22T14:20:26Z",
        "updated_at": "2025-03-02T08:27:21Z",
        "closed_at": "2025-03-02T08:27:21Z",
        "author_association": "NONE",
        "active_lock_reason": null,
        "sub_issues_summary": {
            "total": 0,
            "completed": 0,
            "percent_completed": 0
        },
        "body": "Hello, how can I quickly view the code related to feature distillation?",
        "closed_by": {
            "login": "visitworld123",
            "id": 44522582,
            "node_id": "MDQ6VXNlcjQ0NTIyNTgy",
            "avatar_url": "https://avatars.githubusercontent.com/u/44522582?v=4",
            "gravatar_id": "",
            "url": "https://api.github.com/users/visitworld123",
            "html_url": "https://github.com/visitworld123",
            "followers_url": "https://api.github.com/users/visitworld123/followers",
            "following_url": "https://api.github.com/users/visitworld123/following{/other_user}",
            "gists_url": "https://api.github.com/users/visitworld123/gists{/gist_id}",
            "starred_url": "https://api.github.com/users/visitworld123/starred{/owner}{/repo}",
            "subscriptions_url": "https://api.github.com/users/visitworld123/subscriptions",
            "organizations_url": "https://api.github.com/users/visitworld123/orgs",
            "repos_url": "https://api.github.com/users/visitworld123/repos",
            "events_url": "https://api.github.com/users/visitworld123/events{/privacy}",
            "received_events_url": "https://api.github.com/users/visitworld123/received_events",
            "type": "User",
            "user_view_type": "public",
            "site_admin": false
        },
        "reactions": {
            "url": "https://api.github.com/repos/visitworld123/FedFed/issues/8/reactions",
            "total_count": 0,
            "+1": 0,
            "-1": 0,
            "laugh": 0,
            "hooray": 0,
            "confused": 0,
            "heart": 0,
            "rocket": 0,
            "eyes": 0
        },
        "timeline_url": "https://api.github.com/repos/visitworld123/FedFed/issues/8/timeline",
        "performed_via_github_app": null,
        "state_reason": "completed"
    },
    {
        "url": "https://api.github.com/repos/visitworld123/FedFed/issues/7",
        "repository_url": "https://api.github.com/repos/visitworld123/FedFed",
        "labels_url": "https://api.github.com/repos/visitworld123/FedFed/issues/7/labels{/name}",
        "comments_url": "https://api.github.com/repos/visitworld123/FedFed/issues/7/comments",
        "events_url": "https://api.github.com/repos/visitworld123/FedFed/issues/7/events",
        "html_url": "https://github.com/visitworld123/FedFed/issues/7",
        "id": 2731553733,
        "node_id": "I_kwDOKeX9XM6i0DPF",
        "number": 7,
        "title": "I didn't set it up correctly,Unable to achieve accuracy,  hope you can help me.",
        "user": {
            "login": "yizhixiaofeiyang",
            "id": 43475956,
            "node_id": "MDQ6VXNlcjQzNDc1OTU2",
            "avatar_url": "https://avatars.githubusercontent.com/u/43475956?v=4",
            "gravatar_id": "",
            "url": "https://api.github.com/users/yizhixiaofeiyang",
            "html_url": "https://github.com/yizhixiaofeiyang",
            "followers_url": "https://api.github.com/users/yizhixiaofeiyang/followers",
            "following_url": "https://api.github.com/users/yizhixiaofeiyang/following{/other_user}",
            "gists_url": "https://api.github.com/users/yizhixiaofeiyang/gists{/gist_id}",
            "starred_url": "https://api.github.com/users/yizhixiaofeiyang/starred{/owner}{/repo}",
            "subscriptions_url": "https://api.github.com/users/yizhixiaofeiyang/subscriptions",
            "organizations_url": "https://api.github.com/users/yizhixiaofeiyang/orgs",
            "repos_url": "https://api.github.com/users/yizhixiaofeiyang/repos",
            "events_url": "https://api.github.com/users/yizhixiaofeiyang/events{/privacy}",
            "received_events_url": "https://api.github.com/users/yizhixiaofeiyang/received_events",
            "type": "User",
            "user_view_type": "public",
            "site_admin": false
        },
        "labels": [],
        "state": "closed",
        "locked": false,
        "assignee": null,
        "assignees": [],
        "milestone": null,
        "comments": 6,
        "created_at": "2024-12-11T00:49:42Z",
        "updated_at": "2025-05-21T09:27:06Z",
        "closed_at": "2025-05-21T09:27:06Z",
        "author_association": "NONE",
        "active_lock_reason": null,
        "sub_issues_summary": {
            "total": 0,
            "completed": 0,
            "percent_completed": 0
        },
        "body": "I used your source code, and currently CIFAR10 has run 1000 epochs, but the best result is only 89.92496366539883. I want to know how should I set it up? thank you. wish Wishing you a happy life.",
        "closed_by": {
            "login": "visitworld123",
            "id": 44522582,
            "node_id": "MDQ6VXNlcjQ0NTIyNTgy",
            "avatar_url": "https://avatars.githubusercontent.com/u/44522582?v=4",
            "gravatar_id": "",
            "url": "https://api.github.com/users/visitworld123",
            "html_url": "https://github.com/visitworld123",
            "followers_url": "https://api.github.com/users/visitworld123/followers",
            "following_url": "https://api.github.com/users/visitworld123/following{/other_user}",
            "gists_url": "https://api.github.com/users/visitworld123/gists{/gist_id}",
            "starred_url": "https://api.github.com/users/visitworld123/starred{/owner}{/repo}",
            "subscriptions_url": "https://api.github.com/users/visitworld123/subscriptions",
            "organizations_url": "https://api.github.com/users/visitworld123/orgs",
            "repos_url": "https://api.github.com/users/visitworld123/repos",
            "events_url": "https://api.github.com/users/visitworld123/events{/privacy}",
            "received_events_url": "https://api.github.com/users/visitworld123/received_events",
            "type": "User",
            "user_view_type": "public",
            "site_admin": false
        },
        "reactions": {
            "url": "https://api.github.com/repos/visitworld123/FedFed/issues/7/reactions",
            "total_count": 0,
            "+1": 0,
            "-1": 0,
            "laugh": 0,
            "hooray": 0,
            "confused": 0,
            "heart": 0,
            "rocket": 0,
            "eyes": 0
        },
        "timeline_url": "https://api.github.com/repos/visitworld123/FedFed/issues/7/timeline",
        "performed_via_github_app": null,
        "state_reason": "completed"
    },
    {
        "url": "https://api.github.com/repos/visitworld123/FedFed/issues/6",
        "repository_url": "https://api.github.com/repos/visitworld123/FedFed",
        "labels_url": "https://api.github.com/repos/visitworld123/FedFed/issues/6/labels{/name}",
        "comments_url": "https://api.github.com/repos/visitworld123/FedFed/issues/6/comments",
        "events_url": "https://api.github.com/repos/visitworld123/FedFed/issues/6/events",
        "html_url": "https://github.com/visitworld123/FedFed/issues/6",
        "id": 2707365697,
        "node_id": "I_kwDOKeX9XM6hXx9B",
        "number": 6,
        "title": "\u8be2\u95ee\u516c\u5f0f\u95ee\u9898",
        "user": {
            "login": "yizhixiaofeiyang",
            "id": 43475956,
            "node_id": "MDQ6VXNlcjQzNDc1OTU2",
            "avatar_url": "https://avatars.githubusercontent.com/u/43475956?v=4",
            "gravatar_id": "",
            "url": "https://api.github.com/users/yizhixiaofeiyang",
            "html_url": "https://github.com/yizhixiaofeiyang",
            "followers_url": "https://api.github.com/users/yizhixiaofeiyang/followers",
            "following_url": "https://api.github.com/users/yizhixiaofeiyang/following{/other_user}",
            "gists_url": "https://api.github.com/users/yizhixiaofeiyang/gists{/gist_id}",
            "starred_url": "https://api.github.com/users/yizhixiaofeiyang/starred{/owner}{/repo}",
            "subscriptions_url": "https://api.github.com/users/yizhixiaofeiyang/subscriptions",
            "organizations_url": "https://api.github.com/users/yizhixiaofeiyang/orgs",
            "repos_url": "https://api.github.com/users/yizhixiaofeiyang/repos",
            "events_url": "https://api.github.com/users/yizhixiaofeiyang/events{/privacy}",
            "received_events_url": "https://api.github.com/users/yizhixiaofeiyang/received_events",
            "type": "User",
            "user_view_type": "public",
            "site_admin": false
        },
        "labels": [],
        "state": "closed",
        "locked": false,
        "assignee": null,
        "assignees": [],
        "milestone": null,
        "comments": 1,
        "created_at": "2024-11-30T13:27:35Z",
        "updated_at": "2024-12-10T15:01:46Z",
        "closed_at": "2024-12-10T15:01:46Z",
        "author_association": "NONE",
        "active_lock_reason": null,
        "sub_issues_summary": {
            "total": 0,
            "completed": 0,
            "percent_completed": 0
        },
        "body": "\u8bf7\u95ee\u4e00\u4e0bpaper\u4e2d\u7684\u516c\u5f0f9\u662f\u5426\u4e0d\u5e94\u8be5\u5e26\u4e0a\u8d1f\u53f7\uff0c\u56e0\u4e3aloss\u4e0d\u662f\u672c\u6765\u5c31\u8981\u6700\u5c0f\u5316\u7684\uff1f",
        "closed_by": {
            "login": "visitworld123",
            "id": 44522582,
            "node_id": "MDQ6VXNlcjQ0NTIyNTgy",
            "avatar_url": "https://avatars.githubusercontent.com/u/44522582?v=4",
            "gravatar_id": "",
            "url": "https://api.github.com/users/visitworld123",
            "html_url": "https://github.com/visitworld123",
            "followers_url": "https://api.github.com/users/visitworld123/followers",
            "following_url": "https://api.github.com/users/visitworld123/following{/other_user}",
            "gists_url": "https://api.github.com/users/visitworld123/gists{/gist_id}",
            "starred_url": "https://api.github.com/users/visitworld123/starred{/owner}{/repo}",
            "subscriptions_url": "https://api.github.com/users/visitworld123/subscriptions",
            "organizations_url": "https://api.github.com/users/visitworld123/orgs",
            "repos_url": "https://api.github.com/users/visitworld123/repos",
            "events_url": "https://api.github.com/users/visitworld123/events{/privacy}",
            "received_events_url": "https://api.github.com/users/visitworld123/received_events",
            "type": "User",
            "user_view_type": "public",
            "site_admin": false
        },
        "reactions": {
            "url": "https://api.github.com/repos/visitworld123/FedFed/issues/6/reactions",
            "total_count": 0,
            "+1": 0,
            "-1": 0,
            "laugh": 0,
            "hooray": 0,
            "confused": 0,
            "heart": 0,
            "rocket": 0,
            "eyes": 0
        },
        "timeline_url": "https://api.github.com/repos/visitworld123/FedFed/issues/6/timeline",
        "performed_via_github_app": null,
        "state_reason": "completed"
    },
    {
        "url": "https://api.github.com/repos/visitworld123/FedFed/issues/5",
        "repository_url": "https://api.github.com/repos/visitworld123/FedFed",
        "labels_url": "https://api.github.com/repos/visitworld123/FedFed/issues/5/labels{/name}",
        "comments_url": "https://api.github.com/repos/visitworld123/FedFed/issues/5/comments",
        "events_url": "https://api.github.com/repos/visitworld123/FedFed/issues/5/events",
        "html_url": "https://github.com/visitworld123/FedFed/issues/5",
        "id": 2265018066,
        "node_id": "I_kwDOKeX9XM6HAW7S",
        "number": 5,
        "title": "Question regarding DP-Equation for Performance Sensitive Features",
        "user": {
            "login": "MaxH1996",
            "id": 80034375,
            "node_id": "MDQ6VXNlcjgwMDM0Mzc1",
            "avatar_url": "https://avatars.githubusercontent.com/u/80034375?v=4",
            "gravatar_id": "",
            "url": "https://api.github.com/users/MaxH1996",
            "html_url": "https://github.com/MaxH1996",
            "followers_url": "https://api.github.com/users/MaxH1996/followers",
            "following_url": "https://api.github.com/users/MaxH1996/following{/other_user}",
            "gists_url": "https://api.github.com/users/MaxH1996/gists{/gist_id}",
            "starred_url": "https://api.github.com/users/MaxH1996/starred{/owner}{/repo}",
            "subscriptions_url": "https://api.github.com/users/MaxH1996/subscriptions",
            "organizations_url": "https://api.github.com/users/MaxH1996/orgs",
            "repos_url": "https://api.github.com/users/MaxH1996/repos",
            "events_url": "https://api.github.com/users/MaxH1996/events{/privacy}",
            "received_events_url": "https://api.github.com/users/MaxH1996/received_events",
            "type": "User",
            "user_view_type": "public",
            "site_admin": false
        },
        "labels": [],
        "state": "closed",
        "locked": false,
        "assignee": null,
        "assignees": [],
        "milestone": null,
        "comments": 5,
        "created_at": "2024-04-26T05:56:38Z",
        "updated_at": "2025-05-24T07:11:53Z",
        "closed_at": "2025-05-24T07:11:53Z",
        "author_association": "NONE",
        "active_lock_reason": null,
        "sub_issues_summary": {
            "total": 0,
            "completed": 0,
            "percent_completed": 0
        },
        "body": "Hi,\r\n\r\nthank you for your interesting work and also posting your code. I am currently trying to understand the DP argument in your paper specifically regarding its similarity to DP-SGD. As far as I understand, for DP-SGD we are given $`\\sigma = \\frac{c \\cdot q \\cdot \\sqrt{T \\cdot ln( \\frac{1}{\\delta})}}{\\epsilon}`$ where $`c`$ is the clipping value of the $`l_2`$-norm, $`q`$ the fraction of samples, and $`(\\epsilon,\\delta)`$ the privacy parameters and T the number of iterations. \r\n\r\nIn your paper you provide a very similar form for the performance sensitive features: $`\\sigma_s = \\frac{\\rho \\sqrt{R \\cdot ln(\\frac{1}{\\delta})}}{\\epsilon}`$, where $`q`$ has been set to 1. As far as I understand $`\\rho`$ is the defined by the relation $`||{x_s}|| = \\rho||{x}||`$ where $`0 < \\rho < 1`$. \r\n\r\nMy question is: why does the norm of $`x_s`$ not appear in the equation for $`\\sigma_s`$? Or put differently, why isn't $`\\sigma_s`$ given by $`\\sigma_s = \\frac{\\rho \\cdot M \\sqrt{R \\cdot ln(\\frac{1}{\\delta})}}{\\epsilon}`$ where $`M`$ is the $`l_2`$-norm clipping value for $`||x||`$?",
        "closed_by": {
            "login": "visitworld123",
            "id": 44522582,
            "node_id": "MDQ6VXNlcjQ0NTIyNTgy",
            "avatar_url": "https://avatars.githubusercontent.com/u/44522582?v=4",
            "gravatar_id": "",
            "url": "https://api.github.com/users/visitworld123",
            "html_url": "https://github.com/visitworld123",
            "followers_url": "https://api.github.com/users/visitworld123/followers",
            "following_url": "https://api.github.com/users/visitworld123/following{/other_user}",
            "gists_url": "https://api.github.com/users/visitworld123/gists{/gist_id}",
            "starred_url": "https://api.github.com/users/visitworld123/starred{/owner}{/repo}",
            "subscriptions_url": "https://api.github.com/users/visitworld123/subscriptions",
            "organizations_url": "https://api.github.com/users/visitworld123/orgs",
            "repos_url": "https://api.github.com/users/visitworld123/repos",
            "events_url": "https://api.github.com/users/visitworld123/events{/privacy}",
            "received_events_url": "https://api.github.com/users/visitworld123/received_events",
            "type": "User",
            "user_view_type": "public",
            "site_admin": false
        },
        "reactions": {
            "url": "https://api.github.com/repos/visitworld123/FedFed/issues/5/reactions",
            "total_count": 0,
            "+1": 0,
            "-1": 0,
            "laugh": 0,
            "hooray": 0,
            "confused": 0,
            "heart": 0,
            "rocket": 0,
            "eyes": 0
        },
        "timeline_url": "https://api.github.com/repos/visitworld123/FedFed/issues/5/timeline",
        "performed_via_github_app": null,
        "state_reason": "completed"
    },
    {
        "url": "https://api.github.com/repos/visitworld123/FedFed/issues/4",
        "repository_url": "https://api.github.com/repos/visitworld123/FedFed",
        "labels_url": "https://api.github.com/repos/visitworld123/FedFed/issues/4/labels{/name}",
        "comments_url": "https://api.github.com/repos/visitworld123/FedFed/issues/4/comments",
        "events_url": "https://api.github.com/repos/visitworld123/FedFed/issues/4/events",
        "html_url": "https://github.com/visitworld123/FedFed/issues/4",
        "id": 2246218879,
        "node_id": "I_kwDOKeX9XM6F4pR_",
        "number": 4,
        "title": "Privacy Parameters",
        "user": {
            "login": "tz1998",
            "id": 167218520,
            "node_id": "U_kgDOCfeNWA",
            "avatar_url": "https://avatars.githubusercontent.com/u/167218520?v=4",
            "gravatar_id": "",
            "url": "https://api.github.com/users/tz1998",
            "html_url": "https://github.com/tz1998",
            "followers_url": "https://api.github.com/users/tz1998/followers",
            "following_url": "https://api.github.com/users/tz1998/following{/other_user}",
            "gists_url": "https://api.github.com/users/tz1998/gists{/gist_id}",
            "starred_url": "https://api.github.com/users/tz1998/starred{/owner}{/repo}",
            "subscriptions_url": "https://api.github.com/users/tz1998/subscriptions",
            "organizations_url": "https://api.github.com/users/tz1998/orgs",
            "repos_url": "https://api.github.com/users/tz1998/repos",
            "events_url": "https://api.github.com/users/tz1998/events{/privacy}",
            "received_events_url": "https://api.github.com/users/tz1998/received_events",
            "type": "User",
            "user_view_type": "public",
            "site_admin": false
        },
        "labels": [],
        "state": "closed",
        "locked": false,
        "assignee": null,
        "assignees": [],
        "milestone": null,
        "comments": 3,
        "created_at": "2024-04-16T14:32:53Z",
        "updated_at": "2024-04-17T15:35:37Z",
        "closed_at": "2024-04-17T15:35:37Z",
        "author_association": "NONE",
        "active_lock_reason": null,
        "sub_issues_summary": {
            "total": 0,
            "completed": 0,
            "percent_completed": 0
        },
        "body": "Hi,\r\n\r\nthank you for your very interesting paper and code. I was taking a look at the privacy analysis in Appendix D , and I was curious as to what parameters were use. In particular, could you perhaps share which values were used for $`\\delta`$ and $`\\rho`$ when determining $` \\epsilon`$  and/or $` \\sigma`$  using the equation from Lemma D.2. \r\n\r\nAs far as I understand $`\\delta`$ and $`\\rho`$  are fixed with the number of rounds $`R = 15`$ (for the VAE), and the privacy parameters $` \\epsilon`$  and $` \\sigma`$ are built around these constants.\r\n\r\nThank you in advance!\r\n\r\n",
        "closed_by": {
            "login": "tz1998",
            "id": 167218520,
            "node_id": "U_kgDOCfeNWA",
            "avatar_url": "https://avatars.githubusercontent.com/u/167218520?v=4",
            "gravatar_id": "",
            "url": "https://api.github.com/users/tz1998",
            "html_url": "https://github.com/tz1998",
            "followers_url": "https://api.github.com/users/tz1998/followers",
            "following_url": "https://api.github.com/users/tz1998/following{/other_user}",
            "gists_url": "https://api.github.com/users/tz1998/gists{/gist_id}",
            "starred_url": "https://api.github.com/users/tz1998/starred{/owner}{/repo}",
            "subscriptions_url": "https://api.github.com/users/tz1998/subscriptions",
            "organizations_url": "https://api.github.com/users/tz1998/orgs",
            "repos_url": "https://api.github.com/users/tz1998/repos",
            "events_url": "https://api.github.com/users/tz1998/events{/privacy}",
            "received_events_url": "https://api.github.com/users/tz1998/received_events",
            "type": "User",
            "user_view_type": "public",
            "site_admin": false
        },
        "reactions": {
            "url": "https://api.github.com/repos/visitworld123/FedFed/issues/4/reactions",
            "total_count": 0,
            "+1": 0,
            "-1": 0,
            "laugh": 0,
            "hooray": 0,
            "confused": 0,
            "heart": 0,
            "rocket": 0,
            "eyes": 0
        },
        "timeline_url": "https://api.github.com/repos/visitworld123/FedFed/issues/4/timeline",
        "performed_via_github_app": null,
        "state_reason": "completed"
    },
    {
        "url": "https://api.github.com/repos/visitworld123/FedFed/issues/3",
        "repository_url": "https://api.github.com/repos/visitworld123/FedFed",
        "labels_url": "https://api.github.com/repos/visitworld123/FedFed/issues/3/labels{/name}",
        "comments_url": "https://api.github.com/repos/visitworld123/FedFed/issues/3/comments",
        "events_url": "https://api.github.com/repos/visitworld123/FedFed/issues/3/events",
        "html_url": "https://github.com/visitworld123/FedFed/issues/3",
        "id": 2243549009,
        "node_id": "I_kwDOKeX9XM6FuddR",
        "number": 3,
        "title": "Confusion about the sharing data",
        "user": {
            "login": "lhq12",
            "id": 45817821,
            "node_id": "MDQ6VXNlcjQ1ODE3ODIx",
            "avatar_url": "https://avatars.githubusercontent.com/u/45817821?v=4",
            "gravatar_id": "",
            "url": "https://api.github.com/users/lhq12",
            "html_url": "https://github.com/lhq12",
            "followers_url": "https://api.github.com/users/lhq12/followers",
            "following_url": "https://api.github.com/users/lhq12/following{/other_user}",
            "gists_url": "https://api.github.com/users/lhq12/gists{/gist_id}",
            "starred_url": "https://api.github.com/users/lhq12/starred{/owner}{/repo}",
            "subscriptions_url": "https://api.github.com/users/lhq12/subscriptions",
            "organizations_url": "https://api.github.com/users/lhq12/orgs",
            "repos_url": "https://api.github.com/users/lhq12/repos",
            "events_url": "https://api.github.com/users/lhq12/events{/privacy}",
            "received_events_url": "https://api.github.com/users/lhq12/received_events",
            "type": "User",
            "user_view_type": "public",
            "site_admin": false
        },
        "labels": [],
        "state": "closed",
        "locked": false,
        "assignee": null,
        "assignees": [],
        "milestone": null,
        "comments": 17,
        "created_at": "2024-04-15T12:25:27Z",
        "updated_at": "2024-04-26T01:27:43Z",
        "closed_at": "2024-04-18T00:53:07Z",
        "author_association": "NONE",
        "active_lock_reason": null,
        "sub_issues_summary": {
            "total": 0,
            "completed": 0,
            "percent_completed": 0
        },
        "body": "Thanks for the awesome work. I find in the code that you actually share two views of the same data (i.e. share_data1, share_data2).\r\nMy question is :  1) To my understanding, sharing multiple views of the same data can potentially improve model performance by providing complementary information, will the performance drop if only one view is shared?\r\n2) combining them can provide a more comprehensive understanding of the underlying data distribution, will this lead to more privacy leakage?",
        "closed_by": {
            "login": "visitworld123",
            "id": 44522582,
            "node_id": "MDQ6VXNlcjQ0NTIyNTgy",
            "avatar_url": "https://avatars.githubusercontent.com/u/44522582?v=4",
            "gravatar_id": "",
            "url": "https://api.github.com/users/visitworld123",
            "html_url": "https://github.com/visitworld123",
            "followers_url": "https://api.github.com/users/visitworld123/followers",
            "following_url": "https://api.github.com/users/visitworld123/following{/other_user}",
            "gists_url": "https://api.github.com/users/visitworld123/gists{/gist_id}",
            "starred_url": "https://api.github.com/users/visitworld123/starred{/owner}{/repo}",
            "subscriptions_url": "https://api.github.com/users/visitworld123/subscriptions",
            "organizations_url": "https://api.github.com/users/visitworld123/orgs",
            "repos_url": "https://api.github.com/users/visitworld123/repos",
            "events_url": "https://api.github.com/users/visitworld123/events{/privacy}",
            "received_events_url": "https://api.github.com/users/visitworld123/received_events",
            "type": "User",
            "user_view_type": "public",
            "site_admin": false
        },
        "reactions": {
            "url": "https://api.github.com/repos/visitworld123/FedFed/issues/3/reactions",
            "total_count": 0,
            "+1": 0,
            "-1": 0,
            "laugh": 0,
            "hooray": 0,
            "confused": 0,
            "heart": 0,
            "rocket": 0,
            "eyes": 0
        },
        "timeline_url": "https://api.github.com/repos/visitworld123/FedFed/issues/3/timeline",
        "performed_via_github_app": null,
        "state_reason": "completed"
    },
    {
        "url": "https://api.github.com/repos/visitworld123/FedFed/issues/2",
        "repository_url": "https://api.github.com/repos/visitworld123/FedFed",
        "labels_url": "https://api.github.com/repos/visitworld123/FedFed/issues/2/labels{/name}",
        "comments_url": "https://api.github.com/repos/visitworld123/FedFed/issues/2/comments",
        "events_url": "https://api.github.com/repos/visitworld123/FedFed/issues/2/events",
        "html_url": "https://github.com/visitworld123/FedFed/issues/2",
        "id": 2091713570,
        "node_id": "I_kwDOKeX9XM58rQQi",
        "number": 2,
        "title": "Query about the noise level and privacy level",
        "user": {
            "login": "XTxiatong",
            "id": 26398708,
            "node_id": "MDQ6VXNlcjI2Mzk4NzA4",
            "avatar_url": "https://avatars.githubusercontent.com/u/26398708?v=4",
            "gravatar_id": "",
            "url": "https://api.github.com/users/XTxiatong",
            "html_url": "https://github.com/XTxiatong",
            "followers_url": "https://api.github.com/users/XTxiatong/followers",
            "following_url": "https://api.github.com/users/XTxiatong/following{/other_user}",
            "gists_url": "https://api.github.com/users/XTxiatong/gists{/gist_id}",
            "starred_url": "https://api.github.com/users/XTxiatong/starred{/owner}{/repo}",
            "subscriptions_url": "https://api.github.com/users/XTxiatong/subscriptions",
            "organizations_url": "https://api.github.com/users/XTxiatong/orgs",
            "repos_url": "https://api.github.com/users/XTxiatong/repos",
            "events_url": "https://api.github.com/users/XTxiatong/events{/privacy}",
            "received_events_url": "https://api.github.com/users/XTxiatong/received_events",
            "type": "User",
            "user_view_type": "public",
            "site_admin": false
        },
        "labels": [],
        "state": "closed",
        "locked": false,
        "assignee": null,
        "assignees": [],
        "milestone": null,
        "comments": 2,
        "created_at": "2024-01-19T23:51:19Z",
        "updated_at": "2024-01-21T16:17:42Z",
        "closed_at": "2024-01-21T16:17:42Z",
        "author_association": "NONE",
        "active_lock_reason": null,
        "sub_issues_summary": {
            "total": 0,
            "completed": 0,
            "percent_completed": 0
        },
        "body": "Thanks for the code. May I ask why two noise levels are added to the shared features, i.e., VAE_std1: 0.2. VAE_std2: 0.25? How is this correspnding to the paper? ",
        "closed_by": {
            "login": "visitworld123",
            "id": 44522582,
            "node_id": "MDQ6VXNlcjQ0NTIyNTgy",
            "avatar_url": "https://avatars.githubusercontent.com/u/44522582?v=4",
            "gravatar_id": "",
            "url": "https://api.github.com/users/visitworld123",
            "html_url": "https://github.com/visitworld123",
            "followers_url": "https://api.github.com/users/visitworld123/followers",
            "following_url": "https://api.github.com/users/visitworld123/following{/other_user}",
            "gists_url": "https://api.github.com/users/visitworld123/gists{/gist_id}",
            "starred_url": "https://api.github.com/users/visitworld123/starred{/owner}{/repo}",
            "subscriptions_url": "https://api.github.com/users/visitworld123/subscriptions",
            "organizations_url": "https://api.github.com/users/visitworld123/orgs",
            "repos_url": "https://api.github.com/users/visitworld123/repos",
            "events_url": "https://api.github.com/users/visitworld123/events{/privacy}",
            "received_events_url": "https://api.github.com/users/visitworld123/received_events",
            "type": "User",
            "user_view_type": "public",
            "site_admin": false
        },
        "reactions": {
            "url": "https://api.github.com/repos/visitworld123/FedFed/issues/2/reactions",
            "total_count": 0,
            "+1": 0,
            "-1": 0,
            "laugh": 0,
            "hooray": 0,
            "confused": 0,
            "heart": 0,
            "rocket": 0,
            "eyes": 0
        },
        "timeline_url": "https://api.github.com/repos/visitworld123/FedFed/issues/2/timeline",
        "performed_via_github_app": null,
        "state_reason": "completed"
    }
]