[
    {
        "url": "https://api.github.com/repos/vrt1shjwlkr/NDSS21-Model-Poisoning/issues/4",
        "repository_url": "https://api.github.com/repos/vrt1shjwlkr/NDSS21-Model-Poisoning",
        "labels_url": "https://api.github.com/repos/vrt1shjwlkr/NDSS21-Model-Poisoning/issues/4/labels{/name}",
        "comments_url": "https://api.github.com/repos/vrt1shjwlkr/NDSS21-Model-Poisoning/issues/4/comments",
        "events_url": "https://api.github.com/repos/vrt1shjwlkr/NDSS21-Model-Poisoning/issues/4/events",
        "html_url": "https://github.com/vrt1shjwlkr/NDSS21-Model-Poisoning/issues/4",
        "id": 1648596043,
        "node_id": "I_kwDOFFBoeM5iQ5RL",
        "number": 4,
        "title": "Realization of PGA",
        "user": {
            "login": "private-mechanism",
            "id": 45845531,
            "node_id": "MDQ6VXNlcjQ1ODQ1NTMx",
            "avatar_url": "https://avatars.githubusercontent.com/u/45845531?v=4",
            "gravatar_id": "",
            "url": "https://api.github.com/users/private-mechanism",
            "html_url": "https://github.com/private-mechanism",
            "followers_url": "https://api.github.com/users/private-mechanism/followers",
            "following_url": "https://api.github.com/users/private-mechanism/following{/other_user}",
            "gists_url": "https://api.github.com/users/private-mechanism/gists{/gist_id}",
            "starred_url": "https://api.github.com/users/private-mechanism/starred{/owner}{/repo}",
            "subscriptions_url": "https://api.github.com/users/private-mechanism/subscriptions",
            "organizations_url": "https://api.github.com/users/private-mechanism/orgs",
            "repos_url": "https://api.github.com/users/private-mechanism/repos",
            "events_url": "https://api.github.com/users/private-mechanism/events{/privacy}",
            "received_events_url": "https://api.github.com/users/private-mechanism/received_events",
            "type": "User",
            "user_view_type": "public",
            "site_admin": false
        },
        "labels": [],
        "state": "open",
        "locked": false,
        "assignee": null,
        "assignees": [],
        "milestone": null,
        "comments": 0,
        "created_at": "2023-03-31T03:06:20Z",
        "updated_at": "2023-03-31T03:06:20Z",
        "closed_at": null,
        "author_association": "NONE",
        "active_lock_reason": null,
        "sub_issues_summary": {
            "total": 0,
            "completed": 0,
            "percent_completed": 0
        },
        "body": "Dear author, where can I find  the code of the PGA attack shown in the paper?",
        "closed_by": null,
        "reactions": {
            "url": "https://api.github.com/repos/vrt1shjwlkr/NDSS21-Model-Poisoning/issues/4/reactions",
            "total_count": 0,
            "+1": 0,
            "-1": 0,
            "laugh": 0,
            "hooray": 0,
            "confused": 0,
            "heart": 0,
            "rocket": 0,
            "eyes": 0
        },
        "timeline_url": "https://api.github.com/repos/vrt1shjwlkr/NDSS21-Model-Poisoning/issues/4/timeline",
        "performed_via_github_app": null,
        "state_reason": null
    },
    {
        "url": "https://api.github.com/repos/vrt1shjwlkr/NDSS21-Model-Poisoning/issues/3",
        "repository_url": "https://api.github.com/repos/vrt1shjwlkr/NDSS21-Model-Poisoning",
        "labels_url": "https://api.github.com/repos/vrt1shjwlkr/NDSS21-Model-Poisoning/issues/3/labels{/name}",
        "comments_url": "https://api.github.com/repos/vrt1shjwlkr/NDSS21-Model-Poisoning/issues/3/comments",
        "events_url": "https://api.github.com/repos/vrt1shjwlkr/NDSS21-Model-Poisoning/issues/3/events",
        "html_url": "https://github.com/vrt1shjwlkr/NDSS21-Model-Poisoning/issues/3",
        "id": 1522261867,
        "node_id": "I_kwDOFFBoeM5au99r",
        "number": 3,
        "title": "Fang's adaptive attack to Krum",
        "user": {
            "login": "Karlywang",
            "id": 63827694,
            "node_id": "MDQ6VXNlcjYzODI3Njk0",
            "avatar_url": "https://avatars.githubusercontent.com/u/63827694?v=4",
            "gravatar_id": "",
            "url": "https://api.github.com/users/Karlywang",
            "html_url": "https://github.com/Karlywang",
            "followers_url": "https://api.github.com/users/Karlywang/followers",
            "following_url": "https://api.github.com/users/Karlywang/following{/other_user}",
            "gists_url": "https://api.github.com/users/Karlywang/gists{/gist_id}",
            "starred_url": "https://api.github.com/users/Karlywang/starred{/owner}{/repo}",
            "subscriptions_url": "https://api.github.com/users/Karlywang/subscriptions",
            "organizations_url": "https://api.github.com/users/Karlywang/orgs",
            "repos_url": "https://api.github.com/users/Karlywang/repos",
            "events_url": "https://api.github.com/users/Karlywang/events{/privacy}",
            "received_events_url": "https://api.github.com/users/Karlywang/received_events",
            "type": "User",
            "user_view_type": "public",
            "site_admin": false
        },
        "labels": [],
        "state": "closed",
        "locked": false,
        "assignee": null,
        "assignees": [],
        "milestone": null,
        "comments": 0,
        "created_at": "2023-01-06T09:32:59Z",
        "updated_at": "2023-01-16T10:34:26Z",
        "closed_at": "2023-01-16T10:34:26Z",
        "author_association": "NONE",
        "active_lock_reason": null,
        "sub_issues_summary": {
            "total": 0,
            "completed": 0,
            "percent_completed": 0
        },
        "body": "In `compute_lambda_fang` function, [Code for Fang attack on krum](https://github.com/vrt1shjwlkr/NDSS21-Model-Poisoning/blob/main/cifar10/release-fedsgd-alexnet-mkrum.ipynb), Cell 7,\r\n\r\n`term_1 = min_score / ((n_benign - n_attackers - 1) * torch.sqrt(torch.Tensor([d]))[0])`\r\n\r\nshould be\r\n`term_1 = min_score / ((n_benign - 2 * n_attackers - 1) * torch.sqrt(torch.Tensor([d]))[0])`\r\nbased on equation 3 from the [original paper](https://www.usenix.org/system/files/sec20summer_fang_prepub.pdf)\r\n\r\nPlease correct me if I am wrong :)",
        "closed_by": {
            "login": "Karlywang",
            "id": 63827694,
            "node_id": "MDQ6VXNlcjYzODI3Njk0",
            "avatar_url": "https://avatars.githubusercontent.com/u/63827694?v=4",
            "gravatar_id": "",
            "url": "https://api.github.com/users/Karlywang",
            "html_url": "https://github.com/Karlywang",
            "followers_url": "https://api.github.com/users/Karlywang/followers",
            "following_url": "https://api.github.com/users/Karlywang/following{/other_user}",
            "gists_url": "https://api.github.com/users/Karlywang/gists{/gist_id}",
            "starred_url": "https://api.github.com/users/Karlywang/starred{/owner}{/repo}",
            "subscriptions_url": "https://api.github.com/users/Karlywang/subscriptions",
            "organizations_url": "https://api.github.com/users/Karlywang/orgs",
            "repos_url": "https://api.github.com/users/Karlywang/repos",
            "events_url": "https://api.github.com/users/Karlywang/events{/privacy}",
            "received_events_url": "https://api.github.com/users/Karlywang/received_events",
            "type": "User",
            "user_view_type": "public",
            "site_admin": false
        },
        "reactions": {
            "url": "https://api.github.com/repos/vrt1shjwlkr/NDSS21-Model-Poisoning/issues/3/reactions",
            "total_count": 0,
            "+1": 0,
            "-1": 0,
            "laugh": 0,
            "hooray": 0,
            "confused": 0,
            "heart": 0,
            "rocket": 0,
            "eyes": 0
        },
        "timeline_url": "https://api.github.com/repos/vrt1shjwlkr/NDSS21-Model-Poisoning/issues/3/timeline",
        "performed_via_github_app": null,
        "state_reason": "completed"
    },
    {
        "url": "https://api.github.com/repos/vrt1shjwlkr/NDSS21-Model-Poisoning/issues/2",
        "repository_url": "https://api.github.com/repos/vrt1shjwlkr/NDSS21-Model-Poisoning",
        "labels_url": "https://api.github.com/repos/vrt1shjwlkr/NDSS21-Model-Poisoning/issues/2/labels{/name}",
        "comments_url": "https://api.github.com/repos/vrt1shjwlkr/NDSS21-Model-Poisoning/issues/2/comments",
        "events_url": "https://api.github.com/repos/vrt1shjwlkr/NDSS21-Model-Poisoning/issues/2/events",
        "html_url": "https://github.com/vrt1shjwlkr/NDSS21-Model-Poisoning/issues/2",
        "id": 1374611975,
        "node_id": "I_kwDOFFBoeM5R7uoH",
        "number": 2,
        "title": "Fang's adaptive attack to Median and Trmean.",
        "user": {
            "login": "lishenghui",
            "id": 56755658,
            "node_id": "MDQ6VXNlcjU2NzU1NjU4",
            "avatar_url": "https://avatars.githubusercontent.com/u/56755658?v=4",
            "gravatar_id": "",
            "url": "https://api.github.com/users/lishenghui",
            "html_url": "https://github.com/lishenghui",
            "followers_url": "https://api.github.com/users/lishenghui/followers",
            "following_url": "https://api.github.com/users/lishenghui/following{/other_user}",
            "gists_url": "https://api.github.com/users/lishenghui/gists{/gist_id}",
            "starred_url": "https://api.github.com/users/lishenghui/starred{/owner}{/repo}",
            "subscriptions_url": "https://api.github.com/users/lishenghui/subscriptions",
            "organizations_url": "https://api.github.com/users/lishenghui/orgs",
            "repos_url": "https://api.github.com/users/lishenghui/repos",
            "events_url": "https://api.github.com/users/lishenghui/events{/privacy}",
            "received_events_url": "https://api.github.com/users/lishenghui/received_events",
            "type": "User",
            "user_view_type": "public",
            "site_admin": false
        },
        "labels": [],
        "state": "closed",
        "locked": false,
        "assignee": null,
        "assignees": [],
        "milestone": null,
        "comments": 1,
        "created_at": "2022-09-15T14:20:56Z",
        "updated_at": "2022-11-10T09:27:34Z",
        "closed_at": "2022-11-10T09:27:34Z",
        "author_association": "NONE",
        "active_lock_reason": null,
        "sub_issues_summary": {
            "total": 0,
            "completed": 0,
            "percent_completed": 0
        },
        "body": "In `get_malicious_updates_fang_trmean` function, [`Fang's adaptive attack to Median and Trmean ](https://github.com/vrt1shjwlkr/NDSS21-Model-Poisoning/blob/main/cifar10/release-fedsgd-alexnet-trmean.ipynb), Cell 7, \r\n\r\n`mal_vec = (torch.stack([(deviation > 0).type(torch.FloatTensor)] * max_rand.shape[1]).T.cuda() * max_rand + torch.stack(\r\n        [(deviation > 0).type(torch.FloatTensor)] * min_rand.shape[1]).T.cuda() * min_rand).T\r\n`. \r\n\r\nShould it be\r\n`mal_vec = (torch.stack([(deviation < 0).type(torch.FloatTensor)] * max_rand.shape[1]).T.cuda() * max_rand + torch.stack(\r\n        [(deviation > 0).type(torch.FloatTensor)] * min_rand.shape[1]).T.cuda() * min_rand).T\r\n` instead? As it should sample from [w_max, b * w_max] if `deviation < 0`.\r\n",
        "closed_by": {
            "login": "lishenghui",
            "id": 56755658,
            "node_id": "MDQ6VXNlcjU2NzU1NjU4",
            "avatar_url": "https://avatars.githubusercontent.com/u/56755658?v=4",
            "gravatar_id": "",
            "url": "https://api.github.com/users/lishenghui",
            "html_url": "https://github.com/lishenghui",
            "followers_url": "https://api.github.com/users/lishenghui/followers",
            "following_url": "https://api.github.com/users/lishenghui/following{/other_user}",
            "gists_url": "https://api.github.com/users/lishenghui/gists{/gist_id}",
            "starred_url": "https://api.github.com/users/lishenghui/starred{/owner}{/repo}",
            "subscriptions_url": "https://api.github.com/users/lishenghui/subscriptions",
            "organizations_url": "https://api.github.com/users/lishenghui/orgs",
            "repos_url": "https://api.github.com/users/lishenghui/repos",
            "events_url": "https://api.github.com/users/lishenghui/events{/privacy}",
            "received_events_url": "https://api.github.com/users/lishenghui/received_events",
            "type": "User",
            "user_view_type": "public",
            "site_admin": false
        },
        "reactions": {
            "url": "https://api.github.com/repos/vrt1shjwlkr/NDSS21-Model-Poisoning/issues/2/reactions",
            "total_count": 0,
            "+1": 0,
            "-1": 0,
            "laugh": 0,
            "hooray": 0,
            "confused": 0,
            "heart": 0,
            "rocket": 0,
            "eyes": 0
        },
        "timeline_url": "https://api.github.com/repos/vrt1shjwlkr/NDSS21-Model-Poisoning/issues/2/timeline",
        "performed_via_github_app": null,
        "state_reason": "completed"
    },
    {
        "url": "https://api.github.com/repos/vrt1shjwlkr/NDSS21-Model-Poisoning/issues/1",
        "repository_url": "https://api.github.com/repos/vrt1shjwlkr/NDSS21-Model-Poisoning",
        "labels_url": "https://api.github.com/repos/vrt1shjwlkr/NDSS21-Model-Poisoning/issues/1/labels{/name}",
        "comments_url": "https://api.github.com/repos/vrt1shjwlkr/NDSS21-Model-Poisoning/issues/1/comments",
        "events_url": "https://api.github.com/repos/vrt1shjwlkr/NDSS21-Model-Poisoning/issues/1/events",
        "html_url": "https://github.com/vrt1shjwlkr/NDSS21-Model-Poisoning/issues/1",
        "id": 1303126283,
        "node_id": "I_kwDOFFBoeM5NrCEL",
        "number": 1,
        "title": "The realization of the Dnc in paper.",
        "user": {
            "login": "lmTEDug",
            "id": 52313074,
            "node_id": "MDQ6VXNlcjUyMzEzMDc0",
            "avatar_url": "https://avatars.githubusercontent.com/u/52313074?v=4",
            "gravatar_id": "",
            "url": "https://api.github.com/users/lmTEDug",
            "html_url": "https://github.com/lmTEDug",
            "followers_url": "https://api.github.com/users/lmTEDug/followers",
            "following_url": "https://api.github.com/users/lmTEDug/following{/other_user}",
            "gists_url": "https://api.github.com/users/lmTEDug/gists{/gist_id}",
            "starred_url": "https://api.github.com/users/lmTEDug/starred{/owner}{/repo}",
            "subscriptions_url": "https://api.github.com/users/lmTEDug/subscriptions",
            "organizations_url": "https://api.github.com/users/lmTEDug/orgs",
            "repos_url": "https://api.github.com/users/lmTEDug/repos",
            "events_url": "https://api.github.com/users/lmTEDug/events{/privacy}",
            "received_events_url": "https://api.github.com/users/lmTEDug/received_events",
            "type": "User",
            "user_view_type": "public",
            "site_admin": false
        },
        "labels": [],
        "state": "open",
        "locked": false,
        "assignee": null,
        "assignees": [],
        "milestone": null,
        "comments": 6,
        "created_at": "2022-07-13T08:59:45Z",
        "updated_at": "2023-11-13T11:32:45Z",
        "closed_at": null,
        "author_association": "NONE",
        "active_lock_reason": null,
        "sub_issues_summary": {
            "total": 0,
            "completed": 0,
            "percent_completed": 0
        },
        "body": "Can I have the relevant code for the defense mechanism, please?",
        "closed_by": null,
        "reactions": {
            "url": "https://api.github.com/repos/vrt1shjwlkr/NDSS21-Model-Poisoning/issues/1/reactions",
            "total_count": 3,
            "+1": 3,
            "-1": 0,
            "laugh": 0,
            "hooray": 0,
            "confused": 0,
            "heart": 0,
            "rocket": 0,
            "eyes": 0
        },
        "timeline_url": "https://api.github.com/repos/vrt1shjwlkr/NDSS21-Model-Poisoning/issues/1/timeline",
        "performed_via_github_app": null,
        "state_reason": null
    }
]