[
    {
        "url": "https://api.github.com/repos/weimingwill/EasyFL/issues/29",
        "repository_url": "https://api.github.com/repos/weimingwill/EasyFL",
        "labels_url": "https://api.github.com/repos/weimingwill/EasyFL/issues/29/labels{/name}",
        "comments_url": "https://api.github.com/repos/weimingwill/EasyFL/issues/29/comments",
        "events_url": "https://api.github.com/repos/weimingwill/EasyFL/issues/29/events",
        "html_url": "https://github.com/weimingwill/EasyFL/issues/29",
        "id": 2440030337,
        "node_id": "I_kwDOHJbHuc6Rb-iB",
        "number": 29,
        "title": "Inquiry Regarding Debugging Distributed Training Setups in EasyFL",
        "user": {
            "login": "suatap-alt",
            "id": 104417602,
            "node_id": "U_kgDOBjlJQg",
            "avatar_url": "https://avatars.githubusercontent.com/u/104417602?v=4",
            "gravatar_id": "",
            "url": "https://api.github.com/users/suatap-alt",
            "html_url": "https://github.com/suatap-alt",
            "followers_url": "https://api.github.com/users/suatap-alt/followers",
            "following_url": "https://api.github.com/users/suatap-alt/following{/other_user}",
            "gists_url": "https://api.github.com/users/suatap-alt/gists{/gist_id}",
            "starred_url": "https://api.github.com/users/suatap-alt/starred{/owner}{/repo}",
            "subscriptions_url": "https://api.github.com/users/suatap-alt/subscriptions",
            "organizations_url": "https://api.github.com/users/suatap-alt/orgs",
            "repos_url": "https://api.github.com/users/suatap-alt/repos",
            "events_url": "https://api.github.com/users/suatap-alt/events{/privacy}",
            "received_events_url": "https://api.github.com/users/suatap-alt/received_events",
            "type": "User",
            "user_view_type": "public",
            "site_admin": false
        },
        "labels": [],
        "state": "open",
        "locked": false,
        "assignee": null,
        "assignees": [],
        "milestone": null,
        "comments": 1,
        "created_at": "2024-07-31T13:12:14Z",
        "updated_at": "2024-08-14T17:05:41Z",
        "closed_at": null,
        "author_association": "NONE",
        "active_lock_reason": null,
        "sub_issues_summary": {
            "total": 0,
            "completed": 0,
            "percent_completed": 0
        },
        "body": "Hello, I hope this message finds you well. I am reaching out to inquire about the best practices for debugging distributed training setups, especially when deploying to Kubernetes with Docker. Could you provide guidance or resources to help mitigate any complexity and ensure a smooth debugging process?\r\n\r\n",
        "closed_by": null,
        "reactions": {
            "url": "https://api.github.com/repos/weimingwill/EasyFL/issues/29/reactions",
            "total_count": 0,
            "+1": 0,
            "-1": 0,
            "laugh": 0,
            "hooray": 0,
            "confused": 0,
            "heart": 0,
            "rocket": 0,
            "eyes": 0
        },
        "timeline_url": "https://api.github.com/repos/weimingwill/EasyFL/issues/29/timeline",
        "performed_via_github_app": null,
        "state_reason": null
    },
    {
        "url": "https://api.github.com/repos/weimingwill/EasyFL/issues/28",
        "repository_url": "https://api.github.com/repos/weimingwill/EasyFL",
        "labels_url": "https://api.github.com/repos/weimingwill/EasyFL/issues/28/labels{/name}",
        "comments_url": "https://api.github.com/repos/weimingwill/EasyFL/issues/28/comments",
        "events_url": "https://api.github.com/repos/weimingwill/EasyFL/issues/28/events",
        "html_url": "https://github.com/weimingwill/EasyFL/issues/28",
        "id": 2164726904,
        "node_id": "I_kwDOHJbHuc6BBxx4",
        "number": 28,
        "title": "Accuracy Results for FEDMA",
        "user": {
            "login": "Radleye",
            "id": 24860639,
            "node_id": "MDQ6VXNlcjI0ODYwNjM5",
            "avatar_url": "https://avatars.githubusercontent.com/u/24860639?v=4",
            "gravatar_id": "",
            "url": "https://api.github.com/users/Radleye",
            "html_url": "https://github.com/Radleye",
            "followers_url": "https://api.github.com/users/Radleye/followers",
            "following_url": "https://api.github.com/users/Radleye/following{/other_user}",
            "gists_url": "https://api.github.com/users/Radleye/gists{/gist_id}",
            "starred_url": "https://api.github.com/users/Radleye/starred{/owner}{/repo}",
            "subscriptions_url": "https://api.github.com/users/Radleye/subscriptions",
            "organizations_url": "https://api.github.com/users/Radleye/orgs",
            "repos_url": "https://api.github.com/users/Radleye/repos",
            "events_url": "https://api.github.com/users/Radleye/events{/privacy}",
            "received_events_url": "https://api.github.com/users/Radleye/received_events",
            "type": "User",
            "user_view_type": "public",
            "site_admin": false
        },
        "labels": [],
        "state": "open",
        "locked": false,
        "assignee": null,
        "assignees": [],
        "milestone": null,
        "comments": 0,
        "created_at": "2024-03-02T09:21:56Z",
        "updated_at": "2024-03-02T09:21:56Z",
        "closed_at": null,
        "author_association": "NONE",
        "active_lock_reason": null,
        "sub_issues_summary": {
            "total": 0,
            "completed": 0,
            "percent_completed": 0
        },
        "body": "Thank you for your great work! \r\nWhile I was able to successfully execute the experiments, I encountered a slight discrepancy in the accuracy results. Specifically, I achieved an accuracy of 82.1%, which is slightly lower than the 83.34% reported in the paper. \r\nI want to know ae there any specific environmental or dependency versions that are critical to achieving the reported accuracy?",
        "closed_by": null,
        "reactions": {
            "url": "https://api.github.com/repos/weimingwill/EasyFL/issues/28/reactions",
            "total_count": 0,
            "+1": 0,
            "-1": 0,
            "laugh": 0,
            "hooray": 0,
            "confused": 0,
            "heart": 0,
            "rocket": 0,
            "eyes": 0
        },
        "timeline_url": "https://api.github.com/repos/weimingwill/EasyFL/issues/28/timeline",
        "performed_via_github_app": null,
        "state_reason": null
    },
    {
        "url": "https://api.github.com/repos/weimingwill/EasyFL/issues/27",
        "repository_url": "https://api.github.com/repos/weimingwill/EasyFL",
        "labels_url": "https://api.github.com/repos/weimingwill/EasyFL/issues/27/labels{/name}",
        "comments_url": "https://api.github.com/repos/weimingwill/EasyFL/issues/27/comments",
        "events_url": "https://api.github.com/repos/weimingwill/EasyFL/issues/27/events",
        "html_url": "https://github.com/weimingwill/EasyFL/issues/27",
        "id": 2081560915,
        "node_id": "I_kwDOHJbHuc58EhlT",
        "number": 27,
        "title": "plotting issue",
        "user": {
            "login": "goddess1992",
            "id": 46294084,
            "node_id": "MDQ6VXNlcjQ2Mjk0MDg0",
            "avatar_url": "https://avatars.githubusercontent.com/u/46294084?v=4",
            "gravatar_id": "",
            "url": "https://api.github.com/users/goddess1992",
            "html_url": "https://github.com/goddess1992",
            "followers_url": "https://api.github.com/users/goddess1992/followers",
            "following_url": "https://api.github.com/users/goddess1992/following{/other_user}",
            "gists_url": "https://api.github.com/users/goddess1992/gists{/gist_id}",
            "starred_url": "https://api.github.com/users/goddess1992/starred{/owner}{/repo}",
            "subscriptions_url": "https://api.github.com/users/goddess1992/subscriptions",
            "organizations_url": "https://api.github.com/users/goddess1992/orgs",
            "repos_url": "https://api.github.com/users/goddess1992/repos",
            "events_url": "https://api.github.com/users/goddess1992/events{/privacy}",
            "received_events_url": "https://api.github.com/users/goddess1992/received_events",
            "type": "User",
            "user_view_type": "public",
            "site_admin": false
        },
        "labels": [],
        "state": "open",
        "locked": false,
        "assignee": null,
        "assignees": [],
        "milestone": null,
        "comments": 0,
        "created_at": "2024-01-15T09:03:49Z",
        "updated_at": "2024-01-15T09:03:49Z",
        "closed_at": null,
        "author_association": "NONE",
        "active_lock_reason": null,
        "sub_issues_summary": {
            "total": 0,
            "completed": 0,
            "percent_completed": 0
        },
        "body": "Hi, I am trying Easyfl but faced some issues with plotting loss graph. is there any supporting material about it?",
        "closed_by": null,
        "reactions": {
            "url": "https://api.github.com/repos/weimingwill/EasyFL/issues/27/reactions",
            "total_count": 0,
            "+1": 0,
            "-1": 0,
            "laugh": 0,
            "hooray": 0,
            "confused": 0,
            "heart": 0,
            "rocket": 0,
            "eyes": 0
        },
        "timeline_url": "https://api.github.com/repos/weimingwill/EasyFL/issues/27/timeline",
        "performed_via_github_app": null,
        "state_reason": null
    },
    {
        "url": "https://api.github.com/repos/weimingwill/EasyFL/issues/26",
        "repository_url": "https://api.github.com/repos/weimingwill/EasyFL",
        "labels_url": "https://api.github.com/repos/weimingwill/EasyFL/issues/26/labels{/name}",
        "comments_url": "https://api.github.com/repos/weimingwill/EasyFL/issues/26/comments",
        "events_url": "https://api.github.com/repos/weimingwill/EasyFL/issues/26/events",
        "html_url": "https://github.com/weimingwill/EasyFL/issues/26",
        "id": 2050619189,
        "node_id": "I_kwDOHJbHuc56Ofc1",
        "number": 26,
        "title": "I have a question about the semi_supervised_evaluation.py script in FedSSL.",
        "user": {
            "login": "ss3b3",
            "id": 37356676,
            "node_id": "MDQ6VXNlcjM3MzU2Njc2",
            "avatar_url": "https://avatars.githubusercontent.com/u/37356676?v=4",
            "gravatar_id": "",
            "url": "https://api.github.com/users/ss3b3",
            "html_url": "https://github.com/ss3b3",
            "followers_url": "https://api.github.com/users/ss3b3/followers",
            "following_url": "https://api.github.com/users/ss3b3/following{/other_user}",
            "gists_url": "https://api.github.com/users/ss3b3/gists{/gist_id}",
            "starred_url": "https://api.github.com/users/ss3b3/starred{/owner}{/repo}",
            "subscriptions_url": "https://api.github.com/users/ss3b3/subscriptions",
            "organizations_url": "https://api.github.com/users/ss3b3/orgs",
            "repos_url": "https://api.github.com/users/ss3b3/repos",
            "events_url": "https://api.github.com/users/ss3b3/events{/privacy}",
            "received_events_url": "https://api.github.com/users/ss3b3/received_events",
            "type": "User",
            "user_view_type": "public",
            "site_admin": false
        },
        "labels": [],
        "state": "open",
        "locked": false,
        "assignee": null,
        "assignees": [],
        "milestone": null,
        "comments": 0,
        "created_at": "2023-12-20T14:06:52Z",
        "updated_at": "2023-12-20T14:06:52Z",
        "closed_at": null,
        "author_association": "NONE",
        "active_lock_reason": null,
        "sub_issues_summary": {
            "total": 0,
            "completed": 0,
            "percent_completed": 0
        },
        "body": "`    # fine-tune model\r\n    if args.use_MLP:\r\n        logreg = MLP(num_features, n_classes, 4096)\r\n        logreg = logreg.to(device)\r\n    else:\r\n        logreg = nn.Sequential(nn.Linear(num_features, n_classes))\r\n        logreg = logreg.to(device)\r\n\r\n    # loss / optimizer\r\n    criterion = nn.CrossEntropyLoss()\r\n    optimizer = torch.optim.Adam(params=logreg.parameters(), lr=args.learning_rate)\r\n\r\n    # Train fine-tuned model\r\n    logreg.train()\r\n    resnet.train()\r\n    accs = []\r\n    for epoch in range(args.num_epochs):\r\n        print(\"======epoch {}======\".format(epoch))\r\n        metrics = defaultdict(list)\r\n        for step, (h, y) in enumerate(train_loader):\r\n            h = h.to(device)\r\n            y = y.to(device)\r\n\r\n            outputs = logreg(resnet(h))\r\n\r\n            loss = criterion(outputs, y)\r\n            optimizer.zero_grad()\r\n            loss.backward()\r\n            optimizer.step()\r\n\r\n            # calculate accuracy and save metrics\r\n            accuracy = (outputs.argmax(1) == y).sum().item() / y.size(0)\r\n            metrics[\"Loss/train\"].append(loss.item())\r\n            metrics[\"Accuracy/train\"].append(accuracy)\r\n\r\n        print(f\"Epoch [{epoch}/{args.num_epochs}]: \" + \"\\t\".join(\r\n            [f\"{k}: {np.array(v).mean()}\" for k, v in metrics.items()]))\r\n\r\n        if epoch % 1 == 0:\r\n            acc = test_whole(resnet, logreg, device, test_loader, args.model_path)\r\n            if epoch <= 100:\r\n                accs.append(acc)\r\n    test_whole(resnet, logreg, device, test_loader, args.model_path)\r\n    print(args.model_path)\r\n    print(f\"Best one for 100 epoch is {max(accs):.4f}\")`\r\n\r\nI have a question about the semi_supervised_evaluation.py script in FedSSL. During the finetuning process, the parameters of the Adam optimizer are set as logreg.parameters(). Does this mean that during finetuning, the parameters of the encoder won't be changed, and only the logreg model will be trained? Is this correct?",
        "closed_by": null,
        "reactions": {
            "url": "https://api.github.com/repos/weimingwill/EasyFL/issues/26/reactions",
            "total_count": 0,
            "+1": 0,
            "-1": 0,
            "laugh": 0,
            "hooray": 0,
            "confused": 0,
            "heart": 0,
            "rocket": 0,
            "eyes": 0
        },
        "timeline_url": "https://api.github.com/repos/weimingwill/EasyFL/issues/26/timeline",
        "performed_via_github_app": null,
        "state_reason": null
    },
    {
        "url": "https://api.github.com/repos/weimingwill/EasyFL/issues/25",
        "repository_url": "https://api.github.com/repos/weimingwill/EasyFL",
        "labels_url": "https://api.github.com/repos/weimingwill/EasyFL/issues/25/labels{/name}",
        "comments_url": "https://api.github.com/repos/weimingwill/EasyFL/issues/25/comments",
        "events_url": "https://api.github.com/repos/weimingwill/EasyFL/issues/25/events",
        "html_url": "https://github.com/weimingwill/EasyFL/issues/25",
        "id": 1960036317,
        "node_id": "I_kwDOHJbHuc5008fd",
        "number": 25,
        "title": "support for other models",
        "user": {
            "login": "omaralnajar",
            "id": 63685042,
            "node_id": "MDQ6VXNlcjYzNjg1MDQy",
            "avatar_url": "https://avatars.githubusercontent.com/u/63685042?v=4",
            "gravatar_id": "",
            "url": "https://api.github.com/users/omaralnajar",
            "html_url": "https://github.com/omaralnajar",
            "followers_url": "https://api.github.com/users/omaralnajar/followers",
            "following_url": "https://api.github.com/users/omaralnajar/following{/other_user}",
            "gists_url": "https://api.github.com/users/omaralnajar/gists{/gist_id}",
            "starred_url": "https://api.github.com/users/omaralnajar/starred{/owner}{/repo}",
            "subscriptions_url": "https://api.github.com/users/omaralnajar/subscriptions",
            "organizations_url": "https://api.github.com/users/omaralnajar/orgs",
            "repos_url": "https://api.github.com/users/omaralnajar/repos",
            "events_url": "https://api.github.com/users/omaralnajar/events{/privacy}",
            "received_events_url": "https://api.github.com/users/omaralnajar/received_events",
            "type": "User",
            "user_view_type": "public",
            "site_admin": false
        },
        "labels": [],
        "state": "open",
        "locked": false,
        "assignee": null,
        "assignees": [],
        "milestone": null,
        "comments": 0,
        "created_at": "2023-10-24T20:37:38Z",
        "updated_at": "2023-10-24T20:37:38Z",
        "closed_at": null,
        "author_association": "NONE",
        "active_lock_reason": null,
        "sub_issues_summary": {
            "total": 0,
            "completed": 0,
            "percent_completed": 0
        },
        "body": "Hi,\r\nI read the configuration file that supports the common DL models. But I have some customized models and non-public datasets as well (for classifying images) and need to use them within this awesome platform. How to apply that?",
        "closed_by": null,
        "reactions": {
            "url": "https://api.github.com/repos/weimingwill/EasyFL/issues/25/reactions",
            "total_count": 0,
            "+1": 0,
            "-1": 0,
            "laugh": 0,
            "hooray": 0,
            "confused": 0,
            "heart": 0,
            "rocket": 0,
            "eyes": 0
        },
        "timeline_url": "https://api.github.com/repos/weimingwill/EasyFL/issues/25/timeline",
        "performed_via_github_app": null,
        "state_reason": null
    },
    {
        "url": "https://api.github.com/repos/weimingwill/EasyFL/issues/24",
        "repository_url": "https://api.github.com/repos/weimingwill/EasyFL",
        "labels_url": "https://api.github.com/repos/weimingwill/EasyFL/issues/24/labels{/name}",
        "comments_url": "https://api.github.com/repos/weimingwill/EasyFL/issues/24/comments",
        "events_url": "https://api.github.com/repos/weimingwill/EasyFL/issues/24/events",
        "html_url": "https://github.com/weimingwill/EasyFL/issues/24",
        "id": 1892611292,
        "node_id": "I_kwDOHJbHuc5wzvTc",
        "number": 24,
        "title": "How to specify the gpu in the training?",
        "user": {
            "login": "lky-violet",
            "id": 83545535,
            "node_id": "MDQ6VXNlcjgzNTQ1NTM1",
            "avatar_url": "https://avatars.githubusercontent.com/u/83545535?v=4",
            "gravatar_id": "",
            "url": "https://api.github.com/users/lky-violet",
            "html_url": "https://github.com/lky-violet",
            "followers_url": "https://api.github.com/users/lky-violet/followers",
            "following_url": "https://api.github.com/users/lky-violet/following{/other_user}",
            "gists_url": "https://api.github.com/users/lky-violet/gists{/gist_id}",
            "starred_url": "https://api.github.com/users/lky-violet/starred{/owner}{/repo}",
            "subscriptions_url": "https://api.github.com/users/lky-violet/subscriptions",
            "organizations_url": "https://api.github.com/users/lky-violet/orgs",
            "repos_url": "https://api.github.com/users/lky-violet/repos",
            "events_url": "https://api.github.com/users/lky-violet/events{/privacy}",
            "received_events_url": "https://api.github.com/users/lky-violet/received_events",
            "type": "User",
            "user_view_type": "public",
            "site_admin": false
        },
        "labels": [],
        "state": "open",
        "locked": false,
        "assignee": null,
        "assignees": [],
        "milestone": null,
        "comments": 1,
        "created_at": "2023-09-12T14:09:58Z",
        "updated_at": "2023-09-23T07:55:28Z",
        "closed_at": null,
        "author_association": "NONE",
        "active_lock_reason": null,
        "sub_issues_summary": {
            "total": 0,
            "completed": 0,
            "percent_completed": 0
        },
        "body": "Hello, I want to use gpu speed up the training process. However the default gpu which id is \"0\" has been occupied. So I want to specify the gpu to train my model. But in the config file I only find the key that specify the number of gpu. So I want to know how to change the config file that I can specify my training gpu id.",
        "closed_by": null,
        "reactions": {
            "url": "https://api.github.com/repos/weimingwill/EasyFL/issues/24/reactions",
            "total_count": 0,
            "+1": 0,
            "-1": 0,
            "laugh": 0,
            "hooray": 0,
            "confused": 0,
            "heart": 0,
            "rocket": 0,
            "eyes": 0
        },
        "timeline_url": "https://api.github.com/repos/weimingwill/EasyFL/issues/24/timeline",
        "performed_via_github_app": null,
        "state_reason": null
    },
    {
        "url": "https://api.github.com/repos/weimingwill/EasyFL/issues/23",
        "repository_url": "https://api.github.com/repos/weimingwill/EasyFL",
        "labels_url": "https://api.github.com/repos/weimingwill/EasyFL/issues/23/labels{/name}",
        "comments_url": "https://api.github.com/repos/weimingwill/EasyFL/issues/23/comments",
        "events_url": "https://api.github.com/repos/weimingwill/EasyFL/issues/23/events",
        "html_url": "https://github.com/weimingwill/EasyFL/issues/23",
        "id": 1881438822,
        "node_id": "I_kwDOHJbHuc5wJHpm",
        "number": 23,
        "title": "Does EasyFL support model heterogenous clients?",
        "user": {
            "login": "Limee-ee",
            "id": 70883011,
            "node_id": "MDQ6VXNlcjcwODgzMDEx",
            "avatar_url": "https://avatars.githubusercontent.com/u/70883011?v=4",
            "gravatar_id": "",
            "url": "https://api.github.com/users/Limee-ee",
            "html_url": "https://github.com/Limee-ee",
            "followers_url": "https://api.github.com/users/Limee-ee/followers",
            "following_url": "https://api.github.com/users/Limee-ee/following{/other_user}",
            "gists_url": "https://api.github.com/users/Limee-ee/gists{/gist_id}",
            "starred_url": "https://api.github.com/users/Limee-ee/starred{/owner}{/repo}",
            "subscriptions_url": "https://api.github.com/users/Limee-ee/subscriptions",
            "organizations_url": "https://api.github.com/users/Limee-ee/orgs",
            "repos_url": "https://api.github.com/users/Limee-ee/repos",
            "events_url": "https://api.github.com/users/Limee-ee/events{/privacy}",
            "received_events_url": "https://api.github.com/users/Limee-ee/received_events",
            "type": "User",
            "user_view_type": "public",
            "site_admin": false
        },
        "labels": [],
        "state": "open",
        "locked": false,
        "assignee": null,
        "assignees": [],
        "milestone": null,
        "comments": 0,
        "created_at": "2023-09-05T08:08:33Z",
        "updated_at": "2023-09-05T08:08:33Z",
        "closed_at": null,
        "author_association": "NONE",
        "active_lock_reason": null,
        "sub_issues_summary": {
            "total": 0,
            "completed": 0,
            "percent_completed": 0
        },
        "body": "How can I declare model heterogeneous clients? And train another model in the server: )",
        "closed_by": null,
        "reactions": {
            "url": "https://api.github.com/repos/weimingwill/EasyFL/issues/23/reactions",
            "total_count": 0,
            "+1": 0,
            "-1": 0,
            "laugh": 0,
            "hooray": 0,
            "confused": 0,
            "heart": 0,
            "rocket": 0,
            "eyes": 0
        },
        "timeline_url": "https://api.github.com/repos/weimingwill/EasyFL/issues/23/timeline",
        "performed_via_github_app": null,
        "state_reason": null
    },
    {
        "url": "https://api.github.com/repos/weimingwill/EasyFL/issues/20",
        "repository_url": "https://api.github.com/repos/weimingwill/EasyFL",
        "labels_url": "https://api.github.com/repos/weimingwill/EasyFL/issues/20/labels{/name}",
        "comments_url": "https://api.github.com/repos/weimingwill/EasyFL/issues/20/comments",
        "events_url": "https://api.github.com/repos/weimingwill/EasyFL/issues/20/events",
        "html_url": "https://github.com/weimingwill/EasyFL/issues/20",
        "id": 1714817094,
        "node_id": "I_kwDOHJbHuc5mNghG",
        "number": 20,
        "title": "I want to join the easyfl.slack.com work area. Where can I apply?",
        "user": {
            "login": "zhuzhu603",
            "id": 34016457,
            "node_id": "MDQ6VXNlcjM0MDE2NDU3",
            "avatar_url": "https://avatars.githubusercontent.com/u/34016457?v=4",
            "gravatar_id": "",
            "url": "https://api.github.com/users/zhuzhu603",
            "html_url": "https://github.com/zhuzhu603",
            "followers_url": "https://api.github.com/users/zhuzhu603/followers",
            "following_url": "https://api.github.com/users/zhuzhu603/following{/other_user}",
            "gists_url": "https://api.github.com/users/zhuzhu603/gists{/gist_id}",
            "starred_url": "https://api.github.com/users/zhuzhu603/starred{/owner}{/repo}",
            "subscriptions_url": "https://api.github.com/users/zhuzhu603/subscriptions",
            "organizations_url": "https://api.github.com/users/zhuzhu603/orgs",
            "repos_url": "https://api.github.com/users/zhuzhu603/repos",
            "events_url": "https://api.github.com/users/zhuzhu603/events{/privacy}",
            "received_events_url": "https://api.github.com/users/zhuzhu603/received_events",
            "type": "User",
            "user_view_type": "public",
            "site_admin": false
        },
        "labels": [],
        "state": "open",
        "locked": false,
        "assignee": null,
        "assignees": [],
        "milestone": null,
        "comments": 1,
        "created_at": "2023-05-18T00:32:16Z",
        "updated_at": "2023-05-18T00:35:34Z",
        "closed_at": null,
        "author_association": "NONE",
        "active_lock_reason": null,
        "sub_issues_summary": {
            "total": 0,
            "completed": 0,
            "percent_completed": 0
        },
        "body": null,
        "closed_by": null,
        "reactions": {
            "url": "https://api.github.com/repos/weimingwill/EasyFL/issues/20/reactions",
            "total_count": 0,
            "+1": 0,
            "-1": 0,
            "laugh": 0,
            "hooray": 0,
            "confused": 0,
            "heart": 0,
            "rocket": 0,
            "eyes": 0
        },
        "timeline_url": "https://api.github.com/repos/weimingwill/EasyFL/issues/20/timeline",
        "performed_via_github_app": null,
        "state_reason": null
    },
    {
        "url": "https://api.github.com/repos/weimingwill/EasyFL/issues/19",
        "repository_url": "https://api.github.com/repos/weimingwill/EasyFL",
        "labels_url": "https://api.github.com/repos/weimingwill/EasyFL/issues/19/labels{/name}",
        "comments_url": "https://api.github.com/repos/weimingwill/EasyFL/issues/19/comments",
        "events_url": "https://api.github.com/repos/weimingwill/EasyFL/issues/19/events",
        "html_url": "https://github.com/weimingwill/EasyFL/issues/19",
        "id": 1710140842,
        "node_id": "I_kwDOHJbHuc5l7q2q",
        "number": 19,
        "title": "Evaluation Metrics",
        "user": {
            "login": "YongfeiHuang",
            "id": 4507307,
            "node_id": "MDQ6VXNlcjQ1MDczMDc=",
            "avatar_url": "https://avatars.githubusercontent.com/u/4507307?v=4",
            "gravatar_id": "",
            "url": "https://api.github.com/users/YongfeiHuang",
            "html_url": "https://github.com/YongfeiHuang",
            "followers_url": "https://api.github.com/users/YongfeiHuang/followers",
            "following_url": "https://api.github.com/users/YongfeiHuang/following{/other_user}",
            "gists_url": "https://api.github.com/users/YongfeiHuang/gists{/gist_id}",
            "starred_url": "https://api.github.com/users/YongfeiHuang/starred{/owner}{/repo}",
            "subscriptions_url": "https://api.github.com/users/YongfeiHuang/subscriptions",
            "organizations_url": "https://api.github.com/users/YongfeiHuang/orgs",
            "repos_url": "https://api.github.com/users/YongfeiHuang/repos",
            "events_url": "https://api.github.com/users/YongfeiHuang/events{/privacy}",
            "received_events_url": "https://api.github.com/users/YongfeiHuang/received_events",
            "type": "User",
            "user_view_type": "public",
            "site_admin": false
        },
        "labels": [],
        "state": "closed",
        "locked": false,
        "assignee": null,
        "assignees": [],
        "milestone": null,
        "comments": 0,
        "created_at": "2023-05-15T13:47:26Z",
        "updated_at": "2023-06-09T07:18:20Z",
        "closed_at": "2023-06-09T07:18:20Z",
        "author_association": "NONE",
        "active_lock_reason": null,
        "sub_issues_summary": {
            "total": 0,
            "completed": 0,
            "percent_completed": 0
        },
        "body": "Thank you for your good job ! I have a question on how to use it. In the paer \"EasyFL: A Low-code Federated Learning Platform For Dummies\" it is mentioned that Easyfl offers both qualitatively and quantitavely metrices. However, how can I read model accuracy, total training time, processing time each round?\r\n",
        "closed_by": {
            "login": "YongfeiHuang",
            "id": 4507307,
            "node_id": "MDQ6VXNlcjQ1MDczMDc=",
            "avatar_url": "https://avatars.githubusercontent.com/u/4507307?v=4",
            "gravatar_id": "",
            "url": "https://api.github.com/users/YongfeiHuang",
            "html_url": "https://github.com/YongfeiHuang",
            "followers_url": "https://api.github.com/users/YongfeiHuang/followers",
            "following_url": "https://api.github.com/users/YongfeiHuang/following{/other_user}",
            "gists_url": "https://api.github.com/users/YongfeiHuang/gists{/gist_id}",
            "starred_url": "https://api.github.com/users/YongfeiHuang/starred{/owner}{/repo}",
            "subscriptions_url": "https://api.github.com/users/YongfeiHuang/subscriptions",
            "organizations_url": "https://api.github.com/users/YongfeiHuang/orgs",
            "repos_url": "https://api.github.com/users/YongfeiHuang/repos",
            "events_url": "https://api.github.com/users/YongfeiHuang/events{/privacy}",
            "received_events_url": "https://api.github.com/users/YongfeiHuang/received_events",
            "type": "User",
            "user_view_type": "public",
            "site_admin": false
        },
        "reactions": {
            "url": "https://api.github.com/repos/weimingwill/EasyFL/issues/19/reactions",
            "total_count": 0,
            "+1": 0,
            "-1": 0,
            "laugh": 0,
            "hooray": 0,
            "confused": 0,
            "heart": 0,
            "rocket": 0,
            "eyes": 0
        },
        "timeline_url": "https://api.github.com/repos/weimingwill/EasyFL/issues/19/timeline",
        "performed_via_github_app": null,
        "state_reason": "completed"
    },
    {
        "url": "https://api.github.com/repos/weimingwill/EasyFL/issues/16",
        "repository_url": "https://api.github.com/repos/weimingwill/EasyFL",
        "labels_url": "https://api.github.com/repos/weimingwill/EasyFL/issues/16/labels{/name}",
        "comments_url": "https://api.github.com/repos/weimingwill/EasyFL/issues/16/comments",
        "events_url": "https://api.github.com/repos/weimingwill/EasyFL/issues/16/events",
        "html_url": "https://github.com/weimingwill/EasyFL/issues/16",
        "id": 1669461765,
        "node_id": "I_kwDOHJbHuc5jgfcF",
        "number": 16,
        "title": "Spelling problem",
        "user": {
            "login": "Guncuke",
            "id": 78009909,
            "node_id": "MDQ6VXNlcjc4MDA5OTA5",
            "avatar_url": "https://avatars.githubusercontent.com/u/78009909?v=4",
            "gravatar_id": "",
            "url": "https://api.github.com/users/Guncuke",
            "html_url": "https://github.com/Guncuke",
            "followers_url": "https://api.github.com/users/Guncuke/followers",
            "following_url": "https://api.github.com/users/Guncuke/following{/other_user}",
            "gists_url": "https://api.github.com/users/Guncuke/gists{/gist_id}",
            "starred_url": "https://api.github.com/users/Guncuke/starred{/owner}{/repo}",
            "subscriptions_url": "https://api.github.com/users/Guncuke/subscriptions",
            "organizations_url": "https://api.github.com/users/Guncuke/orgs",
            "repos_url": "https://api.github.com/users/Guncuke/repos",
            "events_url": "https://api.github.com/users/Guncuke/events{/privacy}",
            "received_events_url": "https://api.github.com/users/Guncuke/received_events",
            "type": "User",
            "user_view_type": "public",
            "site_admin": false
        },
        "labels": [],
        "state": "closed",
        "locked": false,
        "assignee": null,
        "assignees": [],
        "milestone": null,
        "comments": 1,
        "created_at": "2023-04-15T15:49:46Z",
        "updated_at": "2023-05-10T10:14:51Z",
        "closed_at": "2023-05-10T10:14:51Z",
        "author_association": "NONE",
        "active_lock_reason": null,
        "sub_issues_summary": {
            "total": 0,
            "completed": 0,
            "percent_completed": 0
        },
        "body": "does it mean aggregation_strategy.\r\n=======\r\naggregation_stragtegy: \"FedAvg\"",
        "closed_by": {
            "login": "weimingwill",
            "id": 16631850,
            "node_id": "MDQ6VXNlcjE2NjMxODUw",
            "avatar_url": "https://avatars.githubusercontent.com/u/16631850?v=4",
            "gravatar_id": "",
            "url": "https://api.github.com/users/weimingwill",
            "html_url": "https://github.com/weimingwill",
            "followers_url": "https://api.github.com/users/weimingwill/followers",
            "following_url": "https://api.github.com/users/weimingwill/following{/other_user}",
            "gists_url": "https://api.github.com/users/weimingwill/gists{/gist_id}",
            "starred_url": "https://api.github.com/users/weimingwill/starred{/owner}{/repo}",
            "subscriptions_url": "https://api.github.com/users/weimingwill/subscriptions",
            "organizations_url": "https://api.github.com/users/weimingwill/orgs",
            "repos_url": "https://api.github.com/users/weimingwill/repos",
            "events_url": "https://api.github.com/users/weimingwill/events{/privacy}",
            "received_events_url": "https://api.github.com/users/weimingwill/received_events",
            "type": "User",
            "user_view_type": "public",
            "site_admin": false
        },
        "reactions": {
            "url": "https://api.github.com/repos/weimingwill/EasyFL/issues/16/reactions",
            "total_count": 0,
            "+1": 0,
            "-1": 0,
            "laugh": 0,
            "hooray": 0,
            "confused": 0,
            "heart": 0,
            "rocket": 0,
            "eyes": 0
        },
        "timeline_url": "https://api.github.com/repos/weimingwill/EasyFL/issues/16/timeline",
        "performed_via_github_app": null,
        "state_reason": "completed"
    },
    {
        "url": "https://api.github.com/repos/weimingwill/EasyFL/issues/11",
        "repository_url": "https://api.github.com/repos/weimingwill/EasyFL",
        "labels_url": "https://api.github.com/repos/weimingwill/EasyFL/issues/11/labels{/name}",
        "comments_url": "https://api.github.com/repos/weimingwill/EasyFL/issues/11/comments",
        "events_url": "https://api.github.com/repos/weimingwill/EasyFL/issues/11/events",
        "html_url": "https://github.com/weimingwill/EasyFL/issues/11",
        "id": 1438126219,
        "node_id": "I_kwDOHJbHuc5VuBCL",
        "number": 11,
        "title": "Add simulation of resource-constrained scenarios (communication aspect)",
        "user": {
            "login": "MuleiOnline",
            "id": 29780123,
            "node_id": "MDQ6VXNlcjI5NzgwMTIz",
            "avatar_url": "https://avatars.githubusercontent.com/u/29780123?v=4",
            "gravatar_id": "",
            "url": "https://api.github.com/users/MuleiOnline",
            "html_url": "https://github.com/MuleiOnline",
            "followers_url": "https://api.github.com/users/MuleiOnline/followers",
            "following_url": "https://api.github.com/users/MuleiOnline/following{/other_user}",
            "gists_url": "https://api.github.com/users/MuleiOnline/gists{/gist_id}",
            "starred_url": "https://api.github.com/users/MuleiOnline/starred{/owner}{/repo}",
            "subscriptions_url": "https://api.github.com/users/MuleiOnline/subscriptions",
            "organizations_url": "https://api.github.com/users/MuleiOnline/orgs",
            "repos_url": "https://api.github.com/users/MuleiOnline/repos",
            "events_url": "https://api.github.com/users/MuleiOnline/events{/privacy}",
            "received_events_url": "https://api.github.com/users/MuleiOnline/received_events",
            "type": "User",
            "user_view_type": "public",
            "site_admin": false
        },
        "labels": [],
        "state": "open",
        "locked": false,
        "assignee": null,
        "assignees": [],
        "milestone": null,
        "comments": 1,
        "created_at": "2022-11-07T10:30:16Z",
        "updated_at": "2023-02-26T06:52:38Z",
        "closed_at": null,
        "author_association": "NONE",
        "active_lock_reason": null,
        "sub_issues_summary": {
            "total": 0,
            "completed": 0,
            "percent_completed": 0
        },
        "body": "Thanks for the excellent code, I have the following questions:\r\n\r\nWhere should I contribute (add) my code if I want to implement federated learning with limited resources. For example, I need to simulate the delay and energy consumption of weight upload, as well as the distribution of data in each edge node, training delay and energy consumption, etc. In order to achieve the above, I need to add functions, such as increasing the heterogeneity settings of clients, or realizing the bandwidth and network gain of transmission links.\r\n\r\nUnfortunately, I don't see a way to do it in the existing code, and it seems that the above simulation is difficult to achieve. How should I insert it?",
        "closed_by": null,
        "reactions": {
            "url": "https://api.github.com/repos/weimingwill/EasyFL/issues/11/reactions",
            "total_count": 0,
            "+1": 0,
            "-1": 0,
            "laugh": 0,
            "hooray": 0,
            "confused": 0,
            "heart": 0,
            "rocket": 0,
            "eyes": 0
        },
        "timeline_url": "https://api.github.com/repos/weimingwill/EasyFL/issues/11/timeline",
        "performed_via_github_app": null,
        "state_reason": null
    },
    {
        "url": "https://api.github.com/repos/weimingwill/EasyFL/issues/10",
        "repository_url": "https://api.github.com/repos/weimingwill/EasyFL",
        "labels_url": "https://api.github.com/repos/weimingwill/EasyFL/issues/10/labels{/name}",
        "comments_url": "https://api.github.com/repos/weimingwill/EasyFL/issues/10/comments",
        "events_url": "https://api.github.com/repos/weimingwill/EasyFL/issues/10/events",
        "html_url": "https://github.com/weimingwill/EasyFL/issues/10",
        "id": 1413157540,
        "node_id": "I_kwDOHJbHuc5UOxKk",
        "number": 10,
        "title": "\u201c/\u201d and \"//\" in easyfl",
        "user": {
            "login": "worshipone",
            "id": 59354339,
            "node_id": "MDQ6VXNlcjU5MzU0MzM5",
            "avatar_url": "https://avatars.githubusercontent.com/u/59354339?v=4",
            "gravatar_id": "",
            "url": "https://api.github.com/users/worshipone",
            "html_url": "https://github.com/worshipone",
            "followers_url": "https://api.github.com/users/worshipone/followers",
            "following_url": "https://api.github.com/users/worshipone/following{/other_user}",
            "gists_url": "https://api.github.com/users/worshipone/gists{/gist_id}",
            "starred_url": "https://api.github.com/users/worshipone/starred{/owner}{/repo}",
            "subscriptions_url": "https://api.github.com/users/worshipone/subscriptions",
            "organizations_url": "https://api.github.com/users/worshipone/orgs",
            "repos_url": "https://api.github.com/users/worshipone/repos",
            "events_url": "https://api.github.com/users/worshipone/events{/privacy}",
            "received_events_url": "https://api.github.com/users/worshipone/received_events",
            "type": "User",
            "user_view_type": "public",
            "site_admin": false
        },
        "labels": [],
        "state": "open",
        "locked": false,
        "assignee": null,
        "assignees": [],
        "milestone": null,
        "comments": 2,
        "created_at": "2022-10-18T12:39:39Z",
        "updated_at": "2023-02-26T06:48:37Z",
        "closed_at": null,
        "author_association": "NONE",
        "active_lock_reason": null,
        "sub_issues_summary": {
            "total": 0,
            "completed": 0,
            "percent_completed": 0
        },
        "body": "/ \u2014\u2014> true.divide\r\n// \u2014\u2014> floor.divide\r\n![](https://raw.githubusercontent.com/worshipone/picbed/main/halo/pics/Snipaste_2022-10-18_20-37-11.jpg)\r\npython==3.7.13\r\npytorch==1.6.0",
        "closed_by": null,
        "reactions": {
            "url": "https://api.github.com/repos/weimingwill/EasyFL/issues/10/reactions",
            "total_count": 0,
            "+1": 0,
            "-1": 0,
            "laugh": 0,
            "hooray": 0,
            "confused": 0,
            "heart": 0,
            "rocket": 0,
            "eyes": 0
        },
        "timeline_url": "https://api.github.com/repos/weimingwill/EasyFL/issues/10/timeline",
        "performed_via_github_app": null,
        "state_reason": null
    },
    {
        "url": "https://api.github.com/repos/weimingwill/EasyFL/issues/9",
        "repository_url": "https://api.github.com/repos/weimingwill/EasyFL",
        "labels_url": "https://api.github.com/repos/weimingwill/EasyFL/issues/9/labels{/name}",
        "comments_url": "https://api.github.com/repos/weimingwill/EasyFL/issues/9/comments",
        "events_url": "https://api.github.com/repos/weimingwill/EasyFL/issues/9/events",
        "html_url": "https://github.com/weimingwill/EasyFL/issues/9",
        "id": 1340475928,
        "node_id": "I_kwDOHJbHuc5P5goY",
        "number": 9,
        "title": "Does it support to Transformer models",
        "user": {
            "login": "youchangxin",
            "id": 41295811,
            "node_id": "MDQ6VXNlcjQxMjk1ODEx",
            "avatar_url": "https://avatars.githubusercontent.com/u/41295811?v=4",
            "gravatar_id": "",
            "url": "https://api.github.com/users/youchangxin",
            "html_url": "https://github.com/youchangxin",
            "followers_url": "https://api.github.com/users/youchangxin/followers",
            "following_url": "https://api.github.com/users/youchangxin/following{/other_user}",
            "gists_url": "https://api.github.com/users/youchangxin/gists{/gist_id}",
            "starred_url": "https://api.github.com/users/youchangxin/starred{/owner}{/repo}",
            "subscriptions_url": "https://api.github.com/users/youchangxin/subscriptions",
            "organizations_url": "https://api.github.com/users/youchangxin/orgs",
            "repos_url": "https://api.github.com/users/youchangxin/repos",
            "events_url": "https://api.github.com/users/youchangxin/events{/privacy}",
            "received_events_url": "https://api.github.com/users/youchangxin/received_events",
            "type": "User",
            "user_view_type": "public",
            "site_admin": false
        },
        "labels": [],
        "state": "open",
        "locked": false,
        "assignee": null,
        "assignees": [],
        "milestone": null,
        "comments": 1,
        "created_at": "2022-08-16T14:49:31Z",
        "updated_at": "2023-02-26T06:42:40Z",
        "closed_at": null,
        "author_association": "NONE",
        "active_lock_reason": null,
        "sub_issues_summary": {
            "total": 0,
            "completed": 0,
            "percent_completed": 0
        },
        "body": "Is it possible to apply this FL architecture in transformer model?",
        "closed_by": null,
        "reactions": {
            "url": "https://api.github.com/repos/weimingwill/EasyFL/issues/9/reactions",
            "total_count": 0,
            "+1": 0,
            "-1": 0,
            "laugh": 0,
            "hooray": 0,
            "confused": 0,
            "heart": 0,
            "rocket": 0,
            "eyes": 0
        },
        "timeline_url": "https://api.github.com/repos/weimingwill/EasyFL/issues/9/timeline",
        "performed_via_github_app": null,
        "state_reason": null
    },
    {
        "url": "https://api.github.com/repos/weimingwill/EasyFL/issues/8",
        "repository_url": "https://api.github.com/repos/weimingwill/EasyFL",
        "labels_url": "https://api.github.com/repos/weimingwill/EasyFL/issues/8/labels{/name}",
        "comments_url": "https://api.github.com/repos/weimingwill/EasyFL/issues/8/comments",
        "events_url": "https://api.github.com/repos/weimingwill/EasyFL/issues/8/events",
        "html_url": "https://github.com/weimingwill/EasyFL/issues/8",
        "id": 1331224045,
        "node_id": "I_kwDOHJbHuc5PWN3t",
        "number": 8,
        "title": "object detection dataset",
        "user": {
            "login": "czstudio",
            "id": 23380949,
            "node_id": "MDQ6VXNlcjIzMzgwOTQ5",
            "avatar_url": "https://avatars.githubusercontent.com/u/23380949?v=4",
            "gravatar_id": "",
            "url": "https://api.github.com/users/czstudio",
            "html_url": "https://github.com/czstudio",
            "followers_url": "https://api.github.com/users/czstudio/followers",
            "following_url": "https://api.github.com/users/czstudio/following{/other_user}",
            "gists_url": "https://api.github.com/users/czstudio/gists{/gist_id}",
            "starred_url": "https://api.github.com/users/czstudio/starred{/owner}{/repo}",
            "subscriptions_url": "https://api.github.com/users/czstudio/subscriptions",
            "organizations_url": "https://api.github.com/users/czstudio/orgs",
            "repos_url": "https://api.github.com/users/czstudio/repos",
            "events_url": "https://api.github.com/users/czstudio/events{/privacy}",
            "received_events_url": "https://api.github.com/users/czstudio/received_events",
            "type": "User",
            "user_view_type": "public",
            "site_admin": false
        },
        "labels": [],
        "state": "closed",
        "locked": false,
        "assignee": null,
        "assignees": [],
        "milestone": null,
        "comments": 1,
        "created_at": "2022-08-08T02:08:19Z",
        "updated_at": "2023-02-26T06:40:23Z",
        "closed_at": "2023-02-26T06:40:23Z",
        "author_association": "NONE",
        "active_lock_reason": null,
        "sub_issues_summary": {
            "total": 0,
            "completed": 0,
            "percent_completed": 0
        },
        "body": "great works\uff01\uff01Can I use the dataset for object detection and how should I modify the configuration?\r\n",
        "closed_by": {
            "login": "weimingwill",
            "id": 16631850,
            "node_id": "MDQ6VXNlcjE2NjMxODUw",
            "avatar_url": "https://avatars.githubusercontent.com/u/16631850?v=4",
            "gravatar_id": "",
            "url": "https://api.github.com/users/weimingwill",
            "html_url": "https://github.com/weimingwill",
            "followers_url": "https://api.github.com/users/weimingwill/followers",
            "following_url": "https://api.github.com/users/weimingwill/following{/other_user}",
            "gists_url": "https://api.github.com/users/weimingwill/gists{/gist_id}",
            "starred_url": "https://api.github.com/users/weimingwill/starred{/owner}{/repo}",
            "subscriptions_url": "https://api.github.com/users/weimingwill/subscriptions",
            "organizations_url": "https://api.github.com/users/weimingwill/orgs",
            "repos_url": "https://api.github.com/users/weimingwill/repos",
            "events_url": "https://api.github.com/users/weimingwill/events{/privacy}",
            "received_events_url": "https://api.github.com/users/weimingwill/received_events",
            "type": "User",
            "user_view_type": "public",
            "site_admin": false
        },
        "reactions": {
            "url": "https://api.github.com/repos/weimingwill/EasyFL/issues/8/reactions",
            "total_count": 0,
            "+1": 0,
            "-1": 0,
            "laugh": 0,
            "hooray": 0,
            "confused": 0,
            "heart": 0,
            "rocket": 0,
            "eyes": 0
        },
        "timeline_url": "https://api.github.com/repos/weimingwill/EasyFL/issues/8/timeline",
        "performed_via_github_app": null,
        "state_reason": "completed"
    },
    {
        "url": "https://api.github.com/repos/weimingwill/EasyFL/issues/6",
        "repository_url": "https://api.github.com/repos/weimingwill/EasyFL",
        "labels_url": "https://api.github.com/repos/weimingwill/EasyFL/issues/6/labels{/name}",
        "comments_url": "https://api.github.com/repos/weimingwill/EasyFL/issues/6/comments",
        "events_url": "https://api.github.com/repos/weimingwill/EasyFL/issues/6/events",
        "html_url": "https://github.com/weimingwill/EasyFL/issues/6",
        "id": 1302614171,
        "node_id": "I_kwDOHJbHuc5NpFCb",
        "number": 6,
        "title": "Bug fixing: GPU runtime",
        "user": {
            "login": "J-BING",
            "id": 10892176,
            "node_id": "MDQ6VXNlcjEwODkyMTc2",
            "avatar_url": "https://avatars.githubusercontent.com/u/10892176?v=4",
            "gravatar_id": "",
            "url": "https://api.github.com/users/J-BING",
            "html_url": "https://github.com/J-BING",
            "followers_url": "https://api.github.com/users/J-BING/followers",
            "following_url": "https://api.github.com/users/J-BING/following{/other_user}",
            "gists_url": "https://api.github.com/users/J-BING/gists{/gist_id}",
            "starred_url": "https://api.github.com/users/J-BING/starred{/owner}{/repo}",
            "subscriptions_url": "https://api.github.com/users/J-BING/subscriptions",
            "organizations_url": "https://api.github.com/users/J-BING/orgs",
            "repos_url": "https://api.github.com/users/J-BING/repos",
            "events_url": "https://api.github.com/users/J-BING/events{/privacy}",
            "received_events_url": "https://api.github.com/users/J-BING/received_events",
            "type": "User",
            "user_view_type": "public",
            "site_admin": false
        },
        "labels": [],
        "state": "closed",
        "locked": false,
        "assignee": null,
        "assignees": [],
        "milestone": null,
        "comments": 1,
        "created_at": "2022-07-12T20:55:49Z",
        "updated_at": "2023-02-26T06:38:18Z",
        "closed_at": "2023-02-26T06:38:18Z",
        "author_association": "CONTRIBUTOR",
        "active_lock_reason": null,
        "sub_issues_summary": {
            "total": 0,
            "completed": 0,
            "percent_completed": 0
        },
        "body": "Hi, Thanks for the good work and open source of EasyFL. I am interested in your recent work discussing the SSL + FL.\r\n\r\nWhen I run the FedSSL, I found a bug regarding the GPU runtime. \r\nSpecifically, when set up \"--gpu 1\", it will never use the current GPU. It is caused by the if-condition `if args.gpu > 1` in `main.py`, which will make the `self.conf.gpu==0` all the time. \r\n\r\nWhat I revise to make it work:\r\n1. add else term for `if args.gpu > 1`: `config[\"gpu\"] = args.gpu`\r\n2. change `self.conf.device = \"cuda\"` when `self.conf.gpu==1` in `coordinator.py`\r\n\r\nBTW, slurm is used for multiple GPU runtime. For those envs not using slurm, I recommend adding some warnings in the code or tutorial to make the multi-GPU configuration clear.\r\n\r\nHope it will help. Thanks for your work.",
        "closed_by": {
            "login": "weimingwill",
            "id": 16631850,
            "node_id": "MDQ6VXNlcjE2NjMxODUw",
            "avatar_url": "https://avatars.githubusercontent.com/u/16631850?v=4",
            "gravatar_id": "",
            "url": "https://api.github.com/users/weimingwill",
            "html_url": "https://github.com/weimingwill",
            "followers_url": "https://api.github.com/users/weimingwill/followers",
            "following_url": "https://api.github.com/users/weimingwill/following{/other_user}",
            "gists_url": "https://api.github.com/users/weimingwill/gists{/gist_id}",
            "starred_url": "https://api.github.com/users/weimingwill/starred{/owner}{/repo}",
            "subscriptions_url": "https://api.github.com/users/weimingwill/subscriptions",
            "organizations_url": "https://api.github.com/users/weimingwill/orgs",
            "repos_url": "https://api.github.com/users/weimingwill/repos",
            "events_url": "https://api.github.com/users/weimingwill/events{/privacy}",
            "received_events_url": "https://api.github.com/users/weimingwill/received_events",
            "type": "User",
            "user_view_type": "public",
            "site_admin": false
        },
        "reactions": {
            "url": "https://api.github.com/repos/weimingwill/EasyFL/issues/6/reactions",
            "total_count": 0,
            "+1": 0,
            "-1": 0,
            "laugh": 0,
            "hooray": 0,
            "confused": 0,
            "heart": 0,
            "rocket": 0,
            "eyes": 0
        },
        "timeline_url": "https://api.github.com/repos/weimingwill/EasyFL/issues/6/timeline",
        "performed_via_github_app": null,
        "state_reason": "completed"
    },
    {
        "url": "https://api.github.com/repos/weimingwill/EasyFL/issues/4",
        "repository_url": "https://api.github.com/repos/weimingwill/EasyFL",
        "labels_url": "https://api.github.com/repos/weimingwill/EasyFL/issues/4/labels{/name}",
        "comments_url": "https://api.github.com/repos/weimingwill/EasyFL/issues/4/comments",
        "events_url": "https://api.github.com/repos/weimingwill/EasyFL/issues/4/events",
        "html_url": "https://github.com/weimingwill/EasyFL/issues/4",
        "id": 1239319331,
        "node_id": "I_kwDOHJbHuc5J3oMj",
        "number": 4,
        "title": "Approximate timeline for posting other projects?",
        "user": {
            "login": "zlijingtao",
            "id": 35481911,
            "node_id": "MDQ6VXNlcjM1NDgxOTEx",
            "avatar_url": "https://avatars.githubusercontent.com/u/35481911?v=4",
            "gravatar_id": "",
            "url": "https://api.github.com/users/zlijingtao",
            "html_url": "https://github.com/zlijingtao",
            "followers_url": "https://api.github.com/users/zlijingtao/followers",
            "following_url": "https://api.github.com/users/zlijingtao/following{/other_user}",
            "gists_url": "https://api.github.com/users/zlijingtao/gists{/gist_id}",
            "starred_url": "https://api.github.com/users/zlijingtao/starred{/owner}{/repo}",
            "subscriptions_url": "https://api.github.com/users/zlijingtao/subscriptions",
            "organizations_url": "https://api.github.com/users/zlijingtao/orgs",
            "repos_url": "https://api.github.com/users/zlijingtao/repos",
            "events_url": "https://api.github.com/users/zlijingtao/events{/privacy}",
            "received_events_url": "https://api.github.com/users/zlijingtao/received_events",
            "type": "User",
            "user_view_type": "public",
            "site_admin": false
        },
        "labels": [],
        "state": "closed",
        "locked": false,
        "assignee": null,
        "assignees": [],
        "milestone": null,
        "comments": 3,
        "created_at": "2022-05-18T01:24:23Z",
        "updated_at": "2022-06-23T10:47:48Z",
        "closed_at": "2022-06-23T10:47:47Z",
        "author_association": "NONE",
        "active_lock_reason": null,
        "sub_issues_summary": {
            "total": 0,
            "completed": 0,
            "percent_completed": 0
        },
        "body": "Hi, I am so impressed with your EasyFL framework and related projects. Do you have a timeline for posting other projects? Thanks!",
        "closed_by": {
            "login": "weimingwill",
            "id": 16631850,
            "node_id": "MDQ6VXNlcjE2NjMxODUw",
            "avatar_url": "https://avatars.githubusercontent.com/u/16631850?v=4",
            "gravatar_id": "",
            "url": "https://api.github.com/users/weimingwill",
            "html_url": "https://github.com/weimingwill",
            "followers_url": "https://api.github.com/users/weimingwill/followers",
            "following_url": "https://api.github.com/users/weimingwill/following{/other_user}",
            "gists_url": "https://api.github.com/users/weimingwill/gists{/gist_id}",
            "starred_url": "https://api.github.com/users/weimingwill/starred{/owner}{/repo}",
            "subscriptions_url": "https://api.github.com/users/weimingwill/subscriptions",
            "organizations_url": "https://api.github.com/users/weimingwill/orgs",
            "repos_url": "https://api.github.com/users/weimingwill/repos",
            "events_url": "https://api.github.com/users/weimingwill/events{/privacy}",
            "received_events_url": "https://api.github.com/users/weimingwill/received_events",
            "type": "User",
            "user_view_type": "public",
            "site_admin": false
        },
        "reactions": {
            "url": "https://api.github.com/repos/weimingwill/EasyFL/issues/4/reactions",
            "total_count": 0,
            "+1": 0,
            "-1": 0,
            "laugh": 0,
            "hooray": 0,
            "confused": 0,
            "heart": 0,
            "rocket": 0,
            "eyes": 0
        },
        "timeline_url": "https://api.github.com/repos/weimingwill/EasyFL/issues/4/timeline",
        "performed_via_github_app": null,
        "state_reason": "completed"
    },
    {
        "url": "https://api.github.com/repos/weimingwill/EasyFL/issues/3",
        "repository_url": "https://api.github.com/repos/weimingwill/EasyFL",
        "labels_url": "https://api.github.com/repos/weimingwill/EasyFL/issues/3/labels{/name}",
        "comments_url": "https://api.github.com/repos/weimingwill/EasyFL/issues/3/comments",
        "events_url": "https://api.github.com/repos/weimingwill/EasyFL/issues/3/events",
        "html_url": "https://github.com/weimingwill/EasyFL/issues/3",
        "id": 1225072355,
        "node_id": "I_kwDOHJbHuc5JBR7j",
        "number": 3,
        "title": "Dose EasyFL suit me if I want to do research on the privacy of federal learning?",
        "user": {
            "login": "TYTaO",
            "id": 39618490,
            "node_id": "MDQ6VXNlcjM5NjE4NDkw",
            "avatar_url": "https://avatars.githubusercontent.com/u/39618490?v=4",
            "gravatar_id": "",
            "url": "https://api.github.com/users/TYTaO",
            "html_url": "https://github.com/TYTaO",
            "followers_url": "https://api.github.com/users/TYTaO/followers",
            "following_url": "https://api.github.com/users/TYTaO/following{/other_user}",
            "gists_url": "https://api.github.com/users/TYTaO/gists{/gist_id}",
            "starred_url": "https://api.github.com/users/TYTaO/starred{/owner}{/repo}",
            "subscriptions_url": "https://api.github.com/users/TYTaO/subscriptions",
            "organizations_url": "https://api.github.com/users/TYTaO/orgs",
            "repos_url": "https://api.github.com/users/TYTaO/repos",
            "events_url": "https://api.github.com/users/TYTaO/events{/privacy}",
            "received_events_url": "https://api.github.com/users/TYTaO/received_events",
            "type": "User",
            "user_view_type": "public",
            "site_admin": false
        },
        "labels": [],
        "state": "closed",
        "locked": false,
        "assignee": null,
        "assignees": [],
        "milestone": null,
        "comments": 0,
        "created_at": "2022-05-04T08:36:48Z",
        "updated_at": "2022-05-04T09:16:31Z",
        "closed_at": "2022-05-04T09:16:31Z",
        "author_association": "NONE",
        "active_lock_reason": null,
        "sub_issues_summary": {
            "total": 0,
            "completed": 0,
            "percent_completed": 0
        },
        "body": null,
        "closed_by": {
            "login": "TYTaO",
            "id": 39618490,
            "node_id": "MDQ6VXNlcjM5NjE4NDkw",
            "avatar_url": "https://avatars.githubusercontent.com/u/39618490?v=4",
            "gravatar_id": "",
            "url": "https://api.github.com/users/TYTaO",
            "html_url": "https://github.com/TYTaO",
            "followers_url": "https://api.github.com/users/TYTaO/followers",
            "following_url": "https://api.github.com/users/TYTaO/following{/other_user}",
            "gists_url": "https://api.github.com/users/TYTaO/gists{/gist_id}",
            "starred_url": "https://api.github.com/users/TYTaO/starred{/owner}{/repo}",
            "subscriptions_url": "https://api.github.com/users/TYTaO/subscriptions",
            "organizations_url": "https://api.github.com/users/TYTaO/orgs",
            "repos_url": "https://api.github.com/users/TYTaO/repos",
            "events_url": "https://api.github.com/users/TYTaO/events{/privacy}",
            "received_events_url": "https://api.github.com/users/TYTaO/received_events",
            "type": "User",
            "user_view_type": "public",
            "site_admin": false
        },
        "reactions": {
            "url": "https://api.github.com/repos/weimingwill/EasyFL/issues/3/reactions",
            "total_count": 0,
            "+1": 0,
            "-1": 0,
            "laugh": 0,
            "hooray": 0,
            "confused": 0,
            "heart": 0,
            "rocket": 0,
            "eyes": 0
        },
        "timeline_url": "https://api.github.com/repos/weimingwill/EasyFL/issues/3/timeline",
        "performed_via_github_app": null,
        "state_reason": "completed"
    },
    {
        "url": "https://api.github.com/repos/weimingwill/EasyFL/issues/1",
        "repository_url": "https://api.github.com/repos/weimingwill/EasyFL",
        "labels_url": "https://api.github.com/repos/weimingwill/EasyFL/issues/1/labels{/name}",
        "comments_url": "https://api.github.com/repos/weimingwill/EasyFL/issues/1/comments",
        "events_url": "https://api.github.com/repos/weimingwill/EasyFL/issues/1/events",
        "html_url": "https://github.com/weimingwill/EasyFL/issues/1",
        "id": 1206266572,
        "node_id": "I_kwDOHJbHuc5H5irM",
        "number": 1,
        "title": "Will it support tabular data?",
        "user": {
            "login": "Hiramdu",
            "id": 19141771,
            "node_id": "MDQ6VXNlcjE5MTQxNzcx",
            "avatar_url": "https://avatars.githubusercontent.com/u/19141771?v=4",
            "gravatar_id": "",
            "url": "https://api.github.com/users/Hiramdu",
            "html_url": "https://github.com/Hiramdu",
            "followers_url": "https://api.github.com/users/Hiramdu/followers",
            "following_url": "https://api.github.com/users/Hiramdu/following{/other_user}",
            "gists_url": "https://api.github.com/users/Hiramdu/gists{/gist_id}",
            "starred_url": "https://api.github.com/users/Hiramdu/starred{/owner}{/repo}",
            "subscriptions_url": "https://api.github.com/users/Hiramdu/subscriptions",
            "organizations_url": "https://api.github.com/users/Hiramdu/orgs",
            "repos_url": "https://api.github.com/users/Hiramdu/repos",
            "events_url": "https://api.github.com/users/Hiramdu/events{/privacy}",
            "received_events_url": "https://api.github.com/users/Hiramdu/received_events",
            "type": "User",
            "user_view_type": "public",
            "site_admin": false
        },
        "labels": [],
        "state": "closed",
        "locked": false,
        "assignee": null,
        "assignees": [],
        "milestone": null,
        "comments": 1,
        "created_at": "2022-04-17T03:02:33Z",
        "updated_at": "2022-04-21T09:30:59Z",
        "closed_at": "2022-04-21T09:30:59Z",
        "author_association": "NONE",
        "active_lock_reason": null,
        "sub_issues_summary": {
            "total": 0,
            "completed": 0,
            "percent_completed": 0
        },
        "body": "Will it support tabular data?",
        "closed_by": {
            "login": "weimingwill",
            "id": 16631850,
            "node_id": "MDQ6VXNlcjE2NjMxODUw",
            "avatar_url": "https://avatars.githubusercontent.com/u/16631850?v=4",
            "gravatar_id": "",
            "url": "https://api.github.com/users/weimingwill",
            "html_url": "https://github.com/weimingwill",
            "followers_url": "https://api.github.com/users/weimingwill/followers",
            "following_url": "https://api.github.com/users/weimingwill/following{/other_user}",
            "gists_url": "https://api.github.com/users/weimingwill/gists{/gist_id}",
            "starred_url": "https://api.github.com/users/weimingwill/starred{/owner}{/repo}",
            "subscriptions_url": "https://api.github.com/users/weimingwill/subscriptions",
            "organizations_url": "https://api.github.com/users/weimingwill/orgs",
            "repos_url": "https://api.github.com/users/weimingwill/repos",
            "events_url": "https://api.github.com/users/weimingwill/events{/privacy}",
            "received_events_url": "https://api.github.com/users/weimingwill/received_events",
            "type": "User",
            "user_view_type": "public",
            "site_admin": false
        },
        "reactions": {
            "url": "https://api.github.com/repos/weimingwill/EasyFL/issues/1/reactions",
            "total_count": 0,
            "+1": 0,
            "-1": 0,
            "laugh": 0,
            "hooray": 0,
            "confused": 0,
            "heart": 0,
            "rocket": 0,
            "eyes": 0
        },
        "timeline_url": "https://api.github.com/repos/weimingwill/EasyFL/issues/1/timeline",
        "performed_via_github_app": null,
        "state_reason": "completed"
    }
]