[
    {
        "url": "https://api.github.com/repos/weimingwill/awesome-federated-learning/issues/10",
        "repository_url": "https://api.github.com/repos/weimingwill/awesome-federated-learning",
        "labels_url": "https://api.github.com/repos/weimingwill/awesome-federated-learning/issues/10/labels{/name}",
        "comments_url": "https://api.github.com/repos/weimingwill/awesome-federated-learning/issues/10/comments",
        "events_url": "https://api.github.com/repos/weimingwill/awesome-federated-learning/issues/10/events",
        "html_url": "https://github.com/weimingwill/awesome-federated-learning/issues/10",
        "id": 1525096211,
        "node_id": "I_kwDODSkXtM5a5x8T",
        "number": 10,
        "title": "Wrong Link for Federated Learning Paper in Journal",
        "user": {
            "login": "iamyifan",
            "id": 33194917,
            "node_id": "MDQ6VXNlcjMzMTk0OTE3",
            "avatar_url": "https://avatars.githubusercontent.com/u/33194917?v=4",
            "gravatar_id": "",
            "url": "https://api.github.com/users/iamyifan",
            "html_url": "https://github.com/iamyifan",
            "followers_url": "https://api.github.com/users/iamyifan/followers",
            "following_url": "https://api.github.com/users/iamyifan/following{/other_user}",
            "gists_url": "https://api.github.com/users/iamyifan/gists{/gist_id}",
            "starred_url": "https://api.github.com/users/iamyifan/starred{/owner}{/repo}",
            "subscriptions_url": "https://api.github.com/users/iamyifan/subscriptions",
            "organizations_url": "https://api.github.com/users/iamyifan/orgs",
            "repos_url": "https://api.github.com/users/iamyifan/repos",
            "events_url": "https://api.github.com/users/iamyifan/events{/privacy}",
            "received_events_url": "https://api.github.com/users/iamyifan/received_events",
            "type": "User",
            "user_view_type": "public",
            "site_admin": false
        },
        "labels": [],
        "state": "closed",
        "locked": false,
        "assignee": null,
        "assignees": [],
        "milestone": null,
        "comments": 0,
        "created_at": "2023-01-09T07:53:23Z",
        "updated_at": "2023-01-10T01:20:45Z",
        "closed_at": "2023-01-10T01:20:45Z",
        "author_association": "CONTRIBUTOR",
        "active_lock_reason": null,
        "sub_issues_summary": {
            "total": 0,
            "completed": 0,
            "percent_completed": 0
        },
        "body": "Hi team : ) Appreciate your amazing work.\r\nI noticed that the link on **README.md** for _Paper (By conference and journal): Federated learning paper in journal_ doesn't work, it shows _no page found_ after I click it.\r\nShould it be changed from \"https://github.com/weimingwill/awesome-federated-learning/blob/master/journal.md\" to \"https://github.com/weimingwill/awesome-federated-learning/blob/master/journals.md\"? \r\nSeems like you missed a letter \"s\".",
        "closed_by": {
            "login": "weimingwill",
            "id": 16631850,
            "node_id": "MDQ6VXNlcjE2NjMxODUw",
            "avatar_url": "https://avatars.githubusercontent.com/u/16631850?v=4",
            "gravatar_id": "",
            "url": "https://api.github.com/users/weimingwill",
            "html_url": "https://github.com/weimingwill",
            "followers_url": "https://api.github.com/users/weimingwill/followers",
            "following_url": "https://api.github.com/users/weimingwill/following{/other_user}",
            "gists_url": "https://api.github.com/users/weimingwill/gists{/gist_id}",
            "starred_url": "https://api.github.com/users/weimingwill/starred{/owner}{/repo}",
            "subscriptions_url": "https://api.github.com/users/weimingwill/subscriptions",
            "organizations_url": "https://api.github.com/users/weimingwill/orgs",
            "repos_url": "https://api.github.com/users/weimingwill/repos",
            "events_url": "https://api.github.com/users/weimingwill/events{/privacy}",
            "received_events_url": "https://api.github.com/users/weimingwill/received_events",
            "type": "User",
            "user_view_type": "public",
            "site_admin": false
        },
        "reactions": {
            "url": "https://api.github.com/repos/weimingwill/awesome-federated-learning/issues/10/reactions",
            "total_count": 0,
            "+1": 0,
            "-1": 0,
            "laugh": 0,
            "hooray": 0,
            "confused": 0,
            "heart": 0,
            "rocket": 0,
            "eyes": 0
        },
        "timeline_url": "https://api.github.com/repos/weimingwill/awesome-federated-learning/issues/10/timeline",
        "performed_via_github_app": null,
        "state_reason": "completed"
    },
    {
        "url": "https://api.github.com/repos/weimingwill/awesome-federated-learning/issues/9",
        "repository_url": "https://api.github.com/repos/weimingwill/awesome-federated-learning",
        "labels_url": "https://api.github.com/repos/weimingwill/awesome-federated-learning/issues/9/labels{/name}",
        "comments_url": "https://api.github.com/repos/weimingwill/awesome-federated-learning/issues/9/comments",
        "events_url": "https://api.github.com/repos/weimingwill/awesome-federated-learning/issues/9/events",
        "html_url": "https://github.com/weimingwill/awesome-federated-learning/issues/9",
        "id": 1314930474,
        "node_id": "I_kwDODSkXtM5OYD8q",
        "number": 9,
        "title": "Recommend Another 'Awesome-Federated-Learning-on-Graph-and-Tabular-Data' Repo",
        "user": {
            "login": "youngfish42",
            "id": 38998412,
            "node_id": "MDQ6VXNlcjM4OTk4NDEy",
            "avatar_url": "https://avatars.githubusercontent.com/u/38998412?v=4",
            "gravatar_id": "",
            "url": "https://api.github.com/users/youngfish42",
            "html_url": "https://github.com/youngfish42",
            "followers_url": "https://api.github.com/users/youngfish42/followers",
            "following_url": "https://api.github.com/users/youngfish42/following{/other_user}",
            "gists_url": "https://api.github.com/users/youngfish42/gists{/gist_id}",
            "starred_url": "https://api.github.com/users/youngfish42/starred{/owner}{/repo}",
            "subscriptions_url": "https://api.github.com/users/youngfish42/subscriptions",
            "organizations_url": "https://api.github.com/users/youngfish42/orgs",
            "repos_url": "https://api.github.com/users/youngfish42/repos",
            "events_url": "https://api.github.com/users/youngfish42/events{/privacy}",
            "received_events_url": "https://api.github.com/users/youngfish42/received_events",
            "type": "User",
            "user_view_type": "public",
            "site_admin": false
        },
        "labels": [],
        "state": "closed",
        "locked": false,
        "assignee": null,
        "assignees": [],
        "milestone": null,
        "comments": 1,
        "created_at": "2022-07-22T12:12:51Z",
        "updated_at": "2023-01-10T01:21:39Z",
        "closed_at": "2023-01-10T01:21:39Z",
        "author_association": "NONE",
        "active_lock_reason": null,
        "sub_issues_summary": {
            "total": 0,
            "completed": 0,
            "percent_completed": 0
        },
        "body": "Thank you very much for organizing the Federated Learning works! \u2764\ufe0f\r\n\r\nInspired by you and other contributors, I open another repository Awesome-Federated-Learning-on-Graph-and-Tabular-Data.\r\n\r\nI think a reorganized section on graph data, graph neural networks, and open source frameworks may be helpful and I recommend it to you here.\r\n\r\n\r\nI highly recommend the part of the open source framework I put together ~\r\n\r\nhttps://github.com/youngfish42/Awesome-Federated-Learning-on-Graph-and-Tabular-Data#federated-learning-framework\r\n\r\n![\u56fe\u7247](https://user-images.githubusercontent.com/38998412/180436608-3d5319e2-28d8-4199-a858-4627e4051bb6.png)\r\n\r\n\r\n\r\nLooking forward to your visit, thanks!",
        "closed_by": {
            "login": "weimingwill",
            "id": 16631850,
            "node_id": "MDQ6VXNlcjE2NjMxODUw",
            "avatar_url": "https://avatars.githubusercontent.com/u/16631850?v=4",
            "gravatar_id": "",
            "url": "https://api.github.com/users/weimingwill",
            "html_url": "https://github.com/weimingwill",
            "followers_url": "https://api.github.com/users/weimingwill/followers",
            "following_url": "https://api.github.com/users/weimingwill/following{/other_user}",
            "gists_url": "https://api.github.com/users/weimingwill/gists{/gist_id}",
            "starred_url": "https://api.github.com/users/weimingwill/starred{/owner}{/repo}",
            "subscriptions_url": "https://api.github.com/users/weimingwill/subscriptions",
            "organizations_url": "https://api.github.com/users/weimingwill/orgs",
            "repos_url": "https://api.github.com/users/weimingwill/repos",
            "events_url": "https://api.github.com/users/weimingwill/events{/privacy}",
            "received_events_url": "https://api.github.com/users/weimingwill/received_events",
            "type": "User",
            "user_view_type": "public",
            "site_admin": false
        },
        "reactions": {
            "url": "https://api.github.com/repos/weimingwill/awesome-federated-learning/issues/9/reactions",
            "total_count": 7,
            "+1": 3,
            "-1": 0,
            "laugh": 1,
            "hooray": 1,
            "confused": 0,
            "heart": 1,
            "rocket": 1,
            "eyes": 0
        },
        "timeline_url": "https://api.github.com/repos/weimingwill/awesome-federated-learning/issues/9/timeline",
        "performed_via_github_app": null,
        "state_reason": "completed"
    },
    {
        "url": "https://api.github.com/repos/weimingwill/awesome-federated-learning/issues/1",
        "repository_url": "https://api.github.com/repos/weimingwill/awesome-federated-learning",
        "labels_url": "https://api.github.com/repos/weimingwill/awesome-federated-learning/issues/1/labels{/name}",
        "comments_url": "https://api.github.com/repos/weimingwill/awesome-federated-learning/issues/1/comments",
        "events_url": "https://api.github.com/repos/weimingwill/awesome-federated-learning/issues/1/events",
        "html_url": "https://github.com/weimingwill/awesome-federated-learning/issues/1",
        "id": 654604009,
        "node_id": "MDU6SXNzdWU2NTQ2MDQwMDk=",
        "number": 1,
        "title": "New FL & DP framework.",
        "user": {
            "login": "rbnuria",
            "id": 11228291,
            "node_id": "MDQ6VXNlcjExMjI4Mjkx",
            "avatar_url": "https://avatars.githubusercontent.com/u/11228291?v=4",
            "gravatar_id": "",
            "url": "https://api.github.com/users/rbnuria",
            "html_url": "https://github.com/rbnuria",
            "followers_url": "https://api.github.com/users/rbnuria/followers",
            "following_url": "https://api.github.com/users/rbnuria/following{/other_user}",
            "gists_url": "https://api.github.com/users/rbnuria/gists{/gist_id}",
            "starred_url": "https://api.github.com/users/rbnuria/starred{/owner}{/repo}",
            "subscriptions_url": "https://api.github.com/users/rbnuria/subscriptions",
            "organizations_url": "https://api.github.com/users/rbnuria/orgs",
            "repos_url": "https://api.github.com/users/rbnuria/repos",
            "events_url": "https://api.github.com/users/rbnuria/events{/privacy}",
            "received_events_url": "https://api.github.com/users/rbnuria/received_events",
            "type": "User",
            "user_view_type": "public",
            "site_admin": false
        },
        "labels": [],
        "state": "closed",
        "locked": false,
        "assignee": null,
        "assignees": [],
        "milestone": null,
        "comments": 1,
        "created_at": "2020-07-10T08:21:07Z",
        "updated_at": "2020-08-12T13:15:41Z",
        "closed_at": "2020-08-12T13:15:41Z",
        "author_association": "NONE",
        "active_lock_reason": null,
        "sub_issues_summary": {
            "total": 0,
            "completed": 0,
            "percent_completed": 0
        },
        "body": "Hello, my name is Nuria. I'm a Ph.D. student in the University of Granada. Recently, we have released an open-source framework with FL & DP solutions in collaboration with Sherpa.AI (https://sherpa.ai/).\r\n\r\nI would really appreciate if you take a look at it and add it to the frameworks' section\r\n\r\nhttps://developers.sherpa.ai/privacy-technology/\r\nhttps://github.com/sherpaai/Sherpa.ai-Federated-Learning-Framework\r\n\r\nHere is the arXiv link to the publication (submitted and hopefully accepted soon): https://arxiv.org/abs/2007.00914\r\n\r\nThank you so much!!",
        "closed_by": {
            "login": "weimingwill",
            "id": 16631850,
            "node_id": "MDQ6VXNlcjE2NjMxODUw",
            "avatar_url": "https://avatars.githubusercontent.com/u/16631850?v=4",
            "gravatar_id": "",
            "url": "https://api.github.com/users/weimingwill",
            "html_url": "https://github.com/weimingwill",
            "followers_url": "https://api.github.com/users/weimingwill/followers",
            "following_url": "https://api.github.com/users/weimingwill/following{/other_user}",
            "gists_url": "https://api.github.com/users/weimingwill/gists{/gist_id}",
            "starred_url": "https://api.github.com/users/weimingwill/starred{/owner}{/repo}",
            "subscriptions_url": "https://api.github.com/users/weimingwill/subscriptions",
            "organizations_url": "https://api.github.com/users/weimingwill/orgs",
            "repos_url": "https://api.github.com/users/weimingwill/repos",
            "events_url": "https://api.github.com/users/weimingwill/events{/privacy}",
            "received_events_url": "https://api.github.com/users/weimingwill/received_events",
            "type": "User",
            "user_view_type": "public",
            "site_admin": false
        },
        "reactions": {
            "url": "https://api.github.com/repos/weimingwill/awesome-federated-learning/issues/1/reactions",
            "total_count": 0,
            "+1": 0,
            "-1": 0,
            "laugh": 0,
            "hooray": 0,
            "confused": 0,
            "heart": 0,
            "rocket": 0,
            "eyes": 0
        },
        "timeline_url": "https://api.github.com/repos/weimingwill/awesome-federated-learning/issues/1/timeline",
        "performed_via_github_app": null,
        "state_reason": "completed"
    }
]