[
    {
        "url": "https://api.github.com/repos/WenkeHuang/FCCL/issues/6",
        "repository_url": "https://api.github.com/repos/WenkeHuang/FCCL",
        "labels_url": "https://api.github.com/repos/WenkeHuang/FCCL/issues/6/labels{/name}",
        "comments_url": "https://api.github.com/repos/WenkeHuang/FCCL/issues/6/comments",
        "events_url": "https://api.github.com/repos/WenkeHuang/FCCL/issues/6/events",
        "html_url": "https://github.com/WenkeHuang/FCCL/issues/6",
        "id": 2617676759,
        "node_id": "I_kwDOG-KAfs6cBpPX",
        "number": 6,
        "title": "Chart and figure creation software",
        "user": {
            "login": "neecodex",
            "id": 45277321,
            "node_id": "MDQ6VXNlcjQ1Mjc3MzIx",
            "avatar_url": "https://avatars.githubusercontent.com/u/45277321?v=4",
            "gravatar_id": "",
            "url": "https://api.github.com/users/neecodex",
            "html_url": "https://github.com/neecodex",
            "followers_url": "https://api.github.com/users/neecodex/followers",
            "following_url": "https://api.github.com/users/neecodex/following{/other_user}",
            "gists_url": "https://api.github.com/users/neecodex/gists{/gist_id}",
            "starred_url": "https://api.github.com/users/neecodex/starred{/owner}{/repo}",
            "subscriptions_url": "https://api.github.com/users/neecodex/subscriptions",
            "organizations_url": "https://api.github.com/users/neecodex/orgs",
            "repos_url": "https://api.github.com/users/neecodex/repos",
            "events_url": "https://api.github.com/users/neecodex/events{/privacy}",
            "received_events_url": "https://api.github.com/users/neecodex/received_events",
            "type": "User",
            "user_view_type": "public",
            "site_admin": false
        },
        "labels": [],
        "state": "open",
        "locked": false,
        "assignee": null,
        "assignees": [],
        "milestone": null,
        "comments": 0,
        "created_at": "2024-10-28T08:28:03Z",
        "updated_at": "2024-10-28T08:28:03Z",
        "closed_at": null,
        "author_association": "NONE",
        "active_lock_reason": null,
        "sub_issues_summary": {
            "total": 0,
            "completed": 0,
            "percent_completed": 0
        },
        "body": "I recently encountered issues with editing equations in figures. What software do you use to create figures in your paper and edit equations within the figures? Thanks! :\uff09",
        "closed_by": null,
        "reactions": {
            "url": "https://api.github.com/repos/WenkeHuang/FCCL/issues/6/reactions",
            "total_count": 0,
            "+1": 0,
            "-1": 0,
            "laugh": 0,
            "hooray": 0,
            "confused": 0,
            "heart": 0,
            "rocket": 0,
            "eyes": 0
        },
        "timeline_url": "https://api.github.com/repos/WenkeHuang/FCCL/issues/6/timeline",
        "performed_via_github_app": null,
        "state_reason": null
    },
    {
        "url": "https://api.github.com/repos/WenkeHuang/FCCL/issues/5",
        "repository_url": "https://api.github.com/repos/WenkeHuang/FCCL",
        "labels_url": "https://api.github.com/repos/WenkeHuang/FCCL/issues/5/labels{/name}",
        "comments_url": "https://api.github.com/repos/WenkeHuang/FCCL/issues/5/comments",
        "events_url": "https://api.github.com/repos/WenkeHuang/FCCL/issues/5/events",
        "html_url": "https://github.com/WenkeHuang/FCCL/issues/5",
        "id": 1978320490,
        "node_id": "I_kwDOG-KAfs516sZq",
        "number": 5,
        "title": "Train with Cifar data sets",
        "user": {
            "login": "jerry3chen",
            "id": 32173077,
            "node_id": "MDQ6VXNlcjMyMTczMDc3",
            "avatar_url": "https://avatars.githubusercontent.com/u/32173077?v=4",
            "gravatar_id": "",
            "url": "https://api.github.com/users/jerry3chen",
            "html_url": "https://github.com/jerry3chen",
            "followers_url": "https://api.github.com/users/jerry3chen/followers",
            "following_url": "https://api.github.com/users/jerry3chen/following{/other_user}",
            "gists_url": "https://api.github.com/users/jerry3chen/gists{/gist_id}",
            "starred_url": "https://api.github.com/users/jerry3chen/starred{/owner}{/repo}",
            "subscriptions_url": "https://api.github.com/users/jerry3chen/subscriptions",
            "organizations_url": "https://api.github.com/users/jerry3chen/orgs",
            "repos_url": "https://api.github.com/users/jerry3chen/repos",
            "events_url": "https://api.github.com/users/jerry3chen/events{/privacy}",
            "received_events_url": "https://api.github.com/users/jerry3chen/received_events",
            "type": "User",
            "user_view_type": "public",
            "site_admin": false
        },
        "labels": [],
        "state": "open",
        "locked": false,
        "assignee": null,
        "assignees": [],
        "milestone": null,
        "comments": 2,
        "created_at": "2023-11-06T05:26:16Z",
        "updated_at": "2023-12-18T08:59:03Z",
        "closed_at": null,
        "author_association": "NONE",
        "active_lock_reason": null,
        "sub_issues_summary": {
            "total": 0,
            "completed": 0,
            "percent_completed": 0
        },
        "body": "Hi, how exactly do you train with cifar10, cifar100 been private/public data sets?\r\n\r\nIn col_update code, you have to make sure the output have the same dimension, but cifar10 has 10 labels and cifar100 has 100.\r\nIf your private data is cifar10, then your model only has 10 output channels, how can you fed cifar100 in?\r\nI am not able to find where to deal with this\uff0c would be great if you can explain/show some code.\r\n\r\nRegards",
        "closed_by": null,
        "reactions": {
            "url": "https://api.github.com/repos/WenkeHuang/FCCL/issues/5/reactions",
            "total_count": 0,
            "+1": 0,
            "-1": 0,
            "laugh": 0,
            "hooray": 0,
            "confused": 0,
            "heart": 0,
            "rocket": 0,
            "eyes": 0
        },
        "timeline_url": "https://api.github.com/repos/WenkeHuang/FCCL/issues/5/timeline",
        "performed_via_github_app": null,
        "state_reason": null
    },
    {
        "url": "https://api.github.com/repos/WenkeHuang/FCCL/issues/4",
        "repository_url": "https://api.github.com/repos/WenkeHuang/FCCL",
        "labels_url": "https://api.github.com/repos/WenkeHuang/FCCL/issues/4/labels{/name}",
        "comments_url": "https://api.github.com/repos/WenkeHuang/FCCL/issues/4/comments",
        "events_url": "https://api.github.com/repos/WenkeHuang/FCCL/issues/4/events",
        "html_url": "https://github.com/WenkeHuang/FCCL/issues/4",
        "id": 1846098070,
        "node_id": "I_kwDOG-KAfs5uCTiW",
        "number": 4,
        "title": "\u5173\u4e8eIdea.third_party",
        "user": {
            "login": "ICFLFT",
            "id": 102151616,
            "node_id": "U_kgDOBha1wA",
            "avatar_url": "https://avatars.githubusercontent.com/u/102151616?v=4",
            "gravatar_id": "",
            "url": "https://api.github.com/users/ICFLFT",
            "html_url": "https://github.com/ICFLFT",
            "followers_url": "https://api.github.com/users/ICFLFT/followers",
            "following_url": "https://api.github.com/users/ICFLFT/following{/other_user}",
            "gists_url": "https://api.github.com/users/ICFLFT/gists{/gist_id}",
            "starred_url": "https://api.github.com/users/ICFLFT/starred{/owner}{/repo}",
            "subscriptions_url": "https://api.github.com/users/ICFLFT/subscriptions",
            "organizations_url": "https://api.github.com/users/ICFLFT/orgs",
            "repos_url": "https://api.github.com/users/ICFLFT/repos",
            "events_url": "https://api.github.com/users/ICFLFT/events{/privacy}",
            "received_events_url": "https://api.github.com/users/ICFLFT/received_events",
            "type": "User",
            "user_view_type": "public",
            "site_admin": false
        },
        "labels": [],
        "state": "open",
        "locked": false,
        "assignee": null,
        "assignees": [],
        "milestone": null,
        "comments": 2,
        "created_at": "2023-08-11T02:04:15Z",
        "updated_at": "2023-11-29T15:33:41Z",
        "closed_at": null,
        "author_association": "NONE",
        "active_lock_reason": null,
        "sub_issues_summary": {
            "total": 0,
            "completed": 0,
            "percent_completed": 0
        },
        "body": "\u5728fccl/idea/ours/utils_idea\u6587\u4ef6\u4e2d\r\nfrom Idea.third_party import aug\r\n\u6211\u6ca1\u6709\u627e\u5230\u7b2c\u4e09\u65b9\u5e93\u7684\u6587\u4ef6\uff0c\u8fd9\u91cc\u53ea\u9700\u8981\u6dfb\u52a0AUG\u51fd\u6570\u5c31\u884c\u4e86\u5417\uff1f\u662f\u5426\u8fd8\u6709\u5176\u4ed6\u5e93\u51fd\u6570\uff0c\u6216\u8005\u60a8\u662f\u5426\u53ef\u4ee5\u4ece\u65b0\u4e0a\u4f20\u4e00\u4efd",
        "closed_by": null,
        "reactions": {
            "url": "https://api.github.com/repos/WenkeHuang/FCCL/issues/4/reactions",
            "total_count": 2,
            "+1": 2,
            "-1": 0,
            "laugh": 0,
            "hooray": 0,
            "confused": 0,
            "heart": 0,
            "rocket": 0,
            "eyes": 0
        },
        "timeline_url": "https://api.github.com/repos/WenkeHuang/FCCL/issues/4/timeline",
        "performed_via_github_app": null,
        "state_reason": null
    },
    {
        "url": "https://api.github.com/repos/WenkeHuang/FCCL/issues/3",
        "repository_url": "https://api.github.com/repos/WenkeHuang/FCCL",
        "labels_url": "https://api.github.com/repos/WenkeHuang/FCCL/issues/3/labels{/name}",
        "comments_url": "https://api.github.com/repos/WenkeHuang/FCCL/issues/3/comments",
        "events_url": "https://api.github.com/repos/WenkeHuang/FCCL/issues/3/events",
        "html_url": "https://github.com/WenkeHuang/FCCL/issues/3",
        "id": 1459863905,
        "node_id": "I_kwDOG-KAfs5XA8Fh",
        "number": 3,
        "title": "Local updating",
        "user": {
            "login": "aynesss",
            "id": 58772944,
            "node_id": "MDQ6VXNlcjU4NzcyOTQ0",
            "avatar_url": "https://avatars.githubusercontent.com/u/58772944?v=4",
            "gravatar_id": "",
            "url": "https://api.github.com/users/aynesss",
            "html_url": "https://github.com/aynesss",
            "followers_url": "https://api.github.com/users/aynesss/followers",
            "following_url": "https://api.github.com/users/aynesss/following{/other_user}",
            "gists_url": "https://api.github.com/users/aynesss/gists{/gist_id}",
            "starred_url": "https://api.github.com/users/aynesss/starred{/owner}{/repo}",
            "subscriptions_url": "https://api.github.com/users/aynesss/subscriptions",
            "organizations_url": "https://api.github.com/users/aynesss/orgs",
            "repos_url": "https://api.github.com/users/aynesss/repos",
            "events_url": "https://api.github.com/users/aynesss/events{/privacy}",
            "received_events_url": "https://api.github.com/users/aynesss/received_events",
            "type": "User",
            "user_view_type": "public",
            "site_admin": false
        },
        "labels": [],
        "state": "open",
        "locked": false,
        "assignee": null,
        "assignees": [],
        "milestone": null,
        "comments": 0,
        "created_at": "2022-11-22T13:21:59Z",
        "updated_at": "2023-03-27T10:01:45Z",
        "closed_at": null,
        "author_association": "NONE",
        "active_lock_reason": null,
        "sub_issues_summary": {
            "total": 0,
            "completed": 0,
            "percent_completed": 0
        },
        "body": null,
        "closed_by": null,
        "reactions": {
            "url": "https://api.github.com/repos/WenkeHuang/FCCL/issues/3/reactions",
            "total_count": 0,
            "+1": 0,
            "-1": 0,
            "laugh": 0,
            "hooray": 0,
            "confused": 0,
            "heart": 0,
            "rocket": 0,
            "eyes": 0
        },
        "timeline_url": "https://api.github.com/repos/WenkeHuang/FCCL/issues/3/timeline",
        "performed_via_github_app": null,
        "state_reason": null
    },
    {
        "url": "https://api.github.com/repos/WenkeHuang/FCCL/issues/2",
        "repository_url": "https://api.github.com/repos/WenkeHuang/FCCL",
        "labels_url": "https://api.github.com/repos/WenkeHuang/FCCL/issues/2/labels{/name}",
        "comments_url": "https://api.github.com/repos/WenkeHuang/FCCL/issues/2/comments",
        "events_url": "https://api.github.com/repos/WenkeHuang/FCCL/issues/2/events",
        "html_url": "https://github.com/WenkeHuang/FCCL/issues/2",
        "id": 1416212658,
        "node_id": "I_kwDOG-KAfs5UabCy",
        "number": 2,
        "title": "Is Code available?",
        "user": {
            "login": "ZCyueternal",
            "id": 46353699,
            "node_id": "MDQ6VXNlcjQ2MzUzNjk5",
            "avatar_url": "https://avatars.githubusercontent.com/u/46353699?v=4",
            "gravatar_id": "",
            "url": "https://api.github.com/users/ZCyueternal",
            "html_url": "https://github.com/ZCyueternal",
            "followers_url": "https://api.github.com/users/ZCyueternal/followers",
            "following_url": "https://api.github.com/users/ZCyueternal/following{/other_user}",
            "gists_url": "https://api.github.com/users/ZCyueternal/gists{/gist_id}",
            "starred_url": "https://api.github.com/users/ZCyueternal/starred{/owner}{/repo}",
            "subscriptions_url": "https://api.github.com/users/ZCyueternal/subscriptions",
            "organizations_url": "https://api.github.com/users/ZCyueternal/orgs",
            "repos_url": "https://api.github.com/users/ZCyueternal/repos",
            "events_url": "https://api.github.com/users/ZCyueternal/events{/privacy}",
            "received_events_url": "https://api.github.com/users/ZCyueternal/received_events",
            "type": "User",
            "user_view_type": "public",
            "site_admin": false
        },
        "labels": [],
        "state": "open",
        "locked": false,
        "assignee": null,
        "assignees": [],
        "milestone": null,
        "comments": 1,
        "created_at": "2022-10-20T08:43:33Z",
        "updated_at": "2023-02-23T11:44:57Z",
        "closed_at": null,
        "author_association": "NONE",
        "active_lock_reason": null,
        "sub_issues_summary": {
            "total": 0,
            "completed": 0,
            "percent_completed": 0
        },
        "body": "Dear author, I am a graduate student and I am very enlightened after reading your paper. My advisor and I read your paper together, and my advisor commented that you have great research potential. I would like to ask if you can provide the code of the paper for study. If it is inconvenient to publish it on GitHub, can you send it to my email ? I wish you success in your research and more valuable work in the future.\r\nmy email: zhangchongyu22@gmail.com",
        "closed_by": null,
        "reactions": {
            "url": "https://api.github.com/repos/WenkeHuang/FCCL/issues/2/reactions",
            "total_count": 0,
            "+1": 0,
            "-1": 0,
            "laugh": 0,
            "hooray": 0,
            "confused": 0,
            "heart": 0,
            "rocket": 0,
            "eyes": 0
        },
        "timeline_url": "https://api.github.com/repos/WenkeHuang/FCCL/issues/2/timeline",
        "performed_via_github_app": null,
        "state_reason": null
    },
    {
        "url": "https://api.github.com/repos/WenkeHuang/FCCL/issues/1",
        "repository_url": "https://api.github.com/repos/WenkeHuang/FCCL",
        "labels_url": "https://api.github.com/repos/WenkeHuang/FCCL/issues/1/labels{/name}",
        "comments_url": "https://api.github.com/repos/WenkeHuang/FCCL/issues/1/comments",
        "events_url": "https://api.github.com/repos/WenkeHuang/FCCL/issues/1/events",
        "html_url": "https://github.com/WenkeHuang/FCCL/issues/1",
        "id": 1273645188,
        "node_id": "I_kwDOG-KAfs5L6kiE",
        "number": 1,
        "title": "Hello, I am very glad to read this paper! When will open source be available?",
        "user": {
            "login": "Tam-JQK",
            "id": 47706562,
            "node_id": "MDQ6VXNlcjQ3NzA2NTYy",
            "avatar_url": "https://avatars.githubusercontent.com/u/47706562?v=4",
            "gravatar_id": "",
            "url": "https://api.github.com/users/Tam-JQK",
            "html_url": "https://github.com/Tam-JQK",
            "followers_url": "https://api.github.com/users/Tam-JQK/followers",
            "following_url": "https://api.github.com/users/Tam-JQK/following{/other_user}",
            "gists_url": "https://api.github.com/users/Tam-JQK/gists{/gist_id}",
            "starred_url": "https://api.github.com/users/Tam-JQK/starred{/owner}{/repo}",
            "subscriptions_url": "https://api.github.com/users/Tam-JQK/subscriptions",
            "organizations_url": "https://api.github.com/users/Tam-JQK/orgs",
            "repos_url": "https://api.github.com/users/Tam-JQK/repos",
            "events_url": "https://api.github.com/users/Tam-JQK/events{/privacy}",
            "received_events_url": "https://api.github.com/users/Tam-JQK/received_events",
            "type": "User",
            "user_view_type": "public",
            "site_admin": false
        },
        "labels": [],
        "state": "open",
        "locked": false,
        "assignee": null,
        "assignees": [],
        "milestone": null,
        "comments": 0,
        "created_at": "2022-06-16T14:29:45Z",
        "updated_at": "2022-06-16T14:29:45Z",
        "closed_at": null,
        "author_association": "NONE",
        "active_lock_reason": null,
        "sub_issues_summary": {
            "total": 0,
            "completed": 0,
            "percent_completed": 0
        },
        "body": null,
        "closed_by": null,
        "reactions": {
            "url": "https://api.github.com/repos/WenkeHuang/FCCL/issues/1/reactions",
            "total_count": 0,
            "+1": 0,
            "-1": 0,
            "laugh": 0,
            "hooray": 0,
            "confused": 0,
            "heart": 0,
            "rocket": 0,
            "eyes": 0
        },
        "timeline_url": "https://api.github.com/repos/WenkeHuang/FCCL/issues/1/timeline",
        "performed_via_github_app": null,
        "state_reason": null
    }
]