[
    {
        "url": "https://api.github.com/repos/Xtra-Computing/NIID-Bench/issues/29",
        "repository_url": "https://api.github.com/repos/Xtra-Computing/NIID-Bench",
        "labels_url": "https://api.github.com/repos/Xtra-Computing/NIID-Bench/issues/29/labels{/name}",
        "comments_url": "https://api.github.com/repos/Xtra-Computing/NIID-Bench/issues/29/comments",
        "events_url": "https://api.github.com/repos/Xtra-Computing/NIID-Bench/issues/29/events",
        "html_url": "https://github.com/Xtra-Computing/NIID-Bench/issues/29",
        "id": 2392622598,
        "node_id": "I_kwDOE4qwkc6OnIYG",
        "number": 29,
        "title": "Feature skew distribution code not present in `partition.py`",
        "user": {
            "login": "aritroCoder",
            "id": 92646038,
            "node_id": "U_kgDOBYWqlg",
            "avatar_url": "https://avatars.githubusercontent.com/u/92646038?v=4",
            "gravatar_id": "",
            "url": "https://api.github.com/users/aritroCoder",
            "html_url": "https://github.com/aritroCoder",
            "followers_url": "https://api.github.com/users/aritroCoder/followers",
            "following_url": "https://api.github.com/users/aritroCoder/following{/other_user}",
            "gists_url": "https://api.github.com/users/aritroCoder/gists{/gist_id}",
            "starred_url": "https://api.github.com/users/aritroCoder/starred{/owner}{/repo}",
            "subscriptions_url": "https://api.github.com/users/aritroCoder/subscriptions",
            "organizations_url": "https://api.github.com/users/aritroCoder/orgs",
            "repos_url": "https://api.github.com/users/aritroCoder/repos",
            "events_url": "https://api.github.com/users/aritroCoder/events{/privacy}",
            "received_events_url": "https://api.github.com/users/aritroCoder/received_events",
            "type": "User",
            "user_view_type": "public",
            "site_admin": false
        },
        "labels": [],
        "state": "closed",
        "locked": false,
        "assignee": null,
        "assignees": [],
        "milestone": null,
        "comments": 1,
        "created_at": "2024-07-05T13:33:30Z",
        "updated_at": "2024-08-22T03:34:43Z",
        "closed_at": "2024-08-22T03:34:43Z",
        "author_association": "NONE",
        "type": null,
        "active_lock_reason": null,
        "sub_issues_summary": {
            "total": 0,
            "completed": 0,
            "percent_completed": 0
        },
        "body": "The feature imbalances discussed in Readme are:\r\n- Quantity-based label imbalance: partition=noniid-#label1, noniid-#label2 or noniid-#label3\r\n- Distribution-based label imbalance: partition=noniid-labeldir, beta=0.5 or 0.1\r\n- Noise-based feature imbalance: partition=homo, noise=0.1 (actually noise does not affect net_dataidx_map)\r\n- Synthetic feature imbalance & Real-world feature imbalance: partition=real\r\n- Quantity Skew: partition=iid-diff-quantity, beta=0.5 or 0.1\r\n- IID Setting: partition=homo\r\n- Mixed skew: partition = mixed for mixture of distribution-based label imbalance and quantity skew; partition = noniid-labeldir and noise = 0.1 for mixture of distribution-based label imbalance and noise-based feature imbalance.\r\n\r\nThere are few issues with it.\r\n- For Noise-based feature imbalance if noise does not affect net_dataidx_map then how can we say this is a different feature distribution than pure IID?\r\n- Synthetic feature imbalance & Real-world feature imbalance where partition = real is not implemented\r\n- Mixed skew is not implemented.\r\n\r\nIt could be great if these algorithms would get implemented, or atleast we get a pseudocode to see how to implement them. As it would be very useful for literature surveys for future works in non IID data distribution since not many works actually talk about feature skew.",
        "closed_by": {
            "login": "sjtudyq",
            "id": 48618508,
            "node_id": "MDQ6VXNlcjQ4NjE4NTA4",
            "avatar_url": "https://avatars.githubusercontent.com/u/48618508?v=4",
            "gravatar_id": "",
            "url": "https://api.github.com/users/sjtudyq",
            "html_url": "https://github.com/sjtudyq",
            "followers_url": "https://api.github.com/users/sjtudyq/followers",
            "following_url": "https://api.github.com/users/sjtudyq/following{/other_user}",
            "gists_url": "https://api.github.com/users/sjtudyq/gists{/gist_id}",
            "starred_url": "https://api.github.com/users/sjtudyq/starred{/owner}{/repo}",
            "subscriptions_url": "https://api.github.com/users/sjtudyq/subscriptions",
            "organizations_url": "https://api.github.com/users/sjtudyq/orgs",
            "repos_url": "https://api.github.com/users/sjtudyq/repos",
            "events_url": "https://api.github.com/users/sjtudyq/events{/privacy}",
            "received_events_url": "https://api.github.com/users/sjtudyq/received_events",
            "type": "User",
            "user_view_type": "public",
            "site_admin": false
        },
        "reactions": {
            "url": "https://api.github.com/repos/Xtra-Computing/NIID-Bench/issues/29/reactions",
            "total_count": 0,
            "+1": 0,
            "-1": 0,
            "laugh": 0,
            "hooray": 0,
            "confused": 0,
            "heart": 0,
            "rocket": 0,
            "eyes": 0
        },
        "timeline_url": "https://api.github.com/repos/Xtra-Computing/NIID-Bench/issues/29/timeline",
        "performed_via_github_app": null,
        "state_reason": "completed"
    },
    {
        "url": "https://api.github.com/repos/Xtra-Computing/NIID-Bench/issues/24",
        "repository_url": "https://api.github.com/repos/Xtra-Computing/NIID-Bench",
        "labels_url": "https://api.github.com/repos/Xtra-Computing/NIID-Bench/issues/24/labels{/name}",
        "comments_url": "https://api.github.com/repos/Xtra-Computing/NIID-Bench/issues/24/comments",
        "events_url": "https://api.github.com/repos/Xtra-Computing/NIID-Bench/issues/24/events",
        "html_url": "https://github.com/Xtra-Computing/NIID-Bench/issues/24",
        "id": 1629324177,
        "node_id": "I_kwDOE4qwkc5hHYOR",
        "number": 24,
        "title": "Question about partition method 'homo'",
        "user": {
            "login": "paprika0741",
            "id": 78540817,
            "node_id": "MDQ6VXNlcjc4NTQwODE3",
            "avatar_url": "https://avatars.githubusercontent.com/u/78540817?v=4",
            "gravatar_id": "",
            "url": "https://api.github.com/users/paprika0741",
            "html_url": "https://github.com/paprika0741",
            "followers_url": "https://api.github.com/users/paprika0741/followers",
            "following_url": "https://api.github.com/users/paprika0741/following{/other_user}",
            "gists_url": "https://api.github.com/users/paprika0741/gists{/gist_id}",
            "starred_url": "https://api.github.com/users/paprika0741/starred{/owner}{/repo}",
            "subscriptions_url": "https://api.github.com/users/paprika0741/subscriptions",
            "organizations_url": "https://api.github.com/users/paprika0741/orgs",
            "repos_url": "https://api.github.com/users/paprika0741/repos",
            "events_url": "https://api.github.com/users/paprika0741/events{/privacy}",
            "received_events_url": "https://api.github.com/users/paprika0741/received_events",
            "type": "User",
            "user_view_type": "public",
            "site_admin": false
        },
        "labels": [],
        "state": "closed",
        "locked": false,
        "assignee": null,
        "assignees": [],
        "milestone": null,
        "comments": 1,
        "created_at": "2023-03-17T13:30:28Z",
        "updated_at": "2023-03-20T00:46:11Z",
        "closed_at": "2023-03-20T00:46:11Z",
        "author_association": "NONE",
        "type": null,
        "active_lock_reason": null,
        "sub_issues_summary": {
            "total": 0,
            "completed": 0,
            "percent_completed": 0
        },
        "body": "When setting partition='homo',  for the same label, different clients have different numbers, even tens of differences .\r\nThe picture below is the heat map for the mnist dataset divided evenly among 10 clients  using partition method 'homo'.\r\n![image](https://user-images.githubusercontent.com/78540817/225918179-76ee911c-4214-4fb0-ba63-a10517c9c0e2.png)\r\n",
        "closed_by": {
            "login": "sjtudyq",
            "id": 48618508,
            "node_id": "MDQ6VXNlcjQ4NjE4NTA4",
            "avatar_url": "https://avatars.githubusercontent.com/u/48618508?v=4",
            "gravatar_id": "",
            "url": "https://api.github.com/users/sjtudyq",
            "html_url": "https://github.com/sjtudyq",
            "followers_url": "https://api.github.com/users/sjtudyq/followers",
            "following_url": "https://api.github.com/users/sjtudyq/following{/other_user}",
            "gists_url": "https://api.github.com/users/sjtudyq/gists{/gist_id}",
            "starred_url": "https://api.github.com/users/sjtudyq/starred{/owner}{/repo}",
            "subscriptions_url": "https://api.github.com/users/sjtudyq/subscriptions",
            "organizations_url": "https://api.github.com/users/sjtudyq/orgs",
            "repos_url": "https://api.github.com/users/sjtudyq/repos",
            "events_url": "https://api.github.com/users/sjtudyq/events{/privacy}",
            "received_events_url": "https://api.github.com/users/sjtudyq/received_events",
            "type": "User",
            "user_view_type": "public",
            "site_admin": false
        },
        "reactions": {
            "url": "https://api.github.com/repos/Xtra-Computing/NIID-Bench/issues/24/reactions",
            "total_count": 0,
            "+1": 0,
            "-1": 0,
            "laugh": 0,
            "hooray": 0,
            "confused": 0,
            "heart": 0,
            "rocket": 0,
            "eyes": 0
        },
        "timeline_url": "https://api.github.com/repos/Xtra-Computing/NIID-Bench/issues/24/timeline",
        "performed_via_github_app": null,
        "state_reason": "completed"
    },
    {
        "url": "https://api.github.com/repos/Xtra-Computing/NIID-Bench/issues/23",
        "repository_url": "https://api.github.com/repos/Xtra-Computing/NIID-Bench",
        "labels_url": "https://api.github.com/repos/Xtra-Computing/NIID-Bench/issues/23/labels{/name}",
        "comments_url": "https://api.github.com/repos/Xtra-Computing/NIID-Bench/issues/23/comments",
        "events_url": "https://api.github.com/repos/Xtra-Computing/NIID-Bench/issues/23/events",
        "html_url": "https://github.com/Xtra-Computing/NIID-Bench/issues/23",
        "id": 1603339377,
        "node_id": "I_kwDOE4qwkc5fkQRx",
        "number": 23,
        "title": "Question about building test_dl_global when adding noise",
        "user": {
            "login": "paprika0741",
            "id": 78540817,
            "node_id": "MDQ6VXNlcjc4NTQwODE3",
            "avatar_url": "https://avatars.githubusercontent.com/u/78540817?v=4",
            "gravatar_id": "",
            "url": "https://api.github.com/users/paprika0741",
            "html_url": "https://github.com/paprika0741",
            "followers_url": "https://api.github.com/users/paprika0741/followers",
            "following_url": "https://api.github.com/users/paprika0741/following{/other_user}",
            "gists_url": "https://api.github.com/users/paprika0741/gists{/gist_id}",
            "starred_url": "https://api.github.com/users/paprika0741/starred{/owner}{/repo}",
            "subscriptions_url": "https://api.github.com/users/paprika0741/subscriptions",
            "organizations_url": "https://api.github.com/users/paprika0741/orgs",
            "repos_url": "https://api.github.com/users/paprika0741/repos",
            "events_url": "https://api.github.com/users/paprika0741/events{/privacy}",
            "received_events_url": "https://api.github.com/users/paprika0741/received_events",
            "type": "User",
            "user_view_type": "public",
            "site_admin": false
        },
        "labels": [],
        "state": "closed",
        "locked": false,
        "assignee": null,
        "assignees": [],
        "milestone": null,
        "comments": 1,
        "created_at": "2023-02-28T15:56:26Z",
        "updated_at": "2023-03-01T02:08:05Z",
        "closed_at": "2023-03-01T02:08:05Z",
        "author_association": "NONE",
        "type": null,
        "active_lock_reason": null,
        "sub_issues_summary": {
            "total": 0,
            "completed": 0,
            "percent_completed": 0
        },
        "body": "The test_ds_local is loaed by `test_ds = dl_obj(datadir+'./val/', transform=transform_test)`. \r\nTherefore, test_ds  is the same for all clients.  \r\nhttps://github.com/Xtra-Computing/NIID-Bench/blob/692569f790af0f5908dba23a15d4d80ce7e7aec4/utils.py#L771\r\nWhen adding noise\uff0ctest_all_in_ds is  made by just concatenateing all the same test_ds  together. \r\nI don't understand the meaning of this.\r\n\r\nhttps://github.com/Xtra-Computing/NIID-Bench/blob/692569f790af0f5908dba23a15d4d80ce7e7aec4/experiments.py#L860\r\n",
        "closed_by": {
            "login": "sjtudyq",
            "id": 48618508,
            "node_id": "MDQ6VXNlcjQ4NjE4NTA4",
            "avatar_url": "https://avatars.githubusercontent.com/u/48618508?v=4",
            "gravatar_id": "",
            "url": "https://api.github.com/users/sjtudyq",
            "html_url": "https://github.com/sjtudyq",
            "followers_url": "https://api.github.com/users/sjtudyq/followers",
            "following_url": "https://api.github.com/users/sjtudyq/following{/other_user}",
            "gists_url": "https://api.github.com/users/sjtudyq/gists{/gist_id}",
            "starred_url": "https://api.github.com/users/sjtudyq/starred{/owner}{/repo}",
            "subscriptions_url": "https://api.github.com/users/sjtudyq/subscriptions",
            "organizations_url": "https://api.github.com/users/sjtudyq/orgs",
            "repos_url": "https://api.github.com/users/sjtudyq/repos",
            "events_url": "https://api.github.com/users/sjtudyq/events{/privacy}",
            "received_events_url": "https://api.github.com/users/sjtudyq/received_events",
            "type": "User",
            "user_view_type": "public",
            "site_admin": false
        },
        "reactions": {
            "url": "https://api.github.com/repos/Xtra-Computing/NIID-Bench/issues/23/reactions",
            "total_count": 0,
            "+1": 0,
            "-1": 0,
            "laugh": 0,
            "hooray": 0,
            "confused": 0,
            "heart": 0,
            "rocket": 0,
            "eyes": 0
        },
        "timeline_url": "https://api.github.com/repos/Xtra-Computing/NIID-Bench/issues/23/timeline",
        "performed_via_github_app": null,
        "state_reason": "completed"
    },
    {
        "url": "https://api.github.com/repos/Xtra-Computing/NIID-Bench/issues/22",
        "repository_url": "https://api.github.com/repos/Xtra-Computing/NIID-Bench",
        "labels_url": "https://api.github.com/repos/Xtra-Computing/NIID-Bench/issues/22/labels{/name}",
        "comments_url": "https://api.github.com/repos/Xtra-Computing/NIID-Bench/issues/22/comments",
        "events_url": "https://api.github.com/repos/Xtra-Computing/NIID-Bench/issues/22/events",
        "html_url": "https://github.com/Xtra-Computing/NIID-Bench/issues/22",
        "id": 1548893598,
        "node_id": "I_kwDOE4qwkc5cUj2e",
        "number": 22,
        "title": "About the problem of slow code running",
        "user": {
            "login": "hylin2000",
            "id": 104972090,
            "node_id": "U_kgDOBkG_Og",
            "avatar_url": "https://avatars.githubusercontent.com/u/104972090?v=4",
            "gravatar_id": "",
            "url": "https://api.github.com/users/hylin2000",
            "html_url": "https://github.com/hylin2000",
            "followers_url": "https://api.github.com/users/hylin2000/followers",
            "following_url": "https://api.github.com/users/hylin2000/following{/other_user}",
            "gists_url": "https://api.github.com/users/hylin2000/gists{/gist_id}",
            "starred_url": "https://api.github.com/users/hylin2000/starred{/owner}{/repo}",
            "subscriptions_url": "https://api.github.com/users/hylin2000/subscriptions",
            "organizations_url": "https://api.github.com/users/hylin2000/orgs",
            "repos_url": "https://api.github.com/users/hylin2000/repos",
            "events_url": "https://api.github.com/users/hylin2000/events{/privacy}",
            "received_events_url": "https://api.github.com/users/hylin2000/received_events",
            "type": "User",
            "user_view_type": "public",
            "site_admin": false
        },
        "labels": [],
        "state": "closed",
        "locked": false,
        "assignee": null,
        "assignees": [],
        "milestone": null,
        "comments": 3,
        "created_at": "2023-01-19T10:33:33Z",
        "updated_at": "2024-05-27T06:49:55Z",
        "closed_at": "2023-01-19T13:07:10Z",
        "author_association": "NONE",
        "type": null,
        "active_lock_reason": null,
        "sub_issues_summary": {
            "total": 0,
            "completed": 0,
            "percent_completed": 0
        },
        "body": null,
        "closed_by": {
            "login": "hylin2000",
            "id": 104972090,
            "node_id": "U_kgDOBkG_Og",
            "avatar_url": "https://avatars.githubusercontent.com/u/104972090?v=4",
            "gravatar_id": "",
            "url": "https://api.github.com/users/hylin2000",
            "html_url": "https://github.com/hylin2000",
            "followers_url": "https://api.github.com/users/hylin2000/followers",
            "following_url": "https://api.github.com/users/hylin2000/following{/other_user}",
            "gists_url": "https://api.github.com/users/hylin2000/gists{/gist_id}",
            "starred_url": "https://api.github.com/users/hylin2000/starred{/owner}{/repo}",
            "subscriptions_url": "https://api.github.com/users/hylin2000/subscriptions",
            "organizations_url": "https://api.github.com/users/hylin2000/orgs",
            "repos_url": "https://api.github.com/users/hylin2000/repos",
            "events_url": "https://api.github.com/users/hylin2000/events{/privacy}",
            "received_events_url": "https://api.github.com/users/hylin2000/received_events",
            "type": "User",
            "user_view_type": "public",
            "site_admin": false
        },
        "reactions": {
            "url": "https://api.github.com/repos/Xtra-Computing/NIID-Bench/issues/22/reactions",
            "total_count": 0,
            "+1": 0,
            "-1": 0,
            "laugh": 0,
            "hooray": 0,
            "confused": 0,
            "heart": 0,
            "rocket": 0,
            "eyes": 0
        },
        "timeline_url": "https://api.github.com/repos/Xtra-Computing/NIID-Bench/issues/22/timeline",
        "performed_via_github_app": null,
        "state_reason": "completed"
    },
    {
        "url": "https://api.github.com/repos/Xtra-Computing/NIID-Bench/issues/21",
        "repository_url": "https://api.github.com/repos/Xtra-Computing/NIID-Bench",
        "labels_url": "https://api.github.com/repos/Xtra-Computing/NIID-Bench/issues/21/labels{/name}",
        "comments_url": "https://api.github.com/repos/Xtra-Computing/NIID-Bench/issues/21/comments",
        "events_url": "https://api.github.com/repos/Xtra-Computing/NIID-Bench/issues/21/events",
        "html_url": "https://github.com/Xtra-Computing/NIID-Bench/issues/21",
        "id": 1511841005,
        "node_id": "I_kwDOE4qwkc5aHNzt",
        "number": 21,
        "title": "Problem when running experiments.py",
        "user": {
            "login": "b856741",
            "id": 22851308,
            "node_id": "MDQ6VXNlcjIyODUxMzA4",
            "avatar_url": "https://avatars.githubusercontent.com/u/22851308?v=4",
            "gravatar_id": "",
            "url": "https://api.github.com/users/b856741",
            "html_url": "https://github.com/b856741",
            "followers_url": "https://api.github.com/users/b856741/followers",
            "following_url": "https://api.github.com/users/b856741/following{/other_user}",
            "gists_url": "https://api.github.com/users/b856741/gists{/gist_id}",
            "starred_url": "https://api.github.com/users/b856741/starred{/owner}{/repo}",
            "subscriptions_url": "https://api.github.com/users/b856741/subscriptions",
            "organizations_url": "https://api.github.com/users/b856741/orgs",
            "repos_url": "https://api.github.com/users/b856741/repos",
            "events_url": "https://api.github.com/users/b856741/events{/privacy}",
            "received_events_url": "https://api.github.com/users/b856741/received_events",
            "type": "User",
            "user_view_type": "public",
            "site_admin": false
        },
        "labels": [],
        "state": "closed",
        "locked": false,
        "assignee": null,
        "assignees": [],
        "milestone": null,
        "comments": 7,
        "created_at": "2022-12-27T14:12:46Z",
        "updated_at": "2024-08-09T05:27:04Z",
        "closed_at": "2022-12-27T15:47:01Z",
        "author_association": "NONE",
        "type": null,
        "active_lock_reason": null,
        "sub_issues_summary": {
            "total": 0,
            "completed": 0,
            "percent_completed": 0
        },
        "body": "Hi, when I tried to run experiments.py in default setting, there is a problem showed up\r\n![1672149965986](https://user-images.githubusercontent.com/22851308/209678701-19ce01c4-cddb-42d4-8a99-6d48996a8a28.jpg)\r\nis there any way to fix it?",
        "closed_by": {
            "login": "sjtudyq",
            "id": 48618508,
            "node_id": "MDQ6VXNlcjQ4NjE4NTA4",
            "avatar_url": "https://avatars.githubusercontent.com/u/48618508?v=4",
            "gravatar_id": "",
            "url": "https://api.github.com/users/sjtudyq",
            "html_url": "https://github.com/sjtudyq",
            "followers_url": "https://api.github.com/users/sjtudyq/followers",
            "following_url": "https://api.github.com/users/sjtudyq/following{/other_user}",
            "gists_url": "https://api.github.com/users/sjtudyq/gists{/gist_id}",
            "starred_url": "https://api.github.com/users/sjtudyq/starred{/owner}{/repo}",
            "subscriptions_url": "https://api.github.com/users/sjtudyq/subscriptions",
            "organizations_url": "https://api.github.com/users/sjtudyq/orgs",
            "repos_url": "https://api.github.com/users/sjtudyq/repos",
            "events_url": "https://api.github.com/users/sjtudyq/events{/privacy}",
            "received_events_url": "https://api.github.com/users/sjtudyq/received_events",
            "type": "User",
            "user_view_type": "public",
            "site_admin": false
        },
        "reactions": {
            "url": "https://api.github.com/repos/Xtra-Computing/NIID-Bench/issues/21/reactions",
            "total_count": 0,
            "+1": 0,
            "-1": 0,
            "laugh": 0,
            "hooray": 0,
            "confused": 0,
            "heart": 0,
            "rocket": 0,
            "eyes": 0
        },
        "timeline_url": "https://api.github.com/repos/Xtra-Computing/NIID-Bench/issues/21/timeline",
        "performed_via_github_app": null,
        "state_reason": "completed"
    },
    {
        "url": "https://api.github.com/repos/Xtra-Computing/NIID-Bench/issues/20",
        "repository_url": "https://api.github.com/repos/Xtra-Computing/NIID-Bench",
        "labels_url": "https://api.github.com/repos/Xtra-Computing/NIID-Bench/issues/20/labels{/name}",
        "comments_url": "https://api.github.com/repos/Xtra-Computing/NIID-Bench/issues/20/comments",
        "events_url": "https://api.github.com/repos/Xtra-Computing/NIID-Bench/issues/20/events",
        "html_url": "https://github.com/Xtra-Computing/NIID-Bench/issues/20",
        "id": 1500076515,
        "node_id": "I_kwDOE4qwkc5ZaVnj",
        "number": 20,
        "title": "Question about is_same_initial ",
        "user": {
            "login": "paprika0741",
            "id": 78540817,
            "node_id": "MDQ6VXNlcjc4NTQwODE3",
            "avatar_url": "https://avatars.githubusercontent.com/u/78540817?v=4",
            "gravatar_id": "",
            "url": "https://api.github.com/users/paprika0741",
            "html_url": "https://github.com/paprika0741",
            "followers_url": "https://api.github.com/users/paprika0741/followers",
            "following_url": "https://api.github.com/users/paprika0741/following{/other_user}",
            "gists_url": "https://api.github.com/users/paprika0741/gists{/gist_id}",
            "starred_url": "https://api.github.com/users/paprika0741/starred{/owner}{/repo}",
            "subscriptions_url": "https://api.github.com/users/paprika0741/subscriptions",
            "organizations_url": "https://api.github.com/users/paprika0741/orgs",
            "repos_url": "https://api.github.com/users/paprika0741/repos",
            "events_url": "https://api.github.com/users/paprika0741/events{/privacy}",
            "received_events_url": "https://api.github.com/users/paprika0741/received_events",
            "type": "User",
            "user_view_type": "public",
            "site_admin": false
        },
        "labels": [],
        "state": "closed",
        "locked": false,
        "assignee": null,
        "assignees": [],
        "milestone": null,
        "comments": 1,
        "created_at": "2022-12-16T11:47:30Z",
        "updated_at": "2022-12-17T06:17:48Z",
        "closed_at": "2022-12-17T06:17:48Z",
        "author_association": "NONE",
        "type": null,
        "active_lock_reason": null,
        "sub_issues_summary": {
            "total": 0,
            "completed": 0,
            "percent_completed": 0
        },
        "body": "This parameter is not involved in the pseudocode.\r\nWhen t = 0, global model $\\omega^0$ is sent to all the selected clients.\r\n![image](https://user-images.githubusercontent.com/78540817/208090902-d1253283-fc32-47ef-95f3-3752d6771f26.png)\r\n",
        "closed_by": {
            "login": "sjtudyq",
            "id": 48618508,
            "node_id": "MDQ6VXNlcjQ4NjE4NTA4",
            "avatar_url": "https://avatars.githubusercontent.com/u/48618508?v=4",
            "gravatar_id": "",
            "url": "https://api.github.com/users/sjtudyq",
            "html_url": "https://github.com/sjtudyq",
            "followers_url": "https://api.github.com/users/sjtudyq/followers",
            "following_url": "https://api.github.com/users/sjtudyq/following{/other_user}",
            "gists_url": "https://api.github.com/users/sjtudyq/gists{/gist_id}",
            "starred_url": "https://api.github.com/users/sjtudyq/starred{/owner}{/repo}",
            "subscriptions_url": "https://api.github.com/users/sjtudyq/subscriptions",
            "organizations_url": "https://api.github.com/users/sjtudyq/orgs",
            "repos_url": "https://api.github.com/users/sjtudyq/repos",
            "events_url": "https://api.github.com/users/sjtudyq/events{/privacy}",
            "received_events_url": "https://api.github.com/users/sjtudyq/received_events",
            "type": "User",
            "user_view_type": "public",
            "site_admin": false
        },
        "reactions": {
            "url": "https://api.github.com/repos/Xtra-Computing/NIID-Bench/issues/20/reactions",
            "total_count": 0,
            "+1": 0,
            "-1": 0,
            "laugh": 0,
            "hooray": 0,
            "confused": 0,
            "heart": 0,
            "rocket": 0,
            "eyes": 0
        },
        "timeline_url": "https://api.github.com/repos/Xtra-Computing/NIID-Bench/issues/20/timeline",
        "performed_via_github_app": null,
        "state_reason": "completed"
    },
    {
        "url": "https://api.github.com/repos/Xtra-Computing/NIID-Bench/issues/19",
        "repository_url": "https://api.github.com/repos/Xtra-Computing/NIID-Bench",
        "labels_url": "https://api.github.com/repos/Xtra-Computing/NIID-Bench/issues/19/labels{/name}",
        "comments_url": "https://api.github.com/repos/Xtra-Computing/NIID-Bench/issues/19/comments",
        "events_url": "https://api.github.com/repos/Xtra-Computing/NIID-Bench/issues/19/events",
        "html_url": "https://github.com/Xtra-Computing/NIID-Bench/issues/19",
        "id": 1499716969,
        "node_id": "I_kwDOE4qwkc5ZY91p",
        "number": 19,
        "title": "Error in running  experiments.py with args.alg == 'all_in'",
        "user": {
            "login": "paprika0741",
            "id": 78540817,
            "node_id": "MDQ6VXNlcjc4NTQwODE3",
            "avatar_url": "https://avatars.githubusercontent.com/u/78540817?v=4",
            "gravatar_id": "",
            "url": "https://api.github.com/users/paprika0741",
            "html_url": "https://github.com/paprika0741",
            "followers_url": "https://api.github.com/users/paprika0741/followers",
            "following_url": "https://api.github.com/users/paprika0741/following{/other_user}",
            "gists_url": "https://api.github.com/users/paprika0741/gists{/gist_id}",
            "starred_url": "https://api.github.com/users/paprika0741/starred{/owner}{/repo}",
            "subscriptions_url": "https://api.github.com/users/paprika0741/subscriptions",
            "organizations_url": "https://api.github.com/users/paprika0741/orgs",
            "repos_url": "https://api.github.com/users/paprika0741/repos",
            "events_url": "https://api.github.com/users/paprika0741/events{/privacy}",
            "received_events_url": "https://api.github.com/users/paprika0741/received_events",
            "type": "User",
            "user_view_type": "public",
            "site_admin": false
        },
        "labels": [],
        "state": "closed",
        "locked": false,
        "assignee": null,
        "assignees": [],
        "milestone": null,
        "comments": 1,
        "created_at": "2022-12-16T07:15:10Z",
        "updated_at": "2022-12-16T07:27:27Z",
        "closed_at": "2022-12-16T07:27:27Z",
        "author_association": "NONE",
        "type": null,
        "active_lock_reason": null,
        "sub_issues_summary": {
            "total": 0,
            "completed": 0,
            "percent_completed": 0
        },
        "body": "Hi, when I run the following command\r\n`\r\npython experiments.py --model=simple-cnn --dataset=cifar10  --alg=all_in   --lr=0.01  --batch-size=64    --epochs=10      --n_parties=10    --rho=0.9    --comm_round=50      --partition=noniid-labeldir      --beta=0.5     --device=cuda:0    --datadir=./data/      --logdir=./logs/      --noise=0     --init_seed=0\r\n`\r\nRuntimeError: Input type (torch.cuda.FloatTensor) and weight type (torch.FloatTensor) should be the same\r\n\r\nMaybe this line of code should be preceded by \"nets[0].to(device)\"\r\nhttps://github.com/Xtra-Computing/NIID-Bench/blob/885648ae2bc7a4a448c7ff1979593c21a8ea1d1c/experiments.py#L1218\r\n",
        "closed_by": {
            "login": "sjtudyq",
            "id": 48618508,
            "node_id": "MDQ6VXNlcjQ4NjE4NTA4",
            "avatar_url": "https://avatars.githubusercontent.com/u/48618508?v=4",
            "gravatar_id": "",
            "url": "https://api.github.com/users/sjtudyq",
            "html_url": "https://github.com/sjtudyq",
            "followers_url": "https://api.github.com/users/sjtudyq/followers",
            "following_url": "https://api.github.com/users/sjtudyq/following{/other_user}",
            "gists_url": "https://api.github.com/users/sjtudyq/gists{/gist_id}",
            "starred_url": "https://api.github.com/users/sjtudyq/starred{/owner}{/repo}",
            "subscriptions_url": "https://api.github.com/users/sjtudyq/subscriptions",
            "organizations_url": "https://api.github.com/users/sjtudyq/orgs",
            "repos_url": "https://api.github.com/users/sjtudyq/repos",
            "events_url": "https://api.github.com/users/sjtudyq/events{/privacy}",
            "received_events_url": "https://api.github.com/users/sjtudyq/received_events",
            "type": "User",
            "user_view_type": "public",
            "site_admin": false
        },
        "reactions": {
            "url": "https://api.github.com/repos/Xtra-Computing/NIID-Bench/issues/19/reactions",
            "total_count": 0,
            "+1": 0,
            "-1": 0,
            "laugh": 0,
            "hooray": 0,
            "confused": 0,
            "heart": 0,
            "rocket": 0,
            "eyes": 0
        },
        "timeline_url": "https://api.github.com/repos/Xtra-Computing/NIID-Bench/issues/19/timeline",
        "performed_via_github_app": null,
        "state_reason": "completed"
    },
    {
        "url": "https://api.github.com/repos/Xtra-Computing/NIID-Bench/issues/18",
        "repository_url": "https://api.github.com/repos/Xtra-Computing/NIID-Bench",
        "labels_url": "https://api.github.com/repos/Xtra-Computing/NIID-Bench/issues/18/labels{/name}",
        "comments_url": "https://api.github.com/repos/Xtra-Computing/NIID-Bench/issues/18/comments",
        "events_url": "https://api.github.com/repos/Xtra-Computing/NIID-Bench/issues/18/events",
        "html_url": "https://github.com/Xtra-Computing/NIID-Bench/issues/18",
        "id": 1496106989,
        "node_id": "I_kwDOE4qwkc5ZLMft",
        "number": 18,
        "title": "len(dataloder) and len(dataset)",
        "user": {
            "login": "paprika0741",
            "id": 78540817,
            "node_id": "MDQ6VXNlcjc4NTQwODE3",
            "avatar_url": "https://avatars.githubusercontent.com/u/78540817?v=4",
            "gravatar_id": "",
            "url": "https://api.github.com/users/paprika0741",
            "html_url": "https://github.com/paprika0741",
            "followers_url": "https://api.github.com/users/paprika0741/followers",
            "following_url": "https://api.github.com/users/paprika0741/following{/other_user}",
            "gists_url": "https://api.github.com/users/paprika0741/gists{/gist_id}",
            "starred_url": "https://api.github.com/users/paprika0741/starred{/owner}{/repo}",
            "subscriptions_url": "https://api.github.com/users/paprika0741/subscriptions",
            "organizations_url": "https://api.github.com/users/paprika0741/orgs",
            "repos_url": "https://api.github.com/users/paprika0741/repos",
            "events_url": "https://api.github.com/users/paprika0741/events{/privacy}",
            "received_events_url": "https://api.github.com/users/paprika0741/received_events",
            "type": "User",
            "user_view_type": "public",
            "site_admin": false
        },
        "labels": [],
        "state": "closed",
        "locked": false,
        "assignee": null,
        "assignees": [],
        "milestone": null,
        "comments": 1,
        "created_at": "2022-12-14T08:58:35Z",
        "updated_at": "2022-12-15T02:04:03Z",
        "closed_at": "2022-12-15T02:04:03Z",
        "author_association": "NONE",
        "type": null,
        "active_lock_reason": null,
        "sub_issues_summary": {
            "total": 0,
            "completed": 0,
            "percent_completed": 0
        },
        "body": "https://github.com/Xtra-Computing/NIID-Bench/blob/e22b4210aa5e645bfcb0ecad41e28a9c673aff68/experiments.py#L725\r\n\r\nNumber of local samples $|D^i|$ =len(train_dl_local.dateset) instead  of len(train_dl_local).\r\nAlthough the batch size is the same for all  dataloader\uff0cthere will be cases where the number of data cannot be divided by the batch size. \r\nI think this will be a little different from the pseudo-code",
        "closed_by": {
            "login": "sjtudyq",
            "id": 48618508,
            "node_id": "MDQ6VXNlcjQ4NjE4NTA4",
            "avatar_url": "https://avatars.githubusercontent.com/u/48618508?v=4",
            "gravatar_id": "",
            "url": "https://api.github.com/users/sjtudyq",
            "html_url": "https://github.com/sjtudyq",
            "followers_url": "https://api.github.com/users/sjtudyq/followers",
            "following_url": "https://api.github.com/users/sjtudyq/following{/other_user}",
            "gists_url": "https://api.github.com/users/sjtudyq/gists{/gist_id}",
            "starred_url": "https://api.github.com/users/sjtudyq/starred{/owner}{/repo}",
            "subscriptions_url": "https://api.github.com/users/sjtudyq/subscriptions",
            "organizations_url": "https://api.github.com/users/sjtudyq/orgs",
            "repos_url": "https://api.github.com/users/sjtudyq/repos",
            "events_url": "https://api.github.com/users/sjtudyq/events{/privacy}",
            "received_events_url": "https://api.github.com/users/sjtudyq/received_events",
            "type": "User",
            "user_view_type": "public",
            "site_admin": false
        },
        "reactions": {
            "url": "https://api.github.com/repos/Xtra-Computing/NIID-Bench/issues/18/reactions",
            "total_count": 0,
            "+1": 0,
            "-1": 0,
            "laugh": 0,
            "hooray": 0,
            "confused": 0,
            "heart": 0,
            "rocket": 0,
            "eyes": 0
        },
        "timeline_url": "https://api.github.com/repos/Xtra-Computing/NIID-Bench/issues/18/timeline",
        "performed_via_github_app": null,
        "state_reason": "completed"
    },
    {
        "url": "https://api.github.com/repos/Xtra-Computing/NIID-Bench/issues/17",
        "repository_url": "https://api.github.com/repos/Xtra-Computing/NIID-Bench",
        "labels_url": "https://api.github.com/repos/Xtra-Computing/NIID-Bench/issues/17/labels{/name}",
        "comments_url": "https://api.github.com/repos/Xtra-Computing/NIID-Bench/issues/17/comments",
        "events_url": "https://api.github.com/repos/Xtra-Computing/NIID-Bench/issues/17/events",
        "html_url": "https://github.com/Xtra-Computing/NIID-Bench/issues/17",
        "id": 1493323830,
        "node_id": "I_kwDOE4qwkc5ZAlA2",
        "number": 17,
        "title": "Problem in running experiments.py",
        "user": {
            "login": "paprika0741",
            "id": 78540817,
            "node_id": "MDQ6VXNlcjc4NTQwODE3",
            "avatar_url": "https://avatars.githubusercontent.com/u/78540817?v=4",
            "gravatar_id": "",
            "url": "https://api.github.com/users/paprika0741",
            "html_url": "https://github.com/paprika0741",
            "followers_url": "https://api.github.com/users/paprika0741/followers",
            "following_url": "https://api.github.com/users/paprika0741/following{/other_user}",
            "gists_url": "https://api.github.com/users/paprika0741/gists{/gist_id}",
            "starred_url": "https://api.github.com/users/paprika0741/starred{/owner}{/repo}",
            "subscriptions_url": "https://api.github.com/users/paprika0741/subscriptions",
            "organizations_url": "https://api.github.com/users/paprika0741/orgs",
            "repos_url": "https://api.github.com/users/paprika0741/repos",
            "events_url": "https://api.github.com/users/paprika0741/events{/privacy}",
            "received_events_url": "https://api.github.com/users/paprika0741/received_events",
            "type": "User",
            "user_view_type": "public",
            "site_admin": false
        },
        "labels": [],
        "state": "closed",
        "locked": false,
        "assignee": null,
        "assignees": [],
        "milestone": null,
        "comments": 1,
        "created_at": "2022-12-13T04:15:03Z",
        "updated_at": "2022-12-14T00:46:17Z",
        "closed_at": "2022-12-14T00:46:17Z",
        "author_association": "NONE",
        "type": null,
        "active_lock_reason": null,
        "sub_issues_summary": {
            "total": 0,
            "completed": 0,
            "percent_completed": 0
        },
        "body": "Hello\uff0c thank you for your nice code. \r\nMaybe here shoulbe be \"default='mlp'\" instead of  \"default='MLP'\" \r\nhttps://github.com/Xtra-Computing/NIID-Bench/blob/b56de2aab2ea96edb638b86be0a5833ee73240ce/experiments.py#L27\r\n ",
        "closed_by": {
            "login": "sjtudyq",
            "id": 48618508,
            "node_id": "MDQ6VXNlcjQ4NjE4NTA4",
            "avatar_url": "https://avatars.githubusercontent.com/u/48618508?v=4",
            "gravatar_id": "",
            "url": "https://api.github.com/users/sjtudyq",
            "html_url": "https://github.com/sjtudyq",
            "followers_url": "https://api.github.com/users/sjtudyq/followers",
            "following_url": "https://api.github.com/users/sjtudyq/following{/other_user}",
            "gists_url": "https://api.github.com/users/sjtudyq/gists{/gist_id}",
            "starred_url": "https://api.github.com/users/sjtudyq/starred{/owner}{/repo}",
            "subscriptions_url": "https://api.github.com/users/sjtudyq/subscriptions",
            "organizations_url": "https://api.github.com/users/sjtudyq/orgs",
            "repos_url": "https://api.github.com/users/sjtudyq/repos",
            "events_url": "https://api.github.com/users/sjtudyq/events{/privacy}",
            "received_events_url": "https://api.github.com/users/sjtudyq/received_events",
            "type": "User",
            "user_view_type": "public",
            "site_admin": false
        },
        "reactions": {
            "url": "https://api.github.com/repos/Xtra-Computing/NIID-Bench/issues/17/reactions",
            "total_count": 0,
            "+1": 0,
            "-1": 0,
            "laugh": 0,
            "hooray": 0,
            "confused": 0,
            "heart": 0,
            "rocket": 0,
            "eyes": 0
        },
        "timeline_url": "https://api.github.com/repos/Xtra-Computing/NIID-Bench/issues/17/timeline",
        "performed_via_github_app": null,
        "state_reason": "completed"
    },
    {
        "url": "https://api.github.com/repos/Xtra-Computing/NIID-Bench/issues/15",
        "repository_url": "https://api.github.com/repos/Xtra-Computing/NIID-Bench",
        "labels_url": "https://api.github.com/repos/Xtra-Computing/NIID-Bench/issues/15/labels{/name}",
        "comments_url": "https://api.github.com/repos/Xtra-Computing/NIID-Bench/issues/15/comments",
        "events_url": "https://api.github.com/repos/Xtra-Computing/NIID-Bench/issues/15/events",
        "html_url": "https://github.com/Xtra-Computing/NIID-Bench/issues/15",
        "id": 1385457986,
        "node_id": "I_kwDOE4qwkc5SlGlC",
        "number": 15,
        "title": "femnist datatset seems to have only 10 classes?",
        "user": {
            "login": "williamium3000",
            "id": 47763855,
            "node_id": "MDQ6VXNlcjQ3NzYzODU1",
            "avatar_url": "https://avatars.githubusercontent.com/u/47763855?v=4",
            "gravatar_id": "",
            "url": "https://api.github.com/users/williamium3000",
            "html_url": "https://github.com/williamium3000",
            "followers_url": "https://api.github.com/users/williamium3000/followers",
            "following_url": "https://api.github.com/users/williamium3000/following{/other_user}",
            "gists_url": "https://api.github.com/users/williamium3000/gists{/gist_id}",
            "starred_url": "https://api.github.com/users/williamium3000/starred{/owner}{/repo}",
            "subscriptions_url": "https://api.github.com/users/williamium3000/subscriptions",
            "organizations_url": "https://api.github.com/users/williamium3000/orgs",
            "repos_url": "https://api.github.com/users/williamium3000/repos",
            "events_url": "https://api.github.com/users/williamium3000/events{/privacy}",
            "received_events_url": "https://api.github.com/users/williamium3000/received_events",
            "type": "User",
            "user_view_type": "public",
            "site_admin": false
        },
        "labels": [],
        "state": "closed",
        "locked": false,
        "assignee": null,
        "assignees": [],
        "milestone": null,
        "comments": 1,
        "created_at": "2022-09-26T05:44:44Z",
        "updated_at": "2022-09-26T07:23:56Z",
        "closed_at": "2022-09-26T07:23:56Z",
        "author_association": "NONE",
        "type": null,
        "active_lock_reason": null,
        "sub_issues_summary": {
            "total": 0,
            "completed": 0,
            "percent_completed": 0
        },
        "body": "femnist datatset seems to have only 10 classes?",
        "closed_by": {
            "login": "sjtudyq",
            "id": 48618508,
            "node_id": "MDQ6VXNlcjQ4NjE4NTA4",
            "avatar_url": "https://avatars.githubusercontent.com/u/48618508?v=4",
            "gravatar_id": "",
            "url": "https://api.github.com/users/sjtudyq",
            "html_url": "https://github.com/sjtudyq",
            "followers_url": "https://api.github.com/users/sjtudyq/followers",
            "following_url": "https://api.github.com/users/sjtudyq/following{/other_user}",
            "gists_url": "https://api.github.com/users/sjtudyq/gists{/gist_id}",
            "starred_url": "https://api.github.com/users/sjtudyq/starred{/owner}{/repo}",
            "subscriptions_url": "https://api.github.com/users/sjtudyq/subscriptions",
            "organizations_url": "https://api.github.com/users/sjtudyq/orgs",
            "repos_url": "https://api.github.com/users/sjtudyq/repos",
            "events_url": "https://api.github.com/users/sjtudyq/events{/privacy}",
            "received_events_url": "https://api.github.com/users/sjtudyq/received_events",
            "type": "User",
            "user_view_type": "public",
            "site_admin": false
        },
        "reactions": {
            "url": "https://api.github.com/repos/Xtra-Computing/NIID-Bench/issues/15/reactions",
            "total_count": 0,
            "+1": 0,
            "-1": 0,
            "laugh": 0,
            "hooray": 0,
            "confused": 0,
            "heart": 0,
            "rocket": 0,
            "eyes": 0
        },
        "timeline_url": "https://api.github.com/repos/Xtra-Computing/NIID-Bench/issues/15/timeline",
        "performed_via_github_app": null,
        "state_reason": "completed"
    },
    {
        "url": "https://api.github.com/repos/Xtra-Computing/NIID-Bench/issues/14",
        "repository_url": "https://api.github.com/repos/Xtra-Computing/NIID-Bench",
        "labels_url": "https://api.github.com/repos/Xtra-Computing/NIID-Bench/issues/14/labels{/name}",
        "comments_url": "https://api.github.com/repos/Xtra-Computing/NIID-Bench/issues/14/comments",
        "events_url": "https://api.github.com/repos/Xtra-Computing/NIID-Bench/issues/14/events",
        "html_url": "https://github.com/Xtra-Computing/NIID-Bench/issues/14",
        "id": 1357110453,
        "node_id": "I_kwDOE4qwkc5Q49y1",
        "number": 14,
        "title": "Noise-based feature imbalance\u7684\u914d\u56fe\u662f\u4e0d\u662f\u6709\u95ee\u9898",
        "user": {
            "login": "kevin-collins",
            "id": 52192364,
            "node_id": "MDQ6VXNlcjUyMTkyMzY0",
            "avatar_url": "https://avatars.githubusercontent.com/u/52192364?v=4",
            "gravatar_id": "",
            "url": "https://api.github.com/users/kevin-collins",
            "html_url": "https://github.com/kevin-collins",
            "followers_url": "https://api.github.com/users/kevin-collins/followers",
            "following_url": "https://api.github.com/users/kevin-collins/following{/other_user}",
            "gists_url": "https://api.github.com/users/kevin-collins/gists{/gist_id}",
            "starred_url": "https://api.github.com/users/kevin-collins/starred{/owner}{/repo}",
            "subscriptions_url": "https://api.github.com/users/kevin-collins/subscriptions",
            "organizations_url": "https://api.github.com/users/kevin-collins/orgs",
            "repos_url": "https://api.github.com/users/kevin-collins/repos",
            "events_url": "https://api.github.com/users/kevin-collins/events{/privacy}",
            "received_events_url": "https://api.github.com/users/kevin-collins/received_events",
            "type": "User",
            "user_view_type": "public",
            "site_admin": false
        },
        "labels": [],
        "state": "closed",
        "locked": false,
        "assignee": null,
        "assignees": [],
        "milestone": null,
        "comments": 1,
        "created_at": "2022-08-31T10:07:39Z",
        "updated_at": "2022-09-02T10:36:37Z",
        "closed_at": "2022-09-02T10:36:37Z",
        "author_association": "NONE",
        "type": null,
        "active_lock_reason": null,
        "sub_issues_summary": {
            "total": 0,
            "completed": 0,
            "percent_completed": 0
        },
        "body": "\u56e0\u4e3aFednova\u6bd4Fedavg\u4f4e\u4e86\u56db\u4e2a\u5343\uff0cfedavg\u6bd4fedprox\u4f4e\u4e86\u56db\u4e2a\u5343\uff0cSCAFFOLD\u8fdc\u9ad8\u4e8e\u5176\u4ed6\u65b9\u6cd5\uff0c\u4f46\u662f\u56fe\u4e0a\uff0cfednova\u662f\u6bd4\u8f83\u4f4e\u7684\uff0c\u800c\u53e6\u5916\u4e09\u79cd\u65b9\u6cd5\u7684\u7ebf\u5f88\u63a5\u8fd1\uff0c\u4f3c\u4e4e\u548c\u6570\u636e\u4e0d\u7b26",
        "closed_by": {
            "login": "sjtudyq",
            "id": 48618508,
            "node_id": "MDQ6VXNlcjQ4NjE4NTA4",
            "avatar_url": "https://avatars.githubusercontent.com/u/48618508?v=4",
            "gravatar_id": "",
            "url": "https://api.github.com/users/sjtudyq",
            "html_url": "https://github.com/sjtudyq",
            "followers_url": "https://api.github.com/users/sjtudyq/followers",
            "following_url": "https://api.github.com/users/sjtudyq/following{/other_user}",
            "gists_url": "https://api.github.com/users/sjtudyq/gists{/gist_id}",
            "starred_url": "https://api.github.com/users/sjtudyq/starred{/owner}{/repo}",
            "subscriptions_url": "https://api.github.com/users/sjtudyq/subscriptions",
            "organizations_url": "https://api.github.com/users/sjtudyq/orgs",
            "repos_url": "https://api.github.com/users/sjtudyq/repos",
            "events_url": "https://api.github.com/users/sjtudyq/events{/privacy}",
            "received_events_url": "https://api.github.com/users/sjtudyq/received_events",
            "type": "User",
            "user_view_type": "public",
            "site_admin": false
        },
        "reactions": {
            "url": "https://api.github.com/repos/Xtra-Computing/NIID-Bench/issues/14/reactions",
            "total_count": 0,
            "+1": 0,
            "-1": 0,
            "laugh": 0,
            "hooray": 0,
            "confused": 0,
            "heart": 0,
            "rocket": 0,
            "eyes": 0
        },
        "timeline_url": "https://api.github.com/repos/Xtra-Computing/NIID-Bench/issues/14/timeline",
        "performed_via_github_app": null,
        "state_reason": "completed"
    },
    {
        "url": "https://api.github.com/repos/Xtra-Computing/NIID-Bench/issues/13",
        "repository_url": "https://api.github.com/repos/Xtra-Computing/NIID-Bench",
        "labels_url": "https://api.github.com/repos/Xtra-Computing/NIID-Bench/issues/13/labels{/name}",
        "comments_url": "https://api.github.com/repos/Xtra-Computing/NIID-Bench/issues/13/comments",
        "events_url": "https://api.github.com/repos/Xtra-Computing/NIID-Bench/issues/13/events",
        "html_url": "https://github.com/Xtra-Computing/NIID-Bench/issues/13",
        "id": 1356707733,
        "node_id": "I_kwDOE4qwkc5Q3beV",
        "number": 13,
        "title": "A question on  the class AddGaussianNoise in the file utils.py",
        "user": {
            "login": "SkyTu",
            "id": 51221273,
            "node_id": "MDQ6VXNlcjUxMjIxMjcz",
            "avatar_url": "https://avatars.githubusercontent.com/u/51221273?v=4",
            "gravatar_id": "",
            "url": "https://api.github.com/users/SkyTu",
            "html_url": "https://github.com/SkyTu",
            "followers_url": "https://api.github.com/users/SkyTu/followers",
            "following_url": "https://api.github.com/users/SkyTu/following{/other_user}",
            "gists_url": "https://api.github.com/users/SkyTu/gists{/gist_id}",
            "starred_url": "https://api.github.com/users/SkyTu/starred{/owner}{/repo}",
            "subscriptions_url": "https://api.github.com/users/SkyTu/subscriptions",
            "organizations_url": "https://api.github.com/users/SkyTu/orgs",
            "repos_url": "https://api.github.com/users/SkyTu/repos",
            "events_url": "https://api.github.com/users/SkyTu/events{/privacy}",
            "received_events_url": "https://api.github.com/users/SkyTu/received_events",
            "type": "User",
            "user_view_type": "public",
            "site_admin": false
        },
        "labels": [],
        "state": "closed",
        "locked": false,
        "assignee": null,
        "assignees": [],
        "milestone": null,
        "comments": 1,
        "created_at": "2022-08-31T03:28:43Z",
        "updated_at": "2022-08-31T04:52:03Z",
        "closed_at": "2022-08-31T04:50:05Z",
        "author_association": "NONE",
        "type": null,
        "active_lock_reason": null,
        "sub_issues_summary": {
            "total": 0,
            "completed": 0,
            "percent_completed": 0
        },
        "body": "According to the readme file, we notice that there are different types of noise, and we can select 'noise_type' as level so that gaussian noise will be added to all the pixels of images. However, when we read the class AddGaussianNoise, we found that the list named 'filt' will select part of the pixels to add gaussian noise, which seems odd to us. Thus, we are here to ask the question of whether we should add a conditional judgment before implementing the 'filt' according to the 'noise_type'. (e.g. when noise_type == 'level', we do not implement the 'filt').",
        "closed_by": {
            "login": "SkyTu",
            "id": 51221273,
            "node_id": "MDQ6VXNlcjUxMjIxMjcz",
            "avatar_url": "https://avatars.githubusercontent.com/u/51221273?v=4",
            "gravatar_id": "",
            "url": "https://api.github.com/users/SkyTu",
            "html_url": "https://github.com/SkyTu",
            "followers_url": "https://api.github.com/users/SkyTu/followers",
            "following_url": "https://api.github.com/users/SkyTu/following{/other_user}",
            "gists_url": "https://api.github.com/users/SkyTu/gists{/gist_id}",
            "starred_url": "https://api.github.com/users/SkyTu/starred{/owner}{/repo}",
            "subscriptions_url": "https://api.github.com/users/SkyTu/subscriptions",
            "organizations_url": "https://api.github.com/users/SkyTu/orgs",
            "repos_url": "https://api.github.com/users/SkyTu/repos",
            "events_url": "https://api.github.com/users/SkyTu/events{/privacy}",
            "received_events_url": "https://api.github.com/users/SkyTu/received_events",
            "type": "User",
            "user_view_type": "public",
            "site_admin": false
        },
        "reactions": {
            "url": "https://api.github.com/repos/Xtra-Computing/NIID-Bench/issues/13/reactions",
            "total_count": 0,
            "+1": 0,
            "-1": 0,
            "laugh": 0,
            "hooray": 0,
            "confused": 0,
            "heart": 0,
            "rocket": 0,
            "eyes": 0
        },
        "timeline_url": "https://api.github.com/repos/Xtra-Computing/NIID-Bench/issues/13/timeline",
        "performed_via_github_app": null,
        "state_reason": "completed"
    },
    {
        "url": "https://api.github.com/repos/Xtra-Computing/NIID-Bench/issues/12",
        "repository_url": "https://api.github.com/repos/Xtra-Computing/NIID-Bench",
        "labels_url": "https://api.github.com/repos/Xtra-Computing/NIID-Bench/issues/12/labels{/name}",
        "comments_url": "https://api.github.com/repos/Xtra-Computing/NIID-Bench/issues/12/comments",
        "events_url": "https://api.github.com/repos/Xtra-Computing/NIID-Bench/issues/12/events",
        "html_url": "https://github.com/Xtra-Computing/NIID-Bench/issues/12",
        "id": 1341451663,
        "node_id": "I_kwDOE4qwkc5P9O2P",
        "number": 12,
        "title": "Probably a mistake in experiments.py",
        "user": {
            "login": "MacroMicroMichael",
            "id": 111422327,
            "node_id": "U_kgDOBqQrdw",
            "avatar_url": "https://avatars.githubusercontent.com/u/111422327?v=4",
            "gravatar_id": "",
            "url": "https://api.github.com/users/MacroMicroMichael",
            "html_url": "https://github.com/MacroMicroMichael",
            "followers_url": "https://api.github.com/users/MacroMicroMichael/followers",
            "following_url": "https://api.github.com/users/MacroMicroMichael/following{/other_user}",
            "gists_url": "https://api.github.com/users/MacroMicroMichael/gists{/gist_id}",
            "starred_url": "https://api.github.com/users/MacroMicroMichael/starred{/owner}{/repo}",
            "subscriptions_url": "https://api.github.com/users/MacroMicroMichael/subscriptions",
            "organizations_url": "https://api.github.com/users/MacroMicroMichael/orgs",
            "repos_url": "https://api.github.com/users/MacroMicroMichael/repos",
            "events_url": "https://api.github.com/users/MacroMicroMichael/events{/privacy}",
            "received_events_url": "https://api.github.com/users/MacroMicroMichael/received_events",
            "type": "User",
            "user_view_type": "public",
            "site_admin": false
        },
        "labels": [],
        "state": "closed",
        "locked": false,
        "assignee": null,
        "assignees": [],
        "milestone": null,
        "comments": 2,
        "created_at": "2022-08-17T09:24:59Z",
        "updated_at": "2022-08-18T01:32:19Z",
        "closed_at": "2022-08-18T01:32:19Z",
        "author_association": "NONE",
        "type": null,
        "active_lock_reason": null,
        "sub_issues_summary": {
            "total": 0,
            "completed": 0,
            "percent_completed": 0
        },
        "body": "Thanks for your work.  I think there is probably a small mistake in line 673 of experiments.py. According to the pseudocode of SCAFFOLD, the denominator here should be the number of all clients instead of the number of selected clients per round. Please correct me if I 'm wrong. Thank you! ",
        "closed_by": {
            "login": "sjtudyq",
            "id": 48618508,
            "node_id": "MDQ6VXNlcjQ4NjE4NTA4",
            "avatar_url": "https://avatars.githubusercontent.com/u/48618508?v=4",
            "gravatar_id": "",
            "url": "https://api.github.com/users/sjtudyq",
            "html_url": "https://github.com/sjtudyq",
            "followers_url": "https://api.github.com/users/sjtudyq/followers",
            "following_url": "https://api.github.com/users/sjtudyq/following{/other_user}",
            "gists_url": "https://api.github.com/users/sjtudyq/gists{/gist_id}",
            "starred_url": "https://api.github.com/users/sjtudyq/starred{/owner}{/repo}",
            "subscriptions_url": "https://api.github.com/users/sjtudyq/subscriptions",
            "organizations_url": "https://api.github.com/users/sjtudyq/orgs",
            "repos_url": "https://api.github.com/users/sjtudyq/repos",
            "events_url": "https://api.github.com/users/sjtudyq/events{/privacy}",
            "received_events_url": "https://api.github.com/users/sjtudyq/received_events",
            "type": "User",
            "user_view_type": "public",
            "site_admin": false
        },
        "reactions": {
            "url": "https://api.github.com/repos/Xtra-Computing/NIID-Bench/issues/12/reactions",
            "total_count": 0,
            "+1": 0,
            "-1": 0,
            "laugh": 0,
            "hooray": 0,
            "confused": 0,
            "heart": 0,
            "rocket": 0,
            "eyes": 0
        },
        "timeline_url": "https://api.github.com/repos/Xtra-Computing/NIID-Bench/issues/12/timeline",
        "performed_via_github_app": null,
        "state_reason": "completed"
    },
    {
        "url": "https://api.github.com/repos/Xtra-Computing/NIID-Bench/issues/10",
        "repository_url": "https://api.github.com/repos/Xtra-Computing/NIID-Bench",
        "labels_url": "https://api.github.com/repos/Xtra-Computing/NIID-Bench/issues/10/labels{/name}",
        "comments_url": "https://api.github.com/repos/Xtra-Computing/NIID-Bench/issues/10/comments",
        "events_url": "https://api.github.com/repos/Xtra-Computing/NIID-Bench/issues/10/events",
        "html_url": "https://github.com/Xtra-Computing/NIID-Bench/issues/10",
        "id": 1302045786,
        "node_id": "I_kwDOE4qwkc5Nm6Ra",
        "number": 10,
        "title": "Question about learning rate in FedNova algorithm.",
        "user": {
            "login": "zhaoxing-zstar",
            "id": 60384317,
            "node_id": "MDQ6VXNlcjYwMzg0MzE3",
            "avatar_url": "https://avatars.githubusercontent.com/u/60384317?v=4",
            "gravatar_id": "",
            "url": "https://api.github.com/users/zhaoxing-zstar",
            "html_url": "https://github.com/zhaoxing-zstar",
            "followers_url": "https://api.github.com/users/zhaoxing-zstar/followers",
            "following_url": "https://api.github.com/users/zhaoxing-zstar/following{/other_user}",
            "gists_url": "https://api.github.com/users/zhaoxing-zstar/gists{/gist_id}",
            "starred_url": "https://api.github.com/users/zhaoxing-zstar/starred{/owner}{/repo}",
            "subscriptions_url": "https://api.github.com/users/zhaoxing-zstar/subscriptions",
            "organizations_url": "https://api.github.com/users/zhaoxing-zstar/orgs",
            "repos_url": "https://api.github.com/users/zhaoxing-zstar/repos",
            "events_url": "https://api.github.com/users/zhaoxing-zstar/events{/privacy}",
            "received_events_url": "https://api.github.com/users/zhaoxing-zstar/received_events",
            "type": "User",
            "user_view_type": "public",
            "site_admin": false
        },
        "labels": [],
        "state": "closed",
        "locked": false,
        "assignee": null,
        "assignees": [],
        "milestone": null,
        "comments": 2,
        "created_at": "2022-07-12T13:12:10Z",
        "updated_at": "2022-07-13T02:18:17Z",
        "closed_at": "2022-07-13T02:18:17Z",
        "author_association": "NONE",
        "type": null,
        "active_lock_reason": null,
        "sub_issues_summary": {
            "total": 0,
            "completed": 0,
            "percent_completed": 0
        },
        "body": "Hi, your implementation is good. The FedAvg algorithm in the original paper [https://arxiv.org/pdf/2007.07481.pdf](https://arxiv.org/pdf/2007.07481.pdf) includes the learning rate $\\eta$ both in computing normalized gradients and global updates, but this term doesn't seem to appear in your code. I\u2018m wondering if there are things I missed or the learning rate should be added  here.\r\n<img width=\"662\" alt=\"\u5c4f\u5e55\u622a\u56fe 2022-07-12 205640\" src=\"https://user-images.githubusercontent.com/60384317/178496396-160441a0-d72c-4e46-862e-1bc0db849c85.png\">\r\n<img width=\"647\" alt=\"\u5c4f\u5e55\u622a\u56fe 2022-07-12 205735\" src=\"https://user-images.githubusercontent.com/60384317/178496403-75483c6a-509a-4c07-a1af-66ac342150f6.png\">\r\n",
        "closed_by": {
            "login": "zhaoxing-zstar",
            "id": 60384317,
            "node_id": "MDQ6VXNlcjYwMzg0MzE3",
            "avatar_url": "https://avatars.githubusercontent.com/u/60384317?v=4",
            "gravatar_id": "",
            "url": "https://api.github.com/users/zhaoxing-zstar",
            "html_url": "https://github.com/zhaoxing-zstar",
            "followers_url": "https://api.github.com/users/zhaoxing-zstar/followers",
            "following_url": "https://api.github.com/users/zhaoxing-zstar/following{/other_user}",
            "gists_url": "https://api.github.com/users/zhaoxing-zstar/gists{/gist_id}",
            "starred_url": "https://api.github.com/users/zhaoxing-zstar/starred{/owner}{/repo}",
            "subscriptions_url": "https://api.github.com/users/zhaoxing-zstar/subscriptions",
            "organizations_url": "https://api.github.com/users/zhaoxing-zstar/orgs",
            "repos_url": "https://api.github.com/users/zhaoxing-zstar/repos",
            "events_url": "https://api.github.com/users/zhaoxing-zstar/events{/privacy}",
            "received_events_url": "https://api.github.com/users/zhaoxing-zstar/received_events",
            "type": "User",
            "user_view_type": "public",
            "site_admin": false
        },
        "reactions": {
            "url": "https://api.github.com/repos/Xtra-Computing/NIID-Bench/issues/10/reactions",
            "total_count": 0,
            "+1": 0,
            "-1": 0,
            "laugh": 0,
            "hooray": 0,
            "confused": 0,
            "heart": 0,
            "rocket": 0,
            "eyes": 0
        },
        "timeline_url": "https://api.github.com/repos/Xtra-Computing/NIID-Bench/issues/10/timeline",
        "performed_via_github_app": null,
        "state_reason": "completed"
    },
    {
        "url": "https://api.github.com/repos/Xtra-Computing/NIID-Bench/issues/8",
        "repository_url": "https://api.github.com/repos/Xtra-Computing/NIID-Bench",
        "labels_url": "https://api.github.com/repos/Xtra-Computing/NIID-Bench/issues/8/labels{/name}",
        "comments_url": "https://api.github.com/repos/Xtra-Computing/NIID-Bench/issues/8/comments",
        "events_url": "https://api.github.com/repos/Xtra-Computing/NIID-Bench/issues/8/events",
        "html_url": "https://github.com/Xtra-Computing/NIID-Bench/issues/8",
        "id": 1220570485,
        "node_id": "I_kwDOE4qwkc5IwG11",
        "number": 8,
        "title": "An issue about Scaffold",
        "user": {
            "login": "WwZzz",
            "id": 20792079,
            "node_id": "MDQ6VXNlcjIwNzkyMDc5",
            "avatar_url": "https://avatars.githubusercontent.com/u/20792079?v=4",
            "gravatar_id": "",
            "url": "https://api.github.com/users/WwZzz",
            "html_url": "https://github.com/WwZzz",
            "followers_url": "https://api.github.com/users/WwZzz/followers",
            "following_url": "https://api.github.com/users/WwZzz/following{/other_user}",
            "gists_url": "https://api.github.com/users/WwZzz/gists{/gist_id}",
            "starred_url": "https://api.github.com/users/WwZzz/starred{/owner}{/repo}",
            "subscriptions_url": "https://api.github.com/users/WwZzz/subscriptions",
            "organizations_url": "https://api.github.com/users/WwZzz/orgs",
            "repos_url": "https://api.github.com/users/WwZzz/repos",
            "events_url": "https://api.github.com/users/WwZzz/events{/privacy}",
            "received_events_url": "https://api.github.com/users/WwZzz/received_events",
            "type": "User",
            "user_view_type": "public",
            "site_admin": false
        },
        "labels": [],
        "state": "closed",
        "locked": false,
        "assignee": null,
        "assignees": [],
        "milestone": null,
        "comments": 2,
        "created_at": "2022-04-29T11:22:19Z",
        "updated_at": "2022-04-30T03:48:03Z",
        "closed_at": "2022-04-30T03:48:03Z",
        "author_association": "NONE",
        "type": null,
        "active_lock_reason": null,
        "sub_issues_summary": {
            "total": 0,
            "completed": 0,
            "percent_completed": 0
        },
        "body": "Hi! I've read your paper 'Federated Learning on Non-IID Data Silos: An Experimental Study' and 'Model-Contrastive Federated Learning'. I think both works are very interesting!\r\n\r\nHowever, I notice that the performance of Scaffold is unstable and even extremely poor (e.g. nan) in some cases of your implementation. I've also found that Scaffold is reliably stable and outperforms many baselines across different settings of data heterogeneity and datasets in other works like FedDyn (ICLR 2021), FedDC (CVPR2022). Therefore, I carefully read the source code of yours and found the controlling variable is not initialized as described in 'SCAFFOLD: Stochastic Controlled Averaging for Federated Learning' in Sec.4. Since a random initialization of controlling variable is meaningless and can be misleading when locally training the model (especially at the early stage of training), I wonder whether this is the reason accounting for the unstablility and poor performance of Scaffold.   \r\n\r\n<img width=\"446\" alt=\"image\" src=\"https://user-images.githubusercontent.com/20792079/165934714-5aa5c7a0-8977-463f-ab49-38be300aa12b.png\">\r\n\r\n<img width=\"299\" alt=\"image\" src=\"https://user-images.githubusercontent.com/20792079/165934075-9c70a9e0-4a28-4a3f-bf93-fcdc8485a19c.png\">\r\n",
        "closed_by": {
            "login": "WwZzz",
            "id": 20792079,
            "node_id": "MDQ6VXNlcjIwNzkyMDc5",
            "avatar_url": "https://avatars.githubusercontent.com/u/20792079?v=4",
            "gravatar_id": "",
            "url": "https://api.github.com/users/WwZzz",
            "html_url": "https://github.com/WwZzz",
            "followers_url": "https://api.github.com/users/WwZzz/followers",
            "following_url": "https://api.github.com/users/WwZzz/following{/other_user}",
            "gists_url": "https://api.github.com/users/WwZzz/gists{/gist_id}",
            "starred_url": "https://api.github.com/users/WwZzz/starred{/owner}{/repo}",
            "subscriptions_url": "https://api.github.com/users/WwZzz/subscriptions",
            "organizations_url": "https://api.github.com/users/WwZzz/orgs",
            "repos_url": "https://api.github.com/users/WwZzz/repos",
            "events_url": "https://api.github.com/users/WwZzz/events{/privacy}",
            "received_events_url": "https://api.github.com/users/WwZzz/received_events",
            "type": "User",
            "user_view_type": "public",
            "site_admin": false
        },
        "reactions": {
            "url": "https://api.github.com/repos/Xtra-Computing/NIID-Bench/issues/8/reactions",
            "total_count": 0,
            "+1": 0,
            "-1": 0,
            "laugh": 0,
            "hooray": 0,
            "confused": 0,
            "heart": 0,
            "rocket": 0,
            "eyes": 0
        },
        "timeline_url": "https://api.github.com/repos/Xtra-Computing/NIID-Bench/issues/8/timeline",
        "performed_via_github_app": null,
        "state_reason": "completed"
    },
    {
        "url": "https://api.github.com/repos/Xtra-Computing/NIID-Bench/issues/7",
        "repository_url": "https://api.github.com/repos/Xtra-Computing/NIID-Bench",
        "labels_url": "https://api.github.com/repos/Xtra-Computing/NIID-Bench/issues/7/labels{/name}",
        "comments_url": "https://api.github.com/repos/Xtra-Computing/NIID-Bench/issues/7/comments",
        "events_url": "https://api.github.com/repos/Xtra-Computing/NIID-Bench/issues/7/events",
        "html_url": "https://github.com/Xtra-Computing/NIID-Bench/issues/7",
        "id": 1198563330,
        "node_id": "I_kwDOE4qwkc5HcKAC",
        "number": 7,
        "title": "\u5173\u4e8enoniid-#label2\u6570\u636e\u5212\u5206\u6bcf\u6b21\u8fd0\u884c\u7a0b\u5e8f\u5212\u5206\u7684\u7ed3\u679c\u90fd\u4e0d\u4e00\u6837\u7684\u95ee\u9898",
        "user": {
            "login": "wangbaiqi355920251",
            "id": 50936202,
            "node_id": "MDQ6VXNlcjUwOTM2MjAy",
            "avatar_url": "https://avatars.githubusercontent.com/u/50936202?v=4",
            "gravatar_id": "",
            "url": "https://api.github.com/users/wangbaiqi355920251",
            "html_url": "https://github.com/wangbaiqi355920251",
            "followers_url": "https://api.github.com/users/wangbaiqi355920251/followers",
            "following_url": "https://api.github.com/users/wangbaiqi355920251/following{/other_user}",
            "gists_url": "https://api.github.com/users/wangbaiqi355920251/gists{/gist_id}",
            "starred_url": "https://api.github.com/users/wangbaiqi355920251/starred{/owner}{/repo}",
            "subscriptions_url": "https://api.github.com/users/wangbaiqi355920251/subscriptions",
            "organizations_url": "https://api.github.com/users/wangbaiqi355920251/orgs",
            "repos_url": "https://api.github.com/users/wangbaiqi355920251/repos",
            "events_url": "https://api.github.com/users/wangbaiqi355920251/events{/privacy}",
            "received_events_url": "https://api.github.com/users/wangbaiqi355920251/received_events",
            "type": "User",
            "user_view_type": "public",
            "site_admin": false
        },
        "labels": [],
        "state": "closed",
        "locked": false,
        "assignee": null,
        "assignees": [],
        "milestone": null,
        "comments": 2,
        "created_at": "2022-04-09T12:21:18Z",
        "updated_at": "2022-04-09T14:51:59Z",
        "closed_at": "2022-04-09T14:51:59Z",
        "author_association": "NONE",
        "type": null,
        "active_lock_reason": null,
        "sub_issues_summary": {
            "total": 0,
            "completed": 0,
            "percent_completed": 0
        },
        "body": "\u4f60\u597d\uff0c\u975e\u5e38\u611f\u8c22\u4f60\u63d0\u4f9b\u7684\u4ee3\u7801\u3002\u6211\u6709\u4e2a\u95ee\u9898\u60f3\u8bf7\u95ee\u4e00\u4e0b\uff0c\u4f7f\u7528noniid-#label2\u5212\u5206\u6570\u636e\u65f6\uff0c\u6bcf\u6b21\u7a0b\u5e8f\u8fd0\u884c\u5f97\u5230\u7684\u7ed3\u679c\u90fd\u4e0d\u4e00\u6837\uff0c\u65e0\u6cd5\u91cd\u590d\u4e0a\u4e00\u6b21\u7684\u5b9e\u9a8c\u6570\u636e\u5212\u5206\u3002\u5e0c\u671b\u80fd\u89e3\u7b54\u4e00\u4e0b\uff0c\u4e07\u5206\u611f\u8c22",
        "closed_by": {
            "login": "sjtudyq",
            "id": 48618508,
            "node_id": "MDQ6VXNlcjQ4NjE4NTA4",
            "avatar_url": "https://avatars.githubusercontent.com/u/48618508?v=4",
            "gravatar_id": "",
            "url": "https://api.github.com/users/sjtudyq",
            "html_url": "https://github.com/sjtudyq",
            "followers_url": "https://api.github.com/users/sjtudyq/followers",
            "following_url": "https://api.github.com/users/sjtudyq/following{/other_user}",
            "gists_url": "https://api.github.com/users/sjtudyq/gists{/gist_id}",
            "starred_url": "https://api.github.com/users/sjtudyq/starred{/owner}{/repo}",
            "subscriptions_url": "https://api.github.com/users/sjtudyq/subscriptions",
            "organizations_url": "https://api.github.com/users/sjtudyq/orgs",
            "repos_url": "https://api.github.com/users/sjtudyq/repos",
            "events_url": "https://api.github.com/users/sjtudyq/events{/privacy}",
            "received_events_url": "https://api.github.com/users/sjtudyq/received_events",
            "type": "User",
            "user_view_type": "public",
            "site_admin": false
        },
        "reactions": {
            "url": "https://api.github.com/repos/Xtra-Computing/NIID-Bench/issues/7/reactions",
            "total_count": 0,
            "+1": 0,
            "-1": 0,
            "laugh": 0,
            "hooray": 0,
            "confused": 0,
            "heart": 0,
            "rocket": 0,
            "eyes": 0
        },
        "timeline_url": "https://api.github.com/repos/Xtra-Computing/NIID-Bench/issues/7/timeline",
        "performed_via_github_app": null,
        "state_reason": "completed"
    },
    {
        "url": "https://api.github.com/repos/Xtra-Computing/NIID-Bench/issues/6",
        "repository_url": "https://api.github.com/repos/Xtra-Computing/NIID-Bench",
        "labels_url": "https://api.github.com/repos/Xtra-Computing/NIID-Bench/issues/6/labels{/name}",
        "comments_url": "https://api.github.com/repos/Xtra-Computing/NIID-Bench/issues/6/comments",
        "events_url": "https://api.github.com/repos/Xtra-Computing/NIID-Bench/issues/6/events",
        "html_url": "https://github.com/Xtra-Computing/NIID-Bench/issues/6",
        "id": 1125181375,
        "node_id": "I_kwDOE4qwkc5DEOe_",
        "number": 6,
        "title": "Missing comma",
        "user": {
            "login": "liyakun",
            "id": 7370334,
            "node_id": "MDQ6VXNlcjczNzAzMzQ=",
            "avatar_url": "https://avatars.githubusercontent.com/u/7370334?v=4",
            "gravatar_id": "",
            "url": "https://api.github.com/users/liyakun",
            "html_url": "https://github.com/liyakun",
            "followers_url": "https://api.github.com/users/liyakun/followers",
            "following_url": "https://api.github.com/users/liyakun/following{/other_user}",
            "gists_url": "https://api.github.com/users/liyakun/gists{/gist_id}",
            "starred_url": "https://api.github.com/users/liyakun/starred{/owner}{/repo}",
            "subscriptions_url": "https://api.github.com/users/liyakun/subscriptions",
            "organizations_url": "https://api.github.com/users/liyakun/orgs",
            "repos_url": "https://api.github.com/users/liyakun/repos",
            "events_url": "https://api.github.com/users/liyakun/events{/privacy}",
            "received_events_url": "https://api.github.com/users/liyakun/received_events",
            "type": "User",
            "user_view_type": "public",
            "site_admin": false
        },
        "labels": [],
        "state": "closed",
        "locked": false,
        "assignee": null,
        "assignees": [],
        "milestone": null,
        "comments": 1,
        "created_at": "2022-02-06T11:48:29Z",
        "updated_at": "2022-02-06T13:35:59Z",
        "closed_at": "2022-02-06T13:35:59Z",
        "author_association": "NONE",
        "type": null,
        "active_lock_reason": null,
        "sub_issues_summary": {
            "total": 0,
            "completed": 0,
            "percent_completed": 0
        },
        "body": "Hello,\r\n\r\nThere is a missing comma in line\r\nhttps://github.com/Xtra-Computing/NIID-Bench/blob/42e60357d024dce2667014ef10bc8a271c4d5ded/README.md?plain=1#L202, which caused compilation error on overleaf when I reference the paper. Thanks.\r\n\r\n ",
        "closed_by": {
            "login": "sjtudyq",
            "id": 48618508,
            "node_id": "MDQ6VXNlcjQ4NjE4NTA4",
            "avatar_url": "https://avatars.githubusercontent.com/u/48618508?v=4",
            "gravatar_id": "",
            "url": "https://api.github.com/users/sjtudyq",
            "html_url": "https://github.com/sjtudyq",
            "followers_url": "https://api.github.com/users/sjtudyq/followers",
            "following_url": "https://api.github.com/users/sjtudyq/following{/other_user}",
            "gists_url": "https://api.github.com/users/sjtudyq/gists{/gist_id}",
            "starred_url": "https://api.github.com/users/sjtudyq/starred{/owner}{/repo}",
            "subscriptions_url": "https://api.github.com/users/sjtudyq/subscriptions",
            "organizations_url": "https://api.github.com/users/sjtudyq/orgs",
            "repos_url": "https://api.github.com/users/sjtudyq/repos",
            "events_url": "https://api.github.com/users/sjtudyq/events{/privacy}",
            "received_events_url": "https://api.github.com/users/sjtudyq/received_events",
            "type": "User",
            "user_view_type": "public",
            "site_admin": false
        },
        "reactions": {
            "url": "https://api.github.com/repos/Xtra-Computing/NIID-Bench/issues/6/reactions",
            "total_count": 0,
            "+1": 0,
            "-1": 0,
            "laugh": 0,
            "hooray": 0,
            "confused": 0,
            "heart": 0,
            "rocket": 0,
            "eyes": 0
        },
        "timeline_url": "https://api.github.com/repos/Xtra-Computing/NIID-Bench/issues/6/timeline",
        "performed_via_github_app": null,
        "state_reason": "completed"
    },
    {
        "url": "https://api.github.com/repos/Xtra-Computing/NIID-Bench/issues/4",
        "repository_url": "https://api.github.com/repos/Xtra-Computing/NIID-Bench",
        "labels_url": "https://api.github.com/repos/Xtra-Computing/NIID-Bench/issues/4/labels{/name}",
        "comments_url": "https://api.github.com/repos/Xtra-Computing/NIID-Bench/issues/4/comments",
        "events_url": "https://api.github.com/repos/Xtra-Computing/NIID-Bench/issues/4/events",
        "html_url": "https://github.com/Xtra-Computing/NIID-Bench/issues/4",
        "id": 906361680,
        "node_id": "MDU6SXNzdWU5MDYzNjE2ODA=",
        "number": 4,
        "title": "logdir",
        "user": {
            "login": "liyang-good",
            "id": 71406269,
            "node_id": "MDQ6VXNlcjcxNDA2MjY5",
            "avatar_url": "https://avatars.githubusercontent.com/u/71406269?v=4",
            "gravatar_id": "",
            "url": "https://api.github.com/users/liyang-good",
            "html_url": "https://github.com/liyang-good",
            "followers_url": "https://api.github.com/users/liyang-good/followers",
            "following_url": "https://api.github.com/users/liyang-good/following{/other_user}",
            "gists_url": "https://api.github.com/users/liyang-good/gists{/gist_id}",
            "starred_url": "https://api.github.com/users/liyang-good/starred{/owner}{/repo}",
            "subscriptions_url": "https://api.github.com/users/liyang-good/subscriptions",
            "organizations_url": "https://api.github.com/users/liyang-good/orgs",
            "repos_url": "https://api.github.com/users/liyang-good/repos",
            "events_url": "https://api.github.com/users/liyang-good/events{/privacy}",
            "received_events_url": "https://api.github.com/users/liyang-good/received_events",
            "type": "User",
            "user_view_type": "public",
            "site_admin": false
        },
        "labels": [],
        "state": "closed",
        "locked": false,
        "assignee": null,
        "assignees": [],
        "milestone": null,
        "comments": 5,
        "created_at": "2021-05-29T05:06:42Z",
        "updated_at": "2021-05-30T00:12:55Z",
        "closed_at": "2021-05-30T00:12:55Z",
        "author_association": "NONE",
        "type": null,
        "active_lock_reason": null,
        "sub_issues_summary": {
            "total": 0,
            "completed": 0,
            "percent_completed": 0
        },
        "body": "Hi, i want to know lodfir  is what?\r\n\r\n\r\n![image](https://user-images.githubusercontent.com/71406269/120058592-9c8f9580-c07e-11eb-9522-4f6da79af6b9.png)\r\n\r\n",
        "closed_by": {
            "login": "sjtudyq",
            "id": 48618508,
            "node_id": "MDQ6VXNlcjQ4NjE4NTA4",
            "avatar_url": "https://avatars.githubusercontent.com/u/48618508?v=4",
            "gravatar_id": "",
            "url": "https://api.github.com/users/sjtudyq",
            "html_url": "https://github.com/sjtudyq",
            "followers_url": "https://api.github.com/users/sjtudyq/followers",
            "following_url": "https://api.github.com/users/sjtudyq/following{/other_user}",
            "gists_url": "https://api.github.com/users/sjtudyq/gists{/gist_id}",
            "starred_url": "https://api.github.com/users/sjtudyq/starred{/owner}{/repo}",
            "subscriptions_url": "https://api.github.com/users/sjtudyq/subscriptions",
            "organizations_url": "https://api.github.com/users/sjtudyq/orgs",
            "repos_url": "https://api.github.com/users/sjtudyq/repos",
            "events_url": "https://api.github.com/users/sjtudyq/events{/privacy}",
            "received_events_url": "https://api.github.com/users/sjtudyq/received_events",
            "type": "User",
            "user_view_type": "public",
            "site_admin": false
        },
        "reactions": {
            "url": "https://api.github.com/repos/Xtra-Computing/NIID-Bench/issues/4/reactions",
            "total_count": 0,
            "+1": 0,
            "-1": 0,
            "laugh": 0,
            "hooray": 0,
            "confused": 0,
            "heart": 0,
            "rocket": 0,
            "eyes": 0
        },
        "timeline_url": "https://api.github.com/repos/Xtra-Computing/NIID-Bench/issues/4/timeline",
        "performed_via_github_app": null,
        "state_reason": "completed"
    },
    {
        "url": "https://api.github.com/repos/Xtra-Computing/NIID-Bench/issues/3",
        "repository_url": "https://api.github.com/repos/Xtra-Computing/NIID-Bench",
        "labels_url": "https://api.github.com/repos/Xtra-Computing/NIID-Bench/issues/3/labels{/name}",
        "comments_url": "https://api.github.com/repos/Xtra-Computing/NIID-Bench/issues/3/comments",
        "events_url": "https://api.github.com/repos/Xtra-Computing/NIID-Bench/issues/3/events",
        "html_url": "https://github.com/Xtra-Computing/NIID-Bench/issues/3",
        "id": 869833273,
        "node_id": "MDU6SXNzdWU4Njk4MzMyNzM=",
        "number": 3,
        "title": "scaffold's loss is nan",
        "user": {
            "login": "leondada",
            "id": 42242393,
            "node_id": "MDQ6VXNlcjQyMjQyMzkz",
            "avatar_url": "https://avatars.githubusercontent.com/u/42242393?v=4",
            "gravatar_id": "",
            "url": "https://api.github.com/users/leondada",
            "html_url": "https://github.com/leondada",
            "followers_url": "https://api.github.com/users/leondada/followers",
            "following_url": "https://api.github.com/users/leondada/following{/other_user}",
            "gists_url": "https://api.github.com/users/leondada/gists{/gist_id}",
            "starred_url": "https://api.github.com/users/leondada/starred{/owner}{/repo}",
            "subscriptions_url": "https://api.github.com/users/leondada/subscriptions",
            "organizations_url": "https://api.github.com/users/leondada/orgs",
            "repos_url": "https://api.github.com/users/leondada/repos",
            "events_url": "https://api.github.com/users/leondada/events{/privacy}",
            "received_events_url": "https://api.github.com/users/leondada/received_events",
            "type": "User",
            "user_view_type": "public",
            "site_admin": false
        },
        "labels": [],
        "state": "closed",
        "locked": false,
        "assignee": null,
        "assignees": [],
        "milestone": null,
        "comments": 1,
        "created_at": "2021-04-28T11:19:02Z",
        "updated_at": "2021-04-29T05:41:10Z",
        "closed_at": "2021-04-29T05:41:10Z",
        "author_association": "NONE",
        "type": null,
        "active_lock_reason": null,
        "sub_issues_summary": {
            "total": 0,
            "completed": 0,
            "percent_completed": 0
        },
        "body": "Thanks for your contribution, it is useful to me\r\nWhen I change the mlp model to a bigger one , I find that scaffold's loss is 'nan' after several rounds, do you have any idea for this issue?",
        "closed_by": {
            "login": "leondada",
            "id": 42242393,
            "node_id": "MDQ6VXNlcjQyMjQyMzkz",
            "avatar_url": "https://avatars.githubusercontent.com/u/42242393?v=4",
            "gravatar_id": "",
            "url": "https://api.github.com/users/leondada",
            "html_url": "https://github.com/leondada",
            "followers_url": "https://api.github.com/users/leondada/followers",
            "following_url": "https://api.github.com/users/leondada/following{/other_user}",
            "gists_url": "https://api.github.com/users/leondada/gists{/gist_id}",
            "starred_url": "https://api.github.com/users/leondada/starred{/owner}{/repo}",
            "subscriptions_url": "https://api.github.com/users/leondada/subscriptions",
            "organizations_url": "https://api.github.com/users/leondada/orgs",
            "repos_url": "https://api.github.com/users/leondada/repos",
            "events_url": "https://api.github.com/users/leondada/events{/privacy}",
            "received_events_url": "https://api.github.com/users/leondada/received_events",
            "type": "User",
            "user_view_type": "public",
            "site_admin": false
        },
        "reactions": {
            "url": "https://api.github.com/repos/Xtra-Computing/NIID-Bench/issues/3/reactions",
            "total_count": 0,
            "+1": 0,
            "-1": 0,
            "laugh": 0,
            "hooray": 0,
            "confused": 0,
            "heart": 0,
            "rocket": 0,
            "eyes": 0
        },
        "timeline_url": "https://api.github.com/repos/Xtra-Computing/NIID-Bench/issues/3/timeline",
        "performed_via_github_app": null,
        "state_reason": "completed"
    },
    {
        "url": "https://api.github.com/repos/Xtra-Computing/NIID-Bench/issues/2",
        "repository_url": "https://api.github.com/repos/Xtra-Computing/NIID-Bench",
        "labels_url": "https://api.github.com/repos/Xtra-Computing/NIID-Bench/issues/2/labels{/name}",
        "comments_url": "https://api.github.com/repos/Xtra-Computing/NIID-Bench/issues/2/comments",
        "events_url": "https://api.github.com/repos/Xtra-Computing/NIID-Bench/issues/2/events",
        "html_url": "https://github.com/Xtra-Computing/NIID-Bench/issues/2",
        "id": 858420431,
        "node_id": "MDU6SXNzdWU4NTg0MjA0MzE=",
        "number": 2,
        "title": "parser.add_argument('-load_path', required=True, help='Checkpoint to load path from')",
        "user": {
            "login": "liyang-good",
            "id": 71406269,
            "node_id": "MDQ6VXNlcjcxNDA2MjY5",
            "avatar_url": "https://avatars.githubusercontent.com/u/71406269?v=4",
            "gravatar_id": "",
            "url": "https://api.github.com/users/liyang-good",
            "html_url": "https://github.com/liyang-good",
            "followers_url": "https://api.github.com/users/liyang-good/followers",
            "following_url": "https://api.github.com/users/liyang-good/following{/other_user}",
            "gists_url": "https://api.github.com/users/liyang-good/gists{/gist_id}",
            "starred_url": "https://api.github.com/users/liyang-good/starred{/owner}{/repo}",
            "subscriptions_url": "https://api.github.com/users/liyang-good/subscriptions",
            "organizations_url": "https://api.github.com/users/liyang-good/orgs",
            "repos_url": "https://api.github.com/users/liyang-good/repos",
            "events_url": "https://api.github.com/users/liyang-good/events{/privacy}",
            "received_events_url": "https://api.github.com/users/liyang-good/received_events",
            "type": "User",
            "user_view_type": "public",
            "site_admin": false
        },
        "labels": [],
        "state": "closed",
        "locked": false,
        "assignee": null,
        "assignees": [],
        "milestone": null,
        "comments": 4,
        "created_at": "2021-04-15T02:39:20Z",
        "updated_at": "2021-04-19T02:59:18Z",
        "closed_at": "2021-04-19T02:59:18Z",
        "author_association": "NONE",
        "type": null,
        "active_lock_reason": null,
        "sub_issues_summary": {
            "total": 0,
            "completed": 0,
            "percent_completed": 0
        },
        "body": "HI\uff0cI want to know how i find \"-load_path\" ?\r\n\r\nThanks",
        "closed_by": {
            "login": "sjtudyq",
            "id": 48618508,
            "node_id": "MDQ6VXNlcjQ4NjE4NTA4",
            "avatar_url": "https://avatars.githubusercontent.com/u/48618508?v=4",
            "gravatar_id": "",
            "url": "https://api.github.com/users/sjtudyq",
            "html_url": "https://github.com/sjtudyq",
            "followers_url": "https://api.github.com/users/sjtudyq/followers",
            "following_url": "https://api.github.com/users/sjtudyq/following{/other_user}",
            "gists_url": "https://api.github.com/users/sjtudyq/gists{/gist_id}",
            "starred_url": "https://api.github.com/users/sjtudyq/starred{/owner}{/repo}",
            "subscriptions_url": "https://api.github.com/users/sjtudyq/subscriptions",
            "organizations_url": "https://api.github.com/users/sjtudyq/orgs",
            "repos_url": "https://api.github.com/users/sjtudyq/repos",
            "events_url": "https://api.github.com/users/sjtudyq/events{/privacy}",
            "received_events_url": "https://api.github.com/users/sjtudyq/received_events",
            "type": "User",
            "user_view_type": "public",
            "site_admin": false
        },
        "reactions": {
            "url": "https://api.github.com/repos/Xtra-Computing/NIID-Bench/issues/2/reactions",
            "total_count": 0,
            "+1": 0,
            "-1": 0,
            "laugh": 0,
            "hooray": 0,
            "confused": 0,
            "heart": 0,
            "rocket": 0,
            "eyes": 0
        },
        "timeline_url": "https://api.github.com/repos/Xtra-Computing/NIID-Bench/issues/2/timeline",
        "performed_via_github_app": null,
        "state_reason": "completed"
    }
]