[
    {
        "url": "https://api.github.com/repos/Yangfan-Jiang/Federated-Learning-with-Differential-Privacy/issues/9",
        "repository_url": "https://api.github.com/repos/Yangfan-Jiang/Federated-Learning-with-Differential-Privacy",
        "labels_url": "https://api.github.com/repos/Yangfan-Jiang/Federated-Learning-with-Differential-Privacy/issues/9/labels{/name}",
        "comments_url": "https://api.github.com/repos/Yangfan-Jiang/Federated-Learning-with-Differential-Privacy/issues/9/comments",
        "events_url": "https://api.github.com/repos/Yangfan-Jiang/Federated-Learning-with-Differential-Privacy/issues/9/events",
        "html_url": "https://github.com/Yangfan-Jiang/Federated-Learning-with-Differential-Privacy/issues/9",
        "id": 2189825874,
        "node_id": "I_kwDOEQd31M6ChhdS",
        "number": 9,
        "title": "I want to know how you determined the parameter q=0.01",
        "user": {
            "login": "sherlock-CHN",
            "id": 54991793,
            "node_id": "MDQ6VXNlcjU0OTkxNzkz",
            "avatar_url": "https://avatars.githubusercontent.com/u/54991793?v=4",
            "gravatar_id": "",
            "url": "https://api.github.com/users/sherlock-CHN",
            "html_url": "https://github.com/sherlock-CHN",
            "followers_url": "https://api.github.com/users/sherlock-CHN/followers",
            "following_url": "https://api.github.com/users/sherlock-CHN/following{/other_user}",
            "gists_url": "https://api.github.com/users/sherlock-CHN/gists{/gist_id}",
            "starred_url": "https://api.github.com/users/sherlock-CHN/starred{/owner}{/repo}",
            "subscriptions_url": "https://api.github.com/users/sherlock-CHN/subscriptions",
            "organizations_url": "https://api.github.com/users/sherlock-CHN/orgs",
            "repos_url": "https://api.github.com/users/sherlock-CHN/repos",
            "events_url": "https://api.github.com/users/sherlock-CHN/events{/privacy}",
            "received_events_url": "https://api.github.com/users/sherlock-CHN/received_events",
            "type": "User",
            "user_view_type": "public",
            "site_admin": false
        },
        "labels": [],
        "state": "open",
        "locked": false,
        "assignee": null,
        "assignees": [],
        "milestone": null,
        "comments": 0,
        "created_at": "2024-03-16T06:55:37Z",
        "updated_at": "2024-03-16T06:55:37Z",
        "closed_at": null,
        "author_association": "NONE",
        "active_lock_reason": null,
        "sub_issues_summary": {
            "total": 0,
            "completed": 0,
            "percent_completed": 0
        },
        "body": "fl_param = {\r\n    'output_size': 10,\r\n    'client_num': client_num,\r\n\r\n\r\n    'model': MNIST_CNN,\r\n    'data': d,\r\n    'lr': lr,\r\n    'E': 200,\r\n    'C': 1,\r\n    'eps': 1.0,\r\n    'delta': 1e-5,\r\n    'q': 0.01,\r\n    'clip': 0.1,\r\n    'tot_T': 30,\r\n    'batch_size': 128,\r\n    'device': device\r\n}",
        "closed_by": null,
        "reactions": {
            "url": "https://api.github.com/repos/Yangfan-Jiang/Federated-Learning-with-Differential-Privacy/issues/9/reactions",
            "total_count": 0,
            "+1": 0,
            "-1": 0,
            "laugh": 0,
            "hooray": 0,
            "confused": 0,
            "heart": 0,
            "rocket": 0,
            "eyes": 0
        },
        "timeline_url": "https://api.github.com/repos/Yangfan-Jiang/Federated-Learning-with-Differential-Privacy/issues/9/timeline",
        "performed_via_github_app": null,
        "state_reason": null
    },
    {
        "url": "https://api.github.com/repos/Yangfan-Jiang/Federated-Learning-with-Differential-Privacy/issues/8",
        "repository_url": "https://api.github.com/repos/Yangfan-Jiang/Federated-Learning-with-Differential-Privacy",
        "labels_url": "https://api.github.com/repos/Yangfan-Jiang/Federated-Learning-with-Differential-Privacy/issues/8/labels{/name}",
        "comments_url": "https://api.github.com/repos/Yangfan-Jiang/Federated-Learning-with-Differential-Privacy/issues/8/comments",
        "events_url": "https://api.github.com/repos/Yangfan-Jiang/Federated-Learning-with-Differential-Privacy/issues/8/events",
        "html_url": "https://github.com/Yangfan-Jiang/Federated-Learning-with-Differential-Privacy/issues/8",
        "id": 1906023287,
        "node_id": "I_kwDOEQd31M5xm5t3",
        "number": 8,
        "title": "some questions about CDP",
        "user": {
            "login": "lq1029",
            "id": 101114541,
            "node_id": "U_kgDOBgbirQ",
            "avatar_url": "https://avatars.githubusercontent.com/u/101114541?v=4",
            "gravatar_id": "",
            "url": "https://api.github.com/users/lq1029",
            "html_url": "https://github.com/lq1029",
            "followers_url": "https://api.github.com/users/lq1029/followers",
            "following_url": "https://api.github.com/users/lq1029/following{/other_user}",
            "gists_url": "https://api.github.com/users/lq1029/gists{/gist_id}",
            "starred_url": "https://api.github.com/users/lq1029/starred{/owner}{/repo}",
            "subscriptions_url": "https://api.github.com/users/lq1029/subscriptions",
            "organizations_url": "https://api.github.com/users/lq1029/orgs",
            "repos_url": "https://api.github.com/users/lq1029/repos",
            "events_url": "https://api.github.com/users/lq1029/events{/privacy}",
            "received_events_url": "https://api.github.com/users/lq1029/received_events",
            "type": "User",
            "user_view_type": "public",
            "site_admin": false
        },
        "labels": [],
        "state": "open",
        "locked": false,
        "assignee": null,
        "assignees": [],
        "milestone": null,
        "comments": 1,
        "created_at": "2023-09-21T03:33:36Z",
        "updated_at": "2023-09-22T12:24:53Z",
        "closed_at": null,
        "author_association": "NONE",
        "active_lock_reason": null,
        "sub_issues_summary": {
            "total": 0,
            "completed": 0,
            "percent_completed": 0
        },
        "body": "I meet some trouble when I apply differential privacy into FL in  the way of CDP.Specifically\uff0cI add noise during aggregated stage in server, and then broadcast to all client. However, the finally accuracy result is low\u2026\u2026\r\nI'd be appreciated it if you could do me some favor.",
        "closed_by": null,
        "reactions": {
            "url": "https://api.github.com/repos/Yangfan-Jiang/Federated-Learning-with-Differential-Privacy/issues/8/reactions",
            "total_count": 0,
            "+1": 0,
            "-1": 0,
            "laugh": 0,
            "hooray": 0,
            "confused": 0,
            "heart": 0,
            "rocket": 0,
            "eyes": 0
        },
        "timeline_url": "https://api.github.com/repos/Yangfan-Jiang/Federated-Learning-with-Differential-Privacy/issues/8/timeline",
        "performed_via_github_app": null,
        "state_reason": null
    },
    {
        "url": "https://api.github.com/repos/Yangfan-Jiang/Federated-Learning-with-Differential-Privacy/issues/7",
        "repository_url": "https://api.github.com/repos/Yangfan-Jiang/Federated-Learning-with-Differential-Privacy",
        "labels_url": "https://api.github.com/repos/Yangfan-Jiang/Federated-Learning-with-Differential-Privacy/issues/7/labels{/name}",
        "comments_url": "https://api.github.com/repos/Yangfan-Jiang/Federated-Learning-with-Differential-Privacy/issues/7/comments",
        "events_url": "https://api.github.com/repos/Yangfan-Jiang/Federated-Learning-with-Differential-Privacy/issues/7/events",
        "html_url": "https://github.com/Yangfan-Jiang/Federated-Learning-with-Differential-Privacy/issues/7",
        "id": 1466533626,
        "node_id": "I_kwDOEQd31M5XaYb6",
        "number": 7,
        "title": "\u5982\u4f55\u914d\u7f6e\u4e0d\u6dfb\u52a0\u566a\u58f0",
        "user": {
            "login": "Ren-Bamboo",
            "id": 69908332,
            "node_id": "MDQ6VXNlcjY5OTA4MzMy",
            "avatar_url": "https://avatars.githubusercontent.com/u/69908332?v=4",
            "gravatar_id": "",
            "url": "https://api.github.com/users/Ren-Bamboo",
            "html_url": "https://github.com/Ren-Bamboo",
            "followers_url": "https://api.github.com/users/Ren-Bamboo/followers",
            "following_url": "https://api.github.com/users/Ren-Bamboo/following{/other_user}",
            "gists_url": "https://api.github.com/users/Ren-Bamboo/gists{/gist_id}",
            "starred_url": "https://api.github.com/users/Ren-Bamboo/starred{/owner}{/repo}",
            "subscriptions_url": "https://api.github.com/users/Ren-Bamboo/subscriptions",
            "organizations_url": "https://api.github.com/users/Ren-Bamboo/orgs",
            "repos_url": "https://api.github.com/users/Ren-Bamboo/repos",
            "events_url": "https://api.github.com/users/Ren-Bamboo/events{/privacy}",
            "received_events_url": "https://api.github.com/users/Ren-Bamboo/received_events",
            "type": "User",
            "user_view_type": "public",
            "site_admin": false
        },
        "labels": [],
        "state": "open",
        "locked": false,
        "assignee": null,
        "assignees": [],
        "milestone": null,
        "comments": 0,
        "created_at": "2022-11-28T14:29:20Z",
        "updated_at": "2022-11-28T14:29:20Z",
        "closed_at": null,
        "author_association": "NONE",
        "active_lock_reason": null,
        "sub_issues_summary": {
            "total": 0,
            "completed": 0,
            "percent_completed": 0
        },
        "body": "\u8bf7\u95ee\u4f5c\u8005\uff0c\u6211\u60f3\u5bf9\u6bd4\u4e00\u4e0b\u4e0d\u52a0\u566a\u58f0\u548c\u52a0\u566a\u58f0\u6700\u540e\u7684\u7ed3\u679c\u3002\u5982\u4f55\u914d\u7f6e\u80fd\u4f7f\u5f97\u8fd9\u4e2a\u8054\u90a6\u5b66\u4e60\u4e0d\u6dfb\u52a0\u566a\u58f0",
        "closed_by": null,
        "reactions": {
            "url": "https://api.github.com/repos/Yangfan-Jiang/Federated-Learning-with-Differential-Privacy/issues/7/reactions",
            "total_count": 0,
            "+1": 0,
            "-1": 0,
            "laugh": 0,
            "hooray": 0,
            "confused": 0,
            "heart": 0,
            "rocket": 0,
            "eyes": 0
        },
        "timeline_url": "https://api.github.com/repos/Yangfan-Jiang/Federated-Learning-with-Differential-Privacy/issues/7/timeline",
        "performed_via_github_app": null,
        "state_reason": null
    },
    {
        "url": "https://api.github.com/repos/Yangfan-Jiang/Federated-Learning-with-Differential-Privacy/issues/5",
        "repository_url": "https://api.github.com/repos/Yangfan-Jiang/Federated-Learning-with-Differential-Privacy",
        "labels_url": "https://api.github.com/repos/Yangfan-Jiang/Federated-Learning-with-Differential-Privacy/issues/5/labels{/name}",
        "comments_url": "https://api.github.com/repos/Yangfan-Jiang/Federated-Learning-with-Differential-Privacy/issues/5/comments",
        "events_url": "https://api.github.com/repos/Yangfan-Jiang/Federated-Learning-with-Differential-Privacy/issues/5/events",
        "html_url": "https://github.com/Yangfan-Jiang/Federated-Learning-with-Differential-Privacy/issues/5",
        "id": 1091561302,
        "node_id": "I_kwDOEQd31M5BD-dW",
        "number": 5,
        "title": "Is there some paper about CDP-FedAVG-LS \uff1f Can you recommend the paper to me?",
        "user": {
            "login": "bigdaronlee163",
            "id": 49524138,
            "node_id": "MDQ6VXNlcjQ5NTI0MTM4",
            "avatar_url": "https://avatars.githubusercontent.com/u/49524138?v=4",
            "gravatar_id": "",
            "url": "https://api.github.com/users/bigdaronlee163",
            "html_url": "https://github.com/bigdaronlee163",
            "followers_url": "https://api.github.com/users/bigdaronlee163/followers",
            "following_url": "https://api.github.com/users/bigdaronlee163/following{/other_user}",
            "gists_url": "https://api.github.com/users/bigdaronlee163/gists{/gist_id}",
            "starred_url": "https://api.github.com/users/bigdaronlee163/starred{/owner}{/repo}",
            "subscriptions_url": "https://api.github.com/users/bigdaronlee163/subscriptions",
            "organizations_url": "https://api.github.com/users/bigdaronlee163/orgs",
            "repos_url": "https://api.github.com/users/bigdaronlee163/repos",
            "events_url": "https://api.github.com/users/bigdaronlee163/events{/privacy}",
            "received_events_url": "https://api.github.com/users/bigdaronlee163/received_events",
            "type": "User",
            "user_view_type": "public",
            "site_admin": false
        },
        "labels": [],
        "state": "closed",
        "locked": false,
        "assignee": null,
        "assignees": [],
        "milestone": null,
        "comments": 5,
        "created_at": "2021-12-31T12:55:53Z",
        "updated_at": "2022-01-07T04:49:56Z",
        "closed_at": "2021-12-31T13:15:14Z",
        "author_association": "NONE",
        "active_lock_reason": null,
        "sub_issues_summary": {
            "total": 0,
            "completed": 0,
            "percent_completed": 0
        },
        "body": null,
        "closed_by": {
            "login": "Yangfan-Jiang",
            "id": 31509709,
            "node_id": "MDQ6VXNlcjMxNTA5NzA5",
            "avatar_url": "https://avatars.githubusercontent.com/u/31509709?v=4",
            "gravatar_id": "",
            "url": "https://api.github.com/users/Yangfan-Jiang",
            "html_url": "https://github.com/Yangfan-Jiang",
            "followers_url": "https://api.github.com/users/Yangfan-Jiang/followers",
            "following_url": "https://api.github.com/users/Yangfan-Jiang/following{/other_user}",
            "gists_url": "https://api.github.com/users/Yangfan-Jiang/gists{/gist_id}",
            "starred_url": "https://api.github.com/users/Yangfan-Jiang/starred{/owner}{/repo}",
            "subscriptions_url": "https://api.github.com/users/Yangfan-Jiang/subscriptions",
            "organizations_url": "https://api.github.com/users/Yangfan-Jiang/orgs",
            "repos_url": "https://api.github.com/users/Yangfan-Jiang/repos",
            "events_url": "https://api.github.com/users/Yangfan-Jiang/events{/privacy}",
            "received_events_url": "https://api.github.com/users/Yangfan-Jiang/received_events",
            "type": "User",
            "user_view_type": "public",
            "site_admin": false
        },
        "reactions": {
            "url": "https://api.github.com/repos/Yangfan-Jiang/Federated-Learning-with-Differential-Privacy/issues/5/reactions",
            "total_count": 0,
            "+1": 0,
            "-1": 0,
            "laugh": 0,
            "hooray": 0,
            "confused": 0,
            "heart": 0,
            "rocket": 0,
            "eyes": 0
        },
        "timeline_url": "https://api.github.com/repos/Yangfan-Jiang/Federated-Learning-with-Differential-Privacy/issues/5/timeline",
        "performed_via_github_app": null,
        "state_reason": "completed"
    },
    {
        "url": "https://api.github.com/repos/Yangfan-Jiang/Federated-Learning-with-Differential-Privacy/issues/4",
        "repository_url": "https://api.github.com/repos/Yangfan-Jiang/Federated-Learning-with-Differential-Privacy",
        "labels_url": "https://api.github.com/repos/Yangfan-Jiang/Federated-Learning-with-Differential-Privacy/issues/4/labels{/name}",
        "comments_url": "https://api.github.com/repos/Yangfan-Jiang/Federated-Learning-with-Differential-Privacy/issues/4/comments",
        "events_url": "https://api.github.com/repos/Yangfan-Jiang/Federated-Learning-with-Differential-Privacy/issues/4/events",
        "html_url": "https://github.com/Yangfan-Jiang/Federated-Learning-with-Differential-Privacy/issues/4",
        "id": 830116564,
        "node_id": "MDU6SXNzdWU4MzAxMTY1NjQ=",
        "number": 4,
        "title": "how to preset (epsilon, delta) pair?",
        "user": {
            "login": "chenslcool",
            "id": 40563358,
            "node_id": "MDQ6VXNlcjQwNTYzMzU4",
            "avatar_url": "https://avatars.githubusercontent.com/u/40563358?v=4",
            "gravatar_id": "",
            "url": "https://api.github.com/users/chenslcool",
            "html_url": "https://github.com/chenslcool",
            "followers_url": "https://api.github.com/users/chenslcool/followers",
            "following_url": "https://api.github.com/users/chenslcool/following{/other_user}",
            "gists_url": "https://api.github.com/users/chenslcool/gists{/gist_id}",
            "starred_url": "https://api.github.com/users/chenslcool/starred{/owner}{/repo}",
            "subscriptions_url": "https://api.github.com/users/chenslcool/subscriptions",
            "organizations_url": "https://api.github.com/users/chenslcool/orgs",
            "repos_url": "https://api.github.com/users/chenslcool/repos",
            "events_url": "https://api.github.com/users/chenslcool/events{/privacy}",
            "received_events_url": "https://api.github.com/users/chenslcool/received_events",
            "type": "User",
            "user_view_type": "public",
            "site_admin": false
        },
        "labels": [],
        "state": "closed",
        "locked": false,
        "assignee": null,
        "assignees": [],
        "milestone": null,
        "comments": 4,
        "created_at": "2021-03-12T13:24:48Z",
        "updated_at": "2021-03-13T23:55:59Z",
        "closed_at": "2021-03-13T23:55:59Z",
        "author_association": "NONE",
        "active_lock_reason": null,
        "sub_issues_summary": {
            "total": 0,
            "completed": 0,
            "percent_completed": 0
        },
        "body": "if I want to preset (epsilon, delta) pair as privacy guarantee, what should I do?\r\njust modify FLClient.update, not change the sensivity, but modify new_param[name] += add guassian noise defined in gaussian_noise(), will it work?\r\nI want to use the code of\r\n`\r\ndef gaussian_noise()\r\n`\r\nWaht should I do? Recalculate the sensitivity?\r\nThanks!!!",
        "closed_by": {
            "login": "chenslcool",
            "id": 40563358,
            "node_id": "MDQ6VXNlcjQwNTYzMzU4",
            "avatar_url": "https://avatars.githubusercontent.com/u/40563358?v=4",
            "gravatar_id": "",
            "url": "https://api.github.com/users/chenslcool",
            "html_url": "https://github.com/chenslcool",
            "followers_url": "https://api.github.com/users/chenslcool/followers",
            "following_url": "https://api.github.com/users/chenslcool/following{/other_user}",
            "gists_url": "https://api.github.com/users/chenslcool/gists{/gist_id}",
            "starred_url": "https://api.github.com/users/chenslcool/starred{/owner}{/repo}",
            "subscriptions_url": "https://api.github.com/users/chenslcool/subscriptions",
            "organizations_url": "https://api.github.com/users/chenslcool/orgs",
            "repos_url": "https://api.github.com/users/chenslcool/repos",
            "events_url": "https://api.github.com/users/chenslcool/events{/privacy}",
            "received_events_url": "https://api.github.com/users/chenslcool/received_events",
            "type": "User",
            "user_view_type": "public",
            "site_admin": false
        },
        "reactions": {
            "url": "https://api.github.com/repos/Yangfan-Jiang/Federated-Learning-with-Differential-Privacy/issues/4/reactions",
            "total_count": 0,
            "+1": 0,
            "-1": 0,
            "laugh": 0,
            "hooray": 0,
            "confused": 0,
            "heart": 0,
            "rocket": 0,
            "eyes": 0
        },
        "timeline_url": "https://api.github.com/repos/Yangfan-Jiang/Federated-Learning-with-Differential-Privacy/issues/4/timeline",
        "performed_via_github_app": null,
        "state_reason": "completed"
    },
    {
        "url": "https://api.github.com/repos/Yangfan-Jiang/Federated-Learning-with-Differential-Privacy/issues/3",
        "repository_url": "https://api.github.com/repos/Yangfan-Jiang/Federated-Learning-with-Differential-Privacy",
        "labels_url": "https://api.github.com/repos/Yangfan-Jiang/Federated-Learning-with-Differential-Privacy/issues/3/labels{/name}",
        "comments_url": "https://api.github.com/repos/Yangfan-Jiang/Federated-Learning-with-Differential-Privacy/issues/3/comments",
        "events_url": "https://api.github.com/repos/Yangfan-Jiang/Federated-Learning-with-Differential-Privacy/issues/3/events",
        "html_url": "https://github.com/Yangfan-Jiang/Federated-Learning-with-Differential-Privacy/issues/3",
        "id": 825261663,
        "node_id": "MDU6SXNzdWU4MjUyNjE2NjM=",
        "number": 3,
        "title": "how to compute the sensitivity",
        "user": {
            "login": "hdadong",
            "id": 44421595,
            "node_id": "MDQ6VXNlcjQ0NDIxNTk1",
            "avatar_url": "https://avatars.githubusercontent.com/u/44421595?v=4",
            "gravatar_id": "",
            "url": "https://api.github.com/users/hdadong",
            "html_url": "https://github.com/hdadong",
            "followers_url": "https://api.github.com/users/hdadong/followers",
            "following_url": "https://api.github.com/users/hdadong/following{/other_user}",
            "gists_url": "https://api.github.com/users/hdadong/gists{/gist_id}",
            "starred_url": "https://api.github.com/users/hdadong/starred{/owner}{/repo}",
            "subscriptions_url": "https://api.github.com/users/hdadong/subscriptions",
            "organizations_url": "https://api.github.com/users/hdadong/orgs",
            "repos_url": "https://api.github.com/users/hdadong/repos",
            "events_url": "https://api.github.com/users/hdadong/events{/privacy}",
            "received_events_url": "https://api.github.com/users/hdadong/received_events",
            "type": "User",
            "user_view_type": "public",
            "site_admin": false
        },
        "labels": [],
        "state": "closed",
        "locked": false,
        "assignee": null,
        "assignees": [],
        "milestone": null,
        "comments": 1,
        "created_at": "2021-03-09T03:47:30Z",
        "updated_at": "2021-10-22T04:51:22Z",
        "closed_at": "2021-10-22T04:51:22Z",
        "author_association": "NONE",
        "active_lock_reason": null,
        "sub_issues_summary": {
            "total": 0,
            "completed": 0,
            "percent_completed": 0
        },
        "body": "why your sensitivity =  2 * self.lr * self.clip / self.data_size + (self.E - 1) * 2 * self.lr * self.clip? in the paper ,the sensitivity = 2C*pi/m or 2C/m.",
        "closed_by": {
            "login": "Yangfan-Jiang",
            "id": 31509709,
            "node_id": "MDQ6VXNlcjMxNTA5NzA5",
            "avatar_url": "https://avatars.githubusercontent.com/u/31509709?v=4",
            "gravatar_id": "",
            "url": "https://api.github.com/users/Yangfan-Jiang",
            "html_url": "https://github.com/Yangfan-Jiang",
            "followers_url": "https://api.github.com/users/Yangfan-Jiang/followers",
            "following_url": "https://api.github.com/users/Yangfan-Jiang/following{/other_user}",
            "gists_url": "https://api.github.com/users/Yangfan-Jiang/gists{/gist_id}",
            "starred_url": "https://api.github.com/users/Yangfan-Jiang/starred{/owner}{/repo}",
            "subscriptions_url": "https://api.github.com/users/Yangfan-Jiang/subscriptions",
            "organizations_url": "https://api.github.com/users/Yangfan-Jiang/orgs",
            "repos_url": "https://api.github.com/users/Yangfan-Jiang/repos",
            "events_url": "https://api.github.com/users/Yangfan-Jiang/events{/privacy}",
            "received_events_url": "https://api.github.com/users/Yangfan-Jiang/received_events",
            "type": "User",
            "user_view_type": "public",
            "site_admin": false
        },
        "reactions": {
            "url": "https://api.github.com/repos/Yangfan-Jiang/Federated-Learning-with-Differential-Privacy/issues/3/reactions",
            "total_count": 0,
            "+1": 0,
            "-1": 0,
            "laugh": 0,
            "hooray": 0,
            "confused": 0,
            "heart": 0,
            "rocket": 0,
            "eyes": 0
        },
        "timeline_url": "https://api.github.com/repos/Yangfan-Jiang/Federated-Learning-with-Differential-Privacy/issues/3/timeline",
        "performed_via_github_app": null,
        "state_reason": "completed"
    },
    {
        "url": "https://api.github.com/repos/Yangfan-Jiang/Federated-Learning-with-Differential-Privacy/issues/2",
        "repository_url": "https://api.github.com/repos/Yangfan-Jiang/Federated-Learning-with-Differential-Privacy",
        "labels_url": "https://api.github.com/repos/Yangfan-Jiang/Federated-Learning-with-Differential-Privacy/issues/2/labels{/name}",
        "comments_url": "https://api.github.com/repos/Yangfan-Jiang/Federated-Learning-with-Differential-Privacy/issues/2/comments",
        "events_url": "https://api.github.com/repos/Yangfan-Jiang/Federated-Learning-with-Differential-Privacy/issues/2/events",
        "html_url": "https://github.com/Yangfan-Jiang/Federated-Learning-with-Differential-Privacy/issues/2",
        "id": 821182037,
        "node_id": "MDU6SXNzdWU4MjExODIwMzc=",
        "number": 2,
        "title": "How to use  global_update_grad()?",
        "user": {
            "login": "cherrytora",
            "id": 45777647,
            "node_id": "MDQ6VXNlcjQ1Nzc3NjQ3",
            "avatar_url": "https://avatars.githubusercontent.com/u/45777647?v=4",
            "gravatar_id": "",
            "url": "https://api.github.com/users/cherrytora",
            "html_url": "https://github.com/cherrytora",
            "followers_url": "https://api.github.com/users/cherrytora/followers",
            "following_url": "https://api.github.com/users/cherrytora/following{/other_user}",
            "gists_url": "https://api.github.com/users/cherrytora/gists{/gist_id}",
            "starred_url": "https://api.github.com/users/cherrytora/starred{/owner}{/repo}",
            "subscriptions_url": "https://api.github.com/users/cherrytora/subscriptions",
            "organizations_url": "https://api.github.com/users/cherrytora/orgs",
            "repos_url": "https://api.github.com/users/cherrytora/repos",
            "events_url": "https://api.github.com/users/cherrytora/events{/privacy}",
            "received_events_url": "https://api.github.com/users/cherrytora/received_events",
            "type": "User",
            "user_view_type": "public",
            "site_admin": false
        },
        "labels": [],
        "state": "closed",
        "locked": false,
        "assignee": null,
        "assignees": [],
        "milestone": null,
        "comments": 3,
        "created_at": "2021-03-03T14:51:58Z",
        "updated_at": "2021-03-05T05:58:12Z",
        "closed_at": "2021-03-05T05:58:12Z",
        "author_association": "NONE",
        "active_lock_reason": null,
        "sub_issues_summary": {
            "total": 0,
            "completed": 0,
            "percent_completed": 0
        },
        "body": "Hello : )\r\n\r\nI used global_update_grad() because I tried to playback the result in the original paper.\r\nI'v already added epsilon and delta in class FLSever and fl_param, but it still ran an error like this ![image](https://user-images.githubusercontent.com/45777647/109822789-432bec00-7c72-11eb-9af8-5f5481bbe4e0.png)\r\nDid I make a mistake or miss something?\r\nThank you !\r\n",
        "closed_by": {
            "login": "Yangfan-Jiang",
            "id": 31509709,
            "node_id": "MDQ6VXNlcjMxNTA5NzA5",
            "avatar_url": "https://avatars.githubusercontent.com/u/31509709?v=4",
            "gravatar_id": "",
            "url": "https://api.github.com/users/Yangfan-Jiang",
            "html_url": "https://github.com/Yangfan-Jiang",
            "followers_url": "https://api.github.com/users/Yangfan-Jiang/followers",
            "following_url": "https://api.github.com/users/Yangfan-Jiang/following{/other_user}",
            "gists_url": "https://api.github.com/users/Yangfan-Jiang/gists{/gist_id}",
            "starred_url": "https://api.github.com/users/Yangfan-Jiang/starred{/owner}{/repo}",
            "subscriptions_url": "https://api.github.com/users/Yangfan-Jiang/subscriptions",
            "organizations_url": "https://api.github.com/users/Yangfan-Jiang/orgs",
            "repos_url": "https://api.github.com/users/Yangfan-Jiang/repos",
            "events_url": "https://api.github.com/users/Yangfan-Jiang/events{/privacy}",
            "received_events_url": "https://api.github.com/users/Yangfan-Jiang/received_events",
            "type": "User",
            "user_view_type": "public",
            "site_admin": false
        },
        "reactions": {
            "url": "https://api.github.com/repos/Yangfan-Jiang/Federated-Learning-with-Differential-Privacy/issues/2/reactions",
            "total_count": 0,
            "+1": 0,
            "-1": 0,
            "laugh": 0,
            "hooray": 0,
            "confused": 0,
            "heart": 0,
            "rocket": 0,
            "eyes": 0
        },
        "timeline_url": "https://api.github.com/repos/Yangfan-Jiang/Federated-Learning-with-Differential-Privacy/issues/2/timeline",
        "performed_via_github_app": null,
        "state_reason": "completed"
    },
    {
        "url": "https://api.github.com/repos/Yangfan-Jiang/Federated-Learning-with-Differential-Privacy/issues/1",
        "repository_url": "https://api.github.com/repos/Yangfan-Jiang/Federated-Learning-with-Differential-Privacy",
        "labels_url": "https://api.github.com/repos/Yangfan-Jiang/Federated-Learning-with-Differential-Privacy/issues/1/labels{/name}",
        "comments_url": "https://api.github.com/repos/Yangfan-Jiang/Federated-Learning-with-Differential-Privacy/issues/1/comments",
        "events_url": "https://api.github.com/repos/Yangfan-Jiang/Federated-Learning-with-Differential-Privacy/issues/1/events",
        "html_url": "https://github.com/Yangfan-Jiang/Federated-Learning-with-Differential-Privacy/issues/1",
        "id": 819910473,
        "node_id": "MDU6SXNzdWU4MTk5MTA0NzM=",
        "number": 1,
        "title": "how to computer the sensitivity",
        "user": {
            "login": "KiteFlyKid",
            "id": 45324156,
            "node_id": "MDQ6VXNlcjQ1MzI0MTU2",
            "avatar_url": "https://avatars.githubusercontent.com/u/45324156?v=4",
            "gravatar_id": "",
            "url": "https://api.github.com/users/KiteFlyKid",
            "html_url": "https://github.com/KiteFlyKid",
            "followers_url": "https://api.github.com/users/KiteFlyKid/followers",
            "following_url": "https://api.github.com/users/KiteFlyKid/following{/other_user}",
            "gists_url": "https://api.github.com/users/KiteFlyKid/gists{/gist_id}",
            "starred_url": "https://api.github.com/users/KiteFlyKid/starred{/owner}{/repo}",
            "subscriptions_url": "https://api.github.com/users/KiteFlyKid/subscriptions",
            "organizations_url": "https://api.github.com/users/KiteFlyKid/orgs",
            "repos_url": "https://api.github.com/users/KiteFlyKid/repos",
            "events_url": "https://api.github.com/users/KiteFlyKid/events{/privacy}",
            "received_events_url": "https://api.github.com/users/KiteFlyKid/received_events",
            "type": "User",
            "user_view_type": "public",
            "site_admin": false
        },
        "labels": [],
        "state": "closed",
        "locked": false,
        "assignee": null,
        "assignees": [],
        "milestone": null,
        "comments": 4,
        "created_at": "2021-03-02T11:06:55Z",
        "updated_at": "2021-03-02T12:28:41Z",
        "closed_at": "2021-03-02T12:28:41Z",
        "author_association": "NONE",
        "active_lock_reason": null,
        "sub_issues_summary": {
            "total": 0,
            "completed": 0,
            "percent_completed": 0
        },
        "body": "Nice job!\r\nWhere can I reference the way that you compute the sensitivity \r\n `sensitivity = 2 * self.lr * self.clip / self.data_size + (self.E - 1) * 2 * self.lr * self.clip`  \r\n\r\nBy the way, are there any other implementations of dp algo except the Gaussian?",
        "closed_by": {
            "login": "KiteFlyKid",
            "id": 45324156,
            "node_id": "MDQ6VXNlcjQ1MzI0MTU2",
            "avatar_url": "https://avatars.githubusercontent.com/u/45324156?v=4",
            "gravatar_id": "",
            "url": "https://api.github.com/users/KiteFlyKid",
            "html_url": "https://github.com/KiteFlyKid",
            "followers_url": "https://api.github.com/users/KiteFlyKid/followers",
            "following_url": "https://api.github.com/users/KiteFlyKid/following{/other_user}",
            "gists_url": "https://api.github.com/users/KiteFlyKid/gists{/gist_id}",
            "starred_url": "https://api.github.com/users/KiteFlyKid/starred{/owner}{/repo}",
            "subscriptions_url": "https://api.github.com/users/KiteFlyKid/subscriptions",
            "organizations_url": "https://api.github.com/users/KiteFlyKid/orgs",
            "repos_url": "https://api.github.com/users/KiteFlyKid/repos",
            "events_url": "https://api.github.com/users/KiteFlyKid/events{/privacy}",
            "received_events_url": "https://api.github.com/users/KiteFlyKid/received_events",
            "type": "User",
            "user_view_type": "public",
            "site_admin": false
        },
        "reactions": {
            "url": "https://api.github.com/repos/Yangfan-Jiang/Federated-Learning-with-Differential-Privacy/issues/1/reactions",
            "total_count": 0,
            "+1": 0,
            "-1": 0,
            "laugh": 0,
            "hooray": 0,
            "confused": 0,
            "heart": 0,
            "rocket": 0,
            "eyes": 0
        },
        "timeline_url": "https://api.github.com/repos/Yangfan-Jiang/Federated-Learning-with-Differential-Privacy/issues/1/timeline",
        "performed_via_github_app": null,
        "state_reason": "completed"
    }
]