[
    {
        "url": "https://api.github.com/repos/youngfish42/Awesome-FL/issues/35",
        "repository_url": "https://api.github.com/repos/youngfish42/Awesome-FL",
        "labels_url": "https://api.github.com/repos/youngfish42/Awesome-FL/issues/35/labels{/name}",
        "comments_url": "https://api.github.com/repos/youngfish42/Awesome-FL/issues/35/comments",
        "events_url": "https://api.github.com/repos/youngfish42/Awesome-FL/issues/35/events",
        "html_url": "https://github.com/youngfish42/Awesome-FL/issues/35",
        "id": 2516783322,
        "node_id": "I_kwDOHXvi6s6WAxDa",
        "number": 35,
        "title": "CVPR 2024 workshop papers not added",
        "user": {
            "login": "Nawrin14",
            "id": 51925399,
            "node_id": "MDQ6VXNlcjUxOTI1Mzk5",
            "avatar_url": "https://avatars.githubusercontent.com/u/51925399?v=4",
            "gravatar_id": "",
            "url": "https://api.github.com/users/Nawrin14",
            "html_url": "https://github.com/Nawrin14",
            "followers_url": "https://api.github.com/users/Nawrin14/followers",
            "following_url": "https://api.github.com/users/Nawrin14/following{/other_user}",
            "gists_url": "https://api.github.com/users/Nawrin14/gists{/gist_id}",
            "starred_url": "https://api.github.com/users/Nawrin14/starred{/owner}{/repo}",
            "subscriptions_url": "https://api.github.com/users/Nawrin14/subscriptions",
            "organizations_url": "https://api.github.com/users/Nawrin14/orgs",
            "repos_url": "https://api.github.com/users/Nawrin14/repos",
            "events_url": "https://api.github.com/users/Nawrin14/events{/privacy}",
            "received_events_url": "https://api.github.com/users/Nawrin14/received_events",
            "type": "User",
            "user_view_type": "public",
            "site_admin": false
        },
        "labels": [],
        "state": "closed",
        "locked": false,
        "assignee": null,
        "assignees": [],
        "milestone": null,
        "comments": 3,
        "created_at": "2024-09-10T15:26:52Z",
        "updated_at": "2024-09-30T10:59:54Z",
        "closed_at": "2024-09-30T10:59:53Z",
        "author_association": "NONE",
        "active_lock_reason": null,
        "sub_issues_summary": {
            "total": 0,
            "completed": 0,
            "percent_completed": 0
        },
        "body": "Hi, I noticed that the CVPR 2022 and 2023 workshop papers have been added, but not the CVPR 2024 workshop papers. Can you please add them as well? Thanks.",
        "closed_by": {
            "login": "youngfish42",
            "id": 38998412,
            "node_id": "MDQ6VXNlcjM4OTk4NDEy",
            "avatar_url": "https://avatars.githubusercontent.com/u/38998412?v=4",
            "gravatar_id": "",
            "url": "https://api.github.com/users/youngfish42",
            "html_url": "https://github.com/youngfish42",
            "followers_url": "https://api.github.com/users/youngfish42/followers",
            "following_url": "https://api.github.com/users/youngfish42/following{/other_user}",
            "gists_url": "https://api.github.com/users/youngfish42/gists{/gist_id}",
            "starred_url": "https://api.github.com/users/youngfish42/starred{/owner}{/repo}",
            "subscriptions_url": "https://api.github.com/users/youngfish42/subscriptions",
            "organizations_url": "https://api.github.com/users/youngfish42/orgs",
            "repos_url": "https://api.github.com/users/youngfish42/repos",
            "events_url": "https://api.github.com/users/youngfish42/events{/privacy}",
            "received_events_url": "https://api.github.com/users/youngfish42/received_events",
            "type": "User",
            "user_view_type": "public",
            "site_admin": false
        },
        "reactions": {
            "url": "https://api.github.com/repos/youngfish42/Awesome-FL/issues/35/reactions",
            "total_count": 0,
            "+1": 0,
            "-1": 0,
            "laugh": 0,
            "hooray": 0,
            "confused": 0,
            "heart": 0,
            "rocket": 0,
            "eyes": 0
        },
        "timeline_url": "https://api.github.com/repos/youngfish42/Awesome-FL/issues/35/timeline",
        "performed_via_github_app": null,
        "state_reason": "completed"
    },
    {
        "url": "https://api.github.com/repos/youngfish42/Awesome-FL/issues/28",
        "repository_url": "https://api.github.com/repos/youngfish42/Awesome-FL",
        "labels_url": "https://api.github.com/repos/youngfish42/Awesome-FL/issues/28/labels{/name}",
        "comments_url": "https://api.github.com/repos/youngfish42/Awesome-FL/issues/28/comments",
        "events_url": "https://api.github.com/repos/youngfish42/Awesome-FL/issues/28/events",
        "html_url": "https://github.com/youngfish42/Awesome-FL/issues/28",
        "id": 2042535416,
        "node_id": "I_kwDOHXvi6s55vp34",
        "number": 28,
        "title": "One paper of ICLR 2023 is not belong to FL",
        "user": {
            "login": "gyfang10",
            "id": 152035298,
            "node_id": "U_kgDOCQ_f4g",
            "avatar_url": "https://avatars.githubusercontent.com/u/152035298?v=4",
            "gravatar_id": "",
            "url": "https://api.github.com/users/gyfang10",
            "html_url": "https://github.com/gyfang10",
            "followers_url": "https://api.github.com/users/gyfang10/followers",
            "following_url": "https://api.github.com/users/gyfang10/following{/other_user}",
            "gists_url": "https://api.github.com/users/gyfang10/gists{/gist_id}",
            "starred_url": "https://api.github.com/users/gyfang10/starred{/owner}{/repo}",
            "subscriptions_url": "https://api.github.com/users/gyfang10/subscriptions",
            "organizations_url": "https://api.github.com/users/gyfang10/orgs",
            "repos_url": "https://api.github.com/users/gyfang10/repos",
            "events_url": "https://api.github.com/users/gyfang10/events{/privacy}",
            "received_events_url": "https://api.github.com/users/gyfang10/received_events",
            "type": "User",
            "user_view_type": "public",
            "site_admin": false
        },
        "labels": [],
        "state": "closed",
        "locked": false,
        "assignee": null,
        "assignees": [],
        "milestone": null,
        "comments": 1,
        "created_at": "2023-12-14T21:31:20Z",
        "updated_at": "2023-12-21T15:12:17Z",
        "closed_at": "2023-12-21T15:12:17Z",
        "author_association": "NONE",
        "active_lock_reason": null,
        "sub_issues_summary": {
            "total": 0,
            "completed": 0,
            "percent_completed": 0
        },
        "body": "The paper, **Dual Diffusion Implicit Bridges for Image-to-Image Translation**, does not belong to FL",
        "closed_by": {
            "login": "youngfish42",
            "id": 38998412,
            "node_id": "MDQ6VXNlcjM4OTk4NDEy",
            "avatar_url": "https://avatars.githubusercontent.com/u/38998412?v=4",
            "gravatar_id": "",
            "url": "https://api.github.com/users/youngfish42",
            "html_url": "https://github.com/youngfish42",
            "followers_url": "https://api.github.com/users/youngfish42/followers",
            "following_url": "https://api.github.com/users/youngfish42/following{/other_user}",
            "gists_url": "https://api.github.com/users/youngfish42/gists{/gist_id}",
            "starred_url": "https://api.github.com/users/youngfish42/starred{/owner}{/repo}",
            "subscriptions_url": "https://api.github.com/users/youngfish42/subscriptions",
            "organizations_url": "https://api.github.com/users/youngfish42/orgs",
            "repos_url": "https://api.github.com/users/youngfish42/repos",
            "events_url": "https://api.github.com/users/youngfish42/events{/privacy}",
            "received_events_url": "https://api.github.com/users/youngfish42/received_events",
            "type": "User",
            "user_view_type": "public",
            "site_admin": false
        },
        "reactions": {
            "url": "https://api.github.com/repos/youngfish42/Awesome-FL/issues/28/reactions",
            "total_count": 0,
            "+1": 0,
            "-1": 0,
            "laugh": 0,
            "hooray": 0,
            "confused": 0,
            "heart": 0,
            "rocket": 0,
            "eyes": 0
        },
        "timeline_url": "https://api.github.com/repos/youngfish42/Awesome-FL/issues/28/timeline",
        "performed_via_github_app": null,
        "state_reason": "completed"
    },
    {
        "url": "https://api.github.com/repos/youngfish42/Awesome-FL/issues/23",
        "repository_url": "https://api.github.com/repos/youngfish42/Awesome-FL",
        "labels_url": "https://api.github.com/repos/youngfish42/Awesome-FL/issues/23/labels{/name}",
        "comments_url": "https://api.github.com/repos/youngfish42/Awesome-FL/issues/23/comments",
        "events_url": "https://api.github.com/repos/youngfish42/Awesome-FL/issues/23/events",
        "html_url": "https://github.com/youngfish42/Awesome-FL/issues/23",
        "id": 1684477897,
        "node_id": "I_kwDOHXvi6s5kZxfJ",
        "number": 23,
        "title": "Add these survey as well",
        "user": {
            "login": "azalahmadkhan",
            "id": 78069523,
            "node_id": "MDQ6VXNlcjc4MDY5NTIz",
            "avatar_url": "https://avatars.githubusercontent.com/u/78069523?v=4",
            "gravatar_id": "",
            "url": "https://api.github.com/users/azalahmadkhan",
            "html_url": "https://github.com/azalahmadkhan",
            "followers_url": "https://api.github.com/users/azalahmadkhan/followers",
            "following_url": "https://api.github.com/users/azalahmadkhan/following{/other_user}",
            "gists_url": "https://api.github.com/users/azalahmadkhan/gists{/gist_id}",
            "starred_url": "https://api.github.com/users/azalahmadkhan/starred{/owner}{/repo}",
            "subscriptions_url": "https://api.github.com/users/azalahmadkhan/subscriptions",
            "organizations_url": "https://api.github.com/users/azalahmadkhan/orgs",
            "repos_url": "https://api.github.com/users/azalahmadkhan/repos",
            "events_url": "https://api.github.com/users/azalahmadkhan/events{/privacy}",
            "received_events_url": "https://api.github.com/users/azalahmadkhan/received_events",
            "type": "User",
            "user_view_type": "public",
            "site_admin": false
        },
        "labels": [],
        "state": "closed",
        "locked": false,
        "assignee": null,
        "assignees": [],
        "milestone": null,
        "comments": 2,
        "created_at": "2023-04-26T07:58:12Z",
        "updated_at": "2023-04-26T11:06:22Z",
        "closed_at": "2023-04-26T11:06:22Z",
        "author_association": "NONE",
        "active_lock_reason": null,
        "sub_issues_summary": {
            "total": 0,
            "completed": 0,
            "percent_completed": 0
        },
        "body": "Towards Personalized Federated Learning - https://arxiv.org/pdf/2103.00710.pdf\r\nThree Approaches for Personalization with Applications to Federated Learning - https://arxiv.org/pdf/2002.10619.pdf\r\n",
        "closed_by": {
            "login": "azalahmadkhan",
            "id": 78069523,
            "node_id": "MDQ6VXNlcjc4MDY5NTIz",
            "avatar_url": "https://avatars.githubusercontent.com/u/78069523?v=4",
            "gravatar_id": "",
            "url": "https://api.github.com/users/azalahmadkhan",
            "html_url": "https://github.com/azalahmadkhan",
            "followers_url": "https://api.github.com/users/azalahmadkhan/followers",
            "following_url": "https://api.github.com/users/azalahmadkhan/following{/other_user}",
            "gists_url": "https://api.github.com/users/azalahmadkhan/gists{/gist_id}",
            "starred_url": "https://api.github.com/users/azalahmadkhan/starred{/owner}{/repo}",
            "subscriptions_url": "https://api.github.com/users/azalahmadkhan/subscriptions",
            "organizations_url": "https://api.github.com/users/azalahmadkhan/orgs",
            "repos_url": "https://api.github.com/users/azalahmadkhan/repos",
            "events_url": "https://api.github.com/users/azalahmadkhan/events{/privacy}",
            "received_events_url": "https://api.github.com/users/azalahmadkhan/received_events",
            "type": "User",
            "user_view_type": "public",
            "site_admin": false
        },
        "reactions": {
            "url": "https://api.github.com/repos/youngfish42/Awesome-FL/issues/23/reactions",
            "total_count": 0,
            "+1": 0,
            "-1": 0,
            "laugh": 0,
            "hooray": 0,
            "confused": 0,
            "heart": 0,
            "rocket": 0,
            "eyes": 0
        },
        "timeline_url": "https://api.github.com/repos/youngfish42/Awesome-FL/issues/23/timeline",
        "performed_via_github_app": null,
        "state_reason": "completed"
    },
    {
        "url": "https://api.github.com/repos/youngfish42/Awesome-FL/issues/20",
        "repository_url": "https://api.github.com/repos/youngfish42/Awesome-FL",
        "labels_url": "https://api.github.com/repos/youngfish42/Awesome-FL/issues/20/labels{/name}",
        "comments_url": "https://api.github.com/repos/youngfish42/Awesome-FL/issues/20/comments",
        "events_url": "https://api.github.com/repos/youngfish42/Awesome-FL/issues/20/events",
        "html_url": "https://github.com/youngfish42/Awesome-FL/issues/20",
        "id": 1443168891,
        "node_id": "I_kwDOHXvi6s5WBQJ7",
        "number": 20,
        "title": "Framework to include",
        "user": {
            "login": "fvarno",
            "id": 40249495,
            "node_id": "MDQ6VXNlcjQwMjQ5NDk1",
            "avatar_url": "https://avatars.githubusercontent.com/u/40249495?v=4",
            "gravatar_id": "",
            "url": "https://api.github.com/users/fvarno",
            "html_url": "https://github.com/fvarno",
            "followers_url": "https://api.github.com/users/fvarno/followers",
            "following_url": "https://api.github.com/users/fvarno/following{/other_user}",
            "gists_url": "https://api.github.com/users/fvarno/gists{/gist_id}",
            "starred_url": "https://api.github.com/users/fvarno/starred{/owner}{/repo}",
            "subscriptions_url": "https://api.github.com/users/fvarno/subscriptions",
            "organizations_url": "https://api.github.com/users/fvarno/orgs",
            "repos_url": "https://api.github.com/users/fvarno/repos",
            "events_url": "https://api.github.com/users/fvarno/events{/privacy}",
            "received_events_url": "https://api.github.com/users/fvarno/received_events",
            "type": "User",
            "user_view_type": "public",
            "site_admin": false
        },
        "labels": [
            {
                "id": 4152858834,
                "node_id": "LA_kwDOHXvi6s73h5jS",
                "url": "https://api.github.com/repos/youngfish42/Awesome-FL/labels/good%20first%20issue",
                "name": "good first issue",
                "color": "7057ff",
                "default": true,
                "description": "Good for newcomers"
            }
        ],
        "state": "closed",
        "locked": false,
        "assignee": null,
        "assignees": [],
        "milestone": null,
        "comments": 1,
        "created_at": "2022-11-10T03:18:04Z",
        "updated_at": "2022-11-10T08:37:42Z",
        "closed_at": "2022-11-10T08:37:41Z",
        "author_association": "NONE",
        "active_lock_reason": null,
        "sub_issues_summary": {
            "total": 0,
            "completed": 0,
            "percent_completed": 0
        },
        "body": "Here's an actively developed Federated Learning Simulator to add:\r\nhttps://fedsim.varnio.com/en/latest/",
        "closed_by": {
            "login": "youngfish42",
            "id": 38998412,
            "node_id": "MDQ6VXNlcjM4OTk4NDEy",
            "avatar_url": "https://avatars.githubusercontent.com/u/38998412?v=4",
            "gravatar_id": "",
            "url": "https://api.github.com/users/youngfish42",
            "html_url": "https://github.com/youngfish42",
            "followers_url": "https://api.github.com/users/youngfish42/followers",
            "following_url": "https://api.github.com/users/youngfish42/following{/other_user}",
            "gists_url": "https://api.github.com/users/youngfish42/gists{/gist_id}",
            "starred_url": "https://api.github.com/users/youngfish42/starred{/owner}{/repo}",
            "subscriptions_url": "https://api.github.com/users/youngfish42/subscriptions",
            "organizations_url": "https://api.github.com/users/youngfish42/orgs",
            "repos_url": "https://api.github.com/users/youngfish42/repos",
            "events_url": "https://api.github.com/users/youngfish42/events{/privacy}",
            "received_events_url": "https://api.github.com/users/youngfish42/received_events",
            "type": "User",
            "user_view_type": "public",
            "site_admin": false
        },
        "reactions": {
            "url": "https://api.github.com/repos/youngfish42/Awesome-FL/issues/20/reactions",
            "total_count": 1,
            "+1": 1,
            "-1": 0,
            "laugh": 0,
            "hooray": 0,
            "confused": 0,
            "heart": 0,
            "rocket": 0,
            "eyes": 0
        },
        "timeline_url": "https://api.github.com/repos/youngfish42/Awesome-FL/issues/20/timeline",
        "performed_via_github_app": null,
        "state_reason": "completed"
    },
    {
        "url": "https://api.github.com/repos/youngfish42/Awesome-FL/issues/19",
        "repository_url": "https://api.github.com/repos/youngfish42/Awesome-FL",
        "labels_url": "https://api.github.com/repos/youngfish42/Awesome-FL/issues/19/labels{/name}",
        "comments_url": "https://api.github.com/repos/youngfish42/Awesome-FL/issues/19/comments",
        "events_url": "https://api.github.com/repos/youngfish42/Awesome-FL/issues/19/events",
        "html_url": "https://github.com/youngfish42/Awesome-FL/issues/19",
        "id": 1411175537,
        "node_id": "I_kwDOHXvi6s5UHNRx",
        "number": 19,
        "title": "FedGraph\u4ee3\u7801\u94fe\u63a5\u5931\u6548",
        "user": {
            "login": "SoyCodeTrail",
            "id": 33376894,
            "node_id": "MDQ6VXNlcjMzMzc2ODk0",
            "avatar_url": "https://avatars.githubusercontent.com/u/33376894?v=4",
            "gravatar_id": "",
            "url": "https://api.github.com/users/SoyCodeTrail",
            "html_url": "https://github.com/SoyCodeTrail",
            "followers_url": "https://api.github.com/users/SoyCodeTrail/followers",
            "following_url": "https://api.github.com/users/SoyCodeTrail/following{/other_user}",
            "gists_url": "https://api.github.com/users/SoyCodeTrail/gists{/gist_id}",
            "starred_url": "https://api.github.com/users/SoyCodeTrail/starred{/owner}{/repo}",
            "subscriptions_url": "https://api.github.com/users/SoyCodeTrail/subscriptions",
            "organizations_url": "https://api.github.com/users/SoyCodeTrail/orgs",
            "repos_url": "https://api.github.com/users/SoyCodeTrail/repos",
            "events_url": "https://api.github.com/users/SoyCodeTrail/events{/privacy}",
            "received_events_url": "https://api.github.com/users/SoyCodeTrail/received_events",
            "type": "User",
            "user_view_type": "public",
            "site_admin": false
        },
        "labels": [],
        "state": "closed",
        "locked": false,
        "assignee": null,
        "assignees": [],
        "milestone": null,
        "comments": 1,
        "created_at": "2022-10-17T08:55:27Z",
        "updated_at": "2022-10-21T03:23:21Z",
        "closed_at": "2022-10-21T03:23:21Z",
        "author_association": "NONE",
        "active_lock_reason": null,
        "sub_issues_summary": {
            "total": 0,
            "completed": 0,
            "percent_completed": 0
        },
        "body": "\u8001\u54e5\uff0c\u80fd\u91cd\u65b0\u5206\u4eab\u4e0bFedGraph\u7684\u4ee3\u7801\u5417?\r\n\u8c22\u8c22\u5566\u3002",
        "closed_by": {
            "login": "youngfish42",
            "id": 38998412,
            "node_id": "MDQ6VXNlcjM4OTk4NDEy",
            "avatar_url": "https://avatars.githubusercontent.com/u/38998412?v=4",
            "gravatar_id": "",
            "url": "https://api.github.com/users/youngfish42",
            "html_url": "https://github.com/youngfish42",
            "followers_url": "https://api.github.com/users/youngfish42/followers",
            "following_url": "https://api.github.com/users/youngfish42/following{/other_user}",
            "gists_url": "https://api.github.com/users/youngfish42/gists{/gist_id}",
            "starred_url": "https://api.github.com/users/youngfish42/starred{/owner}{/repo}",
            "subscriptions_url": "https://api.github.com/users/youngfish42/subscriptions",
            "organizations_url": "https://api.github.com/users/youngfish42/orgs",
            "repos_url": "https://api.github.com/users/youngfish42/repos",
            "events_url": "https://api.github.com/users/youngfish42/events{/privacy}",
            "received_events_url": "https://api.github.com/users/youngfish42/received_events",
            "type": "User",
            "user_view_type": "public",
            "site_admin": false
        },
        "reactions": {
            "url": "https://api.github.com/repos/youngfish42/Awesome-FL/issues/19/reactions",
            "total_count": 0,
            "+1": 0,
            "-1": 0,
            "laugh": 0,
            "hooray": 0,
            "confused": 0,
            "heart": 0,
            "rocket": 0,
            "eyes": 0
        },
        "timeline_url": "https://api.github.com/repos/youngfish42/Awesome-FL/issues/19/timeline",
        "performed_via_github_app": null,
        "state_reason": "completed"
    },
    {
        "url": "https://api.github.com/repos/youngfish42/Awesome-FL/issues/6",
        "repository_url": "https://api.github.com/repos/youngfish42/Awesome-FL",
        "labels_url": "https://api.github.com/repos/youngfish42/Awesome-FL/issues/6/labels{/name}",
        "comments_url": "https://api.github.com/repos/youngfish42/Awesome-FL/issues/6/comments",
        "events_url": "https://api.github.com/repos/youngfish42/Awesome-FL/issues/6/events",
        "html_url": "https://github.com/youngfish42/Awesome-FL/issues/6",
        "id": 1315884493,
        "node_id": "I_kwDOHXvi6s5Obs3N",
        "number": 6,
        "title": "Add Contributors",
        "user": {
            "login": "youngfish42",
            "id": 38998412,
            "node_id": "MDQ6VXNlcjM4OTk4NDEy",
            "avatar_url": "https://avatars.githubusercontent.com/u/38998412?v=4",
            "gravatar_id": "",
            "url": "https://api.github.com/users/youngfish42",
            "html_url": "https://github.com/youngfish42",
            "followers_url": "https://api.github.com/users/youngfish42/followers",
            "following_url": "https://api.github.com/users/youngfish42/following{/other_user}",
            "gists_url": "https://api.github.com/users/youngfish42/gists{/gist_id}",
            "starred_url": "https://api.github.com/users/youngfish42/starred{/owner}{/repo}",
            "subscriptions_url": "https://api.github.com/users/youngfish42/subscriptions",
            "organizations_url": "https://api.github.com/users/youngfish42/orgs",
            "repos_url": "https://api.github.com/users/youngfish42/repos",
            "events_url": "https://api.github.com/users/youngfish42/events{/privacy}",
            "received_events_url": "https://api.github.com/users/youngfish42/received_events",
            "type": "User",
            "user_view_type": "public",
            "site_admin": false
        },
        "labels": [],
        "state": "closed",
        "locked": false,
        "assignee": null,
        "assignees": [],
        "milestone": null,
        "comments": 1,
        "created_at": "2022-07-24T11:45:10Z",
        "updated_at": "2022-09-01T01:16:58Z",
        "closed_at": "2022-08-01T12:26:43Z",
        "author_association": "OWNER",
        "active_lock_reason": null,
        "sub_issues_summary": {
            "total": 0,
            "completed": 0,
            "percent_completed": 0
        },
        "body": null,
        "closed_by": {
            "login": "youngfish42",
            "id": 38998412,
            "node_id": "MDQ6VXNlcjM4OTk4NDEy",
            "avatar_url": "https://avatars.githubusercontent.com/u/38998412?v=4",
            "gravatar_id": "",
            "url": "https://api.github.com/users/youngfish42",
            "html_url": "https://github.com/youngfish42",
            "followers_url": "https://api.github.com/users/youngfish42/followers",
            "following_url": "https://api.github.com/users/youngfish42/following{/other_user}",
            "gists_url": "https://api.github.com/users/youngfish42/gists{/gist_id}",
            "starred_url": "https://api.github.com/users/youngfish42/starred{/owner}{/repo}",
            "subscriptions_url": "https://api.github.com/users/youngfish42/subscriptions",
            "organizations_url": "https://api.github.com/users/youngfish42/orgs",
            "repos_url": "https://api.github.com/users/youngfish42/repos",
            "events_url": "https://api.github.com/users/youngfish42/events{/privacy}",
            "received_events_url": "https://api.github.com/users/youngfish42/received_events",
            "type": "User",
            "user_view_type": "public",
            "site_admin": false
        },
        "reactions": {
            "url": "https://api.github.com/repos/youngfish42/Awesome-FL/issues/6/reactions",
            "total_count": 0,
            "+1": 0,
            "-1": 0,
            "laugh": 0,
            "hooray": 0,
            "confused": 0,
            "heart": 0,
            "rocket": 0,
            "eyes": 0
        },
        "timeline_url": "https://api.github.com/repos/youngfish42/Awesome-FL/issues/6/timeline",
        "performed_via_github_app": null,
        "state_reason": "not_planned"
    }
]