,Id,Title,Text,OriginalText,Document,Topic,Name,Representation,Representative_Docs,Top_n_words,Probability,Representative_document
32,58367187,ModuleNotFoundError : module name syft ( PySyft ),ModuleNotFoundError : module name syft ( PySyft )   I install Pysyft use :          and yet try import library       its show error :      ModuleNotFoundError Traceback ( most recent call last ) 1 import numpy np ---- > 2 syft.frameworks.torch.differential_privacy import pate      ModuleNotFoundError : module name syft    ,"ModuleNotFoundError : no module name syft ( PySyft )    I install Pysyft use this : 
 
 
 
   and yet when I try to import the library  
 
   its show I this error : 
 
   ModuleNotFoundError                         Traceback ( most recent call last ) 
     in 
          1 import numpy as np 
    ---- > 2 from syft.frameworks.torch.differential_privacy import pate 
 
   ModuleNotFoundError : no module name syft 
 
 
","ModuleNotFoundError : no module name syft ( PySyft )    I install Pysyft use this : 
 
 
 
   and yet when I try to import the library  
 
   its show I this error : 
 
   ModuleNotFoundError                         Traceback ( most recent call last ) 
     in 
          1 import numpy as np 
    ---- > 2 from syft.frameworks.torch.differential_privacy import pate 
 
   ModuleNotFoundError : no module name syft 
 
 
",5,5_syft_pysyft_error_hook,"['syft', 'pysyft', 'error', 'hook', 'module', 'attributeerror', 'module syft', 'version', 'attribute', 'follow', 'install', 'try', 'virtualworker', 'modulenotfounderror', 'use', 'import', 'torch', 'syft attribute', 'install syft', 'websocket']","['error : could not find a version that satisfy the requirement torchvision~=0.5.0 ( from syft )    last week iam work with syft==0.2.9 and it be work great ! \n  but this week when I try to install syft==0.2.9 I have this error \n  "" error : could not find a version that satisfy the requirement torchvision~=0.5.0 ( from syft ) ( from version : 0.1.6 , 0.1.7 , 0.1.8 , 0.1.9 , 0.2.0 , 0.2.1 , 0.2.2 , 0.2.2.post2 , 0.2.2.post3 , 0.8.2 , 0.9.0 , 0.9.1 , 0.10.0 , 0.10.1 , 0.11.0 , 0.11.1 , 0.11.2 , 0.11.3 , 0.12.0 , 0.13.0 , 0.13.1 , 0.14.0 , 0.14.1 ) \n  error : no matching distribution find for torchvision~=0.5.0 "" \n   then when import the syft library it be undefine \n   I need to work with TorchHook in federate learning by PyTorch \n   I use Google Colab .. also I try my code in Jypter and kaggle , all show the same error \n \n \n', 'ModuleNotFoundError : no module name syft ( PySyft )    I install Pysyft use this : \n \n \n \n   and yet when I try to import the library  \n \n   its show I this error : \n \n   ModuleNotFoundError                         Traceback ( most recent call last ) \n     in \n          1 import numpy as np \n    ---- > 2 from syft.frameworks.torch.differential_privacy import pate \n \n   ModuleNotFoundError : no module name syft \n \n \n', 'I be face AttributeError : module syft have no attribute VirtualWorker for # Create VirtualWorkers hook = syft . VirtualWorker(hook , i d = hook )     I be face "" AttributeError : module syft have no attribute VirtualWorker "" for "" # create VirtualWorkers hook = syft . VirtualWorker(hook , id=""hook "" ) "" \n   create VirtualWorkers \n   hook = syft . VirtualWorker(hook , id=""hook "" ) \n  your text alice = syft . VirtualWorker(hook , id=""alice "" ` \n   I first try use \n   create a PySyft hook \n   hook = syft . torchhook(torch ) ` \n   create virtual worker \n   bob = syft . VirtualWorker(hook , id=""bob "" ) \n  your text but it be depricate so I use this approach ` \n']",syft - pysyft - error - hook - module - attributeerror - module syft - version - attribute - follow - install - try - virtualworker - modulenotfounderror - use - import - torch - syft attribute - install syft - websocket,0.9985686803743216,True
52,60202610,"Pysyft Federated learning , Error websocket","Pysyft Federated learning , Error Websockets   I trying run federate learning pysyft ( ) create remote worker connect via websocket . however get error folllowe evaluation step .      there clear answer forum . anyone clue issue script .    my syft version :  ","Pysyft Federated learning , Error with Websockets    I be try to run a federate learning from pysyft ( ) that create remote worker and connect to they via websocket . however I be get an error in folllowe evaluation step . 
 
   there be no clear answer from their forum . do anyone have any clue as to what the issue be in this script . 
   my syft version : 
 
","Pysyft Federated learning , Error with Websockets    I be try to run a federate learning from pysyft ( ) that create remote worker and connect to they via websocket . however I be get an error in folllowe evaluation step . 
 
   there be no clear answer from their forum . do anyone have any clue as to what the issue be in this script . 
   my syft version : 
 
",5,5_syft_pysyft_error_hook,"['syft', 'pysyft', 'error', 'hook', 'module', 'attributeerror', 'module syft', 'version', 'attribute', 'follow', 'install', 'try', 'virtualworker', 'modulenotfounderror', 'use', 'import', 'torch', 'syft attribute', 'install syft', 'websocket']","['error : could not find a version that satisfy the requirement torchvision~=0.5.0 ( from syft )    last week iam work with syft==0.2.9 and it be work great ! \n  but this week when I try to install syft==0.2.9 I have this error \n  "" error : could not find a version that satisfy the requirement torchvision~=0.5.0 ( from syft ) ( from version : 0.1.6 , 0.1.7 , 0.1.8 , 0.1.9 , 0.2.0 , 0.2.1 , 0.2.2 , 0.2.2.post2 , 0.2.2.post3 , 0.8.2 , 0.9.0 , 0.9.1 , 0.10.0 , 0.10.1 , 0.11.0 , 0.11.1 , 0.11.2 , 0.11.3 , 0.12.0 , 0.13.0 , 0.13.1 , 0.14.0 , 0.14.1 ) \n  error : no matching distribution find for torchvision~=0.5.0 "" \n   then when import the syft library it be undefine \n   I need to work with TorchHook in federate learning by PyTorch \n   I use Google Colab .. also I try my code in Jypter and kaggle , all show the same error \n \n \n', 'ModuleNotFoundError : no module name syft ( PySyft )    I install Pysyft use this : \n \n \n \n   and yet when I try to import the library  \n \n   its show I this error : \n \n   ModuleNotFoundError                         Traceback ( most recent call last ) \n     in \n          1 import numpy as np \n    ---- > 2 from syft.frameworks.torch.differential_privacy import pate \n \n   ModuleNotFoundError : no module name syft \n \n \n', 'I be face AttributeError : module syft have no attribute VirtualWorker for # Create VirtualWorkers hook = syft . VirtualWorker(hook , i d = hook )     I be face "" AttributeError : module syft have no attribute VirtualWorker "" for "" # create VirtualWorkers hook = syft . VirtualWorker(hook , id=""hook "" ) "" \n   create VirtualWorkers \n   hook = syft . VirtualWorker(hook , id=""hook "" ) \n  your text alice = syft . VirtualWorker(hook , id=""alice "" ` \n   I first try use \n   create a PySyft hook \n   hook = syft . torchhook(torch ) ` \n   create virtual worker \n   bob = syft . VirtualWorker(hook , id=""bob "" ) \n  your text but it be depricate so I use this approach ` \n']",syft - pysyft - error - hook - module - attributeerror - module syft - version - attribute - follow - install - try - virtualworker - modulenotfounderror - use - import - torch - syft attribute - install syft - websocket,1.0,False
57,60365627,Syft ( PySyft ) : ModuleNotFoundError syft_proto.messaging.v1.protocol_pb2,Syft ( PySyft ) : ModuleNotFoundError syft_proto.messaging.v1.protocol_pb2   I run simple code google colab .      and get error :      ModuleNotFoundError : module name syft_proto.messaging.v1.protocol_pb2      there full error message       Hope help I . thank you,"Syft ( PySyft ) : modulenotfounderror syft_proto.messaging.v1.protocol_pb2    I run this simple code on google colab . 
 
   and I get this error : 
 
   modulenotfounderror : no module name syft_proto.messaging.v1.protocol_pb2 
 
   there be the full error message  
 
   Hope that you can help I . thank you 
","Syft ( PySyft ) : modulenotfounderror syft_proto.messaging.v1.protocol_pb2    I run this simple code on google colab . 
 
   and I get this error : 
 
   modulenotfounderror : no module name syft_proto.messaging.v1.protocol_pb2 
 
   there be the full error message  
 
   Hope that you can help I . thank you 
",5,5_syft_pysyft_error_hook,"['syft', 'pysyft', 'error', 'hook', 'module', 'attributeerror', 'module syft', 'version', 'attribute', 'follow', 'install', 'try', 'virtualworker', 'modulenotfounderror', 'use', 'import', 'torch', 'syft attribute', 'install syft', 'websocket']","['error : could not find a version that satisfy the requirement torchvision~=0.5.0 ( from syft )    last week iam work with syft==0.2.9 and it be work great ! \n  but this week when I try to install syft==0.2.9 I have this error \n  "" error : could not find a version that satisfy the requirement torchvision~=0.5.0 ( from syft ) ( from version : 0.1.6 , 0.1.7 , 0.1.8 , 0.1.9 , 0.2.0 , 0.2.1 , 0.2.2 , 0.2.2.post2 , 0.2.2.post3 , 0.8.2 , 0.9.0 , 0.9.1 , 0.10.0 , 0.10.1 , 0.11.0 , 0.11.1 , 0.11.2 , 0.11.3 , 0.12.0 , 0.13.0 , 0.13.1 , 0.14.0 , 0.14.1 ) \n  error : no matching distribution find for torchvision~=0.5.0 "" \n   then when import the syft library it be undefine \n   I need to work with TorchHook in federate learning by PyTorch \n   I use Google Colab .. also I try my code in Jypter and kaggle , all show the same error \n \n \n', 'ModuleNotFoundError : no module name syft ( PySyft )    I install Pysyft use this : \n \n \n \n   and yet when I try to import the library  \n \n   its show I this error : \n \n   ModuleNotFoundError                         Traceback ( most recent call last ) \n     in \n          1 import numpy as np \n    ---- > 2 from syft.frameworks.torch.differential_privacy import pate \n \n   ModuleNotFoundError : no module name syft \n \n \n', 'I be face AttributeError : module syft have no attribute VirtualWorker for # Create VirtualWorkers hook = syft . VirtualWorker(hook , i d = hook )     I be face "" AttributeError : module syft have no attribute VirtualWorker "" for "" # create VirtualWorkers hook = syft . VirtualWorker(hook , id=""hook "" ) "" \n   create VirtualWorkers \n   hook = syft . VirtualWorker(hook , id=""hook "" ) \n  your text alice = syft . VirtualWorker(hook , id=""alice "" ` \n   I first try use \n   create a PySyft hook \n   hook = syft . torchhook(torch ) ` \n   create virtual worker \n   bob = syft . VirtualWorker(hook , id=""bob "" ) \n  your text but it be depricate so I use this approach ` \n']",syft - pysyft - error - hook - module - attributeerror - module syft - version - attribute - follow - install - try - virtualworker - modulenotfounderror - use - import - torch - syft attribute - install syft - websocket,0.9674658410346009,False
69,60866002,pysyft client server,"pysyft client server   this question regard project federate learning use pysyft library , knowledge websocket help since pysyft use websocket server client interaction .    to start off , issue regard server client interaction . create dashboard launch pysyft server pysyft client connect aforementioned server . however , scenario want client disconnect server time time ( manual disconnection ) perform change model parameter .    my solution perform close ( ) pysyft websocketClientWorker call shutdown ( ) function websocket object . which , presume , close connection client server . whatever change model parameter do . recreate pysyft websocketClientWorker object perform model training again . however , faced issue :   websocket._exception . websocketconnectionclosedexception : socket already close .   exception throw ( despite successful connection server ) iteration dataloader .    perhaps there s well way go scenario , miss certain fundamental understanding websocket . help appreciate . thank :)","pysyft client and server    this question be with regard to my project on federate learning use the pysyft library , but those with the knowledge of websocket can help too since pysyft use websocket for the server and client interaction . 
   to start off , I have an issue regard server and client interaction . I have create a dashboard to launch a pysyft server and a pysyft client which connect to the aforementioned server . however , I have a scenario where I want to have the client disconnect from the server from time to time ( manual disconnection ) so as to perform change in model parameter . 
   my solution be to perform a close ( ) on the pysyft websocketclientworker which call the shutdown ( ) function on the websocket object . do which , I presume , will close the connection between the client and the server . after whatever change to the model parameter have be do . I will recreate the pysyft websocketClientWorker object again and perform the model training all over again . however , I be face with the issue of :    websocket._exception . websocketconnectionclosedexception : socket be already close .    this exception be be throw ( despite the successful connection to the server ) during the iteration of the dataloader . 
   perhaps there s a well way to go about this scenario , or be I miss certain fundamental understanding of websocket . any help will be appreciate . thank you :) 
","pysyft client and server    this question be with regard to my project on federate learning use the pysyft library , but those with the knowledge of websocket can help too since pysyft use websocket for the server and client interaction . 
   to start off , I have an issue regard server and client interaction . I have create a dashboard to launch a pysyft server and a pysyft client which connect to the aforementioned server . however , I have a scenario where I want to have the client disconnect from the server from time to time ( manual disconnection ) so as to perform change in model parameter . 
   my solution be to perform a close ( ) on the pysyft websocketclientworker which call the shutdown ( ) function on the websocket object . do which , I presume , will close the connection between the client and the server . after whatever change to the model parameter have be do . I will recreate the pysyft websocketClientWorker object again and perform the model training all over again . however , I be face with the issue of :    websocket._exception . websocketconnectionclosedexception : socket be already close .    this exception be be throw ( despite the successful connection to the server ) during the iteration of the dataloader . 
   perhaps there s a well way to go about this scenario , or be I miss certain fundamental understanding of websocket . any help will be appreciate . thank you :) 
",5,5_syft_pysyft_error_hook,"['syft', 'pysyft', 'error', 'hook', 'module', 'attributeerror', 'module syft', 'version', 'attribute', 'follow', 'install', 'try', 'virtualworker', 'modulenotfounderror', 'use', 'import', 'torch', 'syft attribute', 'install syft', 'websocket']","['error : could not find a version that satisfy the requirement torchvision~=0.5.0 ( from syft )    last week iam work with syft==0.2.9 and it be work great ! \n  but this week when I try to install syft==0.2.9 I have this error \n  "" error : could not find a version that satisfy the requirement torchvision~=0.5.0 ( from syft ) ( from version : 0.1.6 , 0.1.7 , 0.1.8 , 0.1.9 , 0.2.0 , 0.2.1 , 0.2.2 , 0.2.2.post2 , 0.2.2.post3 , 0.8.2 , 0.9.0 , 0.9.1 , 0.10.0 , 0.10.1 , 0.11.0 , 0.11.1 , 0.11.2 , 0.11.3 , 0.12.0 , 0.13.0 , 0.13.1 , 0.14.0 , 0.14.1 ) \n  error : no matching distribution find for torchvision~=0.5.0 "" \n   then when import the syft library it be undefine \n   I need to work with TorchHook in federate learning by PyTorch \n   I use Google Colab .. also I try my code in Jypter and kaggle , all show the same error \n \n \n', 'ModuleNotFoundError : no module name syft ( PySyft )    I install Pysyft use this : \n \n \n \n   and yet when I try to import the library  \n \n   its show I this error : \n \n   ModuleNotFoundError                         Traceback ( most recent call last ) \n     in \n          1 import numpy as np \n    ---- > 2 from syft.frameworks.torch.differential_privacy import pate \n \n   ModuleNotFoundError : no module name syft \n \n \n', 'I be face AttributeError : module syft have no attribute VirtualWorker for # Create VirtualWorkers hook = syft . VirtualWorker(hook , i d = hook )     I be face "" AttributeError : module syft have no attribute VirtualWorker "" for "" # create VirtualWorkers hook = syft . VirtualWorker(hook , id=""hook "" ) "" \n   create VirtualWorkers \n   hook = syft . VirtualWorker(hook , id=""hook "" ) \n  your text alice = syft . VirtualWorker(hook , id=""alice "" ` \n   I first try use \n   create a PySyft hook \n   hook = syft . torchhook(torch ) ` \n   create virtual worker \n   bob = syft . VirtualWorker(hook , id=""bob "" ) \n  your text but it be depricate so I use this approach ` \n']",syft - pysyft - error - hook - module - attributeerror - module syft - version - attribute - follow - install - try - virtualworker - modulenotfounderror - use - import - torch - syft attribute - install syft - websocket,0.9563865936383787,False
100,61850455,"could find version satisfie requirement torch~=1.4.0 ( from syft ) ( from version : 0.1.2 , 0.1.2.post1 , 0.1.2.post2 )","could find version satisfie requirement torch~=1.4.0 ( from syft ) ( from version : 0.1.2 , 0.1.2.post1 , 0.1.2.post2 )   I get error instal   syft   package Anaconda command . follow link exactly be ,     follow command use :       some link suggest update Pytorch version . 1.5.0+cpu version already update do not help . also try use    without create conda environment , do not solve problem either . go stackoverflow link explain similar error , do not help either :     any advice ? thank advance","could not find a version that satisfy the requirement torch~=1.4.0 ( from syft ) ( from version : 0.1.2 , 0.1.2.post1 , 0.1.2.post2 )    I get the above error while instal    syft    package through Anaconda command . I follow the below link exactly as be , 
 
   follow command be use :  
 
   some of the link suggest to update the Pytorch version . I have 1.5.0+cpu version already and update do not help . I also try use     without create a conda environment , that do not solve the problem either . 
  I go through the below stackoverflow link too which explain similar error , but it do not help either : 
 
   any advice ? thank in advance 
","could not find a version that satisfy the requirement torch~=1.4.0 ( from syft ) ( from version : 0.1.2 , 0.1.2.post1 , 0.1.2.post2 )    I get the above error while instal    syft    package through Anaconda command . I follow the below link exactly as be , 
 
   follow command be use :  
 
   some of the link suggest to update the Pytorch version . I have 1.5.0+cpu version already and update do not help . I also try use     without create a conda environment , that do not solve the problem either . 
  I go through the below stackoverflow link too which explain similar error , but it do not help either : 
 
   any advice ? thank in advance 
",5,5_syft_pysyft_error_hook,"['syft', 'pysyft', 'error', 'hook', 'module', 'attributeerror', 'module syft', 'version', 'attribute', 'follow', 'install', 'try', 'virtualworker', 'modulenotfounderror', 'use', 'import', 'torch', 'syft attribute', 'install syft', 'websocket']","['error : could not find a version that satisfy the requirement torchvision~=0.5.0 ( from syft )    last week iam work with syft==0.2.9 and it be work great ! \n  but this week when I try to install syft==0.2.9 I have this error \n  "" error : could not find a version that satisfy the requirement torchvision~=0.5.0 ( from syft ) ( from version : 0.1.6 , 0.1.7 , 0.1.8 , 0.1.9 , 0.2.0 , 0.2.1 , 0.2.2 , 0.2.2.post2 , 0.2.2.post3 , 0.8.2 , 0.9.0 , 0.9.1 , 0.10.0 , 0.10.1 , 0.11.0 , 0.11.1 , 0.11.2 , 0.11.3 , 0.12.0 , 0.13.0 , 0.13.1 , 0.14.0 , 0.14.1 ) \n  error : no matching distribution find for torchvision~=0.5.0 "" \n   then when import the syft library it be undefine \n   I need to work with TorchHook in federate learning by PyTorch \n   I use Google Colab .. also I try my code in Jypter and kaggle , all show the same error \n \n \n', 'ModuleNotFoundError : no module name syft ( PySyft )    I install Pysyft use this : \n \n \n \n   and yet when I try to import the library  \n \n   its show I this error : \n \n   ModuleNotFoundError                         Traceback ( most recent call last ) \n     in \n          1 import numpy as np \n    ---- > 2 from syft.frameworks.torch.differential_privacy import pate \n \n   ModuleNotFoundError : no module name syft \n \n \n', 'I be face AttributeError : module syft have no attribute VirtualWorker for # Create VirtualWorkers hook = syft . VirtualWorker(hook , i d = hook )     I be face "" AttributeError : module syft have no attribute VirtualWorker "" for "" # create VirtualWorkers hook = syft . VirtualWorker(hook , id=""hook "" ) "" \n   create VirtualWorkers \n   hook = syft . VirtualWorker(hook , id=""hook "" ) \n  your text alice = syft . VirtualWorker(hook , id=""alice "" ` \n   I first try use \n   create a PySyft hook \n   hook = syft . torchhook(torch ) ` \n   create virtual worker \n   bob = syft . VirtualWorker(hook , id=""bob "" ) \n  your text but it be depricate so I use this approach ` \n']",syft - pysyft - error - hook - module - attributeerror - module syft - version - attribute - follow - install - try - virtualworker - modulenotfounderror - use - import - torch - syft attribute - install syft - websocket,1.0,False
135,63469539,"download pip whl , change version dependency build whl file install pip ?","download pip whl , change version dependency build whl file install pip ?   I want install PySyft via pip Jetson TX2 . unfortunately , big problem dependencie Jetson TX2 . example , want change dependency torch==1.4.0 torch>=1.4.0 torch==1.6.0 can not install another torch version Jetson .    I already try follow :      and get syft-0.2.3a1-py3-none-any.whl unzip read dependency via METADATA . change describe build * .whl install use pip afterwards ?","how can I download a pip whl , change the version of dependency and build a whl file again to install it with pip ?    I want to install PySyft via pip on a Jetson tx2 . 
  unfortunately , I have a big problem with the dependency here and the Jetson tx2 . as an example , I want to change the dependency torch==1.4.0 to torch>=1.4.0 or torch==1.6.0 because I can not install another torch version for the Jetson . 
   I have already try the follow : 
 
   and get a syft-0.2.3a1-py3-none-any.whl which I can unzip and read out the dependency via the METADATA . 
  can I change it now as describe above and build a * .whl again to install it use pip afterwards ? 
","how can I download a pip whl , change the version of dependency and build a whl file again to install it with pip ?    I want to install PySyft via pip on a Jetson tx2 . 
  unfortunately , I have a big problem with the dependency here and the Jetson tx2 . as an example , I want to change the dependency torch==1.4.0 to torch>=1.4.0 or torch==1.6.0 because I can not install another torch version for the Jetson . 
   I have already try the follow : 
 
   and get a syft-0.2.3a1-py3-none-any.whl which I can unzip and read out the dependency via the METADATA . 
  can I change it now as describe above and build a * .whl again to install it use pip afterwards ? 
",5,5_syft_pysyft_error_hook,"['syft', 'pysyft', 'error', 'hook', 'module', 'attributeerror', 'module syft', 'version', 'attribute', 'follow', 'install', 'try', 'virtualworker', 'modulenotfounderror', 'use', 'import', 'torch', 'syft attribute', 'install syft', 'websocket']","['error : could not find a version that satisfy the requirement torchvision~=0.5.0 ( from syft )    last week iam work with syft==0.2.9 and it be work great ! \n  but this week when I try to install syft==0.2.9 I have this error \n  "" error : could not find a version that satisfy the requirement torchvision~=0.5.0 ( from syft ) ( from version : 0.1.6 , 0.1.7 , 0.1.8 , 0.1.9 , 0.2.0 , 0.2.1 , 0.2.2 , 0.2.2.post2 , 0.2.2.post3 , 0.8.2 , 0.9.0 , 0.9.1 , 0.10.0 , 0.10.1 , 0.11.0 , 0.11.1 , 0.11.2 , 0.11.3 , 0.12.0 , 0.13.0 , 0.13.1 , 0.14.0 , 0.14.1 ) \n  error : no matching distribution find for torchvision~=0.5.0 "" \n   then when import the syft library it be undefine \n   I need to work with TorchHook in federate learning by PyTorch \n   I use Google Colab .. also I try my code in Jypter and kaggle , all show the same error \n \n \n', 'ModuleNotFoundError : no module name syft ( PySyft )    I install Pysyft use this : \n \n \n \n   and yet when I try to import the library  \n \n   its show I this error : \n \n   ModuleNotFoundError                         Traceback ( most recent call last ) \n     in \n          1 import numpy as np \n    ---- > 2 from syft.frameworks.torch.differential_privacy import pate \n \n   ModuleNotFoundError : no module name syft \n \n \n', 'I be face AttributeError : module syft have no attribute VirtualWorker for # Create VirtualWorkers hook = syft . VirtualWorker(hook , i d = hook )     I be face "" AttributeError : module syft have no attribute VirtualWorker "" for "" # create VirtualWorkers hook = syft . VirtualWorker(hook , id=""hook "" ) "" \n   create VirtualWorkers \n   hook = syft . VirtualWorker(hook , id=""hook "" ) \n  your text alice = syft . VirtualWorker(hook , id=""alice "" ` \n   I first try use \n   create a PySyft hook \n   hook = syft . torchhook(torch ) ` \n   create virtual worker \n   bob = syft . VirtualWorker(hook , id=""bob "" ) \n  your text but it be depricate so I use this approach ` \n']",syft - pysyft - error - hook - module - attributeerror - module syft - version - attribute - follow - install - try - virtualworker - modulenotfounderror - use - import - torch - syft attribute - install syft - websocket,1.0,False
139,63589819,AttributeError : websocketserverworker object attribute add_dataset,"AttributeError : websocketserverworker object attribute add_dataset   when use pysyft Federated Learning task , error :    AttributeError : websocketserverworker object attribute add_dataset      the error :      I know solve :(","AttributeError : websocketserverworker object have no attribute add_dataset    when I use pysyft to do some Federated Learning task , there be an error : 
   AttributeError : websocketserverworker object have no attribute add_dataset 
 
   the error : 
 
   I do not know how to solve it :( 
","AttributeError : websocketserverworker object have no attribute add_dataset    when I use pysyft to do some Federated Learning task , there be an error : 
   AttributeError : websocketserverworker object have no attribute add_dataset 
 
   the error : 
 
   I do not know how to solve it :( 
",5,5_syft_pysyft_error_hook,"['syft', 'pysyft', 'error', 'hook', 'module', 'attributeerror', 'module syft', 'version', 'attribute', 'follow', 'install', 'try', 'virtualworker', 'modulenotfounderror', 'use', 'import', 'torch', 'syft attribute', 'install syft', 'websocket']","['error : could not find a version that satisfy the requirement torchvision~=0.5.0 ( from syft )    last week iam work with syft==0.2.9 and it be work great ! \n  but this week when I try to install syft==0.2.9 I have this error \n  "" error : could not find a version that satisfy the requirement torchvision~=0.5.0 ( from syft ) ( from version : 0.1.6 , 0.1.7 , 0.1.8 , 0.1.9 , 0.2.0 , 0.2.1 , 0.2.2 , 0.2.2.post2 , 0.2.2.post3 , 0.8.2 , 0.9.0 , 0.9.1 , 0.10.0 , 0.10.1 , 0.11.0 , 0.11.1 , 0.11.2 , 0.11.3 , 0.12.0 , 0.13.0 , 0.13.1 , 0.14.0 , 0.14.1 ) \n  error : no matching distribution find for torchvision~=0.5.0 "" \n   then when import the syft library it be undefine \n   I need to work with TorchHook in federate learning by PyTorch \n   I use Google Colab .. also I try my code in Jypter and kaggle , all show the same error \n \n \n', 'ModuleNotFoundError : no module name syft ( PySyft )    I install Pysyft use this : \n \n \n \n   and yet when I try to import the library  \n \n   its show I this error : \n \n   ModuleNotFoundError                         Traceback ( most recent call last ) \n     in \n          1 import numpy as np \n    ---- > 2 from syft.frameworks.torch.differential_privacy import pate \n \n   ModuleNotFoundError : no module name syft \n \n \n', 'I be face AttributeError : module syft have no attribute VirtualWorker for # Create VirtualWorkers hook = syft . VirtualWorker(hook , i d = hook )     I be face "" AttributeError : module syft have no attribute VirtualWorker "" for "" # create VirtualWorkers hook = syft . VirtualWorker(hook , id=""hook "" ) "" \n   create VirtualWorkers \n   hook = syft . VirtualWorker(hook , id=""hook "" ) \n  your text alice = syft . VirtualWorker(hook , id=""alice "" ` \n   I first try use \n   create a PySyft hook \n   hook = syft . torchhook(torch ) ` \n   create virtual worker \n   bob = syft . VirtualWorker(hook , id=""bob "" ) \n  your text but it be depricate so I use this approach ` \n']",syft - pysyft - error - hook - module - attributeerror - module syft - version - attribute - follow - install - try - virtualworker - modulenotfounderror - use - import - torch - syft attribute - install syft - websocket,1.0,False
216,66483639,AttributeError : module syft attribute TorchHook,AttributeError : module syft attribute TorchHook   please seek help expert : use pysyft library python getting error ( AttributeError : module syft attribute TorchHook )    here code screenshot [ 1 ] :     my environment : Spyder ( Python IDE ) Ubuntu 20.04 python3,"AttributeError : module syft have no attribute torchhook    please seek help from expert : when I be use pysyft library in python I be get this error      ( 
  AttributeError : module syft have no attribute TorchHook ) 
   here be my code screenshot 
  [ 1 ] :  
   my environment : 
  Spyder ( Python IDE ) 
  Ubuntu 20.04 
  python3 
","AttributeError : module syft have no attribute torchhook    please seek help from expert : when I be use pysyft library in python I be get this error      ( 
  AttributeError : module syft have no attribute TorchHook ) 
   here be my code screenshot 
  [ 1 ] :  
   my environment : 
  Spyder ( Python IDE ) 
  Ubuntu 20.04 
  python3 
",5,5_syft_pysyft_error_hook,"['syft', 'pysyft', 'error', 'hook', 'module', 'attributeerror', 'module syft', 'version', 'attribute', 'follow', 'install', 'try', 'virtualworker', 'modulenotfounderror', 'use', 'import', 'torch', 'syft attribute', 'install syft', 'websocket']","['error : could not find a version that satisfy the requirement torchvision~=0.5.0 ( from syft )    last week iam work with syft==0.2.9 and it be work great ! \n  but this week when I try to install syft==0.2.9 I have this error \n  "" error : could not find a version that satisfy the requirement torchvision~=0.5.0 ( from syft ) ( from version : 0.1.6 , 0.1.7 , 0.1.8 , 0.1.9 , 0.2.0 , 0.2.1 , 0.2.2 , 0.2.2.post2 , 0.2.2.post3 , 0.8.2 , 0.9.0 , 0.9.1 , 0.10.0 , 0.10.1 , 0.11.0 , 0.11.1 , 0.11.2 , 0.11.3 , 0.12.0 , 0.13.0 , 0.13.1 , 0.14.0 , 0.14.1 ) \n  error : no matching distribution find for torchvision~=0.5.0 "" \n   then when import the syft library it be undefine \n   I need to work with TorchHook in federate learning by PyTorch \n   I use Google Colab .. also I try my code in Jypter and kaggle , all show the same error \n \n \n', 'ModuleNotFoundError : no module name syft ( PySyft )    I install Pysyft use this : \n \n \n \n   and yet when I try to import the library  \n \n   its show I this error : \n \n   ModuleNotFoundError                         Traceback ( most recent call last ) \n     in \n          1 import numpy as np \n    ---- > 2 from syft.frameworks.torch.differential_privacy import pate \n \n   ModuleNotFoundError : no module name syft \n \n \n', 'I be face AttributeError : module syft have no attribute VirtualWorker for # Create VirtualWorkers hook = syft . VirtualWorker(hook , i d = hook )     I be face "" AttributeError : module syft have no attribute VirtualWorker "" for "" # create VirtualWorkers hook = syft . VirtualWorker(hook , id=""hook "" ) "" \n   create VirtualWorkers \n   hook = syft . VirtualWorker(hook , id=""hook "" ) \n  your text alice = syft . VirtualWorker(hook , id=""alice "" ` \n   I first try use \n   create a PySyft hook \n   hook = syft . torchhook(torch ) ` \n   create virtual worker \n   bob = syft . VirtualWorker(hook , id=""bob "" ) \n  your text but it be depricate so I use this approach ` \n']",syft - pysyft - error - hook - module - attributeerror - module syft - version - attribute - follow - install - try - virtualworker - modulenotfounderror - use - import - torch - syft attribute - install syft - websocket,1.0,False
222,66680070,AttributeError : type object Tensor attribute fft,"AttributeError : type object Tensor attribute fft   when   , follow error occur :      I follow   instal syft . try    Ubuntu 18.04 Google Colab environment . error .    the full error info Google Colab follow ,      do anyone know resolve issue ? thank .","attributeerror : type object Tensor have no attribute fft    when I    , the follow error occur : 
 
   I follow the    instal syft . 
  I try     on both Ubuntu 18.04 and Google Colab environment . both have the same error . 
   the full error info on Google Colab be as follow , 
 
   do anyone know how to resolve this issue ? thank . 
","attributeerror : type object Tensor have no attribute fft    when I    , the follow error occur : 
 
   I follow the    instal syft . 
  I try     on both Ubuntu 18.04 and Google Colab environment . both have the same error . 
   the full error info on Google Colab be as follow , 
 
   do anyone know how to resolve this issue ? thank . 
",5,5_syft_pysyft_error_hook,"['syft', 'pysyft', 'error', 'hook', 'module', 'attributeerror', 'module syft', 'version', 'attribute', 'follow', 'install', 'try', 'virtualworker', 'modulenotfounderror', 'use', 'import', 'torch', 'syft attribute', 'install syft', 'websocket']","['error : could not find a version that satisfy the requirement torchvision~=0.5.0 ( from syft )    last week iam work with syft==0.2.9 and it be work great ! \n  but this week when I try to install syft==0.2.9 I have this error \n  "" error : could not find a version that satisfy the requirement torchvision~=0.5.0 ( from syft ) ( from version : 0.1.6 , 0.1.7 , 0.1.8 , 0.1.9 , 0.2.0 , 0.2.1 , 0.2.2 , 0.2.2.post2 , 0.2.2.post3 , 0.8.2 , 0.9.0 , 0.9.1 , 0.10.0 , 0.10.1 , 0.11.0 , 0.11.1 , 0.11.2 , 0.11.3 , 0.12.0 , 0.13.0 , 0.13.1 , 0.14.0 , 0.14.1 ) \n  error : no matching distribution find for torchvision~=0.5.0 "" \n   then when import the syft library it be undefine \n   I need to work with TorchHook in federate learning by PyTorch \n   I use Google Colab .. also I try my code in Jypter and kaggle , all show the same error \n \n \n', 'ModuleNotFoundError : no module name syft ( PySyft )    I install Pysyft use this : \n \n \n \n   and yet when I try to import the library  \n \n   its show I this error : \n \n   ModuleNotFoundError                         Traceback ( most recent call last ) \n     in \n          1 import numpy as np \n    ---- > 2 from syft.frameworks.torch.differential_privacy import pate \n \n   ModuleNotFoundError : no module name syft \n \n \n', 'I be face AttributeError : module syft have no attribute VirtualWorker for # Create VirtualWorkers hook = syft . VirtualWorker(hook , i d = hook )     I be face "" AttributeError : module syft have no attribute VirtualWorker "" for "" # create VirtualWorkers hook = syft . VirtualWorker(hook , id=""hook "" ) "" \n   create VirtualWorkers \n   hook = syft . VirtualWorker(hook , id=""hook "" ) \n  your text alice = syft . VirtualWorker(hook , id=""alice "" ` \n   I first try use \n   create a PySyft hook \n   hook = syft . torchhook(torch ) ` \n   create virtual worker \n   bob = syft . VirtualWorker(hook , id=""bob "" ) \n  your text but it be depricate so I use this approach ` \n']",syft - pysyft - error - hook - module - attributeerror - module syft - version - attribute - follow - install - try - virtualworker - modulenotfounderror - use - import - torch - syft attribute - install syft - websocket,1.0,False
248,68000518,PySyft Jupyter notebook Python script,"PySyft Jupyter notebook Python script   I try follow instruction PySyft order launch .    my actual problem execute follow command .py file      τhis demo reproduce mistake    firstly "" Data Owner ""      with follow output      and secondly "" Data Scientist ""      with follow output      the "" its execute "" never print program finish execution .","pysyft from Jupyter notebook to Python script    I be try to follow the instruction of PySyft in order to launch a 
  . 
   my actual problem be that I can not execute the follow command in a .py file 
 
   τhis be a demo to reproduce the mistake 
   firstly "" Data Owner "" 
 
   with the follow output 
 
   and secondly "" Data Scientist "" 
 
   with the follow output 
 
   the "" its execute "" be never print and the program do not finish its execution . 
","pysyft from Jupyter notebook to Python script    I be try to follow the instruction of PySyft in order to launch a 
  . 
   my actual problem be that I can not execute the follow command in a .py file 
 
   τhis be a demo to reproduce the mistake 
   firstly "" Data Owner "" 
 
   with the follow output 
 
   and secondly "" Data Scientist "" 
 
   with the follow output 
 
   the "" its execute "" be never print and the program do not finish its execution . 
",5,5_syft_pysyft_error_hook,"['syft', 'pysyft', 'error', 'hook', 'module', 'attributeerror', 'module syft', 'version', 'attribute', 'follow', 'install', 'try', 'virtualworker', 'modulenotfounderror', 'use', 'import', 'torch', 'syft attribute', 'install syft', 'websocket']","['error : could not find a version that satisfy the requirement torchvision~=0.5.0 ( from syft )    last week iam work with syft==0.2.9 and it be work great ! \n  but this week when I try to install syft==0.2.9 I have this error \n  "" error : could not find a version that satisfy the requirement torchvision~=0.5.0 ( from syft ) ( from version : 0.1.6 , 0.1.7 , 0.1.8 , 0.1.9 , 0.2.0 , 0.2.1 , 0.2.2 , 0.2.2.post2 , 0.2.2.post3 , 0.8.2 , 0.9.0 , 0.9.1 , 0.10.0 , 0.10.1 , 0.11.0 , 0.11.1 , 0.11.2 , 0.11.3 , 0.12.0 , 0.13.0 , 0.13.1 , 0.14.0 , 0.14.1 ) \n  error : no matching distribution find for torchvision~=0.5.0 "" \n   then when import the syft library it be undefine \n   I need to work with TorchHook in federate learning by PyTorch \n   I use Google Colab .. also I try my code in Jypter and kaggle , all show the same error \n \n \n', 'ModuleNotFoundError : no module name syft ( PySyft )    I install Pysyft use this : \n \n \n \n   and yet when I try to import the library  \n \n   its show I this error : \n \n   ModuleNotFoundError                         Traceback ( most recent call last ) \n     in \n          1 import numpy as np \n    ---- > 2 from syft.frameworks.torch.differential_privacy import pate \n \n   ModuleNotFoundError : no module name syft \n \n \n', 'I be face AttributeError : module syft have no attribute VirtualWorker for # Create VirtualWorkers hook = syft . VirtualWorker(hook , i d = hook )     I be face "" AttributeError : module syft have no attribute VirtualWorker "" for "" # create VirtualWorkers hook = syft . VirtualWorker(hook , id=""hook "" ) "" \n   create VirtualWorkers \n   hook = syft . VirtualWorker(hook , id=""hook "" ) \n  your text alice = syft . VirtualWorker(hook , id=""alice "" ` \n   I first try use \n   create a PySyft hook \n   hook = syft . torchhook(torch ) ` \n   create virtual worker \n   bob = syft . VirtualWorker(hook , id=""bob "" ) \n  your text but it be depricate so I use this approach ` \n']",syft - pysyft - error - hook - module - attributeerror - module syft - version - attribute - follow - install - try - virtualworker - modulenotfounderror - use - import - torch - syft attribute - install syft - websocket,1.0,False
251,68233576,PySyft AttributeError : DataFrame object attribute federate reading datum csv,"PySyft AttributeError : DataFrame object attribute federate reading datum csv   I try implement pysyft code federate leare csv datum . tutorial follow   use torch library fmnist datum iamge . difficulty customize code csv data .    this error get      File "" C:/user / python / PCA / federated_learning.py "" , line 175 , train_loader = sy . federateddataloader(train_set , transform = data_transformer.federate(worker ) , train = true , batch_size = args.batch_size , shuffle = true , * * kwarg ) AttributeError : compose object attribute federate    ","PySyft AttributeError : DataFrame object have no attribute federate while read datum from csv    I be try to implement that pysyft code for federated learing for my csv datum . the tutorial I be follow be this     they use torch library FMNIST datum which be iamge . I be have difficulty in customize this code for my csv datum . 
   this be error I be get 
 
   File "" C:/user / python / pca / federated_learning.py "" , line 175 , in 
  train_load = sy . federateddataloader(train_set , transform = data_transformer.federate(worker ) , train = true , 
  batch_size = args.batch_size , shuffle = true ,    * * kwarg ) AttributeError : 
  compose object have no attribute federate 
 
 
","PySyft AttributeError : DataFrame object have no attribute federate while read datum from csv    I be try to implement that pysyft code for federated learing for my csv datum . the tutorial I be follow be this     they use torch library FMNIST datum which be iamge . I be have difficulty in customize this code for my csv datum . 
   this be error I be get 
 
   File "" C:/user / python / pca / federated_learning.py "" , line 175 , in 
  train_load = sy . federateddataloader(train_set , transform = data_transformer.federate(worker ) , train = true , 
  batch_size = args.batch_size , shuffle = true ,    * * kwarg ) AttributeError : 
  compose object have no attribute federate 
 
 
",5,5_syft_pysyft_error_hook,"['syft', 'pysyft', 'error', 'hook', 'module', 'attributeerror', 'module syft', 'version', 'attribute', 'follow', 'install', 'try', 'virtualworker', 'modulenotfounderror', 'use', 'import', 'torch', 'syft attribute', 'install syft', 'websocket']","['error : could not find a version that satisfy the requirement torchvision~=0.5.0 ( from syft )    last week iam work with syft==0.2.9 and it be work great ! \n  but this week when I try to install syft==0.2.9 I have this error \n  "" error : could not find a version that satisfy the requirement torchvision~=0.5.0 ( from syft ) ( from version : 0.1.6 , 0.1.7 , 0.1.8 , 0.1.9 , 0.2.0 , 0.2.1 , 0.2.2 , 0.2.2.post2 , 0.2.2.post3 , 0.8.2 , 0.9.0 , 0.9.1 , 0.10.0 , 0.10.1 , 0.11.0 , 0.11.1 , 0.11.2 , 0.11.3 , 0.12.0 , 0.13.0 , 0.13.1 , 0.14.0 , 0.14.1 ) \n  error : no matching distribution find for torchvision~=0.5.0 "" \n   then when import the syft library it be undefine \n   I need to work with TorchHook in federate learning by PyTorch \n   I use Google Colab .. also I try my code in Jypter and kaggle , all show the same error \n \n \n', 'ModuleNotFoundError : no module name syft ( PySyft )    I install Pysyft use this : \n \n \n \n   and yet when I try to import the library  \n \n   its show I this error : \n \n   ModuleNotFoundError                         Traceback ( most recent call last ) \n     in \n          1 import numpy as np \n    ---- > 2 from syft.frameworks.torch.differential_privacy import pate \n \n   ModuleNotFoundError : no module name syft \n \n \n', 'I be face AttributeError : module syft have no attribute VirtualWorker for # Create VirtualWorkers hook = syft . VirtualWorker(hook , i d = hook )     I be face "" AttributeError : module syft have no attribute VirtualWorker "" for "" # create VirtualWorkers hook = syft . VirtualWorker(hook , id=""hook "" ) "" \n   create VirtualWorkers \n   hook = syft . VirtualWorker(hook , id=""hook "" ) \n  your text alice = syft . VirtualWorker(hook , id=""alice "" ` \n   I first try use \n   create a PySyft hook \n   hook = syft . torchhook(torch ) ` \n   create virtual worker \n   bob = syft . VirtualWorker(hook , id=""bob "" ) \n  your text but it be depricate so I use this approach ` \n']",syft - pysyft - error - hook - module - attributeerror - module syft - version - attribute - follow - install - try - virtualworker - modulenotfounderror - use - import - torch - syft attribute - install syft - websocket,0.8850774671144311,False
267,69227271,importerror : DLL load fail import lib import syft vscode,importerror : DLL load fail import lib import syft vscode   I create new environment ( my_syft env ) conda python 3.9.7 install syft 0.5.0 .    then check installation module seem installation pass correctly      then try run check module VScode choose current environment C:\Users\tamir\anaconda3\envs\my_syft_env\python.exe      but get en error      I do not know error .,"importerror : DLL load fail while import lib with import syft in vscode    I create a new environment ( my_syft env ) with conda and python 3.9.7 and install syft 0.5.0 . 
   then I check the installation of my module and its seem that the installation pass correctly 
 
   then in try to run and check my module in VScode and choose the current environment    C:\Users\tamir\anaconda3\envs\my_syft_env\python.exe 
 
   but get en error 
 
   I do not know why there be an error . 
","importerror : DLL load fail while import lib with import syft in vscode    I create a new environment ( my_syft env ) with conda and python 3.9.7 and install syft 0.5.0 . 
   then I check the installation of my module and its seem that the installation pass correctly 
 
   then in try to run and check my module in VScode and choose the current environment    C:\Users\tamir\anaconda3\envs\my_syft_env\python.exe 
 
   but get en error 
 
   I do not know why there be an error . 
",5,5_syft_pysyft_error_hook,"['syft', 'pysyft', 'error', 'hook', 'module', 'attributeerror', 'module syft', 'version', 'attribute', 'follow', 'install', 'try', 'virtualworker', 'modulenotfounderror', 'use', 'import', 'torch', 'syft attribute', 'install syft', 'websocket']","['error : could not find a version that satisfy the requirement torchvision~=0.5.0 ( from syft )    last week iam work with syft==0.2.9 and it be work great ! \n  but this week when I try to install syft==0.2.9 I have this error \n  "" error : could not find a version that satisfy the requirement torchvision~=0.5.0 ( from syft ) ( from version : 0.1.6 , 0.1.7 , 0.1.8 , 0.1.9 , 0.2.0 , 0.2.1 , 0.2.2 , 0.2.2.post2 , 0.2.2.post3 , 0.8.2 , 0.9.0 , 0.9.1 , 0.10.0 , 0.10.1 , 0.11.0 , 0.11.1 , 0.11.2 , 0.11.3 , 0.12.0 , 0.13.0 , 0.13.1 , 0.14.0 , 0.14.1 ) \n  error : no matching distribution find for torchvision~=0.5.0 "" \n   then when import the syft library it be undefine \n   I need to work with TorchHook in federate learning by PyTorch \n   I use Google Colab .. also I try my code in Jypter and kaggle , all show the same error \n \n \n', 'ModuleNotFoundError : no module name syft ( PySyft )    I install Pysyft use this : \n \n \n \n   and yet when I try to import the library  \n \n   its show I this error : \n \n   ModuleNotFoundError                         Traceback ( most recent call last ) \n     in \n          1 import numpy as np \n    ---- > 2 from syft.frameworks.torch.differential_privacy import pate \n \n   ModuleNotFoundError : no module name syft \n \n \n', 'I be face AttributeError : module syft have no attribute VirtualWorker for # Create VirtualWorkers hook = syft . VirtualWorker(hook , i d = hook )     I be face "" AttributeError : module syft have no attribute VirtualWorker "" for "" # create VirtualWorkers hook = syft . VirtualWorker(hook , id=""hook "" ) "" \n   create VirtualWorkers \n   hook = syft . VirtualWorker(hook , id=""hook "" ) \n  your text alice = syft . VirtualWorker(hook , id=""alice "" ` \n   I first try use \n   create a PySyft hook \n   hook = syft . torchhook(torch ) ` \n   create virtual worker \n   bob = syft . VirtualWorker(hook , id=""bob "" ) \n  your text but it be depricate so I use this approach ` \n']",syft - pysyft - error - hook - module - attributeerror - module syft - version - attribute - follow - install - try - virtualworker - modulenotfounderror - use - import - torch - syft attribute - install syft - websocket,1.0,False
288,69965649,ModuleNotFoundError : module name syft.framework,ModuleNotFoundError : module name syft.framework   I try work example Federated Learning .   instal PySyft package get error .  ,"ModuleNotFoundError : no module name syft.framework    I be try to work on this example of Federated Learning . 

  I have instal the PySyft package but I be get this error . 
 
","ModuleNotFoundError : no module name syft.framework    I be try to work on this example of Federated Learning . 

  I have instal the PySyft package but I be get this error . 
 
",5,5_syft_pysyft_error_hook,"['syft', 'pysyft', 'error', 'hook', 'module', 'attributeerror', 'module syft', 'version', 'attribute', 'follow', 'install', 'try', 'virtualworker', 'modulenotfounderror', 'use', 'import', 'torch', 'syft attribute', 'install syft', 'websocket']","['error : could not find a version that satisfy the requirement torchvision~=0.5.0 ( from syft )    last week iam work with syft==0.2.9 and it be work great ! \n  but this week when I try to install syft==0.2.9 I have this error \n  "" error : could not find a version that satisfy the requirement torchvision~=0.5.0 ( from syft ) ( from version : 0.1.6 , 0.1.7 , 0.1.8 , 0.1.9 , 0.2.0 , 0.2.1 , 0.2.2 , 0.2.2.post2 , 0.2.2.post3 , 0.8.2 , 0.9.0 , 0.9.1 , 0.10.0 , 0.10.1 , 0.11.0 , 0.11.1 , 0.11.2 , 0.11.3 , 0.12.0 , 0.13.0 , 0.13.1 , 0.14.0 , 0.14.1 ) \n  error : no matching distribution find for torchvision~=0.5.0 "" \n   then when import the syft library it be undefine \n   I need to work with TorchHook in federate learning by PyTorch \n   I use Google Colab .. also I try my code in Jypter and kaggle , all show the same error \n \n \n', 'ModuleNotFoundError : no module name syft ( PySyft )    I install Pysyft use this : \n \n \n \n   and yet when I try to import the library  \n \n   its show I this error : \n \n   ModuleNotFoundError                         Traceback ( most recent call last ) \n     in \n          1 import numpy as np \n    ---- > 2 from syft.frameworks.torch.differential_privacy import pate \n \n   ModuleNotFoundError : no module name syft \n \n \n', 'I be face AttributeError : module syft have no attribute VirtualWorker for # Create VirtualWorkers hook = syft . VirtualWorker(hook , i d = hook )     I be face "" AttributeError : module syft have no attribute VirtualWorker "" for "" # create VirtualWorkers hook = syft . VirtualWorker(hook , id=""hook "" ) "" \n   create VirtualWorkers \n   hook = syft . VirtualWorker(hook , id=""hook "" ) \n  your text alice = syft . VirtualWorker(hook , id=""alice "" ` \n   I first try use \n   create a PySyft hook \n   hook = syft . torchhook(torch ) ` \n   create virtual worker \n   bob = syft . VirtualWorker(hook , id=""bob "" ) \n  your text but it be depricate so I use this approach ` \n']",syft - pysyft - error - hook - module - attributeerror - module syft - version - attribute - follow - install - try - virtualworker - modulenotfounderror - use - import - torch - syft attribute - install syft - websocket,1.0,False
399,73456900,AttributeError : module syft attribute FederatedDataLoader,"AttributeError : module syft attribute FederatedDataLoader   I start use    implement federate - learning . follow one tutorial , get stuck error :      Code use :      the tutorial follow use old version    support    deprecate . also , use    instead   . purpose    give tutorial load datum hence , transform   . link . equivalent function instead    load datum new version ?","AttributeError : module syft have no attribute federateddataloader    I have just start use     to implement federate - learning . while follow one of the tutorial , I get stick on an error : 
 
   code which I have use : 
 
   the tutorial which I be follow use an old version of     so the support for     have be deprecate . also , I have to use     instead of    . the purpose of     as give in the tutorial be to load datum and hence , transform it to    . this be the link for the . be there any equivalent function instead of     to load datum in the new version ? 
","AttributeError : module syft have no attribute federateddataloader    I have just start use     to implement federate - learning . while follow one of the tutorial , I get stick on an error : 
 
   code which I have use : 
 
   the tutorial which I be follow use an old version of     so the support for     have be deprecate . also , I have to use     instead of    . the purpose of     as give in the tutorial be to load datum and hence , transform it to    . this be the link for the . be there any equivalent function instead of     to load datum in the new version ? 
",5,5_syft_pysyft_error_hook,"['syft', 'pysyft', 'error', 'hook', 'module', 'attributeerror', 'module syft', 'version', 'attribute', 'follow', 'install', 'try', 'virtualworker', 'modulenotfounderror', 'use', 'import', 'torch', 'syft attribute', 'install syft', 'websocket']","['error : could not find a version that satisfy the requirement torchvision~=0.5.0 ( from syft )    last week iam work with syft==0.2.9 and it be work great ! \n  but this week when I try to install syft==0.2.9 I have this error \n  "" error : could not find a version that satisfy the requirement torchvision~=0.5.0 ( from syft ) ( from version : 0.1.6 , 0.1.7 , 0.1.8 , 0.1.9 , 0.2.0 , 0.2.1 , 0.2.2 , 0.2.2.post2 , 0.2.2.post3 , 0.8.2 , 0.9.0 , 0.9.1 , 0.10.0 , 0.10.1 , 0.11.0 , 0.11.1 , 0.11.2 , 0.11.3 , 0.12.0 , 0.13.0 , 0.13.1 , 0.14.0 , 0.14.1 ) \n  error : no matching distribution find for torchvision~=0.5.0 "" \n   then when import the syft library it be undefine \n   I need to work with TorchHook in federate learning by PyTorch \n   I use Google Colab .. also I try my code in Jypter and kaggle , all show the same error \n \n \n', 'ModuleNotFoundError : no module name syft ( PySyft )    I install Pysyft use this : \n \n \n \n   and yet when I try to import the library  \n \n   its show I this error : \n \n   ModuleNotFoundError                         Traceback ( most recent call last ) \n     in \n          1 import numpy as np \n    ---- > 2 from syft.frameworks.torch.differential_privacy import pate \n \n   ModuleNotFoundError : no module name syft \n \n \n', 'I be face AttributeError : module syft have no attribute VirtualWorker for # Create VirtualWorkers hook = syft . VirtualWorker(hook , i d = hook )     I be face "" AttributeError : module syft have no attribute VirtualWorker "" for "" # create VirtualWorkers hook = syft . VirtualWorker(hook , id=""hook "" ) "" \n   create VirtualWorkers \n   hook = syft . VirtualWorker(hook , id=""hook "" ) \n  your text alice = syft . VirtualWorker(hook , id=""alice "" ` \n   I first try use \n   create a PySyft hook \n   hook = syft . torchhook(torch ) ` \n   create virtual worker \n   bob = syft . VirtualWorker(hook , id=""bob "" ) \n  your text but it be depricate so I use this approach ` \n']",syft - pysyft - error - hook - module - attributeerror - module syft - version - attribute - follow - install - try - virtualworker - modulenotfounderror - use - import - torch - syft attribute - install syft - websocket,0.9350342611578215,False
431,75720004,api call pysyft library cause modulenotfounderror ?,"api call pysyft library cause modulenotfounderror ?   I try work federate learning project begin . try import class call "" BaseDataset "" pysyft library show follow .      however follwe error pop up . check documentation any help much appreciate .      P.S. pysyft version 0.7.0      I try import class module . however    error still persist .","why be api call from the pysyft library cause a modulenotfounderror ?    I be try to work on a federated learning project and I be just at the beginning . I try to import a class call "" BaseDataset "" from the pysyft library as show in the following . 
 
   however the follwing error be pop up . I have check the documentation from any help will be much appreciate . 
 
   P.S. I be on pysyft version 0.7.0 
 
   I try to import a class from the module . however a     error be still persist . 
","why be api call from the pysyft library cause a modulenotfounderror ?    I be try to work on a federated learning project and I be just at the beginning . I try to import a class call "" BaseDataset "" from the pysyft library as show in the following . 
 
   however the follwing error be pop up . I have check the documentation from any help will be much appreciate . 
 
   P.S. I be on pysyft version 0.7.0 
 
   I try to import a class from the module . however a     error be still persist . 
",5,5_syft_pysyft_error_hook,"['syft', 'pysyft', 'error', 'hook', 'module', 'attributeerror', 'module syft', 'version', 'attribute', 'follow', 'install', 'try', 'virtualworker', 'modulenotfounderror', 'use', 'import', 'torch', 'syft attribute', 'install syft', 'websocket']","['error : could not find a version that satisfy the requirement torchvision~=0.5.0 ( from syft )    last week iam work with syft==0.2.9 and it be work great ! \n  but this week when I try to install syft==0.2.9 I have this error \n  "" error : could not find a version that satisfy the requirement torchvision~=0.5.0 ( from syft ) ( from version : 0.1.6 , 0.1.7 , 0.1.8 , 0.1.9 , 0.2.0 , 0.2.1 , 0.2.2 , 0.2.2.post2 , 0.2.2.post3 , 0.8.2 , 0.9.0 , 0.9.1 , 0.10.0 , 0.10.1 , 0.11.0 , 0.11.1 , 0.11.2 , 0.11.3 , 0.12.0 , 0.13.0 , 0.13.1 , 0.14.0 , 0.14.1 ) \n  error : no matching distribution find for torchvision~=0.5.0 "" \n   then when import the syft library it be undefine \n   I need to work with TorchHook in federate learning by PyTorch \n   I use Google Colab .. also I try my code in Jypter and kaggle , all show the same error \n \n \n', 'ModuleNotFoundError : no module name syft ( PySyft )    I install Pysyft use this : \n \n \n \n   and yet when I try to import the library  \n \n   its show I this error : \n \n   ModuleNotFoundError                         Traceback ( most recent call last ) \n     in \n          1 import numpy as np \n    ---- > 2 from syft.frameworks.torch.differential_privacy import pate \n \n   ModuleNotFoundError : no module name syft \n \n \n', 'I be face AttributeError : module syft have no attribute VirtualWorker for # Create VirtualWorkers hook = syft . VirtualWorker(hook , i d = hook )     I be face "" AttributeError : module syft have no attribute VirtualWorker "" for "" # create VirtualWorkers hook = syft . VirtualWorker(hook , id=""hook "" ) "" \n   create VirtualWorkers \n   hook = syft . VirtualWorker(hook , id=""hook "" ) \n  your text alice = syft . VirtualWorker(hook , id=""alice "" ` \n   I first try use \n   create a PySyft hook \n   hook = syft . torchhook(torch ) ` \n   create virtual worker \n   bob = syft . VirtualWorker(hook , id=""bob "" ) \n  your text but it be depricate so I use this approach ` \n']",syft - pysyft - error - hook - module - attributeerror - module syft - version - attribute - follow - install - try - virtualworker - modulenotfounderror - use - import - torch - syft attribute - install syft - websocket,1.0,False
432,75721113,error : could find version satisfie requirement torchvision~=0.5.0 ( from syft ),"error : could find version satisfie requirement torchvision~=0.5.0 ( from syft )   last week iam work syft==0.2.9 work great ! week try install syft==0.2.9 error "" ERROR : could find version satisfie requirement torchvision~=0.5.0 ( from syft ) ( from version : 0.1.6 , 0.1.7 , 0.1.8 , 0.1.9 , 0.2.0 , 0.2.1 , 0.2.2 , 0.2.2.post2 , 0.2.2.post3 , 0.8.2 , 0.9.0 , 0.9.1 , 0.10.0 , 0.10.1 , 0.11.0 , 0.11.1 , 0.11.2 , 0.11.3 , 0.12.0 , 0.13.0 , 0.13.1 , 0.14.0 , 0.14.1 ) ERROR : match distribution find torchvision~=0.5.0 ""    then import syft library undefine    I need work torchhook federated learn PyTorch    I use Google Colab .. also try code Jypter kaggle , show error    ","error : could not find a version that satisfy the requirement torchvision~=0.5.0 ( from syft )    last week iam work with syft==0.2.9 and it be work great ! 
  but this week when I try to install syft==0.2.9 I have this error 
  "" error : could not find a version that satisfy the requirement torchvision~=0.5.0 ( from syft ) ( from version : 0.1.6 , 0.1.7 , 0.1.8 , 0.1.9 , 0.2.0 , 0.2.1 , 0.2.2 , 0.2.2.post2 , 0.2.2.post3 , 0.8.2 , 0.9.0 , 0.9.1 , 0.10.0 , 0.10.1 , 0.11.0 , 0.11.1 , 0.11.2 , 0.11.3 , 0.12.0 , 0.13.0 , 0.13.1 , 0.14.0 , 0.14.1 ) 
  error : no matching distribution find for torchvision~=0.5.0 "" 
   then when import the syft library it be undefine 
   I need to work with TorchHook in federate learning by PyTorch 
   I use Google Colab .. also I try my code in Jypter and kaggle , all show the same error 
 
 
","error : could not find a version that satisfy the requirement torchvision~=0.5.0 ( from syft )    last week iam work with syft==0.2.9 and it be work great ! 
  but this week when I try to install syft==0.2.9 I have this error 
  "" error : could not find a version that satisfy the requirement torchvision~=0.5.0 ( from syft ) ( from version : 0.1.6 , 0.1.7 , 0.1.8 , 0.1.9 , 0.2.0 , 0.2.1 , 0.2.2 , 0.2.2.post2 , 0.2.2.post3 , 0.8.2 , 0.9.0 , 0.9.1 , 0.10.0 , 0.10.1 , 0.11.0 , 0.11.1 , 0.11.2 , 0.11.3 , 0.12.0 , 0.13.0 , 0.13.1 , 0.14.0 , 0.14.1 ) 
  error : no matching distribution find for torchvision~=0.5.0 "" 
   then when import the syft library it be undefine 
   I need to work with TorchHook in federate learning by PyTorch 
   I use Google Colab .. also I try my code in Jypter and kaggle , all show the same error 
 
 
",5,5_syft_pysyft_error_hook,"['syft', 'pysyft', 'error', 'hook', 'module', 'attributeerror', 'module syft', 'version', 'attribute', 'follow', 'install', 'try', 'virtualworker', 'modulenotfounderror', 'use', 'import', 'torch', 'syft attribute', 'install syft', 'websocket']","['error : could not find a version that satisfy the requirement torchvision~=0.5.0 ( from syft )    last week iam work with syft==0.2.9 and it be work great ! \n  but this week when I try to install syft==0.2.9 I have this error \n  "" error : could not find a version that satisfy the requirement torchvision~=0.5.0 ( from syft ) ( from version : 0.1.6 , 0.1.7 , 0.1.8 , 0.1.9 , 0.2.0 , 0.2.1 , 0.2.2 , 0.2.2.post2 , 0.2.2.post3 , 0.8.2 , 0.9.0 , 0.9.1 , 0.10.0 , 0.10.1 , 0.11.0 , 0.11.1 , 0.11.2 , 0.11.3 , 0.12.0 , 0.13.0 , 0.13.1 , 0.14.0 , 0.14.1 ) \n  error : no matching distribution find for torchvision~=0.5.0 "" \n   then when import the syft library it be undefine \n   I need to work with TorchHook in federate learning by PyTorch \n   I use Google Colab .. also I try my code in Jypter and kaggle , all show the same error \n \n \n', 'ModuleNotFoundError : no module name syft ( PySyft )    I install Pysyft use this : \n \n \n \n   and yet when I try to import the library  \n \n   its show I this error : \n \n   ModuleNotFoundError                         Traceback ( most recent call last ) \n     in \n          1 import numpy as np \n    ---- > 2 from syft.frameworks.torch.differential_privacy import pate \n \n   ModuleNotFoundError : no module name syft \n \n \n', 'I be face AttributeError : module syft have no attribute VirtualWorker for # Create VirtualWorkers hook = syft . VirtualWorker(hook , i d = hook )     I be face "" AttributeError : module syft have no attribute VirtualWorker "" for "" # create VirtualWorkers hook = syft . VirtualWorker(hook , id=""hook "" ) "" \n   create VirtualWorkers \n   hook = syft . VirtualWorker(hook , id=""hook "" ) \n  your text alice = syft . VirtualWorker(hook , id=""alice "" ` \n   I first try use \n   create a PySyft hook \n   hook = syft . torchhook(torch ) ` \n   create virtual worker \n   bob = syft . VirtualWorker(hook , id=""bob "" ) \n  your text but it be depricate so I use this approach ` \n']",syft - pysyft - error - hook - module - attributeerror - module syft - version - attribute - follow - install - try - virtualworker - modulenotfounderror - use - import - torch - syft attribute - install syft - websocket,1.0,True
434,75848999,AttributeError : module torchvision.dataset attribute Kinetics400,AttributeError : module torchvision.dataset attribute Kinetics400   I import follow module :      I get follow error :      can anybody please help resolve error ? able import package .,"AttributeError : module torchvision.dataset have no attribute Kinetics400    I be import the follow module : 
 
   I be get the follow error : 
 
   can anybody please help how to resolve this error ? I be not able to import the package . 
","AttributeError : module torchvision.dataset have no attribute Kinetics400    I be import the follow module : 
 
   I be get the follow error : 
 
   can anybody please help how to resolve this error ? I be not able to import the package . 
",5,5_syft_pysyft_error_hook,"['syft', 'pysyft', 'error', 'hook', 'module', 'attributeerror', 'module syft', 'version', 'attribute', 'follow', 'install', 'try', 'virtualworker', 'modulenotfounderror', 'use', 'import', 'torch', 'syft attribute', 'install syft', 'websocket']","['error : could not find a version that satisfy the requirement torchvision~=0.5.0 ( from syft )    last week iam work with syft==0.2.9 and it be work great ! \n  but this week when I try to install syft==0.2.9 I have this error \n  "" error : could not find a version that satisfy the requirement torchvision~=0.5.0 ( from syft ) ( from version : 0.1.6 , 0.1.7 , 0.1.8 , 0.1.9 , 0.2.0 , 0.2.1 , 0.2.2 , 0.2.2.post2 , 0.2.2.post3 , 0.8.2 , 0.9.0 , 0.9.1 , 0.10.0 , 0.10.1 , 0.11.0 , 0.11.1 , 0.11.2 , 0.11.3 , 0.12.0 , 0.13.0 , 0.13.1 , 0.14.0 , 0.14.1 ) \n  error : no matching distribution find for torchvision~=0.5.0 "" \n   then when import the syft library it be undefine \n   I need to work with TorchHook in federate learning by PyTorch \n   I use Google Colab .. also I try my code in Jypter and kaggle , all show the same error \n \n \n', 'ModuleNotFoundError : no module name syft ( PySyft )    I install Pysyft use this : \n \n \n \n   and yet when I try to import the library  \n \n   its show I this error : \n \n   ModuleNotFoundError                         Traceback ( most recent call last ) \n     in \n          1 import numpy as np \n    ---- > 2 from syft.frameworks.torch.differential_privacy import pate \n \n   ModuleNotFoundError : no module name syft \n \n \n', 'I be face AttributeError : module syft have no attribute VirtualWorker for # Create VirtualWorkers hook = syft . VirtualWorker(hook , i d = hook )     I be face "" AttributeError : module syft have no attribute VirtualWorker "" for "" # create VirtualWorkers hook = syft . VirtualWorker(hook , id=""hook "" ) "" \n   create VirtualWorkers \n   hook = syft . VirtualWorker(hook , id=""hook "" ) \n  your text alice = syft . VirtualWorker(hook , id=""alice "" ` \n   I first try use \n   create a PySyft hook \n   hook = syft . torchhook(torch ) ` \n   create virtual worker \n   bob = syft . VirtualWorker(hook , id=""bob "" ) \n  your text but it be depricate so I use this approach ` \n']",syft - pysyft - error - hook - module - attributeerror - module syft - version - attribute - follow - install - try - virtualworker - modulenotfounderror - use - import - torch - syft attribute - install syft - websocket,1.0,False
440,76141647,attempt install Syft result AttributeError : module syft attribute TorchHook,attempt install Syft result AttributeError : module syft attribute TorchHook   I use Google Colb execute program . python version 3.10.11 .      result in      how fix issue successfully install Syft ?,"attempt to install Syft result in AttributeError : module syft have no attribute TorchHook    I be use Google Colb to execute the program . my Python version be 3.10.11 . 
 
   result in 
 
   how can I fix this issue and successfully install Syft ? 
","attempt to install Syft result in AttributeError : module syft have no attribute TorchHook    I be use Google Colb to execute the program . my Python version be 3.10.11 . 
 
   result in 
 
   how can I fix this issue and successfully install Syft ? 
",5,5_syft_pysyft_error_hook,"['syft', 'pysyft', 'error', 'hook', 'module', 'attributeerror', 'module syft', 'version', 'attribute', 'follow', 'install', 'try', 'virtualworker', 'modulenotfounderror', 'use', 'import', 'torch', 'syft attribute', 'install syft', 'websocket']","['error : could not find a version that satisfy the requirement torchvision~=0.5.0 ( from syft )    last week iam work with syft==0.2.9 and it be work great ! \n  but this week when I try to install syft==0.2.9 I have this error \n  "" error : could not find a version that satisfy the requirement torchvision~=0.5.0 ( from syft ) ( from version : 0.1.6 , 0.1.7 , 0.1.8 , 0.1.9 , 0.2.0 , 0.2.1 , 0.2.2 , 0.2.2.post2 , 0.2.2.post3 , 0.8.2 , 0.9.0 , 0.9.1 , 0.10.0 , 0.10.1 , 0.11.0 , 0.11.1 , 0.11.2 , 0.11.3 , 0.12.0 , 0.13.0 , 0.13.1 , 0.14.0 , 0.14.1 ) \n  error : no matching distribution find for torchvision~=0.5.0 "" \n   then when import the syft library it be undefine \n   I need to work with TorchHook in federate learning by PyTorch \n   I use Google Colab .. also I try my code in Jypter and kaggle , all show the same error \n \n \n', 'ModuleNotFoundError : no module name syft ( PySyft )    I install Pysyft use this : \n \n \n \n   and yet when I try to import the library  \n \n   its show I this error : \n \n   ModuleNotFoundError                         Traceback ( most recent call last ) \n     in \n          1 import numpy as np \n    ---- > 2 from syft.frameworks.torch.differential_privacy import pate \n \n   ModuleNotFoundError : no module name syft \n \n \n', 'I be face AttributeError : module syft have no attribute VirtualWorker for # Create VirtualWorkers hook = syft . VirtualWorker(hook , i d = hook )     I be face "" AttributeError : module syft have no attribute VirtualWorker "" for "" # create VirtualWorkers hook = syft . VirtualWorker(hook , id=""hook "" ) "" \n   create VirtualWorkers \n   hook = syft . VirtualWorker(hook , id=""hook "" ) \n  your text alice = syft . VirtualWorker(hook , id=""alice "" ` \n   I first try use \n   create a PySyft hook \n   hook = syft . torchhook(torch ) ` \n   create virtual worker \n   bob = syft . VirtualWorker(hook , id=""bob "" ) \n  your text but it be depricate so I use this approach ` \n']",syft - pysyft - error - hook - module - attributeerror - module syft - version - attribute - follow - install - try - virtualworker - modulenotfounderror - use - import - torch - syft attribute - install syft - websocket,1.0,False
442,76182587,error instal Syft 0.2.5 Colab : subprocess exit error,"error instal Syft 0.2.5 Colab : subprocess exit error   I try install Syft version 0.2.5 Google Colab use command ! pip install syft==0.2.5 . however , run error instal scipy dependency . error message indicate subprocess install build dependency run successfully , exit code 1 . encounter follow error :      I would appreciate help resolve issue .","error instal Syft 0.2.5 in Colab : subprocess exit with error    I be try to install Syft version 0.2.5 on Google Colab use the command ! pip install syft==0.2.5 . however , I be run into an error while instal the scipy dependency . the error message indicate that the subprocess to install the build dependency do not run successfully , with exit code 1 . 
  I be encounter follow error : 
 
   I would appreciate any help in resolve this issue . 
","error instal Syft 0.2.5 in Colab : subprocess exit with error    I be try to install Syft version 0.2.5 on Google Colab use the command ! pip install syft==0.2.5 . however , I be run into an error while instal the scipy dependency . the error message indicate that the subprocess to install the build dependency do not run successfully , with exit code 1 . 
  I be encounter follow error : 
 
   I would appreciate any help in resolve this issue . 
",5,5_syft_pysyft_error_hook,"['syft', 'pysyft', 'error', 'hook', 'module', 'attributeerror', 'module syft', 'version', 'attribute', 'follow', 'install', 'try', 'virtualworker', 'modulenotfounderror', 'use', 'import', 'torch', 'syft attribute', 'install syft', 'websocket']","['error : could not find a version that satisfy the requirement torchvision~=0.5.0 ( from syft )    last week iam work with syft==0.2.9 and it be work great ! \n  but this week when I try to install syft==0.2.9 I have this error \n  "" error : could not find a version that satisfy the requirement torchvision~=0.5.0 ( from syft ) ( from version : 0.1.6 , 0.1.7 , 0.1.8 , 0.1.9 , 0.2.0 , 0.2.1 , 0.2.2 , 0.2.2.post2 , 0.2.2.post3 , 0.8.2 , 0.9.0 , 0.9.1 , 0.10.0 , 0.10.1 , 0.11.0 , 0.11.1 , 0.11.2 , 0.11.3 , 0.12.0 , 0.13.0 , 0.13.1 , 0.14.0 , 0.14.1 ) \n  error : no matching distribution find for torchvision~=0.5.0 "" \n   then when import the syft library it be undefine \n   I need to work with TorchHook in federate learning by PyTorch \n   I use Google Colab .. also I try my code in Jypter and kaggle , all show the same error \n \n \n', 'ModuleNotFoundError : no module name syft ( PySyft )    I install Pysyft use this : \n \n \n \n   and yet when I try to import the library  \n \n   its show I this error : \n \n   ModuleNotFoundError                         Traceback ( most recent call last ) \n     in \n          1 import numpy as np \n    ---- > 2 from syft.frameworks.torch.differential_privacy import pate \n \n   ModuleNotFoundError : no module name syft \n \n \n', 'I be face AttributeError : module syft have no attribute VirtualWorker for # Create VirtualWorkers hook = syft . VirtualWorker(hook , i d = hook )     I be face "" AttributeError : module syft have no attribute VirtualWorker "" for "" # create VirtualWorkers hook = syft . VirtualWorker(hook , id=""hook "" ) "" \n   create VirtualWorkers \n   hook = syft . VirtualWorker(hook , id=""hook "" ) \n  your text alice = syft . VirtualWorker(hook , id=""alice "" ` \n   I first try use \n   create a PySyft hook \n   hook = syft . torchhook(torch ) ` \n   create virtual worker \n   bob = syft . VirtualWorker(hook , id=""bob "" ) \n  your text but it be depricate so I use this approach ` \n']",syft - pysyft - error - hook - module - attributeerror - module syft - version - attribute - follow - install - try - virtualworker - modulenotfounderror - use - import - torch - syft attribute - install syft - websocket,1.0,False
456,77136636,"face AttributeError : module syft attribute VirtualWorker # create VirtualWorkers hook = syft . VirtualWorker(hook , id = hook )","face AttributeError : module syft attribute VirtualWorker # create VirtualWorkers hook = syft . VirtualWorker(hook , id = hook )   I face "" AttributeError : module syft attribute VirtualWorker "" "" # create VirtualWorkers hook = syft . VirtualWorker(hook , id=""hook "" ) ""    create VirtualWorkers    hook = syft . VirtualWorker(hook , id=""hook "" ) text alice = syft . VirtualWorker(hook , id=""alice "" `    I first try use    Create PySyft hook    hook = syft . torchhook(torch ) `    create virtual worker    bob = syft . VirtualWorker(hook , id=""bob "" ) text but depricate used approach `","I be face AttributeError : module syft have no attribute VirtualWorker for # Create VirtualWorkers hook = syft . VirtualWorker(hook , i d = hook )     I be face "" AttributeError : module syft have no attribute VirtualWorker "" for "" # create VirtualWorkers hook = syft . VirtualWorker(hook , id=""hook "" ) "" 
   create VirtualWorkers 
   hook = syft . VirtualWorker(hook , id=""hook "" ) 
  your text alice = syft . VirtualWorker(hook , id=""alice "" ` 
   I first try use 
   create a PySyft hook 
   hook = syft . torchhook(torch ) ` 
   create virtual worker 
   bob = syft . VirtualWorker(hook , id=""bob "" ) 
  your text but it be depricate so I use this approach ` 
","I be face AttributeError : module syft have no attribute VirtualWorker for # Create VirtualWorkers hook = syft . VirtualWorker(hook , i d = hook )     I be face "" AttributeError : module syft have no attribute VirtualWorker "" for "" # create VirtualWorkers hook = syft . VirtualWorker(hook , id=""hook "" ) "" 
   create VirtualWorkers 
   hook = syft . VirtualWorker(hook , id=""hook "" ) 
  your text alice = syft . VirtualWorker(hook , id=""alice "" ` 
   I first try use 
   create a PySyft hook 
   hook = syft . torchhook(torch ) ` 
   create virtual worker 
   bob = syft . VirtualWorker(hook , id=""bob "" ) 
  your text but it be depricate so I use this approach ` 
",5,5_syft_pysyft_error_hook,"['syft', 'pysyft', 'error', 'hook', 'module', 'attributeerror', 'module syft', 'version', 'attribute', 'follow', 'install', 'try', 'virtualworker', 'modulenotfounderror', 'use', 'import', 'torch', 'syft attribute', 'install syft', 'websocket']","['error : could not find a version that satisfy the requirement torchvision~=0.5.0 ( from syft )    last week iam work with syft==0.2.9 and it be work great ! \n  but this week when I try to install syft==0.2.9 I have this error \n  "" error : could not find a version that satisfy the requirement torchvision~=0.5.0 ( from syft ) ( from version : 0.1.6 , 0.1.7 , 0.1.8 , 0.1.9 , 0.2.0 , 0.2.1 , 0.2.2 , 0.2.2.post2 , 0.2.2.post3 , 0.8.2 , 0.9.0 , 0.9.1 , 0.10.0 , 0.10.1 , 0.11.0 , 0.11.1 , 0.11.2 , 0.11.3 , 0.12.0 , 0.13.0 , 0.13.1 , 0.14.0 , 0.14.1 ) \n  error : no matching distribution find for torchvision~=0.5.0 "" \n   then when import the syft library it be undefine \n   I need to work with TorchHook in federate learning by PyTorch \n   I use Google Colab .. also I try my code in Jypter and kaggle , all show the same error \n \n \n', 'ModuleNotFoundError : no module name syft ( PySyft )    I install Pysyft use this : \n \n \n \n   and yet when I try to import the library  \n \n   its show I this error : \n \n   ModuleNotFoundError                         Traceback ( most recent call last ) \n     in \n          1 import numpy as np \n    ---- > 2 from syft.frameworks.torch.differential_privacy import pate \n \n   ModuleNotFoundError : no module name syft \n \n \n', 'I be face AttributeError : module syft have no attribute VirtualWorker for # Create VirtualWorkers hook = syft . VirtualWorker(hook , i d = hook )     I be face "" AttributeError : module syft have no attribute VirtualWorker "" for "" # create VirtualWorkers hook = syft . VirtualWorker(hook , id=""hook "" ) "" \n   create VirtualWorkers \n   hook = syft . VirtualWorker(hook , id=""hook "" ) \n  your text alice = syft . VirtualWorker(hook , id=""alice "" ` \n   I first try use \n   create a PySyft hook \n   hook = syft . torchhook(torch ) ` \n   create virtual worker \n   bob = syft . VirtualWorker(hook , id=""bob "" ) \n  your text but it be depricate so I use this approach ` \n']",syft - pysyft - error - hook - module - attributeerror - module syft - version - attribute - follow - install - try - virtualworker - modulenotfounderror - use - import - torch - syft attribute - install syft - websocket,1.0,True
472,78557504,federated dataloader deprecate ?,"federated dataloader deprecate ?   in federated Learning code below , use Pysyft . goal distribute fashionmnist dataset different client      and error be      I try many solution nothing work . please help !","federate dataloader deprecate ?    in the federate Learning code below , I m use Pysyft . the goal be to distribute the fashionmnist dataset to    different client 
 
   and the error be 
 
   I try many solution but nothing work . please help ! 
","federate dataloader deprecate ?    in the federate Learning code below , I m use Pysyft . the goal be to distribute the fashionmnist dataset to    different client 
 
   and the error be 
 
   I try many solution but nothing work . please help ! 
",5,5_syft_pysyft_error_hook,"['syft', 'pysyft', 'error', 'hook', 'module', 'attributeerror', 'module syft', 'version', 'attribute', 'follow', 'install', 'try', 'virtualworker', 'modulenotfounderror', 'use', 'import', 'torch', 'syft attribute', 'install syft', 'websocket']","['error : could not find a version that satisfy the requirement torchvision~=0.5.0 ( from syft )    last week iam work with syft==0.2.9 and it be work great ! \n  but this week when I try to install syft==0.2.9 I have this error \n  "" error : could not find a version that satisfy the requirement torchvision~=0.5.0 ( from syft ) ( from version : 0.1.6 , 0.1.7 , 0.1.8 , 0.1.9 , 0.2.0 , 0.2.1 , 0.2.2 , 0.2.2.post2 , 0.2.2.post3 , 0.8.2 , 0.9.0 , 0.9.1 , 0.10.0 , 0.10.1 , 0.11.0 , 0.11.1 , 0.11.2 , 0.11.3 , 0.12.0 , 0.13.0 , 0.13.1 , 0.14.0 , 0.14.1 ) \n  error : no matching distribution find for torchvision~=0.5.0 "" \n   then when import the syft library it be undefine \n   I need to work with TorchHook in federate learning by PyTorch \n   I use Google Colab .. also I try my code in Jypter and kaggle , all show the same error \n \n \n', 'ModuleNotFoundError : no module name syft ( PySyft )    I install Pysyft use this : \n \n \n \n   and yet when I try to import the library  \n \n   its show I this error : \n \n   ModuleNotFoundError                         Traceback ( most recent call last ) \n     in \n          1 import numpy as np \n    ---- > 2 from syft.frameworks.torch.differential_privacy import pate \n \n   ModuleNotFoundError : no module name syft \n \n \n', 'I be face AttributeError : module syft have no attribute VirtualWorker for # Create VirtualWorkers hook = syft . VirtualWorker(hook , i d = hook )     I be face "" AttributeError : module syft have no attribute VirtualWorker "" for "" # create VirtualWorkers hook = syft . VirtualWorker(hook , id=""hook "" ) "" \n   create VirtualWorkers \n   hook = syft . VirtualWorker(hook , id=""hook "" ) \n  your text alice = syft . VirtualWorker(hook , id=""alice "" ` \n   I first try use \n   create a PySyft hook \n   hook = syft . torchhook(torch ) ` \n   create virtual worker \n   bob = syft . VirtualWorker(hook , id=""bob "" ) \n  your text but it be depricate so I use this approach ` \n']",syft - pysyft - error - hook - module - attributeerror - module syft - version - attribute - follow - install - try - virtualworker - modulenotfounderror - use - import - torch - syft attribute - install syft - websocket,0.9580921788384813,False
