,Id,Title,Text,OriginalText,Document,Topic,Name,Representation,Representative_Docs,Top_n_words,Probability,Representative_document
0,55286731,recommend way mix TensorFlow TensorFlow Federated code ?,"recommend way mix TensorFlow TensorFlow Federated code ?   TensorFlow ( TF ) TensorFlow Federated ( TFF ) different layer functionality design play well together ( as name implie ) .    still , different thing design solve different problem .    I wonder good way describe computation way use vanilla TF TFF workload , well kind pitfall one might want avoid .","what be the recommend way to mix TensorFlow and TensorFlow Federated code ?    TensorFlow ( TF ) and TensorFlow Federated ( TFF ) be different layer of functionality that be design to play well together ( as the name implie ) . 
   still , they be different thing design to solve different problem . 
   I wonder what be the good way to describe computation in a way that can be use by both vanilla TF and in TFF workload , as well as the kind of pitfall that one might want to avoid . 
","what be the recommend way to mix TensorFlow and TensorFlow Federated code ?    TensorFlow ( TF ) and TensorFlow Federated ( TFF ) be different layer of functionality that be design to play well together ( as the name implie ) . 
   still , they be different thing design to solve different problem . 
   I wonder what be the good way to describe computation in a way that can be use by both vanilla TF and in TFF workload , as well as the kind of pitfall that one might want to avoid . 
",7,7_tff_learning_federated_tensorflow,"['tff', 'learning', 'federated', 'tensorflow', 'support', 'real', 'federated learning', 'multiple', 'network', 'tensorflow federated', 'federate', 'machine', 'neural', 'way', 'use', 'simulate', 'framework', 'neural network', 'model', 'possible']","['Federated Averaging and TensorFlow    I be a newbie in federate learning and just get to know TensorFlow Federated TFF framework . I have some question in my mind I would be really appreciate it if anybody can clarify they : \n \n   do Federated Averaging algorithm the only aggregation algorithm support in TFF ? and how it differ from Federated Stochastic Gradient Descent ? \n   Dose Federated Averaging require each client to be train with the Neural Networks ? or it be possible for local datum to be train with any machine learn algorithm ? \n   I have big datum , and I be plan to partition my datum into small dataset and simulate each part as one client ? do this work in TFF ? and do it consider horizontal or vertical federate learning ? \n \n   thank in advance \n', 'be Tensorflow Federated - learning only for simulate federate learning on one machine ?    I read multiple guide on \n  e.g. the image classification or text generation example . \n   from what I have read I can not see how to use tensorflow federate - learning ( tff ) for a real world application : dataset on multiple hardware client . it all look like its mean only for simulating \n  federate learning . \n   I want to use tff on multiple machine and not simulate it on only one . \n  I would appreciate it when someone know if its even possible with tff or find a guide on how to do it . \n   thank you . \n', 'be there any way to do federate learning with real multiple machine use tensorflow - federate api ?    I be study about tensorflow - federate api to make federated learning with real multiple machine . \n  but I find the answer on this site that not support to make real multiple federated learning use multiple learning . \n   be there no way to make federated learning with real multiple machine ? \n   even I make a network structure for federated learning with 2 client pc and 1 server pc , be it impossible to consist of that system use tensorflow federate api ? \n   or even if I apply the code , can not I make the system I want ? \n   if you can modify the code to configure it , can you give I a tip?If not , when will there be an example to configure on a real computer ? \n']",tff - learning - federated - tensorflow - support - real - federated learning - multiple - network - tensorflow federated - federate - machine - neural - way - use - simulate - framework - neural network - model - possible,1.0,False
2,55428345,Tensorflow Federated Support Reinforcement Learning,"Tensorflow Federated Support Reinforcement Learning   I try train deep reinforcement learning model federate learning scenario . Tensorflow Federated ( TFF ) support reinforcement learning ( RL ) ML model ? understand Federated Learning mostly discuss supervised learning , curious reinforcement learning could use TFF well .     if so , library would recommend use RL TFF ?","do Tensorflow Federated Support Reinforcement Learning    I be try to train a deep reinforcement learning model in a federated learning scenario . do Tensorflow Federated ( TFF ) support reinforcement learning ( RL ) as an ML model ? I understand that Federated Learning be mostly discuss for supervised learning , and I be curious if reinforcement learning could be use in TFF as well .  
   if so , which library would you recommend to use RL in TFF ? 
","do Tensorflow Federated Support Reinforcement Learning    I be try to train a deep reinforcement learning model in a federated learning scenario . do Tensorflow Federated ( TFF ) support reinforcement learning ( RL ) as an ML model ? I understand that Federated Learning be mostly discuss for supervised learning , and I be curious if reinforcement learning could be use in TFF as well .  
   if so , which library would you recommend to use RL in TFF ? 
",7,7_tff_learning_federated_tensorflow,"['tff', 'learning', 'federated', 'tensorflow', 'support', 'real', 'federated learning', 'multiple', 'network', 'tensorflow federated', 'federate', 'machine', 'neural', 'way', 'use', 'simulate', 'framework', 'neural network', 'model', 'possible']","['Federated Averaging and TensorFlow    I be a newbie in federate learning and just get to know TensorFlow Federated TFF framework . I have some question in my mind I would be really appreciate it if anybody can clarify they : \n \n   do Federated Averaging algorithm the only aggregation algorithm support in TFF ? and how it differ from Federated Stochastic Gradient Descent ? \n   Dose Federated Averaging require each client to be train with the Neural Networks ? or it be possible for local datum to be train with any machine learn algorithm ? \n   I have big datum , and I be plan to partition my datum into small dataset and simulate each part as one client ? do this work in TFF ? and do it consider horizontal or vertical federate learning ? \n \n   thank in advance \n', 'be Tensorflow Federated - learning only for simulate federate learning on one machine ?    I read multiple guide on \n  e.g. the image classification or text generation example . \n   from what I have read I can not see how to use tensorflow federate - learning ( tff ) for a real world application : dataset on multiple hardware client . it all look like its mean only for simulating \n  federate learning . \n   I want to use tff on multiple machine and not simulate it on only one . \n  I would appreciate it when someone know if its even possible with tff or find a guide on how to do it . \n   thank you . \n', 'be there any way to do federate learning with real multiple machine use tensorflow - federate api ?    I be study about tensorflow - federate api to make federated learning with real multiple machine . \n  but I find the answer on this site that not support to make real multiple federated learning use multiple learning . \n   be there no way to make federated learning with real multiple machine ? \n   even I make a network structure for federated learning with 2 client pc and 1 server pc , be it impossible to consist of that system use tensorflow federate api ? \n   or even if I apply the code , can not I make the system I want ? \n   if you can modify the code to configure it , can you give I a tip?If not , when will there be an example to configure on a real computer ? \n']",tff - learning - federated - tensorflow - support - real - federated learning - multiple - network - tensorflow federated - federate - machine - neural - way - use - simulate - framework - neural network - model - possible,1.0,False
12,56363979,whether current Tensorflow Federated deploy across multiple physical machine ?,"whether current Tensorflow Federated deploy across multiple physical machine ?   I wonder whether way run   across multiple distribute physical device ( e.g. , virtual machine ) . have not figure deploy far , tutorial show version simulation only .","whether the current Tensorflow Federated can be deploy across multiple physical machine ?    I be wonder whether there be a way to run    across multiple distribute physical device ( e.g. , virtual machine ) . I have n’t figure out how to deploy this so far , and the tutorial show this version be for simulation only . 
","whether the current Tensorflow Federated can be deploy across multiple physical machine ?    I be wonder whether there be a way to run    across multiple distribute physical device ( e.g. , virtual machine ) . I have n’t figure out how to deploy this so far , and the tutorial show this version be for simulation only . 
",7,7_tff_learning_federated_tensorflow,"['tff', 'learning', 'federated', 'tensorflow', 'support', 'real', 'federated learning', 'multiple', 'network', 'tensorflow federated', 'federate', 'machine', 'neural', 'way', 'use', 'simulate', 'framework', 'neural network', 'model', 'possible']","['Federated Averaging and TensorFlow    I be a newbie in federate learning and just get to know TensorFlow Federated TFF framework . I have some question in my mind I would be really appreciate it if anybody can clarify they : \n \n   do Federated Averaging algorithm the only aggregation algorithm support in TFF ? and how it differ from Federated Stochastic Gradient Descent ? \n   Dose Federated Averaging require each client to be train with the Neural Networks ? or it be possible for local datum to be train with any machine learn algorithm ? \n   I have big datum , and I be plan to partition my datum into small dataset and simulate each part as one client ? do this work in TFF ? and do it consider horizontal or vertical federate learning ? \n \n   thank in advance \n', 'be Tensorflow Federated - learning only for simulate federate learning on one machine ?    I read multiple guide on \n  e.g. the image classification or text generation example . \n   from what I have read I can not see how to use tensorflow federate - learning ( tff ) for a real world application : dataset on multiple hardware client . it all look like its mean only for simulating \n  federate learning . \n   I want to use tff on multiple machine and not simulate it on only one . \n  I would appreciate it when someone know if its even possible with tff or find a guide on how to do it . \n   thank you . \n', 'be there any way to do federate learning with real multiple machine use tensorflow - federate api ?    I be study about tensorflow - federate api to make federated learning with real multiple machine . \n  but I find the answer on this site that not support to make real multiple federated learning use multiple learning . \n   be there no way to make federated learning with real multiple machine ? \n   even I make a network structure for federated learning with 2 client pc and 1 server pc , be it impossible to consist of that system use tensorflow federate api ? \n   or even if I apply the code , can not I make the system I want ? \n   if you can modify the code to configure it , can you give I a tip?If not , when will there be an example to configure on a real computer ? \n']",tff - learning - federated - tensorflow - support - real - federated learning - multiple - network - tensorflow federated - federate - machine - neural - way - use - simulate - framework - neural network - model - possible,1.0,False
24,57323598,Tensorflow Federated - Learning simulating federate learn one machine ?,Tensorflow Federated - Learning simulating federate learn one machine ?   I read multiple guide   e.g. image classification text generation example .    from read see use tensorflow federate - learning ( tff ) real world application : dataset multiple hardware client . look like mean simulate federate learning .    I want use tff multiple machine simulate one . would appreciate someone know even possible tff find guide it .    thank you .,"be Tensorflow Federated - learning only for simulate federate learning on one machine ?    I read multiple guide on 
  e.g. the image classification or text generation example . 
   from what I have read I can not see how to use tensorflow federate - learning ( tff ) for a real world application : dataset on multiple hardware client . it all look like its mean only for simulating 
  federate learning . 
   I want to use tff on multiple machine and not simulate it on only one . 
  I would appreciate it when someone know if its even possible with tff or find a guide on how to do it . 
   thank you . 
","be Tensorflow Federated - learning only for simulate federate learning on one machine ?    I read multiple guide on 
  e.g. the image classification or text generation example . 
   from what I have read I can not see how to use tensorflow federate - learning ( tff ) for a real world application : dataset on multiple hardware client . it all look like its mean only for simulating 
  federate learning . 
   I want to use tff on multiple machine and not simulate it on only one . 
  I would appreciate it when someone know if its even possible with tff or find a guide on how to do it . 
   thank you . 
",7,7_tff_learning_federated_tensorflow,"['tff', 'learning', 'federated', 'tensorflow', 'support', 'real', 'federated learning', 'multiple', 'network', 'tensorflow federated', 'federate', 'machine', 'neural', 'way', 'use', 'simulate', 'framework', 'neural network', 'model', 'possible']","['Federated Averaging and TensorFlow    I be a newbie in federate learning and just get to know TensorFlow Federated TFF framework . I have some question in my mind I would be really appreciate it if anybody can clarify they : \n \n   do Federated Averaging algorithm the only aggregation algorithm support in TFF ? and how it differ from Federated Stochastic Gradient Descent ? \n   Dose Federated Averaging require each client to be train with the Neural Networks ? or it be possible for local datum to be train with any machine learn algorithm ? \n   I have big datum , and I be plan to partition my datum into small dataset and simulate each part as one client ? do this work in TFF ? and do it consider horizontal or vertical federate learning ? \n \n   thank in advance \n', 'be Tensorflow Federated - learning only for simulate federate learning on one machine ?    I read multiple guide on \n  e.g. the image classification or text generation example . \n   from what I have read I can not see how to use tensorflow federate - learning ( tff ) for a real world application : dataset on multiple hardware client . it all look like its mean only for simulating \n  federate learning . \n   I want to use tff on multiple machine and not simulate it on only one . \n  I would appreciate it when someone know if its even possible with tff or find a guide on how to do it . \n   thank you . \n', 'be there any way to do federate learning with real multiple machine use tensorflow - federate api ?    I be study about tensorflow - federate api to make federated learning with real multiple machine . \n  but I find the answer on this site that not support to make real multiple federated learning use multiple learning . \n   be there no way to make federated learning with real multiple machine ? \n   even I make a network structure for federated learning with 2 client pc and 1 server pc , be it impossible to consist of that system use tensorflow federate api ? \n   or even if I apply the code , can not I make the system I want ? \n   if you can modify the code to configure it , can you give I a tip?If not , when will there be an example to configure on a real computer ? \n']",tff - learning - federated - tensorflow - support - real - federated learning - multiple - network - tensorflow federated - federate - machine - neural - way - use - simulate - framework - neural network - model - possible,1.0,True
27,57839097,way federate learn real multiple machine use tensorflow - federate api ?,"way federate learn real multiple machine use tensorflow - federate api ?   I study tensorflow - federate api make federated learn real multiple machine . find answer site support make real multiple federated learning use multiple learning .    be way make federate learn real multiple machine ?    even make network structure federate learn 2 client pc 1 server pc , impossible consist system use tensorflow federate api ?    or even apply code , can not make system want ?    if modify code configure it , give tip?If not , example configure real computer ?","be there any way to do federate learning with real multiple machine use tensorflow - federate api ?    I be study about tensorflow - federate api to make federated learning with real multiple machine . 
  but I find the answer on this site that not support to make real multiple federated learning use multiple learning . 
   be there no way to make federated learning with real multiple machine ? 
   even I make a network structure for federated learning with 2 client pc and 1 server pc , be it impossible to consist of that system use tensorflow federate api ? 
   or even if I apply the code , can not I make the system I want ? 
   if you can modify the code to configure it , can you give I a tip?If not , when will there be an example to configure on a real computer ? 
","be there any way to do federate learning with real multiple machine use tensorflow - federate api ?    I be study about tensorflow - federate api to make federated learning with real multiple machine . 
  but I find the answer on this site that not support to make real multiple federated learning use multiple learning . 
   be there no way to make federated learning with real multiple machine ? 
   even I make a network structure for federated learning with 2 client pc and 1 server pc , be it impossible to consist of that system use tensorflow federate api ? 
   or even if I apply the code , can not I make the system I want ? 
   if you can modify the code to configure it , can you give I a tip?If not , when will there be an example to configure on a real computer ? 
",7,7_tff_learning_federated_tensorflow,"['tff', 'learning', 'federated', 'tensorflow', 'support', 'real', 'federated learning', 'multiple', 'network', 'tensorflow federated', 'federate', 'machine', 'neural', 'way', 'use', 'simulate', 'framework', 'neural network', 'model', 'possible']","['Federated Averaging and TensorFlow    I be a newbie in federate learning and just get to know TensorFlow Federated TFF framework . I have some question in my mind I would be really appreciate it if anybody can clarify they : \n \n   do Federated Averaging algorithm the only aggregation algorithm support in TFF ? and how it differ from Federated Stochastic Gradient Descent ? \n   Dose Federated Averaging require each client to be train with the Neural Networks ? or it be possible for local datum to be train with any machine learn algorithm ? \n   I have big datum , and I be plan to partition my datum into small dataset and simulate each part as one client ? do this work in TFF ? and do it consider horizontal or vertical federate learning ? \n \n   thank in advance \n', 'be Tensorflow Federated - learning only for simulate federate learning on one machine ?    I read multiple guide on \n  e.g. the image classification or text generation example . \n   from what I have read I can not see how to use tensorflow federate - learning ( tff ) for a real world application : dataset on multiple hardware client . it all look like its mean only for simulating \n  federate learning . \n   I want to use tff on multiple machine and not simulate it on only one . \n  I would appreciate it when someone know if its even possible with tff or find a guide on how to do it . \n   thank you . \n', 'be there any way to do federate learning with real multiple machine use tensorflow - federate api ?    I be study about tensorflow - federate api to make federated learning with real multiple machine . \n  but I find the answer on this site that not support to make real multiple federated learning use multiple learning . \n   be there no way to make federated learning with real multiple machine ? \n   even I make a network structure for federated learning with 2 client pc and 1 server pc , be it impossible to consist of that system use tensorflow federate api ? \n   or even if I apply the code , can not I make the system I want ? \n   if you can modify the code to configure it , can you give I a tip?If not , when will there be an example to configure on a real computer ? \n']",tff - learning - federated - tensorflow - support - real - federated learning - multiple - network - tensorflow federated - federate - machine - neural - way - use - simulate - framework - neural network - model - possible,1.0,True
50,60194646,possible TRAIN neural network model Tensoflow Lite / or framework smartphone ?,possible TRAIN neural network model Tensoflow Lite / or framework smartphone ?   be possible TRAIN neural network model Tensoflow Lite / or framework smartphone ?    specifically context federative learning ?,"be it possible to train a neural network model with Tensoflow Lite / or any other framework on smartphone ?    be it possible to train a neural network model with Tensoflow Lite / or any other framework on smartphone ? 
   specifically in the context for federative learning ? 
","be it possible to train a neural network model with Tensoflow Lite / or any other framework on smartphone ?    be it possible to train a neural network model with Tensoflow Lite / or any other framework on smartphone ? 
   specifically in the context for federative learning ? 
",7,7_tff_learning_federated_tensorflow,"['tff', 'learning', 'federated', 'tensorflow', 'support', 'real', 'federated learning', 'multiple', 'network', 'tensorflow federated', 'federate', 'machine', 'neural', 'way', 'use', 'simulate', 'framework', 'neural network', 'model', 'possible']","['Federated Averaging and TensorFlow    I be a newbie in federate learning and just get to know TensorFlow Federated TFF framework . I have some question in my mind I would be really appreciate it if anybody can clarify they : \n \n   do Federated Averaging algorithm the only aggregation algorithm support in TFF ? and how it differ from Federated Stochastic Gradient Descent ? \n   Dose Federated Averaging require each client to be train with the Neural Networks ? or it be possible for local datum to be train with any machine learn algorithm ? \n   I have big datum , and I be plan to partition my datum into small dataset and simulate each part as one client ? do this work in TFF ? and do it consider horizontal or vertical federate learning ? \n \n   thank in advance \n', 'be Tensorflow Federated - learning only for simulate federate learning on one machine ?    I read multiple guide on \n  e.g. the image classification or text generation example . \n   from what I have read I can not see how to use tensorflow federate - learning ( tff ) for a real world application : dataset on multiple hardware client . it all look like its mean only for simulating \n  federate learning . \n   I want to use tff on multiple machine and not simulate it on only one . \n  I would appreciate it when someone know if its even possible with tff or find a guide on how to do it . \n   thank you . \n', 'be there any way to do federate learning with real multiple machine use tensorflow - federate api ?    I be study about tensorflow - federate api to make federated learning with real multiple machine . \n  but I find the answer on this site that not support to make real multiple federated learning use multiple learning . \n   be there no way to make federated learning with real multiple machine ? \n   even I make a network structure for federated learning with 2 client pc and 1 server pc , be it impossible to consist of that system use tensorflow federate api ? \n   or even if I apply the code , can not I make the system I want ? \n   if you can modify the code to configure it , can you give I a tip?If not , when will there be an example to configure on a real computer ? \n']",tff - learning - federated - tensorflow - support - real - federated learning - multiple - network - tensorflow federated - federate - machine - neural - way - use - simulate - framework - neural network - model - possible,1.0,False
73,60935065,way simulate communication cost tensorflow - federate ?,"way simulate communication cost tensorflow - federate ?   I work optimize communication cost Federated Learning . therefore , need simulate realistic network delay measure communication overhead ( the communication client server ) . possible TFF ? realistic networking model communication Federated Learning setting ?","be there a way to simulate the communication cost in tensorflow - federate ?    I be work on optimize the communication cost in Federated Learning . therefore , I need to simulate realistic network delay and measure communication overhead ( the communication between the client and the server ) . be it possible to do that with TFF ? be there a realistic networking model for communication in Federated Learning setting ? 
","be there a way to simulate the communication cost in tensorflow - federate ?    I be work on optimize the communication cost in Federated Learning . therefore , I need to simulate realistic network delay and measure communication overhead ( the communication between the client and the server ) . be it possible to do that with TFF ? be there a realistic networking model for communication in Federated Learning setting ? 
",7,7_tff_learning_federated_tensorflow,"['tff', 'learning', 'federated', 'tensorflow', 'support', 'real', 'federated learning', 'multiple', 'network', 'tensorflow federated', 'federate', 'machine', 'neural', 'way', 'use', 'simulate', 'framework', 'neural network', 'model', 'possible']","['Federated Averaging and TensorFlow    I be a newbie in federate learning and just get to know TensorFlow Federated TFF framework . I have some question in my mind I would be really appreciate it if anybody can clarify they : \n \n   do Federated Averaging algorithm the only aggregation algorithm support in TFF ? and how it differ from Federated Stochastic Gradient Descent ? \n   Dose Federated Averaging require each client to be train with the Neural Networks ? or it be possible for local datum to be train with any machine learn algorithm ? \n   I have big datum , and I be plan to partition my datum into small dataset and simulate each part as one client ? do this work in TFF ? and do it consider horizontal or vertical federate learning ? \n \n   thank in advance \n', 'be Tensorflow Federated - learning only for simulate federate learning on one machine ?    I read multiple guide on \n  e.g. the image classification or text generation example . \n   from what I have read I can not see how to use tensorflow federate - learning ( tff ) for a real world application : dataset on multiple hardware client . it all look like its mean only for simulating \n  federate learning . \n   I want to use tff on multiple machine and not simulate it on only one . \n  I would appreciate it when someone know if its even possible with tff or find a guide on how to do it . \n   thank you . \n', 'be there any way to do federate learning with real multiple machine use tensorflow - federate api ?    I be study about tensorflow - federate api to make federated learning with real multiple machine . \n  but I find the answer on this site that not support to make real multiple federated learning use multiple learning . \n   be there no way to make federated learning with real multiple machine ? \n   even I make a network structure for federated learning with 2 client pc and 1 server pc , be it impossible to consist of that system use tensorflow federate api ? \n   or even if I apply the code , can not I make the system I want ? \n   if you can modify the code to configure it , can you give I a tip?If not , when will there be an example to configure on a real computer ? \n']",tff - learning - federated - tensorflow - support - real - federated learning - multiple - network - tensorflow federated - federate - machine - neural - way - use - simulate - framework - neural network - model - possible,1.0,False
115,62578714,FedProx TensorFlow Federated,FedProx TensorFlow Federated   would anyone know implement FedProx optimisation algorithm TensorFlow Federated ? implementation seem available online develop directly TensorFlow . TFF implementation would enable easy comparison experiment utilise FedAvg framework support .    this link FedProx repo :     Link paper :,"FedProx with TensorFlow Federated    would anyone know how to implement the FedProx optimisation algorithm with TensorFlow Federated ? the only implementation that seem to be available online be develop directly with TensorFlow . a TFF implementation would enable an easy comparison with experiment that utilise FedAvg which the framework support . 
   this be the link to the FedProx repo :  
   link to the paper :  
","FedProx with TensorFlow Federated    would anyone know how to implement the FedProx optimisation algorithm with TensorFlow Federated ? the only implementation that seem to be available online be develop directly with TensorFlow . a TFF implementation would enable an easy comparison with experiment that utilise FedAvg which the framework support . 
   this be the link to the FedProx repo :  
   link to the paper :  
",7,7_tff_learning_federated_tensorflow,"['tff', 'learning', 'federated', 'tensorflow', 'support', 'real', 'federated learning', 'multiple', 'network', 'tensorflow federated', 'federate', 'machine', 'neural', 'way', 'use', 'simulate', 'framework', 'neural network', 'model', 'possible']","['Federated Averaging and TensorFlow    I be a newbie in federate learning and just get to know TensorFlow Federated TFF framework . I have some question in my mind I would be really appreciate it if anybody can clarify they : \n \n   do Federated Averaging algorithm the only aggregation algorithm support in TFF ? and how it differ from Federated Stochastic Gradient Descent ? \n   Dose Federated Averaging require each client to be train with the Neural Networks ? or it be possible for local datum to be train with any machine learn algorithm ? \n   I have big datum , and I be plan to partition my datum into small dataset and simulate each part as one client ? do this work in TFF ? and do it consider horizontal or vertical federate learning ? \n \n   thank in advance \n', 'be Tensorflow Federated - learning only for simulate federate learning on one machine ?    I read multiple guide on \n  e.g. the image classification or text generation example . \n   from what I have read I can not see how to use tensorflow federate - learning ( tff ) for a real world application : dataset on multiple hardware client . it all look like its mean only for simulating \n  federate learning . \n   I want to use tff on multiple machine and not simulate it on only one . \n  I would appreciate it when someone know if its even possible with tff or find a guide on how to do it . \n   thank you . \n', 'be there any way to do federate learning with real multiple machine use tensorflow - federate api ?    I be study about tensorflow - federate api to make federated learning with real multiple machine . \n  but I find the answer on this site that not support to make real multiple federated learning use multiple learning . \n   be there no way to make federated learning with real multiple machine ? \n   even I make a network structure for federated learning with 2 client pc and 1 server pc , be it impossible to consist of that system use tensorflow federate api ? \n   or even if I apply the code , can not I make the system I want ? \n   if you can modify the code to configure it , can you give I a tip?If not , when will there be an example to configure on a real computer ? \n']",tff - learning - federated - tensorflow - support - real - federated learning - multiple - network - tensorflow federated - federate - machine - neural - way - use - simulate - framework - neural network - model - possible,1.0,False
129,63090535,tensorflow Federated TFF still Simulation Environment ?,"tensorflow Federated TFF still Simulation Environment ?   TensorFlow Federated ( TFF ) open - source framework ML computation decentralize datum .    as per Stack overflow       TFF provide simulation environment use Federated Learning ( FL ) research . yet "" real world "" FL deployment platform .      but , tensorflow release history show many release version TF 2.x well .      can anybody comment , TFF still simulation environment use "" real world "" FL deployment platform ?","tensorflow Federated TFF still a Simulation Environment ?    TensorFlow Federated ( TFF ) be an open - source framework for ML and other computation on decentralized datum . 
   as per Stack overflow  
 
   TFF only provide a simulation environment for use in Federated 
  Learning ( FL ) research . there be not yet a "" real world "" FL deployment 
  platform . 
 
   but , tensorflow release history show that now there be many release version for TF 2.x as well . 
 
   can anybody comment , if TFF be still or simulation environment or can be use as "" real world "" FL deployment platform ? 
","tensorflow Federated TFF still a Simulation Environment ?    TensorFlow Federated ( TFF ) be an open - source framework for ML and other computation on decentralized datum . 
   as per Stack overflow  
 
   TFF only provide a simulation environment for use in Federated 
  Learning ( FL ) research . there be not yet a "" real world "" FL deployment 
  platform . 
 
   but , tensorflow release history show that now there be many release version for TF 2.x as well . 
 
   can anybody comment , if TFF be still or simulation environment or can be use as "" real world "" FL deployment platform ? 
",7,7_tff_learning_federated_tensorflow,"['tff', 'learning', 'federated', 'tensorflow', 'support', 'real', 'federated learning', 'multiple', 'network', 'tensorflow federated', 'federate', 'machine', 'neural', 'way', 'use', 'simulate', 'framework', 'neural network', 'model', 'possible']","['Federated Averaging and TensorFlow    I be a newbie in federate learning and just get to know TensorFlow Federated TFF framework . I have some question in my mind I would be really appreciate it if anybody can clarify they : \n \n   do Federated Averaging algorithm the only aggregation algorithm support in TFF ? and how it differ from Federated Stochastic Gradient Descent ? \n   Dose Federated Averaging require each client to be train with the Neural Networks ? or it be possible for local datum to be train with any machine learn algorithm ? \n   I have big datum , and I be plan to partition my datum into small dataset and simulate each part as one client ? do this work in TFF ? and do it consider horizontal or vertical federate learning ? \n \n   thank in advance \n', 'be Tensorflow Federated - learning only for simulate federate learning on one machine ?    I read multiple guide on \n  e.g. the image classification or text generation example . \n   from what I have read I can not see how to use tensorflow federate - learning ( tff ) for a real world application : dataset on multiple hardware client . it all look like its mean only for simulating \n  federate learning . \n   I want to use tff on multiple machine and not simulate it on only one . \n  I would appreciate it when someone know if its even possible with tff or find a guide on how to do it . \n   thank you . \n', 'be there any way to do federate learning with real multiple machine use tensorflow - federate api ?    I be study about tensorflow - federate api to make federated learning with real multiple machine . \n  but I find the answer on this site that not support to make real multiple federated learning use multiple learning . \n   be there no way to make federated learning with real multiple machine ? \n   even I make a network structure for federated learning with 2 client pc and 1 server pc , be it impossible to consist of that system use tensorflow federate api ? \n   or even if I apply the code , can not I make the system I want ? \n   if you can modify the code to configure it , can you give I a tip?If not , when will there be an example to configure on a real computer ? \n']",tff - learning - federated - tensorflow - support - real - federated learning - multiple - network - tensorflow federated - federate - machine - neural - way - use - simulate - framework - neural network - model - possible,1.0,False
151,64183256,tensorflow Federated hierarchical fashion,"tensorflow Federated hierarchical fashion   I m try use tensorflow federate simulate federate learn algorithm hierarchical topology . read , strategy implement ( such tff.learning.build_federated_averaging_process ) , rely single aggregation server . way network complex standard n - client 1 - server ?","Tensorflow Federated in a hierarchical fashion    I m try to use tensorflow federate to simulate a federated learning algorithm in a hierarchical topology . for what I ve read , only a few strategy be implement ( such as tff.learning.build_federated_averaging_process ) , which rely on a single aggregation server . be there any way to have network that be more complex than the standard n - client 1 - server ? 
","Tensorflow Federated in a hierarchical fashion    I m try to use tensorflow federate to simulate a federated learning algorithm in a hierarchical topology . for what I ve read , only a few strategy be implement ( such as tff.learning.build_federated_averaging_process ) , which rely on a single aggregation server . be there any way to have network that be more complex than the standard n - client 1 - server ? 
",7,7_tff_learning_federated_tensorflow,"['tff', 'learning', 'federated', 'tensorflow', 'support', 'real', 'federated learning', 'multiple', 'network', 'tensorflow federated', 'federate', 'machine', 'neural', 'way', 'use', 'simulate', 'framework', 'neural network', 'model', 'possible']","['Federated Averaging and TensorFlow    I be a newbie in federate learning and just get to know TensorFlow Federated TFF framework . I have some question in my mind I would be really appreciate it if anybody can clarify they : \n \n   do Federated Averaging algorithm the only aggregation algorithm support in TFF ? and how it differ from Federated Stochastic Gradient Descent ? \n   Dose Federated Averaging require each client to be train with the Neural Networks ? or it be possible for local datum to be train with any machine learn algorithm ? \n   I have big datum , and I be plan to partition my datum into small dataset and simulate each part as one client ? do this work in TFF ? and do it consider horizontal or vertical federate learning ? \n \n   thank in advance \n', 'be Tensorflow Federated - learning only for simulate federate learning on one machine ?    I read multiple guide on \n  e.g. the image classification or text generation example . \n   from what I have read I can not see how to use tensorflow federate - learning ( tff ) for a real world application : dataset on multiple hardware client . it all look like its mean only for simulating \n  federate learning . \n   I want to use tff on multiple machine and not simulate it on only one . \n  I would appreciate it when someone know if its even possible with tff or find a guide on how to do it . \n   thank you . \n', 'be there any way to do federate learning with real multiple machine use tensorflow - federate api ?    I be study about tensorflow - federate api to make federated learning with real multiple machine . \n  but I find the answer on this site that not support to make real multiple federated learning use multiple learning . \n   be there no way to make federated learning with real multiple machine ? \n   even I make a network structure for federated learning with 2 client pc and 1 server pc , be it impossible to consist of that system use tensorflow federate api ? \n   or even if I apply the code , can not I make the system I want ? \n   if you can modify the code to configure it , can you give I a tip?If not , when will there be an example to configure on a real computer ? \n']",tff - learning - federated - tensorflow - support - real - federated learning - multiple - network - tensorflow federated - federate - machine - neural - way - use - simulate - framework - neural network - model - possible,1.0,False
235,67213520,tff : TFF support model except neurel network ?,"tff : TFF support model except neurel network ?   I m try make comparison different federated learning framework . look TFF site , could find information model support . look   talk weight , ...    be miss something TFF use model except neural network ?","tff : do TFF support any other model except neurel network ?    I m try to make a comparison between different federated learning framework . 
  when look on the TFF site , I could not find any information about which model be support . 
  look at the    they only talk about weight , ... 
   be I miss something or can TFF not be use for other model except neural network ? 
","tff : do TFF support any other model except neurel network ?    I m try to make a comparison between different federated learning framework . 
  when look on the TFF site , I could not find any information about which model be support . 
  look at the    they only talk about weight , ... 
   be I miss something or can TFF not be use for other model except neural network ? 
",7,7_tff_learning_federated_tensorflow,"['tff', 'learning', 'federated', 'tensorflow', 'support', 'real', 'federated learning', 'multiple', 'network', 'tensorflow federated', 'federate', 'machine', 'neural', 'way', 'use', 'simulate', 'framework', 'neural network', 'model', 'possible']","['Federated Averaging and TensorFlow    I be a newbie in federate learning and just get to know TensorFlow Federated TFF framework . I have some question in my mind I would be really appreciate it if anybody can clarify they : \n \n   do Federated Averaging algorithm the only aggregation algorithm support in TFF ? and how it differ from Federated Stochastic Gradient Descent ? \n   Dose Federated Averaging require each client to be train with the Neural Networks ? or it be possible for local datum to be train with any machine learn algorithm ? \n   I have big datum , and I be plan to partition my datum into small dataset and simulate each part as one client ? do this work in TFF ? and do it consider horizontal or vertical federate learning ? \n \n   thank in advance \n', 'be Tensorflow Federated - learning only for simulate federate learning on one machine ?    I read multiple guide on \n  e.g. the image classification or text generation example . \n   from what I have read I can not see how to use tensorflow federate - learning ( tff ) for a real world application : dataset on multiple hardware client . it all look like its mean only for simulating \n  federate learning . \n   I want to use tff on multiple machine and not simulate it on only one . \n  I would appreciate it when someone know if its even possible with tff or find a guide on how to do it . \n   thank you . \n', 'be there any way to do federate learning with real multiple machine use tensorflow - federate api ?    I be study about tensorflow - federate api to make federated learning with real multiple machine . \n  but I find the answer on this site that not support to make real multiple federated learning use multiple learning . \n   be there no way to make federated learning with real multiple machine ? \n   even I make a network structure for federated learning with 2 client pc and 1 server pc , be it impossible to consist of that system use tensorflow federate api ? \n   or even if I apply the code , can not I make the system I want ? \n   if you can modify the code to configure it , can you give I a tip?If not , when will there be an example to configure on a real computer ? \n']",tff - learning - federated - tensorflow - support - real - federated learning - multiple - network - tensorflow federated - federate - machine - neural - way - use - simulate - framework - neural network - model - possible,1.0,False
273,69499432,Federated Averaging TensorFlow,"Federated Averaging TensorFlow   I newbie federate learning getting know TensorFlow Federated TFF framework . question mind would really appreciate anybody clarify they :      do Federated Averaging algorithm aggregation algorithm support TFF ? differ Federated Stochastic Gradient Descent ?    Dose Federated Averaging require client train Neural Networks ? possible local datum train machine learn algorithm ?    I big datum , plan partition datum small dataset simulate part one client ? work TFF ? consider horizontal vertical federate learning ?      thank advance","Federated Averaging and TensorFlow    I be a newbie in federate learning and just get to know TensorFlow Federated TFF framework . I have some question in my mind I would be really appreciate it if anybody can clarify they : 
 
   do Federated Averaging algorithm the only aggregation algorithm support in TFF ? and how it differ from Federated Stochastic Gradient Descent ? 
   Dose Federated Averaging require each client to be train with the Neural Networks ? or it be possible for local datum to be train with any machine learn algorithm ? 
   I have big datum , and I be plan to partition my datum into small dataset and simulate each part as one client ? do this work in TFF ? and do it consider horizontal or vertical federate learning ? 
 
   thank in advance 
","Federated Averaging and TensorFlow    I be a newbie in federate learning and just get to know TensorFlow Federated TFF framework . I have some question in my mind I would be really appreciate it if anybody can clarify they : 
 
   do Federated Averaging algorithm the only aggregation algorithm support in TFF ? and how it differ from Federated Stochastic Gradient Descent ? 
   Dose Federated Averaging require each client to be train with the Neural Networks ? or it be possible for local datum to be train with any machine learn algorithm ? 
   I have big datum , and I be plan to partition my datum into small dataset and simulate each part as one client ? do this work in TFF ? and do it consider horizontal or vertical federate learning ? 
 
   thank in advance 
",7,7_tff_learning_federated_tensorflow,"['tff', 'learning', 'federated', 'tensorflow', 'support', 'real', 'federated learning', 'multiple', 'network', 'tensorflow federated', 'federate', 'machine', 'neural', 'way', 'use', 'simulate', 'framework', 'neural network', 'model', 'possible']","['Federated Averaging and TensorFlow    I be a newbie in federate learning and just get to know TensorFlow Federated TFF framework . I have some question in my mind I would be really appreciate it if anybody can clarify they : \n \n   do Federated Averaging algorithm the only aggregation algorithm support in TFF ? and how it differ from Federated Stochastic Gradient Descent ? \n   Dose Federated Averaging require each client to be train with the Neural Networks ? or it be possible for local datum to be train with any machine learn algorithm ? \n   I have big datum , and I be plan to partition my datum into small dataset and simulate each part as one client ? do this work in TFF ? and do it consider horizontal or vertical federate learning ? \n \n   thank in advance \n', 'be Tensorflow Federated - learning only for simulate federate learning on one machine ?    I read multiple guide on \n  e.g. the image classification or text generation example . \n   from what I have read I can not see how to use tensorflow federate - learning ( tff ) for a real world application : dataset on multiple hardware client . it all look like its mean only for simulating \n  federate learning . \n   I want to use tff on multiple machine and not simulate it on only one . \n  I would appreciate it when someone know if its even possible with tff or find a guide on how to do it . \n   thank you . \n', 'be there any way to do federate learning with real multiple machine use tensorflow - federate api ?    I be study about tensorflow - federate api to make federated learning with real multiple machine . \n  but I find the answer on this site that not support to make real multiple federated learning use multiple learning . \n   be there no way to make federated learning with real multiple machine ? \n   even I make a network structure for federated learning with 2 client pc and 1 server pc , be it impossible to consist of that system use tensorflow federate api ? \n   or even if I apply the code , can not I make the system I want ? \n   if you can modify the code to configure it , can you give I a tip?If not , when will there be an example to configure on a real computer ? \n']",tff - learning - federated - tensorflow - support - real - federated learning - multiple - network - tensorflow federated - federate - machine - neural - way - use - simulate - framework - neural network - model - possible,1.0,True
275,69538510,TFF support deployment across different device cloud ?,"TFF support deployment across different device cloud ?   I would like deploy TFF way , one central ( aggregation ) server VM cloud two different vms node , train model . possible TFF ? protocols necessary communicate internet etc . Tensorflow FL algorithm use different framework provide architecture ?    thank you","do TFF support deployment across different device and cloud ?    I would like to deploy TFF in a way , where I have one central ( aggregation ) server on a VM in a cloud and two different vm with node , that train the model . be this possible with TFF ? do it have the protocol necessary to communicate over the internet etc . or be it more of a Tensorflow with FL algorithm that can be use with different framework that provide the architecture ? 
   thank you 
","do TFF support deployment across different device and cloud ?    I would like to deploy TFF in a way , where I have one central ( aggregation ) server on a VM in a cloud and two different vm with node , that train the model . be this possible with TFF ? do it have the protocol necessary to communicate over the internet etc . or be it more of a Tensorflow with FL algorithm that can be use with different framework that provide the architecture ? 
   thank you 
",7,7_tff_learning_federated_tensorflow,"['tff', 'learning', 'federated', 'tensorflow', 'support', 'real', 'federated learning', 'multiple', 'network', 'tensorflow federated', 'federate', 'machine', 'neural', 'way', 'use', 'simulate', 'framework', 'neural network', 'model', 'possible']","['Federated Averaging and TensorFlow    I be a newbie in federate learning and just get to know TensorFlow Federated TFF framework . I have some question in my mind I would be really appreciate it if anybody can clarify they : \n \n   do Federated Averaging algorithm the only aggregation algorithm support in TFF ? and how it differ from Federated Stochastic Gradient Descent ? \n   Dose Federated Averaging require each client to be train with the Neural Networks ? or it be possible for local datum to be train with any machine learn algorithm ? \n   I have big datum , and I be plan to partition my datum into small dataset and simulate each part as one client ? do this work in TFF ? and do it consider horizontal or vertical federate learning ? \n \n   thank in advance \n', 'be Tensorflow Federated - learning only for simulate federate learning on one machine ?    I read multiple guide on \n  e.g. the image classification or text generation example . \n   from what I have read I can not see how to use tensorflow federate - learning ( tff ) for a real world application : dataset on multiple hardware client . it all look like its mean only for simulating \n  federate learning . \n   I want to use tff on multiple machine and not simulate it on only one . \n  I would appreciate it when someone know if its even possible with tff or find a guide on how to do it . \n   thank you . \n', 'be there any way to do federate learning with real multiple machine use tensorflow - federate api ?    I be study about tensorflow - federate api to make federated learning with real multiple machine . \n  but I find the answer on this site that not support to make real multiple federated learning use multiple learning . \n   be there no way to make federated learning with real multiple machine ? \n   even I make a network structure for federated learning with 2 client pc and 1 server pc , be it impossible to consist of that system use tensorflow federate api ? \n   or even if I apply the code , can not I make the system I want ? \n   if you can modify the code to configure it , can you give I a tip?If not , when will there be an example to configure on a real computer ? \n']",tff - learning - federated - tensorflow - support - real - federated learning - multiple - network - tensorflow federated - federate - machine - neural - way - use - simulate - framework - neural network - model - possible,1.0,False
364,72514941,train local model SVM instead NN federate learning,"train local model SVM instead NN federate learning   I dataset numeric feature label . build federate learning model use TensorFlow ( TFF ) . basically , model ( neural network ) always explain TFF tutorial . want ask chance build another model local client , SVM ? since suit dataset .    my neural network :  ","train local model with SVM instead of NN in federated learning    I have a dataset with numeric feature and label . I be build a federate learning model use TensorFlow ( TFF ) . 
  basically , the model that I have be the ( neural network ) which be always explain in the TFF tutorial . 
  I want to ask if there be a chance to build another model for the local client , such as SVM ? since it suit my dataset . 
   my neural network : 
 
","train local model with SVM instead of NN in federated learning    I have a dataset with numeric feature and label . I be build a federate learning model use TensorFlow ( TFF ) . 
  basically , the model that I have be the ( neural network ) which be always explain in the TFF tutorial . 
  I want to ask if there be a chance to build another model for the local client , such as SVM ? since it suit my dataset . 
   my neural network : 
 
",7,7_tff_learning_federated_tensorflow,"['tff', 'learning', 'federated', 'tensorflow', 'support', 'real', 'federated learning', 'multiple', 'network', 'tensorflow federated', 'federate', 'machine', 'neural', 'way', 'use', 'simulate', 'framework', 'neural network', 'model', 'possible']","['Federated Averaging and TensorFlow    I be a newbie in federate learning and just get to know TensorFlow Federated TFF framework . I have some question in my mind I would be really appreciate it if anybody can clarify they : \n \n   do Federated Averaging algorithm the only aggregation algorithm support in TFF ? and how it differ from Federated Stochastic Gradient Descent ? \n   Dose Federated Averaging require each client to be train with the Neural Networks ? or it be possible for local datum to be train with any machine learn algorithm ? \n   I have big datum , and I be plan to partition my datum into small dataset and simulate each part as one client ? do this work in TFF ? and do it consider horizontal or vertical federate learning ? \n \n   thank in advance \n', 'be Tensorflow Federated - learning only for simulate federate learning on one machine ?    I read multiple guide on \n  e.g. the image classification or text generation example . \n   from what I have read I can not see how to use tensorflow federate - learning ( tff ) for a real world application : dataset on multiple hardware client . it all look like its mean only for simulating \n  federate learning . \n   I want to use tff on multiple machine and not simulate it on only one . \n  I would appreciate it when someone know if its even possible with tff or find a guide on how to do it . \n   thank you . \n', 'be there any way to do federate learning with real multiple machine use tensorflow - federate api ?    I be study about tensorflow - federate api to make federated learning with real multiple machine . \n  but I find the answer on this site that not support to make real multiple federated learning use multiple learning . \n   be there no way to make federated learning with real multiple machine ? \n   even I make a network structure for federated learning with 2 client pc and 1 server pc , be it impossible to consist of that system use tensorflow federate api ? \n   or even if I apply the code , can not I make the system I want ? \n   if you can modify the code to configure it , can you give I a tip?If not , when will there be an example to configure on a real computer ? \n']",tff - learning - federated - tensorflow - support - real - federated learning - multiple - network - tensorflow federated - federate - machine - neural - way - use - simulate - framework - neural network - model - possible,1.0,False
403,73671061,tensorflow - federate support decision tree training model ?,"tensorflow - federate support decision tree training model ?   go tutorial TFF ( tensorflow - federate ) , seems perform federated average gradient descent iteration use TFF well understand accomplish easily . however , train scenario decision tree training clear whether implementation readily available . particular , TF - DF ( tensorflow decision forest ) integrate well TFF . so , anyone example implement regression tree training ? thank .","do tensorflow - federate support decision tree training model ?    go over the tutorial for TFF ( tensorflow - federate ) , it seem that perform federate averaging and gradient descent iteration use TFF be well understand and can accomplish easily . however , for other training scenario such as decision tree training it be not clear to I whether such an implementation be readily available . in particular , do the TF - DF ( tensorflow decision forest ) integrate well with TFF . if so , do anyone have an example for implement a regression tree training ? thank . 
","do tensorflow - federate support decision tree training model ?    go over the tutorial for TFF ( tensorflow - federate ) , it seem that perform federate averaging and gradient descent iteration use TFF be well understand and can accomplish easily . however , for other training scenario such as decision tree training it be not clear to I whether such an implementation be readily available . in particular , do the TF - DF ( tensorflow decision forest ) integrate well with TFF . if so , do anyone have an example for implement a regression tree training ? thank . 
",7,7_tff_learning_federated_tensorflow,"['tff', 'learning', 'federated', 'tensorflow', 'support', 'real', 'federated learning', 'multiple', 'network', 'tensorflow federated', 'federate', 'machine', 'neural', 'way', 'use', 'simulate', 'framework', 'neural network', 'model', 'possible']","['Federated Averaging and TensorFlow    I be a newbie in federate learning and just get to know TensorFlow Federated TFF framework . I have some question in my mind I would be really appreciate it if anybody can clarify they : \n \n   do Federated Averaging algorithm the only aggregation algorithm support in TFF ? and how it differ from Federated Stochastic Gradient Descent ? \n   Dose Federated Averaging require each client to be train with the Neural Networks ? or it be possible for local datum to be train with any machine learn algorithm ? \n   I have big datum , and I be plan to partition my datum into small dataset and simulate each part as one client ? do this work in TFF ? and do it consider horizontal or vertical federate learning ? \n \n   thank in advance \n', 'be Tensorflow Federated - learning only for simulate federate learning on one machine ?    I read multiple guide on \n  e.g. the image classification or text generation example . \n   from what I have read I can not see how to use tensorflow federate - learning ( tff ) for a real world application : dataset on multiple hardware client . it all look like its mean only for simulating \n  federate learning . \n   I want to use tff on multiple machine and not simulate it on only one . \n  I would appreciate it when someone know if its even possible with tff or find a guide on how to do it . \n   thank you . \n', 'be there any way to do federate learning with real multiple machine use tensorflow - federate api ?    I be study about tensorflow - federate api to make federated learning with real multiple machine . \n  but I find the answer on this site that not support to make real multiple federated learning use multiple learning . \n   be there no way to make federated learning with real multiple machine ? \n   even I make a network structure for federated learning with 2 client pc and 1 server pc , be it impossible to consist of that system use tensorflow federate api ? \n   or even if I apply the code , can not I make the system I want ? \n   if you can modify the code to configure it , can you give I a tip?If not , when will there be an example to configure on a real computer ? \n']",tff - learning - federated - tensorflow - support - real - federated learning - multiple - network - tensorflow federated - federate - machine - neural - way - use - simulate - framework - neural network - model - possible,1.0,False
